source_row,nominal_temperature_k,nominal_field_t,nominal_angle_deg,temperature_k,applied_field_t,angle_from_normal_deg,ic_a_per_m,bridge_ic_a,n_value
4601,20.0,1.0,0.0,20.003,1.0,-0.1,305624.48,152.8122,24.86
4602,20.0,1.0,5.0,19.992,1.0,4.85,302731.37,151.3657,24.81
4603,20.0,1.0,10.0,19.991,1.0,9.79,299915.99,149.958,24.45
4604,20.0,1.0,15.0,19.988,1.0,14.73,298779.22,149.3896,24.86
4605,20.0,1.0,20.0,19.986,1.0,19.69,297499.04000000004,148.7495,24.64
4606,20.0,1.0,25.0,19.99,1.0,24.66,296637.44,148.3187,24.5
4607,20.0,1.0,30.0,19.996,1.0,29.64,296434.78,148.2174,24.5
4608,20.0,1.0,35.0,19.997,1.0,34.6,297315.22,148.6576,24.78
4609,20.0,1.0,40.0,19.995,1.0,39.57,298202.49,149.1012,24.8
4610,20.0,1.0,45.0,20.0,1.0,44.53,300530.87,150.2654,25.44
4611,20.0,1.0,50.0,19.989,1.0,49.51,302641.93,151.321,25.18
4612,20.0,1.0,55.0,19.991,1.0,54.51,305796.91,152.8985,25.49
4613,20.0,1.0,60.0,19.993,1.0,59.52,309779.55000000005,154.8898,25.64
4614,20.0,1.0,65.0,19.997,1.0,64.55,313848.69,156.9243,25.46
4615,20.0,1.0,70.0,20.004,1.0,69.59,319708.69,159.8543,25.97
4616,20.0,1.0,75.0,19.994,1.0,74.65,325963.56,162.9818,26.3
4617,20.0,1.0,80.0,19.989,1.0,79.73,332903.6,166.4518,26.37
4618,20.0,1.0,85.0,20.006,1.0,84.81,341502.09,170.751,27.16
4619,20.0,1.0,90.0,20.0,1.0,89.89,350710.88,175.3554,27.86
4620,20.0,1.0,95.0,19.996,1.0,94.95,360432.78,180.2164,28.99
4621,20.0,1.0,100.0,19.988,1.0,99.97,369368.05,184.684,29.68
4622,20.0,1.0,105.0,19.986,1.0,104.97,376900.79,188.4504,30.12
4623,20.0,1.0,107.0,19.998,1.0,107.01,378042.9,189.0214,29.34
4624,20.0,1.0,109.0,19.996,1.0,108.97,380323.05,190.1615,29.74
4625,20.0,1.0,111.0,19.977,1.0,110.97,381697.31,190.8487,29.68
4626,20.0,1.0,113.0,20.005,1.0,112.98,383271.69,191.6358,29.99
4627,20.0,1.0,115.0,19.995,1.0,114.93,383327.3,191.6636,29.18
4628,20.0,1.0,116.0,19.994,1.0,115.94,383595.88,191.7979,29.71
4629,20.0,1.0,117.0,19.996,1.0,116.96,384036.22000000003,192.0181,29.64
4630,20.0,1.0,118.0,19.992,1.0,117.96,383936.54000000004,191.9683,29.7
4631,20.0,1.0,119.0,19.997,1.0,118.94,384281.07,192.1405,29.97
4632,20.0,1.0,120.0,19.989,1.0,119.92,382803.36000000004,191.4017,28.95
4633,20.0,1.0,121.0,19.995,1.0,120.89,383678.79,191.8394,29.86
4634,20.0,1.0,122.0,19.983,1.0,121.91,383595.51999999996,191.7978,30.13
4635,20.0,1.0,123.0,19.991,1.0,122.91,382567.58,191.2838,29.56
4636,20.0,1.0,124.0,19.991,1.0,123.9,380457.75,190.2289,28.0
4637,20.0,1.0,125.0,19.984,1.0,124.88,380963.04,190.4815,29.02
4638,20.0,1.0,127.0,19.989,1.0,126.83,377779.39999999997,188.8897,27.53
4639,20.0,1.0,129.0,19.991,1.0,128.85,377249.05,188.6245,28.49
4640,20.0,1.0,131.0,19.994,1.0,130.8,374910.60000000003,187.4553,28.08
4641,20.0,1.0,133.0,19.981,1.0,132.79,372507.22000000003,186.2536,28.12
4642,20.0,1.0,135.0,19.994,1.0,134.79,369646.9,184.8234,27.87
4643,20.0,1.0,140.0,19.988,1.0,139.75,361295.91000000003,180.648,26.72
4644,20.0,1.0,145.0,19.996,1.0,144.73,354456.11,177.2281,26.91
4645,20.0,1.0,150.0,20.002,1.0,149.71,345837.07,172.9185,25.97
4646,20.0,1.0,155.0,20.003,1.0,154.7,338475.75,169.2379,25.47
4647,20.0,1.0,160.0,19.997,1.0,159.69,334246.19,167.1231,27.31
4648,20.0,1.0,165.0,20.0,1.0,164.68,326096.57,163.0483,24.31
4649,20.0,1.0,170.0,19.994,1.0,169.67,322244.74,161.1224,25.01
4650,20.0,1.0,175.0,19.999,1.0,174.65,317912.07,158.956,24.64
4651,20.0,1.0,180.0,20.002,1.0,179.62,315589.64,157.7948,25.59
4664,20.0,1.5,0.0,19.99,1.5,-0.14,271295.89,135.6479,23.53
4665,20.0,1.5,5.0,19.988,1.5,4.78,268149.98,134.075,23.31
4666,20.0,1.5,10.0,19.996,1.5,9.7,265426.31,132.7132,23.0
4667,20.0,1.5,15.0,19.998,1.5,14.63,265000.92,132.5005,24.29
4668,20.0,1.5,20.0,19.998,1.5,19.58,262694.85,131.3474,23.27
4669,20.0,1.5,25.0,19.994,1.5,24.55,261992.56999999998,130.9963,23.49
4670,20.0,1.5,30.0,19.995,1.5,29.55,261501.40999999997,130.7507,23.22
4671,20.0,1.5,35.0,19.994,1.5,34.55,262523.14,131.2616,23.96
4672,20.0,1.5,40.0,19.995,1.5,39.55,263039.59,131.5198,23.72
4673,20.0,1.5,45.0,19.994,1.5,44.56,264266.8,132.1334,23.74
4674,20.0,1.5,50.0,19.998,1.5,49.58,266211.2,133.1056,23.62
4675,20.0,1.5,55.0,19.988,1.5,54.61,268647.91,134.324,23.57
4676,20.0,1.5,60.0,19.996,1.5,59.64,271984.07,135.992,23.61
4677,20.0,1.5,65.0,19.988,1.5,64.69,276406.17000000004,138.2031,23.8
4678,20.0,1.5,70.0,19.992,1.5,69.73,281436.94,140.7185,23.86
4679,20.0,1.5,75.0,19.993,1.5,74.76,287183.57999999996,143.5918,23.76
4680,20.0,1.5,80.0,19.998,1.5,79.79,294635.87,147.3179,24.32
4681,20.0,1.5,85.0,19.992,1.5,84.8,303008.81,151.5044,24.6
4682,20.0,1.5,90.0,19.988,1.5,89.81,313005.48,156.5027,25.21
4683,20.0,1.5,95.0,19.992,1.5,94.82,323659.24,161.8296,25.37
4684,20.0,1.5,100.0,20.001,1.5,99.8,335587.14,167.7936,26.01
4685,20.0,1.5,105.0,20.001,1.5,104.78,347392.83999999997,173.6964,27.16
4686,20.0,1.5,107.0,19.993,1.5,106.81,350853.04000000004,175.4265,27.29
4687,20.0,1.5,109.0,19.993,1.5,108.78,353975.95999999996,176.988,27.24
4688,20.0,1.5,111.0,20.0,1.5,110.78,357216.67000000004,178.6083,27.76
4689,20.0,1.5,113.0,19.978,1.5,112.79,359121.92,179.561,28.34
4690,20.0,1.5,115.0,19.982,1.5,114.76,358924.78,179.4624,27.11
4691,20.0,1.5,116.0,20.002,1.5,115.77,359742.6,179.8713,27.77
4692,20.0,1.5,117.0,19.992,1.5,116.8,359378.33,179.6892,27.47
4693,20.0,1.5,118.0,19.993,1.5,117.81,359095.58999999997,179.5478,27.1
4694,20.0,1.5,119.0,19.999,1.5,118.8,359733.87,179.8669,27.69
4695,20.0,1.5,120.0,19.995,1.5,119.79,358942.44,179.4712,27.14
4696,20.0,1.5,121.0,19.995,1.5,120.77,357861.22000000003,178.9306,26.71
4697,20.0,1.5,122.0,19.997,1.5,121.8,358253.12,179.1266,27.54
4698,20.0,1.5,123.0,19.992,1.5,122.81,356512.01,178.256,26.72
4699,20.0,1.5,124.0,19.994,1.5,123.81,355226.68,177.6133,26.28
4700,20.0,1.5,125.0,19.991,1.5,124.8,354250.99,177.1255,26.65
4701,20.0,1.5,127.0,19.989,1.5,126.78,349472.75,174.7364,24.89
4702,20.0,1.5,129.0,19.995,1.5,128.82,348222.11000000004,174.1111,25.9
4703,20.0,1.5,131.0,19.983,1.5,130.8,344335.86,172.1679,25.6
4704,20.0,1.5,133.0,19.998,1.5,132.82,339698.87,169.8494,25.13
4705,20.0,1.5,135.0,19.996,1.5,134.84,335207.3,167.6037,24.38
4706,20.0,1.5,140.0,19.989,1.5,139.86,325874.87,162.9374,24.76
4707,20.0,1.5,145.0,19.984,1.5,144.89,316542.9,158.2714,24.63
4708,20.0,1.5,150.0,19.986,1.5,149.9,308583.68,154.2918,24.66
4709,20.0,1.5,155.0,19.996,1.5,154.91,300100.62,150.0503,23.71
4710,20.0,1.5,160.0,19.992,1.5,159.89,294473.11,147.2366,23.93
4711,20.0,1.5,165.0,19.996,1.5,164.85,287990.77999999997,143.9954,23.32
4712,20.0,1.5,170.0,20.0,1.5,169.8,283779.64999999997,141.8898,23.56
4713,20.0,1.5,175.0,20.005,1.5,174.72,279032.96,139.5165,22.77
4714,20.0,1.5,180.0,19.992,1.5,179.63,276087.21,138.0436,23.24
4727,20.0,2.0,0.0,19.984,2.0,-0.16,248087.75999999998,124.0439,23.31
4728,20.0,2.0,5.0,20.001,2.0,4.73,244559.78,122.2799,22.85
4729,20.0,2.0,10.0,19.99,2.0,9.63,241653.72000000003,120.8269,22.58
4730,20.0,2.0,15.0,19.991,2.0,14.55,240572.49000000002,120.2862,23.47
4731,20.0,2.0,20.0,19.998,2.0,19.49,238457.77,119.2289,22.8
4732,20.0,2.0,25.0,19.989,2.0,24.47,238034.77,119.0174,23.35
4733,20.0,2.0,30.0,19.996,2.0,29.47,236334.77,118.1674,22.47
4734,20.0,2.0,35.0,19.999,2.0,34.49,237873.38,118.9367,23.62
4735,20.0,2.0,40.0,19.997,2.0,39.53,237693.05,118.8465,23.03
4736,20.0,2.0,45.0,19.995,2.0,44.56,238377.28000000003,119.1886,22.62
4737,20.0,2.0,50.0,19.997,2.0,49.61,239805.78,119.9029,22.4
4738,20.0,2.0,55.0,19.995,2.0,54.67,242377.36,121.1887,22.57
4739,20.0,2.0,60.0,19.997,2.0,59.73,245688.41000000003,122.8442,22.87
4740,20.0,2.0,65.0,19.991,2.0,64.78,249300.94,124.6505,22.61
4741,20.0,2.0,70.0,19.987,2.0,69.82,253750.31,126.8752,22.51
4742,20.0,2.0,75.0,19.999,2.0,74.83,259597.73,129.7989,22.78
4743,20.0,2.0,80.0,20.001,2.0,79.82,266112.48,133.0562,22.72
4744,20.0,2.0,85.0,19.991,2.0,84.78,274225.65,137.1128,22.87
4745,20.0,2.0,90.0,20.001,2.0,89.74,283611.87,141.8059,22.93
4746,20.0,2.0,95.0,20.0,2.0,94.7,295176.27999999997,147.5881,23.37
4747,20.0,2.0,100.0,19.992,2.0,99.65,308466.33,154.2332,24.07
4748,20.0,2.0,105.0,19.997,2.0,104.62,323008.74,161.5044,24.96
4749,20.0,2.0,107.0,20.002,2.0,106.66,327413.41000000003,163.7067,24.31
4750,20.0,2.0,109.0,19.99,2.0,108.63,334660.79,167.3304,26.79
4751,20.0,2.0,111.0,19.994,2.0,110.64,337825.07,168.9125,26.43
4752,20.0,2.0,113.0,19.991,2.0,112.67,341674.69,170.8373,27.09
4753,20.0,2.0,115.0,19.991,2.0,114.65,342658.75,171.3294,26.91
4754,20.0,2.0,116.0,19.989,2.0,115.67,341931.31,170.9657,26.29
4755,20.0,2.0,117.0,19.994,2.0,116.71,341519.42,170.7597,25.72
4756,20.0,2.0,118.0,19.992,2.0,117.72,341517.09,170.7585,25.79
4757,20.0,2.0,119.0,19.991,2.0,118.72,342613.3,171.3067,26.79
4758,20.0,2.0,120.0,19.986,2.0,119.71,341842.27,170.9211,26.7
4759,20.0,2.0,121.0,19.995,2.0,120.7,340914.72,170.4574,26.53
4760,20.0,2.0,122.0,19.99,2.0,121.74,338828.87,169.4144,25.34
4761,20.0,2.0,123.0,19.989,2.0,122.76,338173.47,169.0867,25.85
4762,20.0,2.0,124.0,19.994,2.0,123.77,335608.3,167.8041,25.18
4763,20.0,2.0,125.0,20.0,2.0,124.77,333221.52999999997,166.6108,24.44
4764,20.0,2.0,127.0,20.002,2.0,126.77,331030.68,165.5153,25.88
4765,20.0,2.0,129.0,19.988,2.0,128.83,323935.01,161.9675,23.9
4766,20.0,2.0,131.0,19.992,2.0,130.83,318872.94,159.4365,23.46
4767,20.0,2.0,133.0,19.996,2.0,132.87,314452.88999999996,157.2264,23.79
4768,20.0,2.0,135.0,19.991,2.0,134.91,307439.19,153.7196,22.54
4769,20.0,2.0,140.0,19.986,2.0,139.98,295678.57,147.8393,21.59
4770,20.0,2.0,145.0,20.002,2.0,145.04,287767.99,143.884,22.66
4771,20.0,2.0,150.0,19.995,2.0,150.08,279916.97,139.9585,22.91
4772,20.0,2.0,155.0,19.989,2.0,155.09,272414.29,136.2071,22.68
4773,20.0,2.0,160.0,19.99,2.0,160.06,262659.54000000004,131.3298,20.11
4774,20.0,2.0,165.0,19.976,2.0,165.01,262056.58,131.0283,23.0
4775,20.0,2.0,170.0,19.998,2.0,169.92,256959.21,128.4796,22.29
4776,20.0,2.0,175.0,19.995,2.0,174.78,254158.84999999998,127.0794,23.01
4777,20.0,2.0,180.0,20.004,2.0,179.64,250833.05,125.4165,22.83
4790,20.0,3.0,0.0,19.986,3.0,-0.19,214215.97000000003,107.108,22.03
4791,20.0,3.0,5.0,19.987,3.0,4.68,210998.77000000002,105.4994,22.15
4792,20.0,3.0,10.0,19.982,3.0,9.56,208234.05,104.117,22.14
4793,20.0,3.0,15.0,19.997,3.0,14.47,206335.98,103.168,22.5
4794,20.0,3.0,20.0,19.994,3.0,19.42,203229.74,101.6149,21.51
4795,20.0,3.0,25.0,20.002,3.0,24.4,202658.16999999998,101.3291,22.23
4796,20.0,3.0,30.0,20.0,3.0,29.42,200842.08000000002,100.421,21.56
4797,20.0,3.0,35.0,19.998,3.0,34.46,200950.81,100.4754,21.85
4798,20.0,3.0,40.0,19.998,3.0,39.5,200060.85,100.0304,21.0
4799,20.0,3.0,45.0,19.997,3.0,44.55,201489.09,100.7445,21.47
4800,20.0,3.0,50.0,19.985,3.0,49.61,202674.3,101.3371,21.44
4801,20.0,3.0,55.0,19.997,3.0,54.67,204485.24,102.2426,21.26
4802,20.0,3.0,60.0,19.99,3.0,59.74,206946.66000000003,103.4733,21.11
4803,20.0,3.0,65.0,19.979,3.0,64.8,210411.12,105.2056,21.07
4804,20.0,3.0,70.0,20.002,3.0,69.84,214250.41999999998,107.1252,20.75
4805,20.0,3.0,75.0,19.997,3.0,74.84,219523.91999999998,109.762,20.9
4806,20.0,3.0,80.0,19.99,3.0,79.79,225640.49,112.8202,20.8
4807,20.0,3.0,85.0,19.994,3.0,84.7,232923.39,116.4617,20.78
4808,20.0,3.0,90.0,19.996,3.0,89.6,242225.13,121.1126,21.02
4809,20.0,3.0,95.0,19.994,3.0,94.52,252934.12,126.4671,20.57
4810,20.0,3.0,100.0,19.996,3.0,99.46,267885.43,133.9427,21.36
4811,20.0,3.0,105.0,19.99,3.0,104.43,286159.9,143.0799,22.41
4812,20.0,3.0,107.0,19.986,3.0,106.48,293786.7,146.8934,22.54
4813,20.0,3.0,109.0,19.982,3.0,108.45,301001.42,150.5007,22.71
4814,20.0,3.0,111.0,19.999,3.0,110.47,310979.95,155.49,26.0
4815,20.0,3.0,113.0,19.997,3.0,112.52,315868.89999999997,157.9344,25.44
4816,20.0,3.0,115.0,19.991,3.0,114.51,318489.14,159.2446,25.5
4817,20.0,3.0,116.0,19.994,3.0,115.54,318390.83,159.1954,24.84
4818,20.0,3.0,117.0,19.984,3.0,116.58,320032.99,160.0165,26.45
4819,20.0,3.0,118.0,20.001,3.0,117.61,319461.06,159.7305,25.58
4820,20.0,3.0,119.0,19.99,3.0,118.61,318240.38,159.1202,24.98
4821,20.0,3.0,120.0,19.994,3.0,119.61,316857.75,158.4289,24.73
4822,20.0,3.0,121.0,20.0,3.0,120.61,314883.53,157.4418,24.3
4823,20.0,3.0,122.0,19.993,3.0,121.65,313841.94,156.921,25.15
4824,20.0,3.0,123.0,19.998,3.0,122.68,308881.93,154.441,23.42
4825,20.0,3.0,124.0,19.992,3.0,123.7,306209.85,153.1049,23.27
4826,20.0,3.0,125.0,19.993,3.0,124.7,302625.70999999996,151.3129,23.11
4827,20.0,3.0,127.0,19.997,3.0,126.71,294515.34,147.2577,21.83
4828,20.0,3.0,129.0,19.997,3.0,128.79,286928.69999999995,143.4643,21.04
4829,20.0,3.0,131.0,19.992,3.0,130.8,281835.82,140.9179,22.07
4830,20.0,3.0,133.0,19.984,3.0,132.85,273697.46,136.8487,20.45
4831,20.0,3.0,135.0,19.989,3.0,134.9,267474.33999999997,133.7372,19.88
4832,20.0,3.0,140.0,19.982,3.0,140.0,257919.05000000002,128.9595,21.2
4833,20.0,3.0,145.0,19.998,3.0,145.08,248777.52999999997,124.3888,21.42
4834,20.0,3.0,150.0,19.997,3.0,150.14,241439.42,120.7197,21.79
4835,20.0,3.0,155.0,19.994,3.0,155.17,236606.36,118.3032,23.08
4836,20.0,3.0,160.0,20.0,3.0,160.14,229543.88,114.7719,21.36
4837,20.0,3.0,165.0,19.992,3.0,165.08,227526.6,113.7633,23.31
4838,20.0,3.0,170.0,19.995,3.0,169.98,222921.36999999997,111.4607,22.92
4839,20.0,3.0,175.0,19.994,3.0,174.81,218960.02,109.48,22.57
4840,20.0,3.0,180.0,20.0,3.0,179.62,213749.92,106.875,20.69
4853,20.0,5.0,0.0,19.983,4.9999,-0.23,171397.66,85.6988,22.01
4854,20.0,5.0,5.0,19.988,5.0,4.63,165980.65999999997,82.9903,19.88
4855,20.0,5.0,10.0,19.99,5.0,9.52,164254.00999999998,82.127,21.4
4856,20.0,5.0,15.0,19.995,5.0,14.44,161687.61,80.8438,21.79
4857,20.0,5.0,20.0,19.993,5.0,19.4,159166.66,79.5833,21.44
4858,20.0,5.0,25.0,19.987,5.0001,24.39,156467.25,78.2336,20.53
4859,20.0,5.0,30.0,19.994,4.9999,29.41,155185.56,77.5928,20.63
4860,20.0,5.0,35.0,19.999,5.0001,34.43,154687.16,77.3436,20.75
4861,20.0,5.0,40.0,19.994,5.0,39.45,153953.81,76.9769,20.15
4862,20.0,5.0,45.0,19.995,5.0,44.49,154315.16999999998,77.1576,20.23
4863,20.0,5.0,50.0,19.992,5.0,49.52,154990.28,77.4951,19.96
4864,20.0,5.0,55.0,19.991,5.0,54.56,156297.31,78.1487,19.7
4865,20.0,5.0,60.0,19.997,5.0001,59.61,158571.63,79.2858,19.78
4866,20.0,5.0,65.0,19.993,5.0001,64.65,161039.99,80.52,19.32
4867,20.0,5.0,70.0,20.006,5.0,69.68,164663.15,82.3316,19.18
4868,20.0,5.0,75.0,19.993,5.0001,74.67,169488.34,84.7442,19.39
4869,20.0,5.0,80.0,19.994,5.0,79.62,174647.97,87.324,18.84
4870,20.0,5.0,85.0,20.006,5.0,84.5,181220.68,90.6103,18.67
4871,20.0,5.0,90.0,19.985,5.0001,89.36,189910.11000000002,94.9551,18.65
4872,20.0,5.0,95.0,19.997,5.0001,94.25,200812.41,100.4062,18.5
4873,20.0,5.0,100.0,19.987,5.0,99.2,215385.88,107.6929,18.78
4874,20.0,5.0,105.0,19.994,5.0,104.2,235024.26,117.5121,18.95
4875,20.0,5.0,107.0,19.996,5.0,106.26,245921.00999999998,122.9605,19.66
4876,20.0,5.0,109.0,19.988,5.0,108.24,257732.33000000002,128.8662,20.81
4877,20.0,5.0,111.0,19.994,5.0,110.28,269908.92,134.9545,21.49
4878,20.0,5.0,113.0,19.989,5.0,112.34,281470.04000000004,140.735,22.77
4879,20.0,5.0,115.0,19.989,5.0001,114.35,288446.77999999997,144.2234,23.79
4880,20.0,5.0,116.0,19.976,5.0,115.39,289065.88,144.5329,23.03
4881,20.0,5.0,117.0,19.983,5.0,116.45,291618.16,145.8091,24.53
4882,20.0,5.0,118.0,20.002,5.0,117.49,290003.45,145.0017,23.11
4883,20.0,5.0,119.0,19.992,5.0,118.48,288782.99,144.3915,23.27
4884,20.0,5.0,120.0,19.995,4.9999,119.49,284967.88,142.4839,22.46
4885,20.0,5.0,121.0,19.982,5.0,120.49,280781.36,140.3907,22.06
4886,20.0,5.0,122.0,19.986,5.0,121.53,275848.88,137.9244,21.7
4887,20.0,5.0,123.0,19.998,5.0,122.57,269741.47,134.8707,21.16
4888,20.0,5.0,124.0,19.998,5.0,123.58,263800.98,131.9005,20.48
4889,20.0,5.0,125.0,19.994,5.0001,124.59,257485.59,128.7428,19.78
4890,20.0,5.0,127.0,19.997,5.0001,126.6,248024.99,124.0125,19.64
4891,20.0,5.0,129.0,19.983,5.0,128.67,239302.31,119.6512,19.97
4892,20.0,5.0,131.0,19.99,5.0,130.68,228941.13999999998,114.4706,17.86
4893,20.0,5.0,133.0,19.993,5.0,132.74,223583.5,111.7917,18.52
4894,20.0,5.0,135.0,20.002,5.0,134.8,219752.73,109.8764,19.82
4895,20.0,5.0,140.0,19.99,5.0,139.88,205603.33999999997,102.8017,17.52
4896,20.0,5.0,145.0,19.985,5.0,144.97,199818.12,99.9091,19.08
4897,20.0,5.0,150.0,19.984,5.0,150.04,193124.47,96.5622,18.69
4898,20.0,5.0,155.0,19.989,5.0,155.08,190659.68,95.3298,21.35
4899,20.0,5.0,160.0,19.991,5.0,160.09,186167.03,93.0835,21.3
4900,20.0,5.0,165.0,19.992,4.9999,165.05,182654.41,91.3272,22.0
4901,20.0,5.0,170.0,19.989,5.0,169.97,176860.72999999998,88.4304,20.2
4902,20.0,5.0,175.0,19.998,5.0,174.8,175076.01,87.538,21.92
4903,20.0,5.0,180.0,19.992,5.0,179.58,171554.55,85.7773,21.77
4916,20.0,7.0,0.0,19.999,7.0,-0.26,141588.55000000002,70.7943,20.27
4917,20.0,7.0,5.0,19.992,6.9999,4.6,137982.59,68.9913,20.05
4918,20.0,7.0,10.0,19.995,7.0,9.51,134885.6,67.4428,19.97
4919,20.0,7.0,15.0,19.988,7.0,14.45,132759.04,66.3795,21.2
4920,20.0,7.0,20.0,20.005,7.0,19.42,130024.87000000001,65.0124,20.78
4921,20.0,7.0,25.0,20.006,7.0001,24.42,127864.23,63.9321,20.4
4922,20.0,7.0,30.0,20.0,7.0002,29.42,126688.58,63.3443,20.51
4923,20.0,7.0,35.0,20.008,7.0,34.4,125379.16,62.6896,20.01
4924,20.0,7.0,40.0,19.998,6.9999,39.4,124825.12,62.4126,19.8
4925,20.0,7.0,45.0,19.996,7.0,44.41,124982.9,62.4915,19.85
4926,20.0,7.0,50.0,19.995,7.0001,49.41,125465.16999999998,62.7326,19.6
4927,20.0,7.0,55.0,19.997,7.0,54.43,126350.70000000001,63.1754,19.17
4928,20.0,7.0,60.0,19.997,7.0001,59.44,128103.35,64.0517,19.13
4929,20.0,7.0,65.0,19.993,7.0,64.46,130440.06,65.22,18.98
4930,20.0,7.0,70.0,19.993,7.0,69.47,133387.15,66.6936,18.69
4931,20.0,7.0,75.0,19.987,7.0001,74.44,137155.11,68.5776,18.11
4932,20.0,7.0,80.0,19.995,7.0001,79.38,142092.41999999998,71.0462,17.8
4933,20.0,7.0,85.0,20.001,7.0,84.26,148303.17,74.1516,17.53
4934,20.0,7.0,90.0,19.994,7.0,89.09,156821.15,78.4106,17.73
4935,20.0,7.0,95.0,19.992,6.9999,93.97,166437.46000000002,83.2187,17.04
4936,20.0,7.0,100.0,19.988,7.0,98.94,180512.23,90.2561,16.99
4937,20.0,7.0,105.0,20.005,7.0001,103.97,200953.27,100.4766,17.33
4938,20.0,7.0,107.0,19.996,7.0001,106.05,212745.36,106.3727,17.97
4939,20.0,7.0,109.0,19.984,7.0001,108.05,224348.21000000002,112.1741,17.88
4940,20.0,7.0,111.0,19.991,7.0,110.08,240408.68,120.2043,19.39
4941,20.0,7.0,113.0,19.995,7.0001,112.16,256087.63,128.0438,20.83
4942,20.0,7.0,115.0,19.99,7.0001,114.16,266929.95999999996,133.465,22.08
4943,20.0,7.0,116.0,19.989,7.0,115.23,270792.96,135.3965,23.06
4944,20.0,7.0,117.0,19.982,6.9999,116.28,272222.82,136.1114,22.91
4945,20.0,7.0,118.0,19.982,7.0001,117.33,271376.64,135.6883,21.87
4946,20.0,7.0,119.0,19.984,7.0,118.33,269148.81,134.5744,21.99
4947,20.0,7.0,120.0,19.988,7.0,119.33,263403.92000000004,131.702,20.78
4948,20.0,7.0,121.0,19.994,7.0001,120.33,256251.74000000002,128.1259,20.05
4949,20.0,7.0,122.0,19.999,7.0,121.37,249224.57,124.6123,19.72
4950,20.0,7.0,123.0,19.989,7.0,122.41,241603.18000000002,120.8016,19.26
4951,20.0,7.0,124.0,19.995,7.0,123.43,233585.0,116.7925,18.4
4952,20.0,7.0,125.0,19.991,7.0001,124.43,227406.96,113.7035,18.09
4953,20.0,7.0,127.0,19.985,6.9999,126.42,215206.12999999998,107.6031,17.27
4954,20.0,7.0,129.0,19.981,7.0,128.5,205311.97999999998,102.656,17.12
4955,20.0,7.0,131.0,19.995,7.0,130.5,198764.04,99.382,17.98
4956,20.0,7.0,133.0,19.999,7.0,132.56,191626.02,95.813,17.38
4957,20.0,7.0,135.0,19.991,7.0,134.61,185327.99,92.664,16.8
4958,20.0,7.0,140.0,19.99,7.0,139.69,174642.87,87.3214,17.03
4959,20.0,7.0,145.0,20.001,7.0001,144.78,167901.79,83.9509,17.58
4960,20.0,7.0,150.0,19.993,7.0,149.85,164156.46,82.0782,19.53
4961,20.0,7.0,155.0,19.992,7.0,154.89,159957.72,79.9789,19.84
4962,20.0,7.0,160.0,19.988,7.0,159.93,156453.66,78.2268,20.78
4963,20.0,7.0,165.0,19.997,7.0,164.93,151789.28,75.8946,19.59
4964,20.0,7.0,170.0,19.991,6.9999,169.88,149390.34999999998,74.6952,21.52
4965,20.0,7.0,175.0,19.997,7.0,174.71,145885.39,72.9427,21.26
4966,20.0,7.0,180.0,20.002,7.0001,179.5,142374.44,71.1872,21.27
4979,20.0,8.0,0.0,19.99,8.0,-0.24,130038.23,65.0191,19.38
4980,20.0,8.0,5.0,19.996,8.0,4.64,126747.8,63.3739,19.67
4981,20.0,8.0,10.0,19.987,8.0,9.57,123625.91,61.813,19.79
4982,20.0,8.0,15.0,19.999,8.0001,14.53,121334.9,60.6674,20.18
4983,20.0,8.0,20.0,19.991,8.0001,19.5,118987.59999999999,59.4938,20.08
4984,20.0,8.0,25.0,19.99,8.0,24.49,117180.70999999999,58.5904,20.23
4985,20.0,8.0,30.0,19.998,8.0,29.49,115408.7,57.7044,19.63
4986,20.0,8.0,35.0,19.997,7.9999,34.48,114500.66999999998,57.2503,19.58
4987,20.0,8.0,40.0,20.002,8.0001,39.46,114150.0,57.075,19.69
4988,20.0,8.0,45.0,20.01,8.0,44.45,114211.78,57.1059,19.67
4989,20.0,8.0,50.0,19.997,8.0001,49.44,114389.98,57.195,19.21
4990,20.0,8.0,55.0,20.002,8.0,54.43,115213.46,57.6067,18.89
4991,20.0,8.0,60.0,19.99,8.0,59.44,116824.25,58.4121,18.8
4992,20.0,8.0,65.0,19.998,7.9999,64.44,118991.04999999999,59.4955,18.74
4993,20.0,8.0,70.0,19.988,7.9999,69.43,121545.76999999999,60.7729,18.17
4994,20.0,8.0,75.0,20.003,8.0,74.38,125458.52,62.7293,18.07
4995,20.0,8.0,80.0,20.005,7.9999,79.32,130176.03,65.088,17.73
4996,20.0,8.0,85.0,19.996,8.0,84.18,135942.11000000002,67.9711,17.27
4997,20.0,8.0,90.0,19.995,8.0002,89.01,143828.28,71.9141,17.19
4998,20.0,8.0,95.0,20.003,8.0,93.94,153962.59,76.9813,16.87
4999,20.0,8.0,100.0,20.001,8.0001,98.86,167100.08000000002,83.55,16.25
5000,20.0,8.0,105.0,19.991,7.9999,103.9,187397.22999999998,93.6986,16.57
5001,20.0,8.0,107.0,19.984,8.0001,105.98,197291.55000000002,98.6458,16.14
5002,20.0,8.0,109.0,19.995,8.0,107.99,212209.08,106.1045,17.66
5003,20.0,8.0,111.0,19.999,8.0,110.02,227633.28000000003,113.8166,18.17
5004,20.0,8.0,113.0,19.997,7.9999,112.09,244339.83,122.1699,19.07
5005,20.0,8.0,115.0,19.995,8.0001,114.1,258486.78,129.2434,21.44
5006,20.0,8.0,116.0,19.987,7.9999,115.19,261974.91,130.9875,21.61
5007,20.0,8.0,117.0,19.992,8.0001,116.24,263797.51,131.8988,21.37
5008,20.0,8.0,118.0,19.998,8.0001,117.29,264345.8,132.1729,21.97
5009,20.0,8.0,119.0,19.983,7.9999,118.29,259681.73,129.8409,20.25
5010,20.0,8.0,120.0,19.995,8.0001,119.29,254301.09000000003,127.1505,20.26
5011,20.0,8.0,121.0,19.984,8.0001,120.31,246228.43,123.1142,19.42
5012,20.0,8.0,122.0,20.001,8.0,121.33,238657.13,119.3286,19.2
5013,20.0,8.0,123.0,20.0,7.9999,122.37,229887.09,114.9435,18.33
5014,20.0,8.0,124.0,19.988,7.9998,123.38,221568.37,110.7842,17.67
5015,20.0,8.0,125.0,19.992,8.0002,124.38,214804.93000000002,107.4025,17.28
5016,20.0,8.0,127.0,19.99,8.0,126.36,202196.98,101.0985,16.52
5017,20.0,8.0,129.0,20.004,7.9999,128.43,192136.35,96.0682,16.37
5018,20.0,8.0,131.0,19.998,8.0,130.44,184675.73,92.3379,16.44
5019,20.0,8.0,133.0,20.0,7.9999,132.49,179841.86,89.9209,17.66
5020,20.0,8.0,135.0,19.99,8.0,134.55,171554.66,85.7773,15.6
5021,20.0,8.0,140.0,19.999,7.9998,139.62,162722.0,81.361,17.02
5022,20.0,8.0,145.0,19.993,8.0,144.71,156561.04,78.2805,18.03
5023,20.0,8.0,150.0,20.002,7.9999,149.77,151200.12,75.6001,18.04
5024,20.0,8.0,155.0,19.998,8.0,154.82,147546.18,73.7731,19.19
5025,20.0,8.0,160.0,19.988,8.0,159.87,144758.72,72.3794,20.54
5026,20.0,8.0,165.0,20.005,7.9999,164.87,140874.38,70.4372,20.15
5027,20.0,8.0,170.0,20.0,8.0001,169.84,137667.56,68.8338,20.89
5028,20.0,8.0,175.0,20.003,8.0,174.7,135543.41999999998,67.7717,23.33
5029,20.0,8.0,180.0,20.012,7.9999,179.49,131683.04,65.8415,22.3
7121,25.0,1.0,0.0,24.989,1.0,0.11,256794.57,128.3973,21.56
7122,25.0,1.0,5.0,24.996,1.0,4.95,254277.74,127.1389,21.5
7123,25.0,1.0,10.0,24.994,1.0,9.9,252058.16,126.0291,21.25
7124,25.0,1.0,15.0,24.99,1.0,14.85,250790.09,125.395,21.46
7125,25.0,1.0,20.0,24.991,1.0,19.81,249638.16999999998,124.8191,21.39
7126,25.0,1.0,25.0,24.984,1.0,24.79,248822.41,124.4112,21.22
7127,25.0,1.0,30.0,24.996,1.0,29.76,248642.43000000002,124.3212,21.32
7128,25.0,1.0,35.0,24.992,1.0,34.74,248724.13,124.3621,21.21
7129,25.0,1.0,40.0,24.995,1.0,39.71,249468.34,124.7342,21.31
7130,25.0,1.0,45.0,24.986,1.0,44.68,250625.57,125.3128,21.18
7131,25.0,1.0,50.0,24.99,1.0,49.65,252369.34000000003,126.1847,21.15
7132,25.0,1.0,55.0,24.989,1.0,54.65,254544.54,127.2723,21.07
7133,25.0,1.0,60.0,24.988,1.0,59.66,257733.61,128.8668,21.34
7134,25.0,1.0,65.0,24.992,1.0,64.69,261312.53999999998,130.6563,21.25
7135,25.0,1.0,70.0,25.0,1.0,69.73,265857.83,132.9289,21.45
7136,25.0,1.0,75.0,24.994,1.0,74.79,270939.5,135.4698,21.4
7137,25.0,1.0,80.0,24.991,1.0,79.86,277071.26,138.5356,21.6
7138,25.0,1.0,85.0,24.992,1.0,84.94,284130.83999999997,142.0654,21.72
7139,25.0,1.0,90.0,24.987,1.0,90.02,292373.85,146.1869,22.17
7140,25.0,1.0,95.0,24.995,1.0,95.08,301281.80000000005,150.6409,22.6
7141,25.0,1.0,100.0,24.996,1.0,100.09,310261.1,155.1306,23.08
7142,25.0,1.0,105.0,24.996,1.0,105.08,318781.64999999997,159.3908,23.79
7143,25.0,1.0,107.0,24.992,1.0,107.12,321233.57999999996,160.6168,23.9
7144,25.0,1.0,109.0,24.987,1.0,109.08,323368.74,161.6844,23.78
7145,25.0,1.0,111.0,24.985,1.0,111.08,325589.51,162.7948,24.29
7146,25.0,1.0,113.0,24.984,1.0,113.08,326875.99,163.438,24.19
7147,25.0,1.0,115.0,24.992,1.0,115.03,327866.91000000003,163.9335,24.31
7148,25.0,1.0,116.0,24.988,1.0,116.03,328174.39,164.0872,24.4
7149,25.0,1.0,117.0,24.988,1.0,117.05,328171.77999999997,164.0859,24.33
7150,25.0,1.0,118.0,24.989,1.0,118.04,328364.52,164.1823,24.32
7151,25.0,1.0,119.0,24.989,1.0,119.02,328139.25,164.0696,24.23
7152,25.0,1.0,120.0,24.987,1.0,119.99,328061.26,164.0306,24.25
7153,25.0,1.0,121.0,24.974,1.0,120.98,328002.82,164.0014,24.4
7154,25.0,1.0,122.0,24.989,1.0,121.98,327445.33999999997,163.7227,24.18
7155,25.0,1.0,123.0,24.995,1.0,122.99,327157.87,163.5789,24.38
7156,25.0,1.0,124.0,24.99,1.0,123.98,326290.88,163.1454,24.14
7157,25.0,1.0,125.0,24.991,1.0,124.95,325439.46,162.7197,23.92
7158,25.0,1.0,127.0,24.992,1.0,126.92,323441.78,161.7209,23.6
7159,25.0,1.0,129.0,24.987,1.0,128.92,320779.99,160.39,23.11
7160,25.0,1.0,131.0,24.98,1.0,130.87,318897.51999999996,159.4488,23.32
7161,25.0,1.0,133.0,24.99,1.0,132.86,315902.57,157.9513,23.05
7162,25.0,1.0,135.0,24.988,1.0,134.85,313094.89,156.5474,22.96
7163,25.0,1.0,140.0,24.994,1.0,139.81,304939.21,152.4696,22.17
7164,25.0,1.0,145.0,24.994,1.0,144.78,297343.08,148.6715,21.9
7165,25.0,1.0,150.0,24.988,1.0,149.77,290359.74,145.1799,21.66
7166,25.0,1.0,155.0,24.996,1.0,154.75,284233.64999999997,142.1168,21.6
7167,25.0,1.0,160.0,24.992,1.0,159.74,278910.27,139.4551,21.57
7168,25.0,1.0,165.0,24.995,1.0,164.71,274215.14,137.1076,21.52
7169,25.0,1.0,170.0,24.991,1.0,169.69,270581.13,135.2906,21.81
7170,25.0,1.0,175.0,24.995,1.0,174.69,266735.22,133.3676,21.42
7171,25.0,1.0,180.0,24.997,1.0,179.67,263992.66,131.9963,21.55
7184,25.0,1.5,0.0,24.989,1.5,0.08,227385.44,113.6927,21.09
7185,25.0,1.5,5.0,24.995,1.5,4.89,224532.13999999998,112.2661,20.72
7186,25.0,1.5,10.0,24.994,1.5,9.81,222168.62999999998,111.0843,20.48
7187,25.0,1.5,15.0,24.992,1.5,14.75,220770.04,110.385,20.68
7188,25.0,1.5,20.0,24.995,1.5,19.7,219600.52000000002,109.8003,20.68
7189,25.0,1.5,25.0,24.994,1.5,24.68,218576.87,109.2884,20.51
7190,25.0,1.5,30.0,24.987,1.5,29.67,218145.22999999998,109.0726,20.46
7191,25.0,1.5,35.0,25.001,1.5,34.68,217965.14,108.9826,20.29
7192,25.0,1.5,40.0,24.995,1.5,39.69,218224.24000000002,109.1121,20.25
7193,25.0,1.5,45.0,24.989,1.5,44.71,219166.49000000002,109.5832,20.27
7194,25.0,1.5,50.0,24.999,1.5,49.73,220495.46,110.2477,20.17
7195,25.0,1.5,55.0,24.995,1.5,54.77,222442.50000000003,111.2213,20.15
7196,25.0,1.5,60.0,24.996,1.5,59.8,224745.29000000004,112.3726,20.01
7197,25.0,1.5,65.0,24.993,1.5,64.84,227787.89,113.8939,19.85
7198,25.0,1.5,70.0,24.998,1.5,69.86,231719.09,115.8595,19.86
7199,25.0,1.5,75.0,25.0,1.5,74.9,236474.31999999998,118.2372,19.93
7200,25.0,1.5,80.0,24.997,1.5,79.93,241804.24,120.9021,19.66
7201,25.0,1.5,85.0,24.997,1.5,84.94,248560.56,124.2803,19.75
7202,25.0,1.5,90.0,24.995,1.5,89.95,256643.09,128.3215,19.91
7203,25.0,1.5,95.0,24.987,1.5,94.95,266262.3,133.1312,20.2
7204,25.0,1.5,100.0,24.986,1.5,99.92,277126.43,138.5632,20.54
7205,25.0,1.5,105.0,24.997,1.5,104.89,289155.65,144.5778,21.41
7206,25.0,1.5,107.0,24.991,1.5,106.92,293550.77999999997,146.7754,21.67
7207,25.0,1.5,109.0,24.982,1.5,108.89,297363.34,148.6817,21.93
7208,25.0,1.5,111.0,24.988,1.5,110.89,300911.94999999995,150.456,22.42
7209,25.0,1.5,113.0,24.984,1.5,112.9,303395.41,151.6977,22.8
7210,25.0,1.5,115.0,24.992,1.5,114.86,304763.9,152.382,22.89
7211,25.0,1.5,116.0,24.977,1.5,115.86,305028.86,152.5144,22.88
7212,25.0,1.5,117.0,24.999,1.5,116.89,305292.52999999997,152.6463,22.98
7213,25.0,1.5,118.0,24.99,1.5,117.9,305467.5,152.7337,23.11
7214,25.0,1.5,119.0,24.994,1.5,118.88,304601.86,152.3009,22.65
7215,25.0,1.5,120.0,24.99,1.5,119.87,304328.13,152.1641,22.71
7216,25.0,1.5,121.0,24.994,1.5,120.86,303899.97,151.95,22.76
7217,25.0,1.5,122.0,24.988,1.5,121.88,302733.81,151.3669,22.43
7218,25.0,1.5,123.0,24.98,1.5,122.9,301427.84,150.7139,22.16
7219,25.0,1.5,124.0,24.99,1.5,123.89,300087.74,150.0439,21.99
7220,25.0,1.5,125.0,24.987,1.5,124.87,298705.31,149.3527,21.89
7221,25.0,1.5,127.0,24.991,1.5,126.86,295107.86,147.5539,21.42
7222,25.0,1.5,129.0,24.993,1.5,128.9,291185.36,145.5927,21.08
7223,25.0,1.5,131.0,24.996,1.5,130.87,287290.43,143.6452,20.76
7224,25.0,1.5,133.0,24.987,1.5,132.89,283251.58,141.6258,20.71
7225,25.0,1.5,135.0,24.987,1.5,134.9,279013.8,139.5069,20.43
7226,25.0,1.5,140.0,24.996,1.5,139.92,269397.53,134.6988,20.01
7227,25.0,1.5,145.0,24.994,1.5,144.94,261343.97,130.672,19.93
7228,25.0,1.5,150.0,24.996,1.5,149.96,254667.11000000002,127.3336,20.05
7229,25.0,1.5,155.0,24.994,1.5,154.96,249178.21,124.5891,20.24
7230,25.0,1.5,160.0,24.991,1.5,159.94,244391.99,122.196,20.32
7231,25.0,1.5,165.0,24.986,1.5,164.89,240969.09,120.4845,21.06
7232,25.0,1.5,170.0,25.0,1.5,169.83,236676.91,118.3385,20.47
7233,25.0,1.5,175.0,24.994,1.5,174.77,233488.06,116.744,20.51
7234,25.0,1.5,180.0,24.994,1.5,179.69,231034.88000000003,115.5174,20.71
7247,25.0,2.0,0.0,24.991,2.0,0.06,206725.02,103.3625,20.35
7248,25.0,2.0,5.0,24.988,2.0,4.85,203898.74,101.9494,20.11
7249,25.0,2.0,10.0,24.993,2.0,9.74,202067.66999999998,101.0338,20.33
7250,25.0,2.0,15.0,24.997,2.0,14.66,199915.85,99.9579,20.03
7251,25.0,2.0,20.0,24.996,2.0,19.61,198377.17,99.1886,20.0
7252,25.0,2.0,25.0,24.988,2.0,24.59,197191.59,98.5958,19.94
7253,25.0,2.0,30.0,24.996,2.0,29.6,196774.78,98.3874,20.05
7254,25.0,2.0,35.0,24.994,2.0,34.63,196338.88999999998,98.1694,19.88
7255,25.0,2.0,40.0,25.004,2.0,39.67,196408.00999999998,98.204,19.74
7256,25.0,2.0,45.0,24.991,2.0,44.72,197095.04,98.5475,19.72
7257,25.0,2.0,50.0,24.994,2.0,49.77,197965.45,98.9827,19.48
7258,25.0,2.0,55.0,24.992,2.0,54.83,199624.75999999998,99.8124,19.46
7259,25.0,2.0,60.0,25.005,2.0,59.89,201685.7,100.8429,19.31
7260,25.0,2.0,65.0,24.989,2.0,64.94,204314.13999999998,102.1571,19.11
7261,25.0,2.0,70.0,24.999,2.0,69.97,207865.41000000003,103.9327,19.15
7262,25.0,2.0,75.0,24.991,2.0,74.98,212086.16999999998,106.0431,18.99
7263,25.0,2.0,80.0,24.988,2.0,79.97,216806.68,108.4033,18.73
7264,25.0,2.0,85.0,24.998,2.0,84.94,223064.12,111.5321,18.67
7265,25.0,2.0,90.0,24.997,2.0,89.89,230634.13999999998,115.3171,18.59
7266,25.0,2.0,95.0,25.002,2.0,94.85,239979.03999999998,119.9895,18.69
7267,25.0,2.0,100.0,24.985,2.0,99.79,251841.40000000002,125.9207,19.09
7268,25.0,2.0,105.0,24.989,2.0,104.75,266205.18,133.1026,19.87
7269,25.0,2.0,107.0,24.994,2.0,106.77,271898.12,135.9491,20.08
7270,25.0,2.0,109.0,24.989,2.0,108.75,277739.62,138.8698,20.77
7271,25.0,2.0,111.0,24.988,2.0,110.75,282997.08,141.4985,21.46
7272,25.0,2.0,113.0,24.99,2.0,112.77,286732.02999999997,143.366,21.87
7273,25.0,2.0,115.0,25.002,2.0,114.75,288926.48,144.4632,22.16
7274,25.0,2.0,116.0,24.988,2.0,115.76,289441.60000000003,144.7208,22.29
7275,25.0,2.0,117.0,24.984,2.0,116.79,289383.63,144.6918,22.16
7276,25.0,2.0,118.0,24.987,2.0,117.8,289289.29,144.6446,22.14
7277,25.0,2.0,119.0,24.982,2.0,118.8,288806.93,144.4035,22.01
7278,25.0,2.0,120.0,24.982,2.0,119.8,288030.26,144.0151,21.87
7279,25.0,2.0,121.0,24.992,2.0,120.8,286379.29,143.1896,21.42
7280,25.0,2.0,122.0,24.994,2.0,121.82,284799.81,142.3999,21.2
7281,25.0,2.0,123.0,24.989,2.0,122.85,283032.76999999996,141.5164,21.08
7282,25.0,2.0,124.0,24.991,2.0,123.86,280938.1,140.469,20.87
7283,25.0,2.0,125.0,25.002,2.0,124.85,278304.47,139.1522,20.47
7284,25.0,2.0,127.0,24.984,2.0,126.86,273408.03,136.704,20.13
7285,25.0,2.0,129.0,24.995,2.0,128.91,268197.54,134.0988,19.71
7286,25.0,2.0,131.0,24.996,2.0,130.91,262924.93,131.4625,19.33
7287,25.0,2.0,133.0,24.988,2.0,132.94,258424.66,129.2123,19.45
7288,25.0,2.0,135.0,24.989,2.0,134.98,253965.46,126.9827,19.36
7289,25.0,2.0,140.0,24.994,2.0,140.03,243420.32,121.7102,18.73
7290,25.0,2.0,145.0,24.994,2.0,145.09,236060.15000000002,118.0301,18.95
7291,25.0,2.0,150.0,24.996,2.0,150.14,229725.32,114.8627,19.06
7292,25.0,2.0,155.0,24.996,2.0,155.14,225354.70999999996,112.6774,19.67
7293,25.0,2.0,160.0,24.99,2.0,160.11,220959.72000000003,110.4799,19.8
7294,25.0,2.0,165.0,24.997,2.0,165.05,217640.43000000002,108.8202,20.19
7295,25.0,2.0,170.0,24.996,2.0,169.95,214388.90000000002,107.1945,20.2
7296,25.0,2.0,175.0,24.993,2.0,174.84,211507.47,105.7537,20.25
7297,25.0,2.0,180.0,24.997,2.0,179.7,208940.2,104.4701,20.26
7310,25.0,3.0,0.0,24.993,3.0,0.04,178777.25,89.3886,20.19
7311,25.0,3.0,5.0,24.987,3.0,4.8,175664.91,87.8325,19.76
7312,25.0,3.0,10.0,24.994,3.0,9.68,173635.30000000002,86.8176,20.19
7313,25.0,3.0,15.0,24.998,3.0,14.59,171402.11,85.7011,20.04
7314,25.0,3.0,20.0,24.992,3.0,19.54,169259.38,84.6297,19.6
7315,25.0,3.0,25.0,25.0,3.0,24.54,167838.41999999998,83.9192,19.68
7316,25.0,3.0,30.0,24.996,3.0,29.56,166839.13,83.4196,19.72
7317,25.0,3.0,35.0,25.007,3.0,34.6,166079.15,83.0396,19.47
7318,25.0,3.0,40.0,24.997,3.0,39.66,165730.63,82.8653,19.29
7319,25.0,3.0,45.0,25.004,3.0,44.72,165928.16,82.9641,19.08
7320,25.0,3.0,50.0,24.994,3.0001,49.78,166456.82,83.2284,18.84
7321,25.0,3.0,55.0,24.998,3.0,54.86,167484.68,83.7423,18.52
7322,25.0,3.0,60.0,25.001,3.0,59.92,169110.81999999998,84.5554,18.35
7323,25.0,3.0,65.0,24.997,3.0,64.98,171317.11000000002,85.6586,18.12
7324,25.0,3.0,70.0,24.997,3.0,70.0,174150.38,87.0752,17.98
7325,25.0,3.0,75.0,24.997,3.0,75.0,177862.18,88.9311,17.91
7326,25.0,3.0,80.0,24.996,3.0,79.96,182044.73,91.0224,17.57
7327,25.0,3.0,85.0,24.993,3.0,84.87,187440.85,93.7204,17.3
7328,25.0,3.0,90.0,25.001,3.0,89.77,194431.39,97.2157,17.2
7329,25.0,3.0,95.0,24.989,3.0,94.69,203188.62999999998,101.5943,17.05
7330,25.0,3.0,100.0,24.987,3.0,99.61,215109.00999999998,107.5545,17.27
7331,25.0,3.0,105.0,24.988,3.0001,104.57,231098.09,115.549,17.75
7332,25.0,3.0,107.0,24.999,3.0,106.61,239213.79,119.6069,18.22
7333,25.0,3.0,109.0,24.989,3.0,108.58,247761.16999999998,123.8806,18.93
7334,25.0,3.0,111.0,24.989,3.0,110.6,256354.17,128.1771,19.85
7335,25.0,3.0,113.0,24.988,3.0,112.63,263061.23,131.5306,20.55
7336,25.0,3.0,115.0,24.987,3.0,114.62,267438.86000000004,133.7194,21.35
7337,25.0,3.0,116.0,24.987,3.0,115.64,267892.67,133.9463,21.1
7338,25.0,3.0,117.0,24.987,3.0,116.68,268609.5,134.3048,21.43
7339,25.0,3.0,118.0,24.99,3.0,117.7,268660.63,134.3303,21.6
7340,25.0,3.0,119.0,24.993,3.0,118.69,267174.82,133.5874,21.01
7341,25.0,3.0,120.0,24.986,3.0,119.7,265253.41,132.6267,20.68
7342,25.0,3.0,121.0,24.999,3.0,120.7,262688.2,131.3441,20.36
7343,25.0,3.0,122.0,24.985,3.0,121.74,258946.58,129.4733,19.7
7344,25.0,3.0,123.0,24.991,3.0,122.77,255544.59000000003,127.7723,19.47
7345,25.0,3.0,124.0,24.987,3.0,123.79,251918.05,125.959,19.17
7346,25.0,3.0,125.0,24.989,3.0,124.79,247788.13,123.8941,18.67
7347,25.0,3.0,127.0,24.998,3.0,126.81,240266.19999999998,120.1331,18.11
7348,25.0,3.0,129.0,24.988,3.0,128.88,233922.77,116.9614,18.13
7349,25.0,3.0,131.0,25.0,3.0,130.88,228164.12999999998,114.0821,17.99
7350,25.0,3.0,133.0,24.99,3.0,132.93,221706.21000000002,110.8531,17.23
7351,25.0,3.0,135.0,24.989,3.0,134.97,217797.93,108.899,17.65
7352,25.0,3.0,140.0,24.992,3.0,140.06,208588.72,104.2944,17.7
7353,25.0,3.0,145.0,24.992,3.0,145.14,201865.96,100.933,17.83
7354,25.0,3.0,150.0,24.991,3.0,150.2,197201.34,98.6007,18.35
7355,25.0,3.0,155.0,24.999,3.0,155.22,193418.84,96.7094,18.82
7356,25.0,3.0,160.0,24.997,3.0,160.2,190299.63,95.1498,19.21
7357,25.0,3.0,165.0,24.991,3.0,165.13,187105.15,93.5526,19.34
7358,25.0,3.0,170.0,24.997,3.0,170.02,184976.77000000002,92.4884,20.22
7359,25.0,3.0,175.0,24.992,3.0,174.88,181416.57,90.7083,19.47
7360,25.0,3.0,180.0,24.991,3.0,179.68,179397.74,89.6989,19.84
7373,25.0,5.0,0.0,24.991,4.9999,0.0,142702.56999999998,71.3513,19.62
7374,25.0,5.0,5.0,24.995,5.0,4.75,139984.09,69.992,19.88
7375,25.0,5.0,10.0,24.991,5.0,9.63,136801.19999999998,68.4006,19.54
7376,25.0,5.0,15.0,24.996,5.0,14.56,134711.9,67.3559,20.08
7377,25.0,5.0,20.0,24.996,5.0,19.53,131701.24000000002,65.8506,19.08
7378,25.0,5.0,25.0,24.998,5.0,24.54,130137.20000000001,65.0686,19.37
7379,25.0,5.0,30.0,24.997,5.0,29.55,128503.17,64.2516,18.93
7380,25.0,5.0,35.0,24.997,5.0,34.59,127438.44999999998,63.7192,18.77
7381,25.0,5.0,40.0,25.004,5.0,39.63,126808.62999999999,63.4043,18.52
7382,25.0,5.0,45.0,24.998,5.0,44.67,126859.34,63.4297,18.46
7383,25.0,5.0,50.0,24.983,5.0,49.72,127105.22,63.5526,18.26
7384,25.0,5.0,55.0,24.994,5.0,54.76,127867.21,63.9336,18.1
7385,25.0,5.0,60.0,24.99,5.0,59.81,129127.51000000001,64.5638,17.8
7386,25.0,5.0,65.0,24.996,5.0001,64.84,130851.03,65.4255,17.5
7387,25.0,5.0,70.0,24.999,5.0,69.86,133024.62,66.5123,17.04
7388,25.0,5.0,75.0,25.001,5.0001,74.84,136104.84,68.0524,16.85
7389,25.0,5.0,80.0,24.997,5.0,79.79,139884.33,69.9422,16.49
7390,25.0,5.0,85.0,24.998,5.0,84.68,144526.44,72.2632,16.1
7391,25.0,5.0,90.0,24.998,5.0,89.53,150405.11,75.2026,15.7
7392,25.0,5.0,95.0,24.999,5.0,94.42,158504.37,79.2522,15.52
7393,25.0,5.0,100.0,24.998,5.0,99.35,169624.44,84.8122,15.39
7394,25.0,5.0,105.0,24.988,5.0001,104.34,186029.91,93.015,15.47
7395,25.0,5.0,107.0,25.002,5.0,106.4,195680.21000000002,97.8401,15.82
7396,25.0,5.0,109.0,24.995,5.0,108.4,206839.9,103.42,16.47
7397,25.0,5.0,111.0,24.996,5.0001,110.42,219324.61,109.6623,17.26
7398,25.0,5.0,113.0,24.991,5.0,112.46,231985.57,115.9928,18.59
7399,25.0,5.0,115.0,24.989,5.0,114.47,240742.37,120.3712,19.95
7400,25.0,5.0,116.0,24.99,5.0001,115.51,242764.72,121.3824,20.2
7401,25.0,5.0,117.0,24.991,4.9999,116.56,244012.77,122.0064,20.51
7402,25.0,5.0,118.0,24.986,5.0,117.59,243225.48,121.6127,20.23
7403,25.0,5.0,119.0,24.989,5.0,118.59,240153.46,120.0767,19.58
7404,25.0,5.0,120.0,24.991,5.0,119.59,235646.52999999997,117.8233,18.97
7405,25.0,5.0,121.0,24.992,5.0,120.6,230172.49000000002,115.0862,18.4
7406,25.0,5.0,122.0,24.993,5.0,121.63,224100.75000000003,112.0504,17.88
7407,25.0,5.0,123.0,24.988,5.0,122.67,217817.14,108.9086,17.26
7408,25.0,5.0,124.0,25.0,5.0001,123.69,212511.74999999997,106.2559,17.21
7409,25.0,5.0,125.0,24.989,5.0,124.69,207117.81999999998,103.5589,16.8
7410,25.0,5.0,127.0,24.989,5.0,126.7,197259.29,98.6296,16.12
7411,25.0,5.0,129.0,24.998,5.0,128.77,189794.73,94.8974,16.08
7412,25.0,5.0,131.0,24.998,5.0,130.78,183470.73,91.7354,15.83
7413,25.0,5.0,133.0,24.997,5.0,132.83,178267.91,89.134,15.81
7414,25.0,5.0,135.0,24.987,5.0,134.88,174068.32,87.0342,15.94
7415,25.0,5.0,140.0,25.002,5.0001,139.96,166937.97999999998,83.469,16.55
7416,25.0,5.0,145.0,24.999,5.0,145.04,162150.82,81.0754,17.14
7417,25.0,5.0,150.0,24.998,5.0,150.11,158900.33000000002,79.4502,17.87
7418,25.0,5.0,155.0,24.988,5.0,155.15,156053.03,78.0265,18.25
7419,25.0,5.0,160.0,24.992,5.0,160.16,153514.13999999998,76.7571,18.7
7420,25.0,5.0,165.0,24.997,5.0,165.12,150813.86,75.4069,18.91
7421,25.0,5.0,170.0,24.993,5.0,170.02,149056.16,74.5281,20.14
7422,25.0,5.0,175.0,24.995,5.0,174.87,146203.59,73.1018,20.23
7423,25.0,5.0,180.0,24.998,5.0,179.65,143621.15,71.8106,20.4
7436,25.0,7.0,0.0,24.994,7.0,-0.04,118781.45999999999,59.3907,19.43
7437,25.0,7.0,5.0,24.987,7.0,4.71,115463.79999999999,57.7319,19.16
7438,25.0,7.0,10.0,24.986,7.0,9.63,112620.56,56.3103,19.22
7439,25.0,7.0,15.0,24.997,7.0,14.57,109804.97,54.9025,18.74
7440,25.0,7.0,20.0,24.999,7.0,19.55,107738.51,53.8693,18.94
7441,25.0,7.0,25.0,24.995,6.9999,24.56,105918.18000000001,52.9591,18.87
7442,25.0,7.0,30.0,24.993,7.0,29.56,104190.22,52.0951,18.35
7443,25.0,7.0,35.0,24.991,7.0,34.58,103279.05,51.6395,18.37
7444,25.0,7.0,40.0,25.001,7.0001,39.59,102608.45999999999,51.3042,18.16
7445,25.0,7.0,45.0,25.0,6.9999,44.6,102507.98999999999,51.254,18.18
7446,25.0,7.0,50.0,24.999,7.0001,49.61,102572.21999999999,51.2861,17.86
7447,25.0,7.0,55.0,25.003,7.0,54.64,103097.21999999999,51.5486,17.7
7448,25.0,7.0,60.0,25.005,7.0,59.67,104109.43,52.0547,17.38
7449,25.0,7.0,65.0,25.003,7.0,64.68,105543.23,52.7716,17.13
7450,25.0,7.0,70.0,25.0,7.0,69.68,107501.64,53.7508,16.7
7451,25.0,7.0,75.0,24.99,6.9999,74.65,110163.79,55.0819,16.38
7452,25.0,7.0,80.0,24.989,7.0001,79.59,113578.01999999999,56.789,15.97
7453,25.0,7.0,85.0,25.002,6.9999,84.48,117842.56,58.9213,15.53
7454,25.0,7.0,90.0,25.007,7.0,89.32,123447.37,61.7237,15.22
7455,25.0,7.0,95.0,24.996,7.0,94.18,130694.35,65.3472,14.68
7456,25.0,7.0,100.0,24.987,7.0,99.13,140913.34,70.4567,14.27
7457,25.0,7.0,105.0,24.992,7.0,104.15,156865.47,78.4327,14.2
7458,25.0,7.0,107.0,24.994,7.0,106.22,166526.09,83.263,14.44
7459,25.0,7.0,109.0,24.995,6.9999,108.23,178535.6,89.2678,14.9
7460,25.0,7.0,111.0,25.002,7.0,110.25,193325.75,96.6629,15.73
7461,25.0,7.0,113.0,24.995,7.0,112.3,209591.5,104.7958,17.02
7462,25.0,7.0,115.0,24.99,6.9999,114.33,222074.69,111.0373,18.49
7463,25.0,7.0,116.0,24.987,7.0,115.39,226369.71,113.1849,19.6
7464,25.0,7.0,117.0,24.982,7.0,116.43,227695.25,113.8476,19.5
7465,25.0,7.0,118.0,24.989,7.0,117.47,226727.57,113.3638,19.43
7466,25.0,7.0,119.0,25.001,7.0001,118.48,221792.16,110.8961,18.52
7467,25.0,7.0,120.0,24.987,7.0,119.48,215223.66000000003,107.6118,17.89
7468,25.0,7.0,121.0,24.992,7.0,120.49,207318.83,103.6594,17.03
7469,25.0,7.0,122.0,24.981,6.9999,121.52,200116.76,100.0584,16.75
7470,25.0,7.0,123.0,24.986,7.0,122.56,191929.59,95.9648,15.87
7471,25.0,7.0,124.0,24.987,7.0,123.58,185326.0,92.663,15.58
7472,25.0,7.0,125.0,24.992,7.0,124.58,179675.9,89.838,15.4
7473,25.0,7.0,127.0,24.985,7.0,126.56,170090.0,85.045,15.31
7474,25.0,7.0,129.0,24.997,7.0,128.63,161928.72999999998,80.9644,14.92
7475,25.0,7.0,131.0,25.001,7.0,130.62,155471.76,77.7359,14.64
7476,25.0,7.0,133.0,25.001,7.0,132.67,151426.65,75.7133,15.26
7477,25.0,7.0,135.0,24.995,6.9999,134.72,146821.64,73.4108,14.93
7478,25.0,7.0,140.0,24.983,7.0,139.79,140228.77000000002,70.1144,15.49
7479,25.0,7.0,145.0,24.988,7.0,144.87,136216.12,68.1081,16.22
7480,25.0,7.0,150.0,24.999,7.0,149.94,134060.59,67.0303,17.49
7481,25.0,7.0,155.0,24.985,7.0,154.98,131833.6,65.9168,18.01
7482,25.0,7.0,160.0,24.997,7.0,160.01,130229.54999999999,65.1148,19.49
7483,25.0,7.0,165.0,25.007,7.0001,165.0,126985.96,63.493,18.67
7484,25.0,7.0,170.0,25.003,7.0001,169.93,124576.15000000001,62.2881,19.22
7485,25.0,7.0,175.0,24.997,7.0,174.8,121950.45,60.9752,19.93
7486,25.0,7.0,180.0,25.0,7.0,179.57,118948.44,59.4742,19.81
7499,25.0,8.0,0.0,25.003,8.0,-0.13,109289.59999999999,54.6448,19.19
7500,25.0,8.0,5.0,24.987,8.0,4.75,105734.73,52.8674,18.51
7501,25.0,8.0,10.0,24.99,8.0001,9.67,103254.62,51.6273,19.05
7502,25.0,8.0,15.0,25.006,8.0001,14.63,100651.02,50.3255,18.7
7503,25.0,8.0,20.0,25.011,8.0001,19.62,98482.88,49.2414,18.63
7504,25.0,8.0,25.0,24.995,8.0,24.63,96808.66,48.4043,18.59
7505,25.0,8.0,30.0,24.984,8.0,29.63,95276.08,47.638,18.25
7506,25.0,8.0,35.0,25.006,7.9999,34.63,94386.35,47.1932,18.36
7507,25.0,8.0,40.0,25.006,8.0,39.63,93717.58,46.8588,18.1
7508,25.0,8.0,45.0,24.997,8.0,44.64,93399.17,46.6996,17.85
7509,25.0,8.0,50.0,25.002,8.0,49.64,93485.56,46.7428,17.73
7510,25.0,8.0,55.0,24.991,8.0,54.66,94021.5,47.0108,17.58
7511,25.0,8.0,60.0,24.996,8.0,59.67,94891.12,47.4456,17.28
7512,25.0,8.0,65.0,25.003,8.0001,64.68,96231.16,48.1156,16.99
7513,25.0,8.0,70.0,25.002,8.0,69.66,98026.65,49.0133,16.48
7514,25.0,8.0,75.0,24.998,8.0,74.62,100490.14,50.2451,16.19
7515,25.0,8.0,80.0,24.993,8.0001,79.56,103926.53,51.9633,15.98
7516,25.0,8.0,85.0,24.999,8.0,84.43,107888.44999999998,53.9442,15.42
7517,25.0,8.0,90.0,24.993,8.0,89.26,113263.02,56.6315,14.92
7518,25.0,8.0,95.0,25.009,8.0,94.13,120310.21,60.1551,14.46
7519,25.0,8.0,100.0,24.99,7.9999,99.08,130270.76,65.1354,14.03
7520,25.0,8.0,105.0,24.997,8.0001,104.11,145975.51,72.9878,13.84
7521,25.0,8.0,107.0,24.994,8.0,106.19,155394.25,77.6971,13.92
7522,25.0,8.0,109.0,25.003,8.0001,108.2,167629.53,83.8148,14.44
7523,25.0,8.0,111.0,24.998,8.0001,110.23,182849.05000000002,91.4245,15.08
7524,25.0,8.0,113.0,24.988,8.0001,112.28,200787.47,100.3937,16.53
7525,25.0,8.0,115.0,24.981,8.0,114.3,214905.51,107.4528,18.08
7526,25.0,8.0,116.0,24.995,8.0,115.39,219081.43,109.5407,18.69
7527,25.0,8.0,117.0,24.987,8.0,116.42,221349.36,110.6747,19.09
7528,25.0,8.0,118.0,24.991,8.0,117.47,219491.33000000002,109.7457,18.7
7529,25.0,8.0,119.0,24.98,8.0,118.47,214081.09,107.0405,17.99
7530,25.0,8.0,120.0,24.999,8.0,119.47,206727.02,103.3635,17.42
7531,25.0,8.0,121.0,24.996,8.0,120.48,197947.98,98.974,16.53
7532,25.0,8.0,122.0,24.988,8.0,121.51,189604.17,94.8021,16.03
7533,25.0,8.0,123.0,24.993,8.0,122.55,181736.28,90.8681,15.59
7534,25.0,8.0,124.0,24.991,8.0,123.56,174923.35,87.4617,15.28
7535,25.0,8.0,125.0,24.995,8.0,124.57,168377.79,84.1889,14.71
7536,25.0,8.0,127.0,24.993,8.0,126.54,158442.33,79.2212,14.44
7537,25.0,8.0,129.0,24.996,8.0,128.62,150844.29,75.4221,14.36
7538,25.0,8.0,131.0,24.996,8.0001,130.6,145445.27000000002,72.7226,14.71
7539,25.0,8.0,133.0,24.986,8.0,132.64,140390.34,70.1952,14.54
7540,25.0,8.0,135.0,24.991,8.0,134.69,136812.37,68.4062,14.89
7541,25.0,8.0,140.0,24.991,8.0001,139.74,130108.42,65.0542,15.38
7542,25.0,8.0,145.0,24.993,8.0,144.81,126358.62,63.1793,16.13
7543,25.0,8.0,150.0,24.993,8.0,149.88,123715.41,61.8577,16.73
7544,25.0,8.0,155.0,24.986,8.0,154.93,121876.0,60.938,17.56
7545,25.0,8.0,160.0,24.998,8.0,159.97,120010.31,60.0052,18.47
7546,25.0,8.0,165.0,24.987,7.9999,164.97,117436.11000000002,58.7181,18.78
7547,25.0,8.0,170.0,24.991,7.9999,169.92,114540.51999999999,57.2703,18.57
7548,25.0,8.0,175.0,24.996,8.0,174.8,112121.36,56.0607,19.65
7549,25.0,8.0,180.0,25.006,8.0,179.58,109309.38,54.6547,19.65
9641,30.0,1.0,0.0,29.974,1.0,0.01,213523.97,106.762,19.25
9642,30.0,1.0,5.0,29.981,1.0,4.84,211693.78000000003,105.8469,19.38
9643,30.0,1.0,10.0,29.984,1.0,9.79,209847.9,104.9239,19.29
9644,30.0,1.0,15.0,29.992,1.0,14.74,208629.36,104.3147,19.38
9645,30.0,1.0,20.0,29.986,1.0,19.71,207595.66,103.7978,19.39
9646,30.0,1.0,25.0,30.003,1.0,24.68,206904.16,103.4521,19.39
9647,30.0,1.0,30.0,29.998,1.0,29.67,206302.22,103.1511,19.18
9648,30.0,1.0,35.0,29.981,1.0,34.64,206094.66000000003,103.0473,19.04
9649,30.0,1.0,40.0,29.983,1.0,39.62,206352.65,103.1763,18.81
9650,30.0,1.0,45.0,30.003,1.0,44.59,207559.42,103.7797,19.03
9651,30.0,1.0,50.0,29.98,1.0,49.56,208634.8,104.3174,18.98
9652,30.0,1.0,55.0,29.993,1.0,54.55,210504.66999999998,105.2523,18.98
9653,30.0,1.0,60.0,29.993,1.0,59.56,212519.58,106.2598,18.9
9654,30.0,1.0,65.0,29.992,1.0,64.6,214924.21,107.4621,18.63
9655,30.0,1.0,70.0,29.99,1.0,69.64,218363.16999999998,109.1816,18.56
9656,30.0,1.0,75.0,30.009,1.0,74.71,222198.56,111.0993,18.52
9657,30.0,1.0,80.0,29.984,1.0,79.78,227223.33,113.6117,18.62
9658,30.0,1.0,85.0,29.994,1.0,84.84,232775.25,116.3876,18.61
9659,30.0,1.0,90.0,29.987,1.0,89.93,239254.26,119.6271,18.54
9660,30.0,1.0,95.0,29.977,1.0,94.99,246868.36,123.4342,18.78
9661,30.0,1.0,100.0,29.994,1.0,100.01,255157.94999999998,127.579,19.1
9662,30.0,1.0,105.0,30.002,1.0,105.0,263779.23,131.8896,19.77
9663,30.0,1.0,107.0,30.006,1.0,107.03,266184.11,133.0921,19.7
9664,30.0,1.0,109.0,29.99,1.0,109.01,269131.7,134.5659,20.09
9665,30.0,1.0,111.0,29.989,1.0,111.01,271099.43,135.5497,20.14
9666,30.0,1.0,113.0,29.998,1.0,113.01,272724.1,136.362,20.27
9667,30.0,1.0,115.0,29.983,1.0,114.96,274329.32999999996,137.1647,20.58
9668,30.0,1.0,116.0,29.999,1.0,115.96,274253.68,137.1268,20.35
9669,30.0,1.0,117.0,30.0,1.0,116.98,275101.92000000004,137.551,20.78
9670,30.0,1.0,118.0,29.994,1.0,117.97,274494.04,137.247,20.33
9671,30.0,1.0,119.0,29.985,1.0,118.96,274218.03,137.109,20.18
9672,30.0,1.0,120.0,29.992,1.0,119.94,273476.69,136.7383,20.01
9673,30.0,1.0,121.0,29.984,1.0,120.92,273872.48,136.9362,20.26
9674,30.0,1.0,122.0,29.977,1.0,121.92,273608.74,136.8044,20.26
9675,30.0,1.0,123.0,30.003,1.0,122.92,273010.95,136.5055,20.13
9676,30.0,1.0,124.0,29.981,1.0,123.9,272097.08,136.0485,20.07
9677,30.0,1.0,125.0,29.984,1.0,124.88,271654.06,135.827,20.07
9678,30.0,1.0,127.0,29.999,1.0,126.85,269578.43,134.7892,20.0
9679,30.0,1.0,129.0,30.0,1.0,128.85,267219.01,133.6095,19.95
9680,30.0,1.0,131.0,29.995,1.0,130.82,264260.22,132.1301,19.38
9681,30.0,1.0,133.0,29.977,1.0,132.81,261014.62999999998,130.5073,19.09
9682,30.0,1.0,135.0,30.006,1.0,134.8,257971.45,128.9857,18.86
9683,30.0,1.0,140.0,29.993,1.0,139.76,251391.49000000002,125.6957,18.78
9684,30.0,1.0,145.0,29.998,1.0,144.73,244503.49000000002,122.2517,18.4
9685,30.0,1.0,150.0,30.009,1.0,149.72,239632.33000000002,119.8162,18.98
9686,30.0,1.0,155.0,29.984,1.0,154.71,234322.41,117.1612,18.75
9687,30.0,1.0,160.0,29.996,1.0,159.7,230503.3,115.2517,19.0
9688,30.0,1.0,165.0,29.995,1.0,164.69,227162.93999999997,113.5815,19.08
9689,30.0,1.0,170.0,29.984,1.0,169.68,223929.84000000003,111.9649,19.19
9690,30.0,1.0,175.0,29.989,1.0,174.66,221294.34999999998,110.6472,19.22
9691,30.0,1.0,180.0,29.984,1.0,179.63,219146.72999999998,109.5734,19.3
9704,30.0,1.5,0.0,29.975,1.5,-0.02,188337.48,94.1687,18.64
9705,30.0,1.5,5.0,29.998,1.5,4.78,186568.17,93.2841,18.94
9706,30.0,1.5,10.0,30.005,1.5,9.71,185053.55,92.5268,19.08
9707,30.0,1.5,15.0,29.993,1.5,14.65,183058.63,91.5293,18.69
9708,30.0,1.5,20.0,29.991,1.5,19.6,182644.08000000002,91.322,19.43
9709,30.0,1.5,25.0,29.994,1.5,24.58,181400.46,90.7002,18.96
9710,30.0,1.5,30.0,29.991,1.5,29.58,180713.88999999998,90.3569,18.79
9711,30.0,1.5,35.0,30.005,1.5,34.6,180290.06,90.145,18.63
9712,30.0,1.5,40.0,29.994,1.5,39.61,180375.93,90.188,18.6
9713,30.0,1.5,45.0,29.991,1.5,44.62,180756.96,90.3785,18.47
9714,30.0,1.5,50.0,30.008,1.5,49.65,181313.12,90.6566,18.15
9715,30.0,1.5,55.0,29.989,1.5,54.68,182525.01,91.2625,18.14
9716,30.0,1.5,60.0,29.994,1.5,59.71,184214.1,92.1071,17.91
9717,30.0,1.5,65.0,29.998,1.5,64.74,186248.38,93.1242,17.73
9718,30.0,1.5,70.0,29.982,1.5,69.79,188888.38,94.4442,17.56
9719,30.0,1.5,75.0,30.009,1.5,74.82,192161.74000000002,96.0809,17.39
9720,30.0,1.5,80.0,29.99,1.5,79.84,196325.74,98.1629,17.31
9721,30.0,1.5,85.0,30.015,1.5,84.86,201086.67,100.5433,17.16
9722,30.0,1.5,90.0,29.989,1.5,89.87,207538.52000000002,103.7693,17.24
9723,30.0,1.5,95.0,30.011,1.5,94.88,214689.34,107.3447,17.13
9724,30.0,1.5,100.0,29.991,1.5,99.86,223400.84000000003,111.7004,17.05
9725,30.0,1.5,105.0,29.984,1.5,104.82,234866.41,117.4332,17.86
9726,30.0,1.5,107.0,30.0,1.5,106.85,239425.21000000002,119.7126,18.09
9727,30.0,1.5,109.0,29.995,1.5,108.81,243425.45,121.7127,18.24
9728,30.0,1.5,111.0,30.0,1.5,110.81,247816.61,123.9083,18.87
9729,30.0,1.5,113.0,29.992,1.5,112.82,250520.89,125.2604,19.02
9730,30.0,1.5,115.0,29.991,1.5,114.79,252470.98,126.2355,19.2
9731,30.0,1.5,116.0,29.995,1.5,115.81,253082.36000000002,126.5412,19.45
9732,30.0,1.5,117.0,29.988,1.5,116.83,253212.75,126.6064,19.29
9733,30.0,1.5,118.0,29.971,1.5,117.83,252892.23,126.4461,19.21
9734,30.0,1.5,119.0,29.987,1.5,118.83,252899.08000000002,126.4495,19.37
9735,30.0,1.5,120.0,29.997,1.5,119.81,252533.34,126.2667,19.42
9736,30.0,1.5,121.0,29.997,1.5,120.8,251419.65,125.7098,19.16
9737,30.0,1.5,122.0,29.977,1.5,121.81,250003.06,125.0015,18.92
9738,30.0,1.5,123.0,29.989,1.5,122.82,248288.29,124.1441,18.45
9739,30.0,1.5,124.0,29.993,1.5,123.82,246091.12,123.0456,17.96
9740,30.0,1.5,125.0,29.989,1.5,124.82,244461.18000000002,122.2306,17.82
9741,30.0,1.5,127.0,29.982,1.5,126.81,241628.69,120.8143,18.05
9742,30.0,1.5,129.0,29.991,1.5,128.84,236660.19,118.3301,17.18
9743,30.0,1.5,131.0,29.995,1.5,130.83,232404.77999999997,116.2024,16.94
9744,30.0,1.5,133.0,29.994,1.5,132.84,229452.38,114.7262,17.08
9745,30.0,1.5,135.0,29.987,1.5,134.85,225626.2,112.8131,16.91
9746,30.0,1.5,140.0,29.988,1.5,139.88,217936.72,108.9684,16.75
9747,30.0,1.5,145.0,30.002,1.5,144.89,213157.47999999998,106.5787,17.49
9748,30.0,1.5,150.0,30.003,1.5,149.92,207460.73,103.7304,17.26
9749,30.0,1.5,155.0,29.982,1.5,154.92,204200.07,102.1,17.93
9750,30.0,1.5,160.0,30.005,1.5,159.9,200882.28,100.4411,18.24
9751,30.0,1.5,165.0,29.99,1.5,164.87,198341.09,99.1705,18.47
9752,30.0,1.5,170.0,29.988,1.5,169.81,194960.15,97.4801,18.09
9753,30.0,1.5,175.0,29.995,1.5,174.73,193863.2,96.9316,19.03
9754,30.0,1.5,180.0,30.005,1.5,179.63,191371.9,95.686,18.79
9767,30.0,2.0,0.0,29.986,2.0,-0.03,171817.05,85.9085,18.85
9768,30.0,2.0,5.0,29.99,2.0,4.75,169545.33,84.7727,18.76
9769,30.0,2.0,10.0,29.991,2.0,9.65,168010.12,84.0051,19.01
9770,30.0,2.0,15.0,30.005,2.0,14.57,165986.28,82.9931,18.58
9771,30.0,2.0,20.0,29.987,2.0,19.52,164920.3,82.4601,18.8
9772,30.0,2.0,25.0,29.978,2.0,24.51,163995.93,81.998,18.9
9773,30.0,2.0,30.0,30.007,2.0,29.52,162871.64,81.4358,18.58
9774,30.0,2.0,35.0,29.99,2.0,34.55,162445.68,81.2228,18.62
9775,30.0,2.0,40.0,29.986,2.0,39.59,162310.42,81.1552,18.52
9776,30.0,2.0,45.0,29.996,2.0,44.64,162348.87000000002,81.1744,18.32
9777,30.0,2.0,50.0,29.993,2.0,49.7,162652.86000000002,81.3264,18.03
9778,30.0,2.0,55.0,29.992,2.0,54.76,163424.63,81.7123,17.68
9779,30.0,2.0,60.0,29.986,2.0,59.82,164607.78,82.3039,17.44
9780,30.0,2.0,65.0,30.0,2.0,64.86,166491.96,83.246,17.4
9781,30.0,2.0,70.0,30.003,2.0,69.91,168845.86,84.4229,17.24
9782,30.0,2.0,75.0,29.999,2.0,74.92,171318.86,85.6594,16.87
9783,30.0,2.0,80.0,29.997,2.0,79.9,175018.38,87.5092,16.69
9784,30.0,2.0,85.0,29.998,2.0,84.86,179113.93,89.557,16.32
9785,30.0,2.0,90.0,29.987,2.0,89.82,184441.3,92.2207,16.12
9786,30.0,2.0,95.0,30.0,2.0,94.78,191171.59999999998,95.5858,15.83
9787,30.0,2.0,100.0,30.003,2.0,99.74,200401.25,100.2006,15.94
9788,30.0,2.0,105.0,29.994,2.0,104.69,212060.32,106.0302,16.07
9789,30.0,2.0,107.0,29.987,2.0,106.71,218313.09000000003,109.1565,16.51
9790,30.0,2.0,109.0,30.0,2.0,108.68,224427.08,112.2135,17.08
9791,30.0,2.0,111.0,29.996,2.0,110.69,230339.52,115.1698,17.68
9792,30.0,2.0,113.0,29.988,2.0,112.71,235772.82,117.8864,18.61
9793,30.0,2.0,115.0,29.986,2.0,114.69,237678.31,118.8392,18.5
9794,30.0,2.0,116.0,29.984,2.0,115.71,238739.53000000003,119.3698,18.72
9795,30.0,2.0,117.0,29.993,2.0,116.74,239033.55000000002,119.5168,18.74
9796,30.0,2.0,118.0,29.998,2.0,117.75,238859.44,119.4297,18.76
9797,30.0,2.0,119.0,29.999,2.0,118.75,237917.83000000002,118.9589,18.52
9798,30.0,2.0,120.0,29.991,2.0,119.75,236143.44,118.0717,17.95
9799,30.0,2.0,121.0,29.983,2.0,120.75,234685.56,117.3428,17.88
9800,30.0,2.0,122.0,29.992,2.0,121.77,233048.03999999998,116.524,17.77
9801,30.0,2.0,123.0,29.997,2.0,122.79,230552.88,115.2764,17.51
9802,30.0,2.0,124.0,29.991,2.0,123.8,227274.61,113.6373,16.81
9803,30.0,2.0,125.0,29.98,2.0,124.79,225342.88999999998,112.6714,16.88
9804,30.0,2.0,127.0,30.012,2.0,126.81,220265.08,110.1325,16.52
9805,30.0,2.0,129.0,29.987,2.0,128.86,215436.02999999997,107.718,16.47
9806,30.0,2.0,131.0,29.973,2.0,130.86,211264.12,105.6321,16.53
9807,30.0,2.0,133.0,30.005,2.0,132.9,205809.37,102.9047,15.7
9808,30.0,2.0,135.0,29.989,2.0,134.92,202358.51,101.1793,15.67
9809,30.0,2.0,140.0,30.003,2.0,140.0,196736.31,98.3682,16.62
9810,30.0,2.0,145.0,29.98,2.0,145.05,190319.03,95.1595,16.28
9811,30.0,2.0,150.0,30.012,2.0,150.09,187588.74000000002,93.7944,17.39
9812,30.0,2.0,155.0,29.989,2.0,155.1,184261.95,92.131,17.62
9813,30.0,2.0,160.0,29.993,2.0,160.07,181125.52000000002,90.5628,17.57
9814,30.0,2.0,165.0,30.009,2.0,165.01,179130.03,89.565,18.08
9815,30.0,2.0,170.0,29.99,2.0,169.92,177207.02000000002,88.6035,18.48
9816,30.0,2.0,175.0,30.004,2.0,174.8,175549.94999999998,87.775,18.82
9817,30.0,2.0,180.0,30.004,2.0,179.64,172373.80000000002,86.1869,18.0
9830,30.0,3.0,0.0,29.994,3.0,-0.05,148584.58000000002,74.2923,18.68
9831,30.0,3.0,5.0,29.99,3.0,4.7,146133.03,73.0665,18.52
9832,30.0,3.0,10.0,29.986,3.0,9.59,144715.49,72.3577,19.16
9833,30.0,3.0,15.0,29.99,3.0,14.51,142302.97,71.1515,18.71
9834,30.0,3.0,20.0,29.991,3.0,19.46,140768.2,70.3841,18.69
9835,30.0,3.0,25.0,29.999,3.0,24.46,139201.08000000002,69.6005,18.6
9836,30.0,3.0,30.0,29.996,3.0,29.49,137879.9,68.9399,18.36
9837,30.0,3.0,35.0,29.996,3.0,34.53,136846.4,68.4232,17.98
9838,30.0,3.0,40.0,30.005,3.0,39.59,136673.25,68.3366,18.12
9839,30.0,3.0,45.0,29.997,3.0,44.65,136552.41,68.2762,17.98
9840,30.0,3.0,50.0,30.006,3.0,49.72,136612.97999999998,68.3065,17.67
9841,30.0,3.0,55.0,29.99,3.0,54.79,137084.6,68.5423,17.32
9842,30.0,3.0,60.0,29.992,3.0,59.86,138002.53,69.0013,17.14
9843,30.0,3.0,65.0,29.989,3.0,64.91,139287.65,69.6438,16.89
9844,30.0,3.0,70.0,30.004,3.0,69.96,141058.7,70.5293,16.65
9845,30.0,3.0,75.0,29.994,3.0,74.95,143320.76,71.6604,16.35
9846,30.0,3.0,80.0,29.991,3.0,79.9,145635.21000000002,72.8176,15.71
9847,30.0,3.0,85.0,29.998,3.0,84.82,149366.22,74.6831,15.48
9848,30.0,3.0,90.0,29.997,3.0,89.72,153731.85,76.8659,15.07
9849,30.0,3.0,95.0,29.981,3.0,94.64,160125.49,80.0627,14.95
9850,30.0,3.0,100.0,29.994,3.0,99.58,167765.33,83.8827,14.4
9851,30.0,3.0,105.0,29.992,3.0,104.54,180870.01,90.435,14.74
9852,30.0,3.0,107.0,29.994,3.0,106.57,187352.08,93.676,14.68
9853,30.0,3.0,109.0,29.999,3.0,108.54,195517.48,97.7587,15.19
9854,30.0,3.0,111.0,29.994,3.0,110.56,204790.96,102.3955,16.11
9855,30.0,3.0,113.0,29.988,3.0,112.59,213097.53999999998,106.5488,16.93
9856,30.0,3.0,115.0,30.006,3.0,114.58,218591.49000000002,109.2957,17.78
9857,30.0,3.0,116.0,29.981,3.0,115.6,221010.55000000002,110.5053,18.41
9858,30.0,3.0,117.0,29.99,3.0,116.64,220360.28999999998,110.1801,17.93
9859,30.0,3.0,118.0,29.989,3.0,117.66,219516.13999999998,109.7581,17.72
9860,30.0,3.0,119.0,29.992,3.0,118.66,218909.81000000003,109.4549,17.9
9861,30.0,3.0,120.0,29.997,3.0,119.67,215072.06999999998,107.536,16.95
9862,30.0,3.0,121.0,29.998,3.0,120.67,213938.49,106.9692,17.69
9863,30.0,3.0,122.0,29.994,3.0,121.71,208051.22,104.0256,16.16
9864,30.0,3.0,123.0,29.998,3.0,122.73,204237.44999999998,102.1187,15.84
9865,30.0,3.0,124.0,29.996,3.0,123.75,200243.81,100.1219,15.51
9866,30.0,3.0,125.0,30.001,3.0,124.75,196268.22999999998,98.1341,15.16
9867,30.0,3.0,127.0,29.993,3.0,126.78,190216.6,95.1083,15.2
9868,30.0,3.0,129.0,29.987,3.0,128.84,184269.93,92.135,14.99
9869,30.0,3.0,131.0,30.001,3.0,130.86,179074.63,89.5373,14.66
9870,30.0,3.0,133.0,29.991,3.0,132.9,176083.88999999998,88.0419,15.18
9871,30.0,3.0,135.0,29.994,3.0,134.94,171838.25999999998,85.9191,14.79
9872,30.0,3.0,140.0,30.0,3.0,140.03,166143.32,83.0717,15.27
9873,30.0,3.0,145.0,29.991,3.0,145.11,161824.37,80.9122,15.61
9874,30.0,3.0,150.0,29.999,3.0,150.16,160484.2,80.2421,16.86
9875,30.0,3.0,155.0,29.991,3.0,155.19,157117.16,78.5586,16.62
9876,30.0,3.0,160.0,29.994,3.0,160.16,155422.86,77.7114,16.94
9877,30.0,3.0,165.0,30.01,3.0,165.1,154732.43,77.3662,18.13
9878,30.0,3.0,170.0,29.99,3.0,169.99,153324.89,76.6624,18.96
9879,30.0,3.0,175.0,29.974,3.0,174.83,151056.95,75.5285,18.51
9880,30.0,3.0,180.0,29.982,3.0,179.62,149139.68,74.5698,18.68
9893,30.0,5.0,0.0,29.993,5.0,-0.08,120166.1,60.083,19.83
9894,30.0,5.0,5.0,29.993,5.0,4.66,116399.93,58.2,18.47
9895,30.0,5.0,10.0,30.006,5.0,9.55,114279.06,57.1395,18.9
9896,30.0,5.0,15.0,29.997,5.0,14.49,111869.60999999999,55.9348,18.68
9897,30.0,5.0,20.0,29.999,5.0,19.46,109606.45999999999,54.8032,18.37
9898,30.0,5.0,25.0,30.004,5.0,24.47,107757.3,53.8786,18.12
9899,30.0,5.0,30.0,30.001,5.0,29.51,106606.26,53.3031,18.32
9900,30.0,5.0,35.0,30.007,5.0,34.54,105136.85,52.5684,17.68
9901,30.0,5.0,40.0,30.0,5.0,39.59,104885.53,52.4428,18.04
9902,30.0,5.0,45.0,30.004,5.0,44.62,104338.62,52.1693,17.64
9903,30.0,5.0,50.0,29.99,5.0,49.68,104246.84999999999,52.1234,17.36
9904,30.0,5.0,55.0,29.993,5.0,54.72,104547.73,52.2739,17.12
9905,30.0,5.0,60.0,30.001,5.0001,59.78,105319.0,52.6595,17.04
9906,30.0,5.0,65.0,30.009,5.0,64.83,106345.77999999998,53.1729,16.7
9907,30.0,5.0,70.0,30.003,5.0,69.84,107543.76999999999,53.7719,16.13
9908,30.0,5.0,75.0,29.995,5.0,74.84,109237.68,54.6188,15.61
9909,30.0,5.0,80.0,29.989,5.0,79.79,111753.67000000001,55.8768,15.4
9910,30.0,5.0,85.0,29.987,5.0,84.67,114606.81999999999,57.3034,14.86
9911,30.0,5.0,90.0,29.991,5.0,89.53,118400.21999999999,59.2001,14.43
9912,30.0,5.0,95.0,29.987,5.0,94.42,123364.54000000001,61.6823,13.91
9913,30.0,5.0,100.0,29.979,5.0,99.36,129993.93,64.997,13.1
9914,30.0,5.0,105.0,30.009,5.0,104.36,142108.41,71.0542,12.98
9915,30.0,5.0,107.0,29.973,5.0,106.4,149134.53999999998,74.5673,12.96
9916,30.0,5.0,109.0,29.997,5.0,108.39,158408.21000000002,79.2041,13.19
9917,30.0,5.0,111.0,29.997,5.0,110.43,170920.19,85.4601,13.93
9918,30.0,5.0,113.0,29.994,5.0,112.46,184558.37,92.2792,15.16
9919,30.0,5.0,115.0,30.004,5.0,114.47,195997.54,97.9988,17.21
9920,30.0,5.0,116.0,29.999,5.0,115.51,197624.66999999998,98.8123,16.79
9921,30.0,5.0,117.0,29.991,5.0,116.55,199071.7,99.5358,17.12
9922,30.0,5.0,118.0,30.002,5.0,117.58,197829.49000000002,98.9147,16.99
9923,30.0,5.0,119.0,29.983,5.0,118.58,194209.24,97.1046,16.56
9924,30.0,5.0,120.0,30.0,5.0,119.58,188650.80000000002,94.3254,15.77
9925,30.0,5.0,121.0,29.992,5.0,120.59,182319.24,91.1596,15.08
9926,30.0,5.0,122.0,29.988,5.0,121.63,175734.7,87.8674,14.48
9927,30.0,5.0,123.0,29.995,5.0,122.66,169838.96,84.9195,14.08
9928,30.0,5.0,124.0,29.996,5.0,123.68,165020.41,82.5102,14.01
9929,30.0,5.0,125.0,30.003,5.0,124.68,161144.53,80.5723,14.05
9930,30.0,5.0,127.0,29.985,5.0,126.71,152385.72999999998,76.1929,13.27
9931,30.0,5.0,129.0,29.977,5.0,128.77,146771.75,73.3859,13.53
9932,30.0,5.0,131.0,30.003,5.0,130.78,142596.24,71.2981,13.7
9933,30.0,5.0,133.0,29.99,5.0,132.83,140167.45,70.0837,14.39
9934,30.0,5.0,135.0,30.012,5.0,134.88,137243.05,68.6215,14.36
9935,30.0,5.0,140.0,30.007,5.0,139.96,132396.92,66.1985,14.8
9936,30.0,5.0,145.0,29.981,5.0,145.05,131293.49,65.6467,16.35
9937,30.0,5.0,150.0,29.997,5.0,150.09,128388.83,64.1944,15.92
9938,30.0,5.0,155.0,29.994,5.0,155.12,127237.40000000001,63.6187,16.37
9939,30.0,5.0,160.0,30.004,5.0,160.12,126972.04999999999,63.486,17.72
9940,30.0,5.0,165.0,30.001,5.0,165.09,125043.67,62.5218,17.78
9941,30.0,5.0,170.0,29.983,5.0,169.99,124250.29999999999,62.1252,19.22
9942,30.0,5.0,175.0,29.982,5.0,174.81,122471.34000000001,61.2357,19.79
9943,30.0,5.0,180.0,29.992,5.0,179.58,119836.05,59.918,19.44
9956,30.0,7.0,0.0,29.985,7.0,-0.12,98432.62999999999,49.2163,17.6
9957,30.0,7.0,5.0,29.988,7.0,4.63,96564.73999999999,48.2824,18.79
9958,30.0,7.0,10.0,30.006,7.0,9.55,93395.41,46.6977,17.89
9959,30.0,7.0,15.0,29.986,7.0,14.51,91256.91,45.6285,18.18
9960,30.0,7.0,20.0,29.997,7.0,19.5,89088.12000000001,44.5441,17.69
9961,30.0,7.0,25.0,29.988,7.0,24.51,87172.17000000001,43.5861,17.31
9962,30.0,7.0,30.0,30.009,7.0,29.54,85760.96,42.8805,17.09
9963,30.0,7.0,35.0,30.0,7.0,34.55,84821.61,42.4108,17.22
9964,30.0,7.0,40.0,30.011,7.0,39.57,84268.78,42.1344,17.33
9965,30.0,7.0,45.0,29.997,7.0,44.59,84051.05,42.0255,17.27
9966,30.0,7.0,50.0,29.996,7.0001,49.61,84016.85,42.0084,17.12
9967,30.0,7.0,55.0,29.987,7.0,54.64,84101.81,42.0509,16.71
9968,30.0,7.0,60.0,30.005,7.0,59.67,84682.48999999999,42.3412,16.55
9969,30.0,7.0,65.0,30.013,6.9999,64.69,85555.76,42.7779,16.18
9970,30.0,7.0,70.0,30.002,7.0,69.7,86902.65000000001,43.4513,15.96
9971,30.0,7.0,75.0,30.008,7.0,74.68,88518.24,44.2591,15.48
9972,30.0,7.0,80.0,29.995,7.0,79.62,90699.71,45.3499,15.1
9973,30.0,7.0,85.0,30.016,7.0,84.5,93584.07999999999,46.792,14.74
9974,30.0,7.0,90.0,29.997,7.0,89.33,97235.29999999999,48.6176,14.25
9975,30.0,7.0,95.0,29.994,7.0,94.21,101686.93,50.8435,13.54
9976,30.0,7.0,100.0,30.0,7.0,99.17,107914.87999999999,53.9574,12.81
9977,30.0,7.0,105.0,29.982,7.0,104.19,117770.99,58.8855,11.92
9978,30.0,7.0,107.0,29.978,7.0,106.25,125344.93,62.6725,12.1
9979,30.0,7.0,109.0,29.997,7.0,108.25,134923.72,67.4619,12.34
9980,30.0,7.0,111.0,29.999,7.0,110.29,147963.65,73.9818,12.8
9981,30.0,7.0,113.0,29.994,7.0,112.34,164380.53,82.1903,14.0
9982,30.0,7.0,115.0,29.997,7.0,114.35,179203.31,89.6017,15.67
9983,30.0,7.0,116.0,29.99,7.0,115.41,183251.19999999998,91.6256,16.14
9984,30.0,7.0,117.0,29.994,7.0,116.45,185253.24,92.6266,16.49
9985,30.0,7.0,118.0,29.993,7.0,117.49,182775.35,91.3877,16.03
9986,30.0,7.0,119.0,30.013,7.0,118.49,177058.46,88.5292,15.25
9987,30.0,7.0,120.0,30.013,7.0,119.49,170075.83,85.0379,14.76
9988,30.0,7.0,121.0,29.988,7.0,120.49,162293.86,81.1469,14.13
9989,30.0,7.0,122.0,30.005,7.0,121.53,154881.1,77.4406,13.64
9990,30.0,7.0,123.0,29.989,7.0,122.56,148062.35,74.0312,13.27
9991,30.0,7.0,124.0,29.991,7.0,123.58,141767.41,70.8837,12.78
9992,30.0,7.0,125.0,29.993,7.0,124.58,138011.0,69.0055,13.14
9993,30.0,7.0,127.0,29.985,6.9999,126.59,129546.97000000002,64.7735,12.61
9994,30.0,7.0,129.0,30.0,7.0,128.66,124170.58,62.0853,12.81
9995,30.0,7.0,131.0,29.987,7.0,130.66,119988.34999999999,59.9942,12.85
9996,30.0,7.0,133.0,29.996,7.0,132.71,117068.22,58.5341,13.28
9997,30.0,7.0,135.0,29.994,7.0,134.76,114817.47,57.4087,13.45
9998,30.0,7.0,140.0,29.993,7.0,139.84,111877.02999999998,55.9385,14.72
9999,30.0,7.0,145.0,30.006,7.0001,144.9,110686.99999999999,55.3435,15.99
10000,30.0,7.0,150.0,29.997,7.0,149.95,109551.73,54.7759,16.54
10001,30.0,7.0,155.0,29.998,7.0001,154.98,108798.56,54.3993,17.38
10002,30.0,7.0,160.0,29.996,7.0,159.99,107285.5,53.6427,17.57
10003,30.0,7.0,165.0,29.983,7.0,164.99,105918.18000000001,52.9591,18.38
10004,30.0,7.0,170.0,29.985,7.0,169.91,103914.75,51.9574,18.53
10005,30.0,7.0,175.0,29.997,7.0,174.74,100897.06999999999,50.4485,17.57
10006,30.0,7.0,180.0,29.991,7.0,179.51,98928.74,49.4644,18.31
10019,30.0,8.0,0.0,29.98,8.0,-0.21,90790.56,45.3953,17.82
10020,30.0,8.0,5.0,29.999,8.0001,4.67,87829.94,43.915,17.66
10021,30.0,8.0,10.0,29.996,8.0,9.6,85306.87000000001,42.6534,17.44
10022,30.0,8.0,15.0,29.991,8.0,14.58,82871.03,41.4355,17.04
10023,30.0,8.0,20.0,30.004,8.0,19.57,81362.58,40.6813,17.53
10024,30.0,8.0,25.0,30.008,8.0,24.58,79472.48,39.7362,17.01
10025,30.0,8.0,30.0,30.005,8.0,29.6,78155.2,39.0776,16.96
10026,30.0,8.0,35.0,30.007,8.0,34.62,77246.65,38.6233,16.96
10027,30.0,8.0,40.0,29.987,8.0,39.62,76768.98999999999,38.3845,17.16
10028,30.0,8.0,45.0,30.003,8.0,44.63,76269.41,38.1347,16.79
10029,30.0,8.0,50.0,29.993,8.0,49.64,76189.88,38.0949,16.63
10030,30.0,8.0,55.0,30.004,8.0,54.68,76426.83,38.2134,16.39
10031,30.0,8.0,60.0,29.988,8.0,59.69,77005.31,38.5027,16.32
10032,30.0,8.0,65.0,29.992,8.0,64.7,77880.3,38.9401,16.01
10033,30.0,8.0,70.0,30.007,8.0,69.69,79035.87,39.5179,15.67
10034,30.0,8.0,75.0,29.991,7.9999,74.66,80587.58,40.2938,15.22
10035,30.0,8.0,80.0,29.991,8.0,79.59,82917.72,41.4589,15.03
10036,30.0,8.0,85.0,29.99,8.0,84.47,85734.33,42.8672,14.71
10037,30.0,8.0,90.0,30.003,8.0,89.29,89086.23,44.5431,14.06
10038,30.0,8.0,95.0,29.984,8.0,94.16,93538.86,46.7694,13.42
10039,30.0,8.0,100.0,29.992,8.0,99.12,99595.55,49.7978,12.73
10040,30.0,8.0,105.0,29.997,8.0,104.16,110008.31000000001,55.0042,12.17
10041,30.0,8.0,107.0,30.0,8.0,106.22,116410.66,58.2053,11.84
10042,30.0,8.0,109.0,29.994,8.0,108.23,125365.65000000001,62.6828,11.77
10043,30.0,8.0,111.0,29.987,8.0,110.27,139006.97,69.5035,12.35
10044,30.0,8.0,113.0,29.981,8.0,112.32,156273.38999999998,78.1367,13.49
10045,30.0,8.0,115.0,29.995,8.0,114.36,172549.22,86.2746,15.16
10046,30.0,8.0,116.0,29.979,8.0,115.4,177940.71,88.9704,16.01
10047,30.0,8.0,117.0,29.995,8.0001,116.45,179777.19,89.8886,16.15
10048,30.0,8.0,118.0,29.993,8.0,117.48,176575.46,88.2877,15.55
10049,30.0,8.0,119.0,29.988,8.0,118.49,170282.91,85.1415,14.99
10050,30.0,8.0,120.0,30.013,8.0001,119.49,162022.54,81.0113,14.14
10051,30.0,8.0,121.0,29.996,8.0,120.49,153739.48,76.8697,13.62
10052,30.0,8.0,122.0,30.003,7.9999,121.52,145275.83,72.6379,12.83
10053,30.0,8.0,123.0,29.989,8.0,122.56,138292.1,69.146,12.39
10054,30.0,8.0,124.0,29.987,8.0001,123.57,132854.68,66.4273,12.44
10055,30.0,8.0,125.0,29.998,8.0,124.57,128376.01,64.188,12.48
10056,30.0,8.0,127.0,29.984,8.0,126.57,120903.02999999998,60.4515,12.36
10057,30.0,8.0,129.0,29.999,8.0,128.63,115527.96,57.764,12.59
10058,30.0,8.0,131.0,29.985,8.0,130.64,111409.52,55.7048,12.63
10059,30.0,8.0,133.0,29.989,8.0,132.69,108640.03,54.32,12.96
10060,30.0,8.0,135.0,29.994,8.0,134.74,106488.53,53.2443,13.3
10061,30.0,8.0,140.0,29.996,8.0,139.8,104014.82,52.0074,14.87
10062,30.0,8.0,145.0,29.998,8.0,144.87,102952.38999999998,51.4762,16.35
10063,30.0,8.0,150.0,29.996,8.0001,149.91,101546.69,50.7733,16.38
10064,30.0,8.0,155.0,29.997,8.0,154.94,100333.89,50.1669,16.58
10065,30.0,8.0,160.0,29.987,8.0,159.96,99718.39,49.8592,17.75
10066,30.0,8.0,165.0,29.991,8.0,164.96,97386.36,48.6932,17.22
10067,30.0,8.0,170.0,29.977,8.0,169.91,96140.95999999999,48.0705,18.69
10068,30.0,8.0,175.0,29.99,8.0,174.75,93582.79,46.7914,18.54
10069,30.0,8.0,180.0,30.0,8.0,179.52,90877.76,45.4389,18.29
12161,35.0,1.0,0.0,34.999,1.0,0.12,176632.7,88.3163,18.29
12162,35.0,1.0,5.0,34.989,1.0,4.96,175143.45,87.5717,18.43
12163,35.0,1.0,10.0,34.988,1.0,9.91,173422.71000000002,86.7114,18.17
12164,35.0,1.0,15.0,34.989,1.0,14.87,172534.84,86.2674,18.4
12165,35.0,1.0,20.0,34.993,1.0,19.83,171334.33,85.6672,18.18
12166,35.0,1.0,25.0,35.008,1.0,24.8,171035.39,85.5177,18.53
12167,35.0,1.0,30.0,35.009,1.0,29.78,170375.84,85.1879,18.26
12168,35.0,1.0,35.0,34.999,1.0,34.76,170092.65,85.0463,18.12
12169,35.0,1.0,40.0,35.002,1.0,39.74,170288.15,85.1441,18.19
12170,35.0,1.0,45.0,34.997,1.0,44.71,170323.55,85.1618,17.73
12171,35.0,1.0,50.0,35.017,1.0,49.7,171314.16,85.6571,17.86
12172,35.0,1.0,55.0,35.005,1.0,54.69,172397.52000000002,86.1988,17.81
12173,35.0,1.0,60.0,35.002,1.0,59.7,173593.84,86.7969,17.58
12174,35.0,1.0,65.0,35.0,1.0,64.71,175287.88999999998,87.6439,17.24
12175,35.0,1.0,70.0,35.002,1.0,69.74,177673.86,88.8369,17.12
12176,35.0,1.0,75.0,34.991,1.0,74.81,180419.38,90.2097,16.96
12177,35.0,1.0,80.0,34.986,1.0,79.88,183963.82,91.9819,16.98
12178,35.0,1.0,85.0,34.997,1.0,84.97,187862.87,93.9314,16.68
12179,35.0,1.0,90.0,34.991,1.0,90.04,192294.74,96.1474,16.33
12180,35.0,1.0,95.0,34.996,1.0,95.09,198172.06,99.086,16.44
12181,35.0,1.0,100.0,35.002,1.0,100.11,204610.49,102.3052,16.39
12182,35.0,1.0,105.0,35.004,1.0,105.11,212276.77,106.1384,16.83
12183,35.0,1.0,107.0,34.992,1.0,107.12,214980.00000000003,107.49,16.87
12184,35.0,1.0,109.0,34.987,1.0,109.09,217762.66,108.8813,17.09
12185,35.0,1.0,111.0,34.98,1.0,111.09,220196.8,110.0984,17.36
12186,35.0,1.0,113.0,34.986,1.0,113.08,222080.40999999997,111.0402,17.51
12187,35.0,1.0,115.0,34.98,1.0,115.04,223598.99999999997,111.7995,17.7
12188,35.0,1.0,116.0,34.992,1.0,116.04,223611.27000000002,111.8056,17.59
12189,35.0,1.0,117.0,35.004,1.0,117.06,223877.8,111.9389,17.65
12190,35.0,1.0,118.0,34.998,1.0,118.05,224097.42,112.0487,17.69
12191,35.0,1.0,119.0,34.991,1.0,119.03,223853.83000000002,111.9269,17.69
12192,35.0,1.0,120.0,34.991,1.0,119.99,223807.46,111.9037,17.7
12193,35.0,1.0,121.0,34.985,1.0,120.97,222880.96,111.4405,17.35
12194,35.0,1.0,122.0,35.004,1.0,121.98,222430.15999999997,111.2151,17.4
12195,35.0,1.0,123.0,34.989,1.0,122.99,221817.50000000003,110.9087,17.32
12196,35.0,1.0,124.0,34.995,1.0,123.97,220871.25,110.4356,17.24
12197,35.0,1.0,125.0,35.005,1.0,124.96,219569.43000000002,109.7847,16.95
12198,35.0,1.0,127.0,34.986,1.0,126.93,217744.97999999998,108.8725,16.95
12199,35.0,1.0,129.0,34.984,1.0,128.93,215384.4,107.6922,16.76
12200,35.0,1.0,131.0,34.995,1.0,130.88,213053.1,106.5265,16.73
12201,35.0,1.0,133.0,34.991,1.0,132.86,210498.39,105.2492,16.56
12202,35.0,1.0,135.0,34.983,1.0,134.85,208257.67,104.1288,16.59
12203,35.0,1.0,140.0,34.996,1.0,139.81,202990.39,101.4952,16.62
12204,35.0,1.0,145.0,34.997,1.0,144.78,198029.28999999998,99.0146,16.63
12205,35.0,1.0,150.0,35.006,1.0,149.76,194701.28,97.3506,17.14
12206,35.0,1.0,155.0,34.993,1.0,154.75,191323.86,95.6619,17.3
12207,35.0,1.0,160.0,34.988,1.0,159.73,188488.34,94.2442,17.48
12208,35.0,1.0,165.0,34.987,1.0,164.72,186280.97,93.1405,17.82
12209,35.0,1.0,170.0,34.991,1.0,169.7,183969.96,91.985,17.82
12210,35.0,1.0,175.0,34.999,1.0,174.7,182462.83000000002,91.2314,18.21
12211,35.0,1.0,180.0,34.985,1.0,179.68,181048.73,90.5244,18.45
12224,35.0,1.5,0.0,34.979,1.5,0.09,156226.4,78.1132,18.18
12225,35.0,1.5,5.0,35.0,1.5,4.9,154413.96,77.207,18.16
12226,35.0,1.5,10.0,35.005,1.5,9.82,153212.66,76.6063,18.37
12227,35.0,1.5,15.0,34.982,1.5,14.76,151662.16,75.8311,18.12
12228,35.0,1.5,20.0,35.004,1.5,19.72,150666.13999999998,75.3331,18.24
12229,35.0,1.5,25.0,35.013,1.5,24.71,149800.21,74.9001,18.19
12230,35.0,1.5,30.0,35.003,1.5,29.7,148787.74000000002,74.3939,17.8
12231,35.0,1.5,35.0,34.994,1.5,34.71,148493.0,74.2465,17.9
12232,35.0,1.5,40.0,35.005,1.5,39.73,148341.77,74.1709,17.82
12233,35.0,1.5,45.0,34.994,1.5,44.74,148053.41,74.0267,17.36
12234,35.0,1.5,50.0,34.991,1.5,49.77,148570.02,74.285,17.32
12235,35.0,1.5,55.0,35.002,1.5,54.8,149156.07,74.578,17.16
12236,35.0,1.5,60.0,34.993,1.5,59.83,150051.83,75.0259,16.93
12237,35.0,1.5,65.0,35.003,1.5,64.87,151517.50999999998,75.7588,16.81
12238,35.0,1.5,70.0,34.998,1.5,69.9,153001.84999999998,76.5009,16.5
12239,35.0,1.5,75.0,35.001,1.5,74.93,155263.33,77.6317,16.37
12240,35.0,1.5,80.0,34.995,1.5,79.96,157748.55,78.8743,15.97
12241,35.0,1.5,85.0,35.001,1.5,84.98,160939.87,80.4699,15.69
12242,35.0,1.5,90.0,34.998,1.5,89.99,164888.8,82.4444,15.41
12243,35.0,1.5,95.0,34.996,1.5,94.98,169953.82,84.9769,15.17
12244,35.0,1.5,100.0,34.993,1.5,99.96,176209.29,88.1046,14.87
12245,35.0,1.5,105.0,34.988,1.5,104.92,185304.8,92.6524,15.2
12246,35.0,1.5,107.0,34.993,1.5,106.94,189264.66,94.6323,15.24
12247,35.0,1.5,109.0,35.01,1.5,108.92,193571.92,96.786,15.46
12248,35.0,1.5,111.0,34.996,1.5,110.91,198095.32,99.0477,15.96
12249,35.0,1.5,113.0,34.996,1.5,112.91,201572.24000000002,100.7861,16.33
12250,35.0,1.5,115.0,34.988,1.5,114.88,203833.71,101.9169,16.67
12251,35.0,1.5,116.0,34.984,1.5,115.88,204561.37000000002,102.2807,16.74
12252,35.0,1.5,117.0,35.001,1.5,116.9,204768.13,102.3841,16.86
12253,35.0,1.5,118.0,34.99,1.5,117.9,204541.69,102.2708,16.77
12254,35.0,1.5,119.0,34.987,1.5,118.89,204417.96,102.209,16.92
12255,35.0,1.5,120.0,34.993,1.5,119.88,203093.43,101.5467,16.61
12256,35.0,1.5,121.0,34.993,1.5,120.88,201973.12,100.9866,16.56
12257,35.0,1.5,122.0,34.998,1.5,121.89,200489.03,100.2445,16.24
12258,35.0,1.5,123.0,34.986,1.5,122.9,198334.29,99.1671,15.86
12259,35.0,1.5,124.0,34.999,1.5,123.9,197039.94,98.52,15.77
12260,35.0,1.5,125.0,34.986,1.5,124.88,194918.76,97.4594,15.48
12261,35.0,1.5,127.0,34.984,1.5,126.87,191305.95,95.653,15.28
12262,35.0,1.5,129.0,34.983,1.5,128.9,187547.38999999998,93.7737,15.03
12263,35.0,1.5,131.0,34.987,1.5,130.87,184607.56,92.3038,14.98
12264,35.0,1.5,133.0,35.012,1.5,132.88,181607.44,90.8037,14.99
12265,35.0,1.5,135.0,34.995,1.5,134.9,179232.84,89.6164,15.04
12266,35.0,1.5,140.0,34.997,1.5,139.91,174192.41999999998,87.0962,15.27
12267,35.0,1.5,145.0,34.996,1.5,144.93,170734.06,85.367,15.83
12268,35.0,1.5,150.0,34.99,1.5,149.96,168476.49,84.2382,16.53
12269,35.0,1.5,155.0,35.001,1.5,154.96,166032.95,83.0165,16.73
12270,35.0,1.5,160.0,34.995,1.5,159.94,164422.47,82.2112,17.32
12271,35.0,1.5,165.0,34.995,1.5,164.9,162706.55,81.3533,17.64
12272,35.0,1.5,170.0,34.989,1.5,169.84,161156.34,80.5782,17.86
12273,35.0,1.5,175.0,34.99,1.5,174.78,159663.15,79.8316,17.95
12274,35.0,1.5,180.0,35.0,1.5,179.7,158219.49,79.1097,18.04
12287,35.0,2.0,0.0,34.988,2.0,0.08,142375.59000000003,71.1878,18.31
12288,35.0,2.0,5.0,34.997,2.0,4.86,140629.19,70.3146,18.2
12289,35.0,2.0,10.0,35.004,2.0,9.76,139351.62,69.6758,18.44
12290,35.0,2.0,15.0,35.006,2.0,14.69,137993.38,68.9967,18.49
12291,35.0,2.0,20.0,34.997,2.0,19.64,136482.39,68.2412,18.17
12292,35.0,2.0,25.0,34.993,2.0,24.63,135157.31,67.5787,17.97
12293,35.0,2.0,30.0,34.977,2.0,29.64,134429.63,67.2148,17.97
12294,35.0,2.0,35.0,35.002,2.0,34.67,133656.56,66.8283,17.83
12295,35.0,2.0,40.0,34.997,2.0,39.72,133397.42,66.6987,17.76
12296,35.0,2.0,45.0,35.008,2.0,44.77,133240.36000000002,66.6202,17.63
12297,35.0,2.0,50.0,34.992,2.0,49.82,133065.0,66.5325,17.09
12298,35.0,2.0,55.0,34.999,2.0,54.89,133549.19,66.7746,17.07
12299,35.0,2.0,60.0,35.002,2.0,59.94,134165.12,67.0826,16.86
12300,35.0,2.0,65.0,34.991,2.0,64.99,135045.91,67.523,16.46
12301,35.0,2.0,70.0,35.004,2.0,70.01,136215.51,68.1078,16.11
12302,35.0,2.0,75.0,35.001,2.0,75.03,137896.4,68.9482,15.84
12303,35.0,2.0,80.0,34.998,2.0,80.02,140134.46,70.0672,15.61
12304,35.0,2.0,85.0,35.001,2.0,84.99,142552.5,71.2762,15.15
12305,35.0,2.0,90.0,35.001,2.0,89.95,145767.43,72.8837,14.67
12306,35.0,2.0,95.0,35.006,2.0,94.89,150210.15,75.1051,14.3
12307,35.0,2.0,100.0,34.992,2.0,99.84,156377.78,78.1889,14.14
12308,35.0,2.0,105.0,35.0,2.0,104.79,165049.4,82.5247,13.88
12309,35.0,2.0,107.0,35.0,2.0,106.81,170290.71,85.1454,14.15
12310,35.0,2.0,109.0,34.994,2.0,108.78,175958.19,87.9791,14.46
12311,35.0,2.0,111.0,35.004,2.0,110.79,181868.52,90.9343,14.92
12312,35.0,2.0,113.0,34.992,2.0,112.8,187654.25,93.8271,15.69
12313,35.0,2.0,115.0,35.001,2.0,114.78,191354.88,95.6774,16.22
12314,35.0,2.0,116.0,35.004,2.0,115.79,192327.5,96.1637,16.37
12315,35.0,2.0,117.0,34.987,2.0,116.81,192332.7,96.1664,16.34
12316,35.0,2.0,118.0,34.996,2.0,117.82,191888.06,95.944,16.26
12317,35.0,2.0,119.0,34.989,2.0,118.81,190609.88999999998,95.3049,15.97
12318,35.0,2.0,120.0,34.992,2.0,119.81,189224.16,94.6121,15.9
12319,35.0,2.0,121.0,35.0,2.0,120.82,186805.44999999998,93.4027,15.35
12320,35.0,2.0,122.0,34.988,2.0,121.84,184164.71,92.0824,15.07
12321,35.0,2.0,123.0,34.99,2.0,122.86,181817.21,90.9086,14.92
12322,35.0,2.0,124.0,34.994,2.0,123.87,179219.78999999998,89.6099,14.68
12323,35.0,2.0,125.0,34.989,2.0,124.87,176471.18,88.2356,14.4
12324,35.0,2.0,127.0,34.994,2.0,126.88,172208.49000000002,86.1042,14.32
12325,35.0,2.0,129.0,35.005,2.0,128.93,168330.18,84.1651,14.29
12326,35.0,2.0,131.0,34.984,2.0,130.92,164755.34,82.3777,14.1
12327,35.0,2.0,133.0,34.993,2.0,132.95,163052.03,81.526,14.8
12328,35.0,2.0,135.0,34.985,2.0,134.98,159519.59999999998,79.7598,14.27
12329,35.0,2.0,140.0,34.988,2.0,140.04,155557.8,77.7789,14.81
12330,35.0,2.0,145.0,34.99,2.0,145.1,152258.04,76.129,15.04
12331,35.0,2.0,150.0,34.989,2.0,150.14,150936.94,75.4685,15.93
12332,35.0,2.0,155.0,35.003,2.0,155.14,149124.63,74.5623,16.21
12333,35.0,2.0,160.0,35.006,2.0,160.11,148115.63,74.0578,16.81
12334,35.0,2.0,165.0,35.01,2.0,165.05,147350.02,73.675,17.59
12335,35.0,2.0,170.0,35.001,2.0,169.95,145976.12999999998,72.9881,17.64
12336,35.0,2.0,175.0,34.997,2.0,174.85,144725.88,72.3629,17.9
12337,35.0,2.0,180.0,35.01,2.0,179.7,143622.59,71.8113,18.33
12350,35.0,3.0,0.0,35.001,3.0,0.06,123961.47,61.9807,18.85
12351,35.0,3.0,5.0,35.003,3.0,4.82,121806.09999999999,60.9031,18.52
12352,35.0,3.0,10.0,34.984,3.0,9.7,119882.63999999998,59.9413,18.31
12353,35.0,3.0,15.0,34.986,3.0,14.62,118197.24,59.0986,18.17
12354,35.0,3.0,20.0,35.003,3.0,19.58,116663.66,58.3318,18.24
12355,35.0,3.0,25.0,34.99,3.0,24.58,115399.37999999999,57.6997,18.34
12356,35.0,3.0,30.0,34.998,3.0,29.61,113957.09,56.9785,17.76
12357,35.0,3.0,35.0,35.009,3.0,34.66,113248.87000000001,56.6244,17.87
12358,35.0,3.0,40.0,35.003,3.0,39.72,112576.2,56.2881,17.65
12359,35.0,3.0,45.0,35.004,3.0,44.78,112155.08,56.0775,17.4
12360,35.0,3.0,50.0,34.996,3.0,49.86,111984.81,55.9924,17.13
12361,35.0,3.0,55.0,34.994,3.0,54.93,112069.3,56.0347,16.93
12362,35.0,3.0,60.0,35.009,3.0,59.99,112341.11,56.1706,16.5
12363,35.0,3.0,65.0,35.007,3.0,65.05,113105.90999999999,56.553,16.46
12364,35.0,3.0,70.0,35.002,3.0,70.07,113893.81000000001,56.9469,15.97
12365,35.0,3.0,75.0,35.003,3.0,75.07,115208.23000000001,57.6041,15.69
12366,35.0,3.0,80.0,35.02,3.0,80.04,116555.56,58.2778,15.13
12367,35.0,3.0,85.0,34.995,3.0,84.96,118660.63999999998,59.3303,14.75
12368,35.0,3.0,90.0,34.997,3.0,89.86,121052.87000000001,60.5264,14.14
12369,35.0,3.0,95.0,35.005,3.0,94.76,124581.39000000001,62.2907,13.74
12370,35.0,3.0,100.0,34.996,3.0,99.69,129529.2,64.7646,13.16
12371,35.0,3.0,105.0,35.006,3.0,104.64,137929.17,68.9646,12.76
12372,35.0,3.0,107.0,35.004,3.0,106.66,143172.79,71.5864,12.71
12373,35.0,3.0,109.0,35.001,3.0,108.65,150472.42,75.2362,13.11
12374,35.0,3.0,111.0,35.001,3.0,110.65,158499.96000000002,79.25,13.49
12375,35.0,3.0,113.0,34.994,3.0,112.68,167907.78,83.9539,14.58
12376,35.0,3.0,115.0,34.995,3.0,114.67,174213.43,87.1067,15.39
12377,35.0,3.0,116.0,35.008,3.0,115.69,176138.51,88.0693,15.84
12378,35.0,3.0,117.0,34.995,3.0,116.72,176290.13999999998,88.1451,15.8
12379,35.0,3.0,118.0,34.998,3.0,117.74,175100.99,87.5505,15.56
12380,35.0,3.0,119.0,35.003,3.0,118.74,172581.7,86.2909,15.09
12381,35.0,3.0,120.0,35.007,3.0,119.74,169088.97999999998,84.5445,14.5
12382,35.0,3.0,121.0,34.995,3.0,120.75,165987.47,82.9937,14.42
12383,35.0,3.0,122.0,34.993,3.0,121.78,161941.90000000002,80.971,14.03
12384,35.0,3.0,123.0,34.996,3.0,122.81,157630.71,78.8154,13.55
12385,35.0,3.0,124.0,34.985,3.0,123.82,154860.25,77.4301,13.67
12386,35.0,3.0,125.0,34.994,3.0,124.83,151114.56,75.5573,13.22
12387,35.0,3.0,127.0,35.003,3.0,126.85,145746.77,72.8734,13.13
12388,35.0,3.0,129.0,34.995,3.0,128.91,141780.72999999998,70.8904,13.19
12389,35.0,3.0,131.0,34.994,3.0,130.91,138373.81,69.1869,13.23
12390,35.0,3.0,133.0,35.006,3.0,132.96,136088.96,68.0445,13.38
12391,35.0,3.0,135.0,35.004,3.0,135.0,134580.58000000002,67.2903,13.85
12392,35.0,3.0,140.0,34.999,3.0,140.09,131395.47,65.6977,14.31
12393,35.0,3.0,145.0,34.998,3.0,145.16,129463.82,64.7319,14.73
12394,35.0,3.0,150.0,34.993,3.0,150.22,128818.51999999999,64.4093,15.45
12395,35.0,3.0,155.0,34.996,3.0,155.24,128597.11,64.2986,16.3
12396,35.0,3.0,160.0,34.989,3.0,160.21,128566.41,64.2832,17.26
12397,35.0,3.0,165.0,34.99,3.0,165.14,127377.61,63.6888,17.24
12398,35.0,3.0,170.0,35.005,3.0,170.02,126638.41,63.3192,17.89
12399,35.0,3.0,175.0,34.996,3.0,174.88,125658.98,62.8295,18.37
12400,35.0,3.0,180.0,35.001,3.0,179.68,123738.56000000001,61.8693,18.04
12413,35.0,5.0,0.0,34.992,5.0,0.03,99246.57999999999,49.6233,18.4
12414,35.0,5.0,5.0,34.986,5.0,4.78,96757.08,48.3785,17.92
12415,35.0,5.0,10.0,35.007,5.0,9.67,95093.68,47.5468,18.72
12416,35.0,5.0,15.0,35.011,5.0,14.61,92470.5,46.2352,17.76
12417,35.0,5.0,20.0,34.996,5.0,19.59,90703.93000000001,45.352,17.82
12418,35.0,5.0,25.0,35.01,5.0,24.6,88917.22,44.4586,17.39
12419,35.0,5.0,30.0,34.992,5.0,29.63,87682.16,43.8411,17.37
12420,35.0,5.0,35.0,35.0,5.0,34.68,86693.95,43.347,17.31
12421,35.0,5.0,40.0,35.012,5.0,39.72,85839.29000000001,42.9196,16.91
12422,35.0,5.0,45.0,35.004,5.0,44.77,85478.48,42.7392,16.97
12423,35.0,5.0,50.0,34.982,5.0,49.83,85169.23000000001,42.5846,16.68
12424,35.0,5.0,55.0,34.996,5.0,54.89,85257.18000000001,42.6286,16.48
12425,35.0,5.0,60.0,35.003,5.0,59.93,85668.04,42.834,16.4
12426,35.0,5.0,65.0,34.995,5.0,64.97,86191.01000000001,43.0955,16.04
12427,35.0,5.0,70.0,35.002,5.0001,69.99,86791.31,43.3957,15.52
12428,35.0,5.0,75.0,35.001,5.0,74.97,88004.78,44.0024,15.34
12429,35.0,5.0,80.0,34.991,5.0,79.92,89405.36,44.7027,14.94
12430,35.0,5.0,85.0,34.991,5.0,84.82,91015.23,45.5076,14.38
12431,35.0,5.0,90.0,35.015,5.0,89.67,93262.84000000001,46.6314,13.98
12432,35.0,5.0,95.0,35.004,5.0,94.55,95863.55,47.9318,13.25
12433,35.0,5.0,100.0,35.002,5.0,99.49,99669.52,49.8348,12.4
12434,35.0,5.0,105.0,35.005,5.0,104.46,106544.26000000001,53.2721,11.63
12435,35.0,5.0,107.0,35.0,5.0,106.52,111694.18000000001,55.8471,11.55
12436,35.0,5.0,109.0,35.009,5.0,108.51,118516.98,59.2585,11.39
12437,35.0,5.0,111.0,34.993,5.0,110.53,129035.23,64.5176,11.91
12438,35.0,5.0,113.0,34.999,5.0,112.57,141980.82,70.9904,12.79
12439,35.0,5.0,115.0,34.996,5.0,114.58,153920.1,76.9601,14.43
12440,35.0,5.0,116.0,34.995,5.0,115.6,157055.13,78.5276,14.89
12441,35.0,5.0,117.0,34.996,5.0,116.63,157479.17,78.7396,14.88
12442,35.0,5.0,118.0,34.997,5.0,117.67,155313.39,77.6567,14.71
12443,35.0,5.0,119.0,34.998,5.0,118.67,150221.06,75.1105,13.92
12444,35.0,5.0,120.0,34.997,5.0,119.67,144640.41999999998,72.3202,13.42
12445,35.0,5.0,121.0,34.988,5.0,120.68,138239.76,69.1199,12.77
12446,35.0,5.0,122.0,35.008,5.0,121.71,132668.65,66.3343,12.42
12447,35.0,5.0,123.0,34.985,5.0,122.75,127567.15999999999,63.7836,12.04
12448,35.0,5.0,124.0,34.997,5.0,123.77,123702.64,61.8513,12.03
12449,35.0,5.0,125.0,34.998,5.0,124.77,120280.98999999999,60.1405,11.96
12450,35.0,5.0,127.0,34.997,5.0,126.8,115116.98,57.5585,12.07
12451,35.0,5.0,129.0,35.007,5.0,128.86,111247.82,55.6239,12.15
12452,35.0,5.0,131.0,35.005,5.0,130.86,108872.89000000001,54.4364,12.37
12453,35.0,5.0,133.0,34.992,5.0,132.9,107425.73999999999,53.7129,12.99
12454,35.0,5.0,135.0,35.002,5.0,134.94,106319.68999999999,53.1598,13.29
12455,35.0,5.0,140.0,35.005,5.0,140.02,104647.74,52.3239,14.02
12456,35.0,5.0,145.0,35.001,5.0,145.09,104312.05,52.156,14.88
12457,35.0,5.0,150.0,34.987,5.0,150.15,104988.44999999998,52.4942,16.17
12458,35.0,5.0,155.0,35.0,5.0,155.18,105151.92,52.576,16.79
12459,35.0,5.0,160.0,34.996,5.0,160.18,104982.81,52.4914,17.62
12460,35.0,5.0,165.0,35.008,5.0,165.12,103742.60999999999,51.8713,17.35
12461,35.0,5.0,170.0,34.998,5.0,170.02,103135.79999999999,51.5679,18.54
12462,35.0,5.0,175.0,35.003,5.0,174.86,101441.56,50.7208,18.61
12463,35.0,5.0,180.0,34.996,5.0,179.64,99299.08,49.6495,18.23
12476,35.0,7.0,0.0,34.996,7.0,-0.01,81714.22,40.8571,17.44
12477,35.0,7.0,5.0,34.994,7.0,4.75,79344.89,39.6724,17.34
12478,35.0,7.0,10.0,35.004,7.0,9.67,76944.69,38.4723,17.07
12479,35.0,7.0,15.0,34.987,7.0,14.62,74757.76,37.3789,16.76
12480,35.0,7.0,20.0,35.006,7.0,19.61,72987.33,36.4937,16.62
12481,35.0,7.0,25.0,34.997,7.0,24.63,71336.62000000001,35.6683,16.41
12482,35.0,7.0,30.0,35.006,7.0,29.65,70149.86,35.0749,16.37
12483,35.0,7.0,35.0,35.002,7.0,34.68,69525.18,34.7626,16.66
12484,35.0,7.0,40.0,34.996,7.0,39.72,68624.8,34.3124,16.25
12485,35.0,7.0,45.0,35.005,7.0,44.75,68295.98,34.148,16.34
12486,35.0,7.0,50.0,34.996,7.0,49.79,68082.31,34.0412,16.14
12487,35.0,7.0,55.0,34.998,7.0,54.82,68224.29,34.1121,16.05
12488,35.0,7.0,60.0,35.002,7.0,59.85,68478.4,34.2392,15.69
12489,35.0,7.0,65.0,35.001,7.0,64.87,68985.86,34.4929,15.39
12490,35.0,7.0,70.0,34.995,7.0,69.87,69939.33,34.9697,15.23
12491,35.0,7.0,75.0,35.012,7.0,74.85,71058.56,35.5293,14.96
12492,35.0,7.0,80.0,35.003,7.0,79.79,72594.06,36.297,14.76
12493,35.0,7.0,85.0,34.996,7.0,84.68,74380.29000000001,37.1901,14.38
12494,35.0,7.0,90.0,35.005,7.0,89.52,76569.65,38.2848,13.87
12495,35.0,7.0,95.0,34.99,7.0,94.37,79012.73,39.5064,13.07
12496,35.0,7.0,100.0,35.002,7.0,99.33,82736.49,41.3682,12.41
12497,35.0,7.0,105.0,34.998,7.0,104.34,88265.41,44.1327,11.25
12498,35.0,7.0,107.0,34.999,7.0,106.41,92456.93,46.2285,10.85
12499,35.0,7.0,109.0,35.012,7.0,108.41,99035.68000000001,49.5178,10.64
12500,35.0,7.0,111.0,34.994,7.0,110.44,109591.70999999999,54.7959,10.91
12501,35.0,7.0,113.0,35.012,7.0,112.48,124757.93000000001,62.379,11.79
12502,35.0,7.0,115.0,34.988,7.0,114.49,140275.55,70.1378,13.6
12503,35.0,7.0,116.0,34.992,6.9999,115.53,145121.82,72.5609,14.37
12504,35.0,7.0,117.0,35.008,7.0,116.56,145684.13,72.8421,14.35
12505,35.0,7.0,118.0,34.983,7.0,117.6,141743.37,70.8717,13.76
12506,35.0,7.0,119.0,35.003,7.0,118.61,135203.68000000002,67.6018,13.06
12507,35.0,7.0,120.0,34.993,7.0,119.61,127934.04000000001,63.967,12.49
12508,35.0,7.0,121.0,35.007,7.0,120.62,120351.75,60.1759,11.81
12509,35.0,7.0,122.0,34.986,7.0,121.64,114222.93999999999,57.1115,11.57
12510,35.0,7.0,123.0,35.0,7.0,122.68,109138.91,54.5695,11.43
12511,35.0,7.0,124.0,34.999,7.0,123.7,104884.45999999999,52.4422,11.25
12512,35.0,7.0,125.0,34.988,7.0,124.7,101665.54,50.8328,11.4
12513,35.0,7.0,127.0,34.999,7.0,126.71,96713.81,48.3569,11.41
12514,35.0,7.0,129.0,35.003,7.0,128.77,93514.22,46.7571,11.71
12515,35.0,7.0,131.0,34.995,7.0,130.76,91708.72,45.8544,12.23
12516,35.0,7.0,133.0,34.981,7.0,132.8,90301.45999999999,45.1507,12.63
12517,35.0,7.0,135.0,35.007,7.0,134.84,89571.01,44.7855,13.09
12518,35.0,7.0,140.0,35.007,7.0,139.91,88386.15,44.1931,13.98
12519,35.0,7.0,145.0,35.008,7.0,144.97,88881.93,44.441,15.27
12520,35.0,7.0,150.0,34.987,7.0,150.01,88871.43,44.4357,15.75
12521,35.0,7.0,155.0,34.986,7.0,155.04,88865.39,44.4327,16.25
12522,35.0,7.0,160.0,35.005,7.0,160.06,88328.39,44.1642,16.53
12523,35.0,7.0,165.0,34.997,7.0,165.04,87409.86,43.7049,16.96
12524,35.0,7.0,170.0,35.004,7.0,169.96,86235.41,43.1177,17.87
12525,35.0,7.0,175.0,35.008,7.0,174.8,84112.87,42.0564,17.68
12526,35.0,7.0,180.0,34.997,7.0,179.57,81880.15000000001,40.9401,17.52
12539,35.0,8.0,0.0,34.998,8.0,-0.11,75074.58,37.5373,17.75
12540,35.0,8.0,5.0,34.994,8.0,4.77,72320.04,36.16,16.84
12541,35.0,8.0,10.0,35.003,8.0,9.71,70225.73999999999,35.1129,16.93
12542,35.0,8.0,15.0,34.979,8.0001,14.68,67998.44,33.9992,16.42
12543,35.0,8.0,20.0,35.01,8.0,19.68,66103.83,33.0519,16.05
12544,35.0,8.0,25.0,35.001,8.0,24.7,64640.86,32.3204,15.94
12545,35.0,8.0,30.0,34.997,8.0,29.72,63430.579999999994,31.7153,15.82
12546,35.0,8.0,35.0,34.997,8.0,34.75,62774.159999999996,31.3871,16.06
12547,35.0,8.0,40.0,35.005,8.0,39.78,62121.82,31.0609,15.9
12548,35.0,8.0,45.0,35.004,8.0001,44.8,61840.04,30.92,15.97
12549,35.0,8.0,50.0,34.993,8.0,49.83,61574.810000000005,30.7874,15.69
12550,35.0,8.0,55.0,35.005,8.0001,54.86,61755.17,30.8776,15.61
12551,35.0,8.0,60.0,35.001,8.0,59.88,61980.100000000006,30.9901,15.31
12552,35.0,8.0,65.0,35.002,8.0,64.9,62683.14,31.3416,15.29
12553,35.0,8.0,70.0,35.003,8.0,69.89,63597.88999999999,31.7989,15.13
12554,35.0,8.0,75.0,34.998,8.0,74.86,64642.780000000006,32.3214,14.77
12555,35.0,8.0,80.0,34.999,8.0,79.79,66243.8,33.1219,14.65
12556,35.0,8.0,85.0,34.996,8.0,84.67,67985.0,33.9925,14.17
12557,35.0,8.0,90.0,35.001,8.0,89.49,70250.36,35.1252,13.76
12558,35.0,8.0,95.0,35.007,8.0,94.36,72965.17,36.4826,13.19
12559,35.0,8.0,100.0,34.998,8.0,99.31,76322.06999999999,38.161,12.27
12560,35.0,8.0,105.0,35.001,8.0,104.33,81779.06,40.8895,11.15
12561,35.0,8.0,107.0,35.01,8.0,106.4,85801.62,42.9008,10.73
12562,35.0,8.0,109.0,35.004,8.0001,108.41,91779.25,45.8896,10.3
12563,35.0,8.0,111.0,34.999,8.0,110.44,102377.16,51.1886,10.59
12564,35.0,8.0,113.0,34.986,8.0,112.49,118154.18999999999,59.0771,11.43
12565,35.0,8.0,115.0,34.999,8.0001,114.5,135441.6,67.7208,13.45
12566,35.0,8.0,116.0,34.994,8.0,115.54,140359.03,70.1795,13.98
12567,35.0,8.0,117.0,34.993,8.0,116.57,141223.51,70.6118,14.15
12568,35.0,8.0,118.0,35.007,8.0,117.61,136360.63999999998,68.1803,13.44
12569,35.0,8.0,119.0,34.998,8.0,118.62,129078.59000000001,64.5393,12.83
12570,35.0,8.0,120.0,34.993,8.0,119.62,121053.38999999998,60.5267,12.12
12571,35.0,8.0,121.0,35.006,8.0,120.63,113194.84,56.5974,11.52
12572,35.0,8.0,122.0,35.0,8.0,121.65,106987.44999999998,53.4937,11.21
12573,35.0,8.0,123.0,35.002,8.0,122.68,101894.3,50.9472,11.07
12574,35.0,8.0,124.0,34.995,8.0,123.7,97784.39,48.8922,11.04
12575,35.0,8.0,125.0,35.002,8.0,124.71,94711.58,47.3558,11.19
12576,35.0,8.0,127.0,34.996,8.0,126.71,89779.73,44.8899,11.27
12577,35.0,8.0,129.0,34.999,8.0,128.76,87204.76,43.6024,11.78
12578,35.0,8.0,131.0,34.999,8.0,130.75,85174.29,42.5871,12.07
12579,35.0,8.0,133.0,35.009,8.0,132.78,83747.1,41.8736,12.41
12580,35.0,8.0,135.0,35.005,8.0,134.82,82823.93,41.412,12.8
12581,35.0,8.0,140.0,35.009,8.0,139.88,82050.29,41.0251,14.01
12582,35.0,8.0,145.0,34.99,8.0,144.93,82193.67,41.0968,14.92
12583,35.0,8.0,150.0,34.998,8.0,149.97,82691.86,41.3459,15.74
12584,35.0,8.0,155.0,34.994,8.0,155.0,82551.02,41.2755,16.28
12585,35.0,8.0,160.0,35.0,8.0,160.02,81988.01,40.994,16.68
12586,35.0,8.0,165.0,35.005,8.0,165.0,80828.95,40.4145,17.11
12587,35.0,8.0,170.0,35.003,8.0,169.94,79783.67,39.8918,18.22
12588,35.0,8.0,175.0,35.013,8.0,174.8,76898.71,38.4494,17.0
12589,35.0,8.0,180.0,34.998,8.0,179.58,75244.58,37.6223,18.08
14681,40.0,1.0,0.0,40.006,1.0,0.01,145873.44,72.9367,17.92
14682,40.0,1.0,5.0,39.98,1.0,4.85,144257.7,72.1289,17.74
14683,40.0,1.0,10.0,39.971,1.0,9.81,143677.09,71.8385,18.34
14684,40.0,1.0,15.0,40.01,1.0,14.76,142282.43,71.1412,17.84
14685,40.0,1.0,20.0,40.023,1.0,19.73,141383.72,70.6919,17.82
14686,40.0,1.0,25.0,39.974,1.0,24.7,140763.25,70.3816,17.95
14687,40.0,1.0,30.0,39.991,1.0,29.68,140244.94,70.1225,17.87
14688,40.0,1.0,35.0,39.989,1.0,34.66,139914.66,69.9573,17.73
14689,40.0,1.0,40.0,40.013,1.0,39.64,139883.72,69.9419,17.54
14690,40.0,1.0,45.0,40.018,1.0,44.61,139672.57,69.8363,17.28
14691,40.0,1.0,50.0,39.989,1.0,49.59,139995.4,69.9977,17.13
14692,40.0,1.0,55.0,40.005,1.0,54.58,140765.84,70.3829,17.3
14693,40.0,1.0,60.0,39.985,1.0,59.58,141752.12,70.8761,17.14
14694,40.0,1.0,65.0,40.002,1.0,64.62,142743.37,71.3717,16.77
14695,40.0,1.0,70.0,39.997,1.0,69.67,144594.26,72.2971,16.99
14696,40.0,1.0,75.0,40.023,1.0,74.74,146050.80000000002,73.0254,16.31
14697,40.0,1.0,80.0,39.985,1.0,79.81,148560.7,74.2803,16.08
14698,40.0,1.0,85.0,40.023,1.0,84.88,151088.99,75.5445,15.91
14699,40.0,1.0,90.0,40.025,1.0,89.96,153868.69,76.9343,15.34
14700,40.0,1.0,95.0,40.025,1.0,95.02,157595.44,78.7977,15.16
14701,40.0,1.0,100.0,40.001,1.0,100.04,161771.36000000002,80.8857,14.92
14702,40.0,1.0,105.0,39.994,1.0,105.04,167082.31,83.5412,14.79
14703,40.0,1.0,107.0,40.012,1.0,107.06,170156.76,85.0784,14.97
14704,40.0,1.0,109.0,39.977,1.0,109.03,172397.75,86.1989,15.15
14705,40.0,1.0,111.0,40.003,1.0,111.02,174724.5,87.3623,15.31
14706,40.0,1.0,113.0,40.001,1.0,113.02,176827.22,88.4136,15.56
14707,40.0,1.0,115.0,40.024,1.0,114.97,178188.31,89.0942,15.75
14708,40.0,1.0,116.0,39.999,1.0,115.97,178723.21,89.3616,15.71
14709,40.0,1.0,117.0,40.02,1.0,116.99,178961.8,89.4809,15.85
14710,40.0,1.0,118.0,39.981,1.0,117.98,179357.79,89.6789,15.91
14711,40.0,1.0,119.0,40.002,1.0,118.95,178299.22,89.1496,15.47
14712,40.0,1.0,120.0,40.012,1.0,119.93,178338.09000000003,89.169,15.55
14713,40.0,1.0,121.0,40.025,1.0,120.91,177801.17,88.9006,15.56
14714,40.0,1.0,122.0,40.019,1.0,121.92,176645.03,88.3225,15.21
14715,40.0,1.0,123.0,40.014,1.0,122.92,176179.85,88.0899,15.2
14716,40.0,1.0,124.0,39.996,1.0,123.91,175749.03,87.8745,15.31
14717,40.0,1.0,125.0,40.023,1.0,124.89,174248.63,87.1243,15.08
14718,40.0,1.0,127.0,40.025,1.0,126.86,172551.49,86.2757,15.03
14719,40.0,1.0,129.0,39.995,1.0,128.87,170618.73,85.3094,14.91
14720,40.0,1.0,131.0,40.0,1.0,130.82,168872.03,84.436,15.01
14721,40.0,1.0,133.0,40.001,1.0,132.81,166123.73,83.0619,14.56
14722,40.0,1.0,135.0,39.983,1.0,134.8,164521.85,82.2609,14.72
14723,40.0,1.0,140.0,39.983,1.0,139.77,161844.64,80.9223,15.37
14724,40.0,1.0,145.0,40.033,1.0,144.73,159189.0,79.5945,15.7
14725,40.0,1.0,150.0,40.008,1.0,149.72,157752.0,78.876,16.65
14726,40.0,1.0,155.0,40.019,1.0,154.72,155330.44,77.6652,16.58
14727,40.0,1.0,160.0,39.981,1.0,159.7,153837.97999999998,76.919,16.94
14728,40.0,1.0,165.0,40.005,1.0,164.69,152617.46,76.3087,17.32
14729,40.0,1.0,170.0,39.996,1.0,169.69,151387.57,75.6938,17.42
14730,40.0,1.0,175.0,39.965,1.0,174.68,150716.69,75.3583,18.4
14731,40.0,1.0,180.0,39.982,1.0,179.65,148730.93,74.3655,17.8
14744,40.0,1.5,0.0,39.998,1.5,-0.02,129518.91,64.7595,18.24
14745,40.0,1.5,5.0,39.992,1.5,4.79,127634.29000000001,63.8171,17.73
14746,40.0,1.5,10.0,39.98,1.5,9.73,126595.13999999998,63.2976,17.97
14747,40.0,1.5,15.0,40.006,1.5,14.67,125742.02,62.871,18.29
14748,40.0,1.5,20.0,40.008,1.5,19.63,124903.20999999999,62.4516,18.41
14749,40.0,1.5,25.0,39.975,1.5,24.61,123757.58,61.8788,17.99
14750,40.0,1.5,30.0,40.005,1.5,29.61,122762.01000000001,61.381,17.7
14751,40.0,1.5,35.0,39.983,1.5,34.62,121881.97,60.941,17.17
14752,40.0,1.5,40.0,40.007,1.5,39.64,121937.38,60.9687,17.52
14753,40.0,1.5,45.0,40.021,1.5,44.66,121423.87000000001,60.7119,16.97
14754,40.0,1.5,50.0,39.992,1.5,49.68,121932.43,60.9662,17.24
14755,40.0,1.5,55.0,39.998,1.5,54.71,121708.37,60.8542,16.8
14756,40.0,1.5,60.0,40.015,1.5,59.75,122631.26,61.3156,17.02
14757,40.0,1.5,65.0,40.013,1.5,64.79,123168.15999999999,61.5841,16.6
14758,40.0,1.5,70.0,39.995,1.5,69.83,124118.34,62.0592,16.35
14759,40.0,1.5,75.0,39.993,1.5,74.86,125262.38,62.6312,15.82
14760,40.0,1.5,80.0,39.996,1.5,79.88,126568.02,63.284,15.32
14761,40.0,1.5,85.0,40.009,1.5,84.9,128488.39,64.2442,15.17
14762,40.0,1.5,90.0,40.008,1.5,89.91,130774.40999999999,65.3872,14.76
14763,40.0,1.5,95.0,39.995,1.5,94.92,133957.4,66.9787,14.49
14764,40.0,1.5,100.0,40.014,1.5,99.89,136882.48,68.4412,13.4
14765,40.0,1.5,105.0,39.98,1.5,104.85,143095.29,71.5476,13.56
14766,40.0,1.5,107.0,40.005,1.5,106.88,146219.11,73.1096,13.48
14767,40.0,1.5,109.0,40.002,1.5,108.84,149828.56,74.9143,13.59
14768,40.0,1.5,111.0,40.003,1.5,110.84,154072.19,77.0361,13.86
14769,40.0,1.5,113.0,39.981,1.5,112.85,158291.56,79.1458,14.48
14770,40.0,1.5,115.0,39.998,1.5,114.82,160501.83,80.2509,14.57
14771,40.0,1.5,116.0,40.003,1.5,115.82,161361.99,80.681,14.71
14772,40.0,1.5,117.0,39.998,1.5,116.85,161876.31,80.9382,14.84
14773,40.0,1.5,118.0,40.001,1.5,117.85,161926.25,80.9631,14.95
14774,40.0,1.5,119.0,40.019,1.5,118.84,160619.74,80.3099,14.62
14775,40.0,1.5,120.0,40.014,1.5,119.82,159505.19,79.7526,14.42
14776,40.0,1.5,121.0,40.014,1.5,120.81,158374.33000000002,79.1872,14.35
14777,40.0,1.5,122.0,40.016,1.5,121.83,157022.52000000002,78.5113,14.27
14778,40.0,1.5,123.0,39.997,1.5,122.85,154283.42,77.1417,13.74
14779,40.0,1.5,124.0,40.002,1.5,123.84,153212.28,76.6061,13.71
14780,40.0,1.5,125.0,39.999,1.5,124.84,151321.71000000002,75.6609,13.54
14781,40.0,1.5,127.0,39.991,1.5,126.82,146910.63,73.4553,12.85
14782,40.0,1.5,129.0,40.0,1.5,128.85,145848.66999999998,72.9243,13.51
14783,40.0,1.5,131.0,40.029,1.5,130.83,144378.79,72.1894,14.01
14784,40.0,1.5,133.0,40.003,1.5,132.85,141912.61,70.9563,13.6
14785,40.0,1.5,135.0,40.003,1.5,134.86,140691.5,70.3458,13.84
14786,40.0,1.5,140.0,39.967,1.5,139.88,137523.96000000002,68.762,14.16
14787,40.0,1.5,145.0,40.008,1.5,144.91,135384.31,67.6922,14.5
14788,40.0,1.5,150.0,40.009,1.5,149.92,135696.7,67.8484,15.88
14789,40.0,1.5,155.0,40.017,1.5,154.92,134249.68,67.1248,16.15
14790,40.0,1.5,160.0,40.013,1.5,159.89,133666.22999999998,66.8331,16.65
14791,40.0,1.5,165.0,40.015,1.5,164.86,133038.81,66.5194,16.91
14792,40.0,1.5,170.0,40.031,1.5,169.81,132436.03,66.218,17.65
14793,40.0,1.5,175.0,39.977,1.5,174.74,131142.58,65.5713,17.48
14794,40.0,1.5,180.0,39.994,1.5,179.65,130407.57,65.2038,17.76
14807,40.0,2.0,0.0,39.996,2.0,-0.03,117586.74,58.7934,17.94
14808,40.0,2.0,5.0,40.004,2.0,4.76,116569.81000000001,58.2849,18.19
14809,40.0,2.0,10.0,39.979,2.0,9.67,114890.31,57.4452,17.73
14810,40.0,2.0,15.0,39.976,2.0,14.6,113713.15,56.8566,17.85
14811,40.0,2.0,20.0,40.022,2.0,19.55,112657.98,56.329,17.99
14812,40.0,2.0,25.0,40.008,2.0,24.54,111576.37,55.7882,17.63
14813,40.0,2.0,30.0,40.001,2.0,29.56,110959.89,55.4799,17.97
14814,40.0,2.0,35.0,39.998,2.0,34.59,110110.16,55.0551,17.63
14815,40.0,2.0,40.0,40.007,2.0,39.64,109635.98,54.818,17.39
14816,40.0,2.0,45.0,40.026,2.0,44.69,109267.54000000001,54.6338,17.4
14817,40.0,2.0,50.0,40.005,2.0,49.75,109212.19,54.6061,17.12
14818,40.0,2.0,55.0,40.016,2.0,54.81,109010.78,54.5054,16.63
14819,40.0,2.0,60.0,40.004,2.0,59.88,109643.81000000001,54.8219,16.75
14820,40.0,2.0,65.0,39.996,2.0,64.92,109685.06999999999,54.8425,16.41
14821,40.0,2.0,70.0,40.002,2.0,69.96,110615.38,55.3077,16.3
14822,40.0,2.0,75.0,40.026,2.0,74.98,111300.31,55.6502,15.71
14823,40.0,2.0,80.0,39.997,2.0,79.96,112359.52,56.1798,15.38
14824,40.0,2.0,85.0,39.998,2.0,84.92,113733.66,56.8668,14.89
14825,40.0,2.0,90.0,40.029,2.0,89.88,115841.39,57.9207,14.59
14826,40.0,2.0,95.0,39.976,2.0,94.83,117843.84999999999,58.9219,13.88
14827,40.0,2.0,100.0,39.995,2.0,99.78,120970.20999999999,60.4851,13.3
14828,40.0,2.0,105.0,40.035,2.0,104.73,126272.02,63.136,12.76
14829,40.0,2.0,107.0,40.022,2.0,106.75,130015.23,65.0076,12.9
14830,40.0,2.0,109.0,40.002,2.0,108.72,133925.01,66.9625,12.76
14831,40.0,2.0,111.0,39.995,2.0,110.73,139271.31999999998,69.6357,12.86
14832,40.0,2.0,113.0,39.987,2.0,112.75,145011.09,72.5055,13.47
14833,40.0,2.0,115.0,40.018,2.0,114.73,148980.1,74.49,13.7
14834,40.0,2.0,116.0,40.032,2.0,115.74,150765.63,75.3828,14.4
14835,40.0,2.0,117.0,40.022,2.0,116.77,151328.43,75.6642,14.63
14836,40.0,2.0,118.0,40.006,2.0,117.78,149951.54,74.9758,14.03
14837,40.0,2.0,119.0,39.987,2.0,118.77,149436.44,74.7182,14.37
14838,40.0,2.0,120.0,40.006,2.0,119.77,146981.30000000002,73.4907,13.78
14839,40.0,2.0,121.0,39.998,2.0,120.76,144850.06,72.425,13.75
14840,40.0,2.0,122.0,40.009,2.0,121.79,141182.21000000002,70.5911,12.73
14841,40.0,2.0,123.0,40.005,2.0,122.82,140154.61000000002,70.0773,13.41
14842,40.0,2.0,124.0,40.015,2.0,123.82,136772.64,68.3863,12.66
14843,40.0,2.0,125.0,39.979,2.0,124.82,135183.95,67.592,12.68
14844,40.0,2.0,127.0,39.996,2.0,126.83,131890.81,65.9454,12.8
14845,40.0,2.0,129.0,39.991,2.0,128.89,129760.05,64.88,13.29
14846,40.0,2.0,131.0,39.991,2.0,130.89,127692.48,63.8462,13.21
14847,40.0,2.0,133.0,39.984,2.0,132.93,124896.32999999999,62.4482,12.73
14848,40.0,2.0,135.0,40.024,2.0,134.95,124355.12000000001,62.1776,13.41
14849,40.0,2.0,140.0,39.994,2.0,140.01,122924.29999999999,61.4622,14.33
14850,40.0,2.0,145.0,40.014,2.0,145.06,121094.95999999999,60.5475,14.39
14851,40.0,2.0,150.0,40.0,2.0,150.1,121360.39000000001,60.6802,15.47
14852,40.0,2.0,155.0,40.012,2.0,155.1,121673.39,60.8367,16.2
14853,40.0,2.0,160.0,39.998,2.0,160.07,121731.6,60.8658,17.13
14854,40.0,2.0,165.0,40.01,2.0,165.02,120897.42000000001,60.4487,17.42
14855,40.0,2.0,170.0,39.978,2.0,169.92,120039.29000000001,60.0196,17.3
14856,40.0,2.0,175.0,39.99,2.0,174.81,119295.70000000001,59.6479,17.66
14857,40.0,2.0,180.0,39.994,2.0,179.65,118634.13,59.3171,17.96
14870,40.0,3.0,0.0,39.998,3.0,-0.04,102399.39,51.1997,18.13
14871,40.0,3.0,5.0,40.007,3.0,4.72,101172.56999999999,50.5863,18.3
14872,40.0,3.0,10.0,39.993,3.0,9.61,99540.67,49.7703,18.36
14873,40.0,3.0,15.0,40.016,3.0,14.54,97467.37000000001,48.7337,17.62
14874,40.0,3.0,20.0,40.019,3.0,19.5,96495.78,48.2479,18.14
14875,40.0,3.0,25.0,39.994,3.0,24.51,95165.47,47.5827,17.88
14876,40.0,3.0,30.0,39.999,3.0,29.53,94167.1,47.0836,17.9
14877,40.0,3.0,35.0,40.019,3.0,34.59,93070.53,46.5353,17.46
14878,40.0,3.0,40.0,39.982,3.0,39.66,92465.87,46.2329,17.53
14879,40.0,3.0,45.0,39.992,3.0,44.72,91944.18,45.9721,17.19
14880,40.0,3.0,50.0,40.013,3.0,49.79,91609.18000000001,45.8046,16.95
14881,40.0,3.0,55.0,39.978,3.0,54.86,91458.91,45.7295,16.52
14882,40.0,3.0,60.0,39.981,3.0,59.94,92006.84,46.0034,16.87
14883,40.0,3.0,65.0,39.994,3.0,64.98,91741.7,45.8708,16.11
14884,40.0,3.0,70.0,40.021,3.0,70.04,92282.29,46.1411,15.87
14885,40.0,3.0,75.0,40.013,3.0,75.04,92885.7,46.4428,15.53
14886,40.0,3.0,80.0,40.032,3.0,80.01,93620.66,46.8103,15.1
14887,40.0,3.0,85.0,40.008,3.0,84.91,94503.67,47.2518,14.6
14888,40.0,3.0,90.0,40.012,3.0,89.81,95718.11,47.8591,14.11
14889,40.0,3.0,95.0,39.998,3.0,94.73,97295.56999999999,48.6478,13.52
14890,40.0,3.0,100.0,40.0,3.0,99.66,99536.15999999999,49.7681,12.67
14891,40.0,3.0,105.0,40.015,3.0,104.61,103666.54000000001,51.8333,11.64
14892,40.0,3.0,107.0,39.977,3.0,106.63,107267.54000000001,53.6338,11.72
14893,40.0,3.0,109.0,39.99,3.0,108.61,111298.45,55.6492,11.19
14894,40.0,3.0,111.0,39.991,3.0,110.64,118087.69,59.0438,11.55
14895,40.0,3.0,113.0,40.013,3.0,112.66,127192.2,63.5961,12.49
14896,40.0,3.0,115.0,40.027,3.0,114.65,134707.96,67.354,13.41
14897,40.0,3.0,116.0,40.008,3.0,115.67,137209.22,68.6046,14.1
14898,40.0,3.0,117.0,40.011,3.0,116.71,136401.61000000002,68.2008,13.43
14899,40.0,3.0,118.0,39.992,3.0,117.73,135183.08,67.5915,13.29
14900,40.0,3.0,119.0,39.998,3.0,118.72,132650.14,66.3251,13.22
14901,40.0,3.0,120.0,40.009,3.0,119.72,128722.47,64.3612,12.51
14902,40.0,3.0,121.0,40.001,3.0,120.71,124810.48000000001,62.4052,12.07
14903,40.0,3.0,122.0,39.997,3.0,121.76,121911.78,60.9559,12.14
14904,40.0,3.0,123.0,40.009,3.0,122.78,117489.5,58.7447,11.42
14905,40.0,3.0,124.0,39.993,3.0,123.79,115925.44,57.9627,11.88
14906,40.0,3.0,125.0,39.987,3.0,124.81,113694.54000000001,56.8473,11.84
14907,40.0,3.0,127.0,39.996,3.0,126.83,110050.43000000001,55.0252,11.89
14908,40.0,3.0,129.0,40.015,3.0,128.89,106525.35,53.2627,11.68
14909,40.0,3.0,131.0,39.991,3.0,130.91,105607.66,52.8038,12.25
14910,40.0,3.0,133.0,40.006,3.0,132.96,104798.83,52.3994,12.74
14911,40.0,3.0,135.0,40.026,3.0,134.99,104493.95,52.247,13.15
14912,40.0,3.0,140.0,39.995,3.0,140.07,102830.37,51.4152,13.33
14913,40.0,3.0,145.0,39.968,3.0,145.14,104055.13,52.0276,14.94
14914,40.0,3.0,150.0,40.017,3.0,150.2,103701.28,51.8506,15.11
14915,40.0,3.0,155.0,40.012,3.0,155.22,104632.06,52.316,16.09
14916,40.0,3.0,160.0,40.01,3.0,160.18,105404.81999999999,52.7024,17.17
14917,40.0,3.0,165.0,39.975,3.0,165.12,105164.41,52.5822,17.36
14918,40.0,3.0,170.0,40.022,3.0,169.99,104613.15,52.3066,17.76
14919,40.0,3.0,175.0,39.989,3.0,174.84,103852.22000000002,51.9261,17.98
14920,40.0,3.0,180.0,40.019,3.0,179.64,101838.37,50.9192,17.16
14933,40.0,5.0,0.0,40.018,5.0,-0.07,81437.66,40.7188,17.09
14934,40.0,5.0,5.0,39.995,5.0,4.78,79567.17,39.7836,17.09
14935,40.0,5.0,10.0,39.992,5.0,9.58,78012.58,39.0063,17.57
14936,40.0,5.0,15.0,39.999,5.0,14.53,76274.48000000001,38.1372,17.61
14937,40.0,5.0,20.0,39.984,5.0,19.51,74428.63,37.2143,17.12
14938,40.0,5.0,25.0,40.014,5.0,24.52,72831.61,36.4158,16.62
14939,40.0,5.0,30.0,40.015,5.0,29.56,71498.54000000001,35.7493,16.4
14940,40.0,5.0,35.0,39.997,5.0,34.62,70794.12,35.3971,16.76
14941,40.0,5.0,40.0,40.013,5.0,39.66,69924.65,34.9623,16.35
14942,40.0,5.0,45.0,39.99,5.0,44.73,69741.3,34.8707,16.72
14943,40.0,5.0,50.0,39.98,5.0,49.8,69289.16,34.6446,16.3
14944,40.0,5.0,55.0,39.994,5.0,54.85,69204.39,34.6022,16.19
14945,40.0,5.0,60.0,40.011,5.0,59.93,69170.83,34.5854,15.61
14946,40.0,5.0,65.0,39.999,5.0,64.97,69537.77,34.7689,15.57
14947,40.0,5.0,70.0,40.002,5.0,70.0,70067.54,35.0338,15.36
14948,40.0,5.0,75.0,40.013,5.0,75.0,71037.59999999999,35.5188,15.46
14949,40.0,5.0,80.0,39.98,5.0,79.95,71815.27,35.9076,15.01
14950,40.0,5.0,85.0,39.981,5.0,84.85,72847.56999999999,36.4238,14.68
14951,40.0,5.0,90.0,39.992,5.0,89.69,73850.29,36.9251,14.08
14952,40.0,5.0,95.0,39.989,5.0,94.57,75245.63,37.6228,13.37
14953,40.0,5.0,100.0,40.008,5.0,99.54,76938.05,38.469,12.67
14954,40.0,5.0,105.0,39.989,5.0,104.49,80145.63,40.0728,11.62
14955,40.0,5.0,107.0,40.008,5.0,106.55,82152.53,41.0763,10.87
14956,40.0,5.0,109.0,39.989,5.0,108.52,86380.57,43.1903,10.56
14957,40.0,5.0,111.0,40.004,5.0,110.57,93004.54,46.5023,10.14
14958,40.0,5.0,113.0,40.001,5.0,112.6,104076.53,52.0383,10.64
14959,40.0,5.0,115.0,40.006,5.0,114.59,116546.36,58.2732,12.07
14960,40.0,5.0,116.0,39.984,5.0001,115.62,120124.27,60.0621,12.68
14961,40.0,5.0,117.0,40.006,5.0,116.66,120669.92,60.335,12.91
14962,40.0,5.0,118.0,40.004,5.0,117.68,117901.71,58.9509,12.5
14963,40.0,5.0,119.0,39.994,5.0,118.68,113021.35,56.5107,12.24
14964,40.0,5.0,120.0,40.016,5.0,119.68,106414.57,53.2073,11.11
14965,40.0,5.0,121.0,40.017,5.0,120.68,101460.28,50.7301,10.91
14966,40.0,5.0,122.0,39.975,5.0,121.73,96986.27,48.4931,10.62
14967,40.0,5.0,123.0,40.005,5.0,122.77,93487.18000000001,46.7436,10.69
14968,40.0,5.0,124.0,40.021,5.0,123.78,90887.21,45.4436,10.83
14969,40.0,5.0,125.0,40.026,5.0,124.78,88682.66,44.3413,10.83
14970,40.0,5.0,127.0,39.989,5.0,126.8,86058.47,43.0292,11.23
14971,40.0,5.0,129.0,39.998,5.0,128.86,83703.97,41.852,11.47
14972,40.0,5.0,131.0,39.987,5.0,130.87,83384.36,41.6922,12.2
14973,40.0,5.0,133.0,40.005,5.0,132.92,82653.83,41.3269,12.53
14974,40.0,5.0,135.0,40.005,5.0,134.96,82488.43000000001,41.2442,12.91
14975,40.0,5.0,140.0,39.983,5.0,140.03,83070.6,41.5353,13.99
14976,40.0,5.0,145.0,40.005,5.0,145.11,84474.53,42.2373,15.34
14977,40.0,5.0,150.0,39.988,5.0,150.16,84908.94,42.4545,15.51
14978,40.0,5.0,155.0,39.997,5.0,155.18,85741.28,42.8706,16.37
14979,40.0,5.0,160.0,40.001,5.0,160.16,86023.27,43.0116,16.98
14980,40.0,5.0,165.0,40.002,5.0,165.11,85467.31999999999,42.7337,16.95
14981,40.0,5.0,170.0,40.007,5.0,170.0,84735.65999999999,42.3678,17.14
14982,40.0,5.0,175.0,39.99,5.0,174.83,84084.05,42.042,18.31
14983,40.0,5.0,180.0,39.977,5.0,179.59,82118.62999999999,41.0593,17.97
14996,40.0,7.0,0.0,40.014,7.0,-0.11,67276.25,33.6381,17.85
14997,40.0,7.0,5.0,40.017,7.0,4.75,64700.25000000001,32.3501,16.46
14998,40.0,7.0,10.0,40.001,7.0,9.58,62809.76000000001,31.4049,16.34
14999,40.0,7.0,15.0,40.012,7.0,14.54,60918.89,30.4594,16.18
15000,40.0,7.0,20.0,39.988,7.0,19.53,59143.939999999995,29.572,15.84
15001,40.0,7.0,25.0,40.023,7.0,24.55,57654.04,28.827,15.4
15002,40.0,7.0,30.0,39.987,7.0,29.58,56411.630000000005,28.2058,15.12
15003,40.0,7.0,35.0,39.993,7.0001,34.62,56009.29,28.0046,15.64
15004,40.0,7.0,40.0,40.017,7.0,39.67,55282.35,27.6412,15.57
15005,40.0,7.0,45.0,39.992,7.0,44.72,54943.899999999994,27.472,15.48
15006,40.0,7.0,50.0,39.998,7.0001,49.76,54667.85999999999,27.3339,15.19
15007,40.0,7.0,55.0,40.018,7.0,54.8,54670.54000000001,27.3353,14.96
15008,40.0,7.0,60.0,39.999,7.0,59.85,54820.899999999994,27.4105,14.79
15009,40.0,7.0,65.0,40.002,7.0,64.88,55299.94,27.65,14.82
15010,40.0,7.0,70.0,40.016,7.0,69.91,55939.74,27.9699,14.68
15011,40.0,7.0,75.0,40.018,7.0,74.89,56761.34,28.3807,14.45
15012,40.0,7.0,80.0,40.029,7.0,79.84,57741.14,28.8706,14.23
15013,40.0,7.0,85.0,40.012,7.0,84.72,59010.25,29.5051,14.27
15014,40.0,7.0,90.0,40.007,7.0,89.6,60378.009999999995,30.189,13.56
15015,40.0,7.0,95.0,39.992,7.0,94.42,62040.58,31.0203,13.19
15016,40.0,7.0,100.0,40.02,7.0,99.37,63404.4,31.7022,12.26
15017,40.0,7.0,105.0,39.982,7.0001,104.4,66010.32,33.0052,11.13
15018,40.0,7.0,107.0,40.017,7.0,106.46,67799.49,33.8997,10.41
15019,40.0,7.0,109.0,40.008,7.0,108.44,70766.87,35.3834,9.7
15020,40.0,7.0,111.0,40.004,7.0,110.48,77432.39,38.7162,9.41
15021,40.0,7.0,113.0,40.014,7.0,112.54,90155.55,45.0778,10.06
15022,40.0,7.0,115.0,39.998,7.0,114.52,105605.06,52.8025,11.66
15023,40.0,7.0,116.0,39.992,7.0,115.56,110888.23,55.4441,12.54
15024,40.0,7.0,117.0,40.0,7.0,116.6,110417.47,55.2087,12.11
15025,40.0,7.0,118.0,39.995,7.0,117.63,106070.01000000001,53.035,11.61
15026,40.0,7.0,119.0,40.007,7.0,118.62,99207.08,49.6035,10.95
15027,40.0,7.0,120.0,40.008,7.0,119.62,92977.43000000001,46.4887,10.6
15028,40.0,7.0,121.0,40.009,7.0,120.63,86978.53,43.4893,10.2
15029,40.0,7.0,122.0,39.986,7.0001,121.66,82149.15999999999,41.0746,9.99
15030,40.0,7.0,123.0,40.009,7.0,122.7,78750.01,39.375,10.1
15031,40.0,7.0,124.0,40.023,7.0,123.7,76309.65,38.1548,10.28
15032,40.0,7.0,125.0,40.005,7.0,124.7,74706.84999999999,37.3534,10.63
15033,40.0,7.0,127.0,39.995,7.0,126.72,71955.14,35.9776,10.84
15034,40.0,7.0,129.0,40.011,7.0,128.79,70514.23999999999,35.2571,11.28
15035,40.0,7.0,131.0,39.983,7.0,130.79,70575.5,35.2878,12.37
15036,40.0,7.0,133.0,39.988,7.0,132.82,69989.45999999999,34.9947,12.63
15037,40.0,7.0,135.0,39.996,7.0,134.86,70017.84,35.0089,13.22
15038,40.0,7.0,140.0,40.002,6.9999,139.93,70018.58,35.0093,13.72
15039,40.0,7.0,145.0,39.995,7.0,144.98,70842.90999999999,35.4215,14.33
15040,40.0,7.0,150.0,40.006,7.0,150.03,72342.56,36.1713,15.58
15041,40.0,7.0,155.0,39.981,7.0,155.05,72492.13,36.2461,15.71
15042,40.0,7.0,160.0,40.011,7.0,160.03,72437.09999999999,36.2185,15.98
15043,40.0,7.0,165.0,40.01,7.0,165.02,71614.95999999999,35.8075,16.17
15044,40.0,7.0,170.0,40.001,7.0,169.93,71174.68000000001,35.5873,17.51
15045,40.0,7.0,175.0,40.01,7.0,174.77,68969.48,34.4847,17.1
15046,40.0,7.0,180.0,39.989,7.0,179.52,66835.83,33.4179,16.27
15059,40.0,8.0,0.0,39.992,8.0,-0.21,60691.240000000005,30.3456,15.84
15060,40.0,8.0,5.0,40.021,8.0,4.67,58160.450000000004,29.0802,15.17
15061,40.0,8.0,10.0,39.989,8.0,9.62,56483.630000000005,28.2418,15.44
15062,40.0,8.0,15.0,39.997,8.0001,14.6,54654.63,27.3273,15.3
15063,40.0,8.0,20.0,40.002,8.0,19.6,53207.35,26.6037,15.1
15064,40.0,8.0,25.0,39.992,8.0,24.62,51689.229999999996,25.8446,14.74
15065,40.0,8.0,30.0,40.001,8.0,29.64,50684.19,25.3421,14.68
15066,40.0,8.0,35.0,39.981,8.0,34.69,50078.35,25.0392,14.82
15067,40.0,8.0,40.0,39.982,8.0,39.71,49733.32,24.8667,15.08
15068,40.0,8.0,45.0,40.001,8.0,44.77,49271.31,24.6357,14.9
15069,40.0,8.0,50.0,40.011,8.0,49.81,49127.77,24.5639,14.66
15070,40.0,8.0,55.0,39.976,8.0,54.85,49272.88,24.6364,14.85
15071,40.0,8.0,60.0,39.994,8.0,59.87,49559.08,24.7795,14.86
15072,40.0,8.0,65.0,39.98,8.0,64.92,49902.47,24.9512,14.49
15073,40.0,8.0,70.0,39.984,8.0,69.9,50583.73,25.2919,14.45
15074,40.0,8.0,75.0,40.016,8.0,74.9,51406.39,25.7032,14.32
15075,40.0,8.0,80.0,40.027,7.9999,79.88,52484.670000000006,26.2423,14.01
15076,40.0,8.0,85.0,40.003,8.0,84.71,53811.8,26.9059,13.88
15077,40.0,8.0,90.0,39.999,8.0,89.57,55396.14,27.6981,13.47
15078,40.0,8.0,95.0,40.011,8.0,94.42,57083.659999999996,28.5418,13.17
15079,40.0,8.0,100.0,40.005,8.0,99.37,59015.340000000004,29.5077,12.58
15080,40.0,8.0,105.0,39.985,8.0,104.4,61273.649999999994,30.6368,11.12
15081,40.0,8.0,107.0,40.012,8.0,106.47,62928.009999999995,31.464,10.44
15082,40.0,8.0,109.0,40.002,8.0,108.45,65726.05,32.863,9.63
15083,40.0,8.0,111.0,40.01,8.0,110.53,72174.05,36.087,9.29
15084,40.0,8.0,113.0,39.997,8.0,112.55,84696.27,42.3481,9.71
15085,40.0,8.0,115.0,39.98,8.0,114.53,101258.73,50.6294,11.39
15086,40.0,8.0,116.0,39.994,8.0,115.57,106667.4,53.3337,12.04
15087,40.0,8.0,117.0,39.995,8.0,116.61,106799.90000000001,53.3999,12.21
15088,40.0,8.0,118.0,40.0,8.0,117.63,101336.83,50.6684,11.36
15089,40.0,8.0,119.0,40.025,8.0,118.64,94376.19,47.1881,10.78
15090,40.0,8.0,120.0,40.011,8.0,119.63,86705.54,43.3528,9.97
15091,40.0,8.0,121.0,40.017,8.0,120.64,81206.20999999999,40.6031,9.92
15092,40.0,8.0,122.0,40.013,8.0001,121.67,77467.76999999999,38.7339,10.27
15093,40.0,8.0,123.0,40.011,8.0,122.7,72710.13,36.3551,9.77
15094,40.0,8.0,124.0,40.005,8.0,123.71,70510.6,35.2553,9.95
15095,40.0,8.0,125.0,39.98,8.0,124.72,68908.33,34.4542,10.14
15096,40.0,8.0,127.0,39.98,8.0,126.74,66911.91,33.456,10.86
15097,40.0,8.0,129.0,40.025,8.0,128.78,65610.06999999999,32.805,11.31
15098,40.0,8.0,131.0,40.013,8.0,130.79,65089.95,32.545,11.97
15099,40.0,8.0,133.0,39.99,8.0,132.81,64905.82000000001,32.4529,12.4
15100,40.0,8.0,135.0,40.016,8.0001,134.84,64525.829999999994,32.2629,12.72
15101,40.0,8.0,140.0,40.013,7.9999,139.89,65315.08,32.6575,13.89
15102,40.0,8.0,145.0,40.0,8.0,144.95,66701.37,33.3507,15.61
15103,40.0,8.0,150.0,40.013,8.0,149.99,67174.01999999999,33.587,15.9
15104,40.0,8.0,155.0,39.984,8.0,155.0,67850.77,33.9254,16.8
15105,40.0,8.0,160.0,39.992,8.0,160.01,67296.46,33.6482,16.26
15106,40.0,8.0,165.0,39.996,8.0,164.98,66165.7,33.0828,16.08
15107,40.0,8.0,170.0,39.977,8.0,169.92,64994.25,32.4971,16.62
15108,40.0,8.0,175.0,39.984,8.0,174.76,62812.450000000004,31.4062,15.94
15109,40.0,8.0,180.0,40.01,8.0,179.53,60794.280000000006,30.3971,15.95
