source_row,nominal_temperature_k,nominal_field_t,nominal_angle_deg,temperature_k,applied_field_t,angle_from_normal_deg,ic_a_per_m,bridge_ic_a,n_value
65,20.0,0.01,0.0,19.989,0.01,-0.34,918511.0,459.2555,34.93
66,20.0,0.01,5.0,19.995,0.01,4.69,918674.4,459.3372,34.9
67,20.0,0.01,10.0,19.998,0.01,9.68,918009.6,459.0048,34.53
68,20.0,0.01,15.0,19.999,0.01,14.74,918604.2,459.3021,34.85
69,20.0,0.01,20.0,20.0,0.01,19.8,918317.6,459.1588,34.7
70,20.0,0.01,25.0,20.003,0.01,24.85,918879.4,459.4397,34.94
71,20.0,0.01,30.0,20.001,0.01,29.91,919040.4,459.5202,35.09
72,20.0,0.01,35.0,20.0,0.01,34.95,918844.3999999999,459.4222,34.94
73,20.0,0.01,40.0,19.995,0.01,39.98,918524.4,459.2622,34.73
74,20.0,0.01,45.0,19.992,0.01,45.08,918743.0,459.3715,34.76
75,20.0,0.01,50.0,19.992,0.01,50.09,918941.0,459.4705,34.91
76,20.0,0.01,55.0,19.997,0.01,55.08,919963.6000000001,459.9818,35.39
77,20.0,0.01,60.0,19.999,0.01,60.08,919115.6000000001,459.5578,35.01
78,20.0,0.01,65.0,20.0,0.01,65.13,919625.7999999999,459.8129,35.17
79,20.0,0.01,70.0,20.0,0.01,70.1,917791.0,458.8955,34.21
80,20.0,0.01,75.0,19.998,0.01,75.09,918376.3999999999,459.1882,34.5
81,20.0,0.01,77.0,19.997,0.01,77.05,919324.0,459.662,34.96
82,20.0,0.01,79.0,20.0,0.01,79.1,919005.2,459.5026,34.72
83,20.0,0.01,81.0,19.999,0.01,81.07,919238.2,459.6191,34.88
84,20.0,0.01,83.0,19.999,0.01,83.04,917893.3999999999,458.9467,34.21
85,20.0,0.01,85.0,20.0,0.01,85.08,918539.4,459.2697,34.62
86,20.0,0.01,86.0,20.0,0.01,86.06,919925.6,459.9628,35.31
87,20.0,0.01,87.0,20.002,0.01,87.02,917888.8,458.9444,34.23
88,20.0,0.01,88.0,20.002,0.01,88.03,919254.4,459.6272,35.04
89,20.0,0.01,89.0,20.001,0.01,89.04,919451.6,459.7258,35.15
90,20.0,0.01,90.0,20.003,0.01,90.03,919605.8,459.8029,35.19
91,20.0,0.01,91.0,20.002,0.01,91.05,919038.8,459.5194,34.86
92,20.0,0.01,92.0,20.0,0.01,92.03,919100.2000000001,459.5501,34.97
93,20.0,0.01,93.0,20.0,0.01,93.02,920011.8,460.0059,35.35
94,20.0,0.01,94.0,20.0,0.01,93.98,919331.7999999999,459.6659,34.85
95,20.0,0.01,95.0,20.001,0.01,94.98,919376.6,459.6883,34.9
96,20.0,0.01,97.0,19.999,0.01,96.98,919129.0000000001,459.5645,34.95
97,20.0,0.01,99.0,19.999,0.01,98.99,918951.8,459.4759,34.77
98,20.0,0.01,101.0,20.0,0.01,100.96,918754.0000000001,459.377,34.67
99,20.0,0.01,103.0,20.0,0.01,102.92,918833.0,459.4165,34.74
100,20.0,0.01,105.0,20.001,0.01,104.85,919518.8,459.7594,35.05
101,20.0,0.01,110.0,20.001,0.01,109.75,919477.3999999999,459.7387,35.14
102,20.0,0.01,115.0,19.999,0.01,114.66,919547.2,459.7736,35.15
103,20.0,0.01,120.0,20.0,0.01,119.61,919166.0,459.583,34.95
104,20.0,0.01,125.0,19.998,0.01,124.56,919941.6,459.9708,35.39
105,20.0,0.01,130.0,20.001,0.01,129.55,919377.8,459.6889,34.99
106,20.0,0.01,135.0,20.002,0.01,134.61,918553.0000000001,459.2765,34.61
107,20.0,0.01,140.0,20.007,0.01,139.65,919298.6000000001,459.6493,35.01
108,20.0,0.01,145.0,20.001,0.01,144.76,919134.6,459.5673,35.06
109,20.0,0.01,150.0,20.004,0.01,149.85,918719.2,459.3596,34.71
110,20.0,0.01,155.0,20.004,0.01,155.06,918989.0,459.4945,34.91
111,20.0,0.01,160.0,20.0,0.01,160.15,919937.4,459.9687,35.39
112,20.0,0.01,165.0,19.998,0.01,165.24,919426.8,459.7134,35.11
113,20.0,0.01,170.0,19.998,0.01,170.34,918877.3999999999,459.4387,34.84
114,20.0,0.01,175.0,20.001,0.01,175.35,919569.6,459.7848,35.21
115,20.0,0.01,180.0,20.0,0.01,180.29,919316.6,459.6583,35.04
128,20.0,0.015,0.0,19.987,0.015,-0.23,918294.3999999999,459.1472,34.8
129,20.0,0.015,5.0,19.997,0.015,4.78,918520.4,459.2602,34.79
130,20.0,0.015,10.0,20.003,0.015,9.83,918162.8,459.0814,34.56
131,20.0,0.015,15.0,20.002,0.015,14.86,918726.6,459.3633,34.85
132,20.0,0.015,20.0,20.004,0.015,19.88,918708.7999999999,459.3544,34.8
133,20.0,0.015,25.0,20.002,0.015,24.91,918830.8,459.4154,34.87
134,20.0,0.015,30.0,20.001,0.015,29.97,918599.2000000001,459.2996,34.71
135,20.0,0.015,35.0,19.994,0.015,34.98,919110.6,459.5553,34.99
136,20.0,0.015,40.0,19.988,0.015,40.01,919054.8,459.5274,34.88
137,20.0,0.015,45.0,19.989,0.015,45.02,919164.6000000001,459.5823,34.85
138,20.0,0.015,50.0,19.995,0.015,50.02,918698.0,459.349,34.56
139,20.0,0.015,55.0,19.997,0.015,55.01,919408.2000000001,459.7041,35.05
140,20.0,0.015,60.0,20.002,0.015,60.0,919409.8,459.7049,34.97
141,20.0,0.015,65.0,19.999,0.015,65.03,919967.8,459.9839,35.24
142,20.0,0.015,70.0,19.999,0.015,70.03,919321.6000000001,459.6608,34.97
143,20.0,0.015,75.0,19.999,0.015,75.03,919964.6000000001,459.9823,35.23
144,20.0,0.015,77.0,19.999,0.015,77.02,918855.4,459.4277,34.61
145,20.0,0.015,79.0,20.002,0.015,79.04,919765.4,459.8827,35.17
146,20.0,0.015,81.0,20.0,0.015,81.08,919330.2,459.6651,34.86
147,20.0,0.015,83.0,20.001,0.015,83.06,919670.0000000001,459.835,35.0
148,20.0,0.015,85.0,20.001,0.015,85.08,919430.8,459.7154,34.99
149,20.0,0.015,86.0,20.002,0.015,86.08,919433.6,459.7168,34.95
150,20.0,0.015,87.0,20.0,0.015,87.09,919220.8,459.6104,34.83
151,20.0,0.015,88.0,20.002,0.015,88.07,918923.6000000001,459.4618,34.65
152,20.0,0.015,89.0,19.998,0.015,89.1,919986.6,459.9933,35.23
153,20.0,0.015,90.0,20.001,0.015,90.11,919365.6000000001,459.6828,34.89
154,20.0,0.015,91.0,20.0,0.015,91.08,919659.8,459.8299,35.06
155,20.0,0.015,92.0,20.0,0.015,92.12,919532.0,459.766,34.92
156,20.0,0.015,93.0,20.004,0.015,93.09,919635.0,459.8175,34.96
157,20.0,0.015,94.0,19.999,0.015,94.06,919622.2,459.8111,34.99
158,20.0,0.015,95.0,19.999,0.015,95.09,919103.2,459.5516,34.76
159,20.0,0.015,97.0,19.999,0.015,97.06,919264.7999999999,459.6324,34.86
160,20.0,0.015,99.0,20.0,0.015,99.05,919393.3999999999,459.6967,34.87
161,20.0,0.015,101.0,20.002,0.015,101.07,919356.7999999999,459.6784,34.95
162,20.0,0.015,103.0,19.999,0.015,103.06,919628.0000000001,459.814,35.09
163,20.0,0.015,105.0,20.002,0.015,105.01,919692.6,459.8463,35.06
164,20.0,0.015,110.0,19.998,0.015,109.94,919909.0,459.9545,35.21
165,20.0,0.015,115.0,20.001,0.015,114.83,918796.8,459.3984,34.55
166,20.0,0.015,120.0,20.0,0.015,119.77,919398.0,459.699,34.88
167,20.0,0.015,125.0,19.999,0.015,124.71,918902.2000000001,459.4511,34.6
168,20.0,0.015,130.0,20.001,0.015,129.66,919743.8,459.8719,35.15
169,20.0,0.015,135.0,20.003,0.015,134.65,919514.0,459.757,35.08
170,20.0,0.015,140.0,20.002,0.015,139.66,918965.6000000001,459.4828,34.73
171,20.0,0.015,145.0,20.0,0.015,144.71,919533.2000000001,459.7666,35.09
172,20.0,0.015,150.0,20.003,0.015,149.78,918945.4,459.4727,34.76
173,20.0,0.015,155.0,20.002,0.015,154.88,918979.2,459.4896,34.81
174,20.0,0.015,160.0,20.0,0.015,159.97,918916.7999999999,459.4584,34.77
175,20.0,0.015,165.0,19.999,0.015,165.09,918606.7999999999,459.3034,34.62
176,20.0,0.015,170.0,19.998,0.015,170.16,919154.0000000001,459.577,34.92
177,20.0,0.015,175.0,20.001,0.015,175.22,919143.8,459.5719,34.87
178,20.0,0.015,180.0,20.0,0.015,180.29,918453.0000000001,459.2265,34.51
191,20.0,0.02,0.0,19.989,0.02,-0.21,918164.4,459.0822,34.9
192,20.0,0.02,5.0,19.99,0.02,4.81,918038.4,459.0192,34.79
193,20.0,0.02,10.0,19.992,0.02,9.87,917829.6,458.9148,34.56
194,20.0,0.02,15.0,20.004,0.02,14.88,918795.0000000001,459.3975,35.02
195,20.0,0.02,20.0,20.0,0.02,19.89,918649.2000000001,459.3246,34.88
196,20.0,0.02,25.0,20.001,0.02,24.92,918790.4,459.3952,34.97
197,20.0,0.02,30.0,20.002,0.02,29.96,919022.7999999999,459.5114,35.07
198,20.0,0.02,35.0,19.995,0.02,34.96,918717.8,459.3589,34.82
199,20.0,0.02,40.0,19.994,0.02,39.96,919135.2000000001,459.5676,35.07
200,20.0,0.02,45.0,19.997,0.02,44.97,918808.6,459.4043,34.77
201,20.0,0.02,50.0,19.993,0.02,49.93,918977.8,459.4889,34.88
202,20.0,0.02,55.0,19.993,0.02,54.92,919510.6,459.7553,35.09
203,20.0,0.02,60.0,19.992,0.02,59.9,919581.2,459.7906,35.01
204,20.0,0.02,65.0,19.992,0.02,64.92,919451.0,459.7255,34.95
205,20.0,0.02,70.0,19.998,0.02,69.92,919148.0,459.574,34.75
206,20.0,0.02,75.0,20.0,0.02,74.95,919407.2,459.7036,34.85
207,20.0,0.02,77.0,20.001,0.02,76.94,918900.7999999999,459.4504,34.58
208,20.0,0.02,79.0,20.001,0.02,78.96,919344.3999999999,459.6722,34.79
209,20.0,0.02,81.0,20.003,0.02,80.99,919350.7999999999,459.6754,34.83
210,20.0,0.02,83.0,20.001,0.02,82.99,919568.3999999999,459.7842,34.98
211,20.0,0.02,85.0,19.999,0.02,85.03,918909.3999999999,459.4547,34.64
212,20.0,0.02,86.0,20.002,0.02,86.05,919284.2000000001,459.6421,34.77
213,20.0,0.02,87.0,20.003,0.02,87.07,919057.7999999999,459.5289,34.63
214,20.0,0.02,88.0,20.0,0.02,88.05,919209.8,459.6049,34.66
215,20.0,0.02,89.0,20.0,0.02,89.06,919687.0000000001,459.8435,35.11
216,20.0,0.02,90.0,20.0,0.02,90.07,919399.7999999999,459.6999,34.93
217,20.0,0.02,91.0,19.999,0.02,91.1,919369.8,459.6849,34.89
218,20.0,0.02,92.0,20.001,0.02,92.09,919333.0,459.6665,34.76
219,20.0,0.02,93.0,20.002,0.02,93.09,919986.6,459.9933,35.22
220,20.0,0.02,94.0,20.001,0.02,94.11,919360.3999999999,459.6802,34.86
221,20.0,0.02,95.0,20.0,0.02,95.13,919436.2,459.7181,34.96
222,20.0,0.02,97.0,20.001,0.02,97.13,919026.0,459.513,34.68
223,20.0,0.02,99.0,20.001,0.02,99.1,918779.2,459.3896,34.47
224,20.0,0.02,101.0,20.002,0.02,101.1,919374.7999999999,459.6874,34.84
225,20.0,0.02,103.0,19.999,0.02,103.11,919273.0,459.6365,34.79
226,20.0,0.02,105.0,19.999,0.02,105.07,919170.4,459.5852,34.77
227,20.0,0.02,110.0,20.0,0.02,109.98,919340.6000000001,459.6703,34.83
228,20.0,0.02,115.0,20.002,0.02,114.91,919053.0000000001,459.5265,34.69
229,20.0,0.02,120.0,20.0,0.02,119.82,918783.6,459.3918,34.57
230,20.0,0.02,125.0,19.997,0.02,124.73,919821.2,459.9106,35.18
231,20.0,0.02,130.0,19.999,0.02,129.69,918553.6,459.2768,34.47
232,20.0,0.02,135.0,20.004,0.02,134.64,919617.2000000001,459.8086,35.11
233,20.0,0.02,140.0,20.006,0.02,139.62,919613.8,459.8069,35.17
234,20.0,0.02,145.0,20.003,0.02,144.64,919131.0,459.5655,34.87
235,20.0,0.02,150.0,20.005,0.02,149.69,919525.0,459.7625,35.01
236,20.0,0.02,155.0,20.001,0.02,154.76,919176.0,459.588,34.94
237,20.0,0.02,160.0,20.0,0.02,159.82,918290.7999999999,459.1454,34.37
238,20.0,0.02,165.0,20.002,0.02,164.92,918882.0,459.441,34.71
239,20.0,0.02,170.0,20.0,0.02,170.02,919565.7999999999,459.7829,35.13
240,20.0,0.02,175.0,20.0,0.02,175.1,918516.4,459.2582,34.49
241,20.0,0.02,180.0,20.0,0.02,180.15,919505.4,459.7527,35.26
254,20.0,0.03,0.0,19.985,0.03,-0.09,918115.6000000001,459.0578,35.13
255,20.0,0.03,5.0,19.989,0.03,4.93,918634.3999999999,459.3172,35.26
256,20.0,0.03,10.0,19.991,0.03,9.97,918571.2,459.2856,35.11
257,20.0,0.03,15.0,19.999,0.03,14.98,918075.4000000001,459.0377,34.75
258,20.0,0.03,20.0,20.0,0.03,19.99,918050.6,459.0253,34.74
259,20.0,0.03,25.0,20.0,0.03,25.0,918059.2000000001,459.0296,34.71
260,20.0,0.03,30.0,20.002,0.03,30.01,918312.8,459.1564,34.81
261,20.0,0.03,35.0,20.0,0.03,34.99,918547.4,459.2737,34.82
262,20.0,0.03,40.0,19.994,0.03,39.97,919320.2,459.6601,35.25
263,20.0,0.03,45.0,19.99,0.03,44.96,918396.4,459.1982,34.61
264,20.0,0.03,50.0,19.992,0.03,49.92,918665.7999999999,459.3329,34.84
265,20.0,0.03,55.0,19.992,0.03,54.89,918737.4,459.3687,34.75
266,20.0,0.03,60.0,19.992,0.03,59.87,918426.8,459.2134,34.47
267,20.0,0.03,65.0,19.998,0.03,64.86,919103.3999999999,459.5517,34.86
268,20.0,0.03,70.0,20.002,0.03,69.85,919867.8,459.9339,35.3
269,20.0,0.03,75.0,20.0,0.03,74.89,919758.6,459.8793,35.16
270,20.0,0.03,77.0,19.996,0.03,76.89,919362.9999999999,459.6815,34.93
271,20.0,0.03,79.0,20.001,0.03,78.94,919382.0,459.691,34.93
272,20.0,0.03,81.0,20.0,0.03,80.96,919451.8,459.7259,34.99
273,20.0,0.03,83.0,19.999,0.03,82.94,918828.2,459.4141,34.61
274,20.0,0.03,85.0,20.001,0.03,85.01,919447.4,459.7237,34.91
275,20.0,0.03,86.0,19.999,0.03,86.03,920144.3999999999,460.0722,35.33
276,20.0,0.03,87.0,20.003,0.03,87.04,919407.4,459.7037,34.92
277,20.0,0.03,88.0,20.001,0.03,88.03,918919.2,459.4596,34.56
278,20.0,0.03,89.0,20.004,0.03,89.05,918924.7999999999,459.4624,34.72
279,20.0,0.03,90.0,20.002,0.03,90.08,919093.0,459.5465,34.71
280,20.0,0.03,91.0,20.0,0.03,91.1,919497.4,459.7487,34.97
281,20.0,0.03,92.0,20.001,0.03,92.1,919543.2000000001,459.7716,34.98
282,20.0,0.03,93.0,20.003,0.03,93.09,918954.4,459.4772,34.55
283,20.0,0.03,94.0,20.0,0.03,94.09,919591.2000000001,459.7956,34.92
284,20.0,0.03,95.0,20.0,0.03,95.13,919583.7999999999,459.7919,34.96
285,20.0,0.03,97.0,19.999,0.03,97.16,919255.6000000001,459.6278,34.84
286,20.0,0.03,99.0,19.999,0.03,99.13,919677.3999999999,459.8387,35.17
287,20.0,0.03,101.0,20.0,0.03,101.15,919572.2,459.7861,35.09
288,20.0,0.03,103.0,20.0,0.03,103.15,919569.0,459.7845,35.05
289,20.0,0.03,105.0,19.999,0.03,105.11,919019.3999999999,459.5097,34.53
290,20.0,0.03,110.0,20.001,0.03,110.04,919288.8,459.6444,34.86
291,20.0,0.03,115.0,19.999,0.03,114.93,920036.2,460.0181,35.37
292,20.0,0.03,120.0,20.003,0.03,119.85,919586.8,459.7934,35.06
293,20.0,0.03,125.0,20.0,0.03,124.77,918991.7999999999,459.4959,34.77
294,20.0,0.03,130.0,20.002,0.03,129.67,919170.8,459.5854,34.97
295,20.0,0.03,135.0,20.004,0.03,134.63,918933.7999999999,459.4669,34.9
296,20.0,0.03,140.0,20.002,0.03,139.58,919533.0,459.7665,35.12
297,20.0,0.03,145.0,20.001,0.03,144.57,918984.0,459.492,34.91
298,20.0,0.03,150.0,20.002,0.03,149.59,918264.4,459.1322,34.59
299,20.0,0.03,155.0,20.002,0.03,154.64,918737.9999999999,459.369,34.83
300,20.0,0.03,160.0,20.001,0.03,159.68,918620.4,459.3102,34.8
301,20.0,0.03,165.0,19.999,0.03,164.76,919014.4,459.5072,35.09
302,20.0,0.03,170.0,19.998,0.03,169.85,918285.6,459.1428,34.66
303,20.0,0.03,175.0,20.0,0.03,174.95,918888.2,459.4441,34.97
304,20.0,0.03,180.0,20.002,0.03,180.06,918078.6,459.0393,34.6
317,20.0,0.05,0.0,19.988,0.05,-0.09,915696.6000000001,457.8483,35.07
318,20.0,0.05,5.0,19.988,0.05,4.93,915516.2000000001,457.7581,34.86
319,20.0,0.05,10.0,19.99,0.05,9.96,915951.0,457.9755,35.0
320,20.0,0.05,15.0,20.0,0.05,14.98,916531.6000000001,458.2658,35.11
321,20.0,0.05,20.0,19.999,0.05,19.98,915995.9999999999,457.998,34.8
322,20.0,0.05,25.0,20.0,0.05,25.0,916295.8,458.1479,34.9
323,20.0,0.05,30.0,20.001,0.05,29.99,916756.2,458.3781,34.97
324,20.0,0.05,35.0,19.99,0.05,34.97,916820.0000000001,458.41,34.95
325,20.0,0.05,40.0,19.99,0.05,39.94,917198.7999999999,458.5994,35.03
326,20.0,0.05,45.0,19.987,0.05,44.9,917384.0,458.692,34.9
327,20.0,0.05,50.0,19.986,0.05,49.86,917880.8,458.9404,35.11
328,20.0,0.05,55.0,19.987,0.05,54.81,917543.0,458.7715,34.77
329,20.0,0.05,60.0,19.988,0.05,59.78,918138.2,459.0691,34.96
330,20.0,0.05,65.0,19.989,0.05,64.79,918266.7999999999,459.1334,34.96
331,20.0,0.05,70.0,19.988,0.05,69.8,919201.2000000001,459.6006,35.39
332,20.0,0.05,75.0,19.989,0.05,74.84,918340.6000000001,459.1703,34.84
333,20.0,0.05,77.0,19.995,0.05,76.84,918293.0,459.1465,34.76
334,20.0,0.05,79.0,19.997,0.05,78.88,918614.7999999999,459.3074,34.96
335,20.0,0.05,81.0,19.998,0.05,80.91,918237.4,459.1187,34.71
336,20.0,0.05,83.0,20.005,0.05,82.93,918807.0,459.4035,35.04
337,20.0,0.05,85.0,19.997,0.05,84.97,918522.7999999999,459.2614,34.86
338,20.0,0.05,86.0,19.998,0.05,86.0,919215.0,459.6075,35.27
339,20.0,0.05,87.0,19.998,0.05,87.0,917982.0,458.991,34.58
340,20.0,0.05,88.0,20.001,0.05,88.01,918361.3999999999,459.1807,34.8
341,20.0,0.05,89.0,19.997,0.05,89.03,918498.7999999999,459.2494,34.85
342,20.0,0.05,90.0,20.004,0.05,90.08,917842.4000000001,458.9212,34.53
343,20.0,0.05,91.0,19.996,0.05,91.09,918874.2000000001,459.4371,35.13
344,20.0,0.05,92.0,19.999,0.05,92.1,918832.0,459.416,35.16
345,20.0,0.05,93.0,19.999,0.05,93.09,918265.4,459.1327,34.77
346,20.0,0.05,94.0,20.0,0.05,94.11,918299.5999999999,459.1498,34.7
347,20.0,0.05,95.0,19.998,0.05,95.14,918424.4,459.2122,34.85
348,20.0,0.05,97.0,19.997,0.05,97.16,918471.4,459.2357,34.92
349,20.0,0.05,99.0,19.999,0.05,99.14,918586.2,459.2931,35.02
350,20.0,0.05,101.0,19.996,0.05,101.17,918368.3999999999,459.1842,34.92
351,20.0,0.05,103.0,19.997,0.05,103.18,918699.0,459.3495,35.1
352,20.0,0.05,105.0,19.996,0.05,105.14,918590.6000000001,459.2953,35.04
353,20.0,0.05,110.0,20.019,0.05,110.14,917919.6,458.9598,34.38
354,20.0,0.05,115.0,19.986,0.05,114.99,918693.0,459.3465,34.96
355,20.0,0.05,120.0,19.987,0.05,119.91,918420.6,459.2103,34.84
356,20.0,0.05,125.0,19.996,0.05,124.8,918659.2000000001,459.3296,35.0
357,20.0,0.05,130.0,20.001,0.05,129.69,918741.7999999999,459.3709,35.11
358,20.0,0.05,135.0,19.994,0.05,134.61,918218.8,459.1094,34.84
359,20.0,0.05,140.0,19.985,0.05,139.57,918158.7999999999,459.0794,34.97
360,20.0,0.05,145.0,19.985,0.05,144.55,917802.3999999999,458.9012,34.84
361,20.0,0.05,150.0,19.986,0.05,149.56,917926.3999999999,458.9632,34.9
362,20.0,0.05,155.0,19.987,0.05,154.59,916969.0,458.4845,34.38
363,20.0,0.05,160.0,19.985,0.05,159.63,918204.6,459.1023,35.09
364,20.0,0.05,165.0,19.988,0.05,164.7,917542.8,458.7714,34.77
365,20.0,0.05,170.0,19.994,0.05,169.77,917949.0,458.9745,35.11
366,20.0,0.05,175.0,20.005,0.05,174.86,917167.6,458.5838,34.63
367,20.0,0.05,180.0,20.0,0.05,179.96,917091.4,458.5457,34.61
380,20.0,0.07,0.0,19.988,0.07,-0.05,914192.2000000001,457.0961,35.05
381,20.0,0.07,5.0,19.989,0.07,4.97,914643.6,457.3218,35.18
382,20.0,0.07,10.0,19.994,0.07,9.99,914442.4000000001,457.2212,34.89
383,20.0,0.07,15.0,19.997,0.07,15.0,915056.6000000001,457.5283,35.11
384,20.0,0.07,20.0,20.002,0.07,20.01,915497.7999999999,457.7489,35.2
385,20.0,0.07,25.0,20.0,0.07,25.01,915798.7999999999,457.8994,35.2
386,20.0,0.07,30.0,19.994,0.07,30.01,916355.6000000001,458.1778,35.32
387,20.0,0.07,35.0,19.991,0.07,34.98,916037.0000000001,458.0185,34.93
388,20.0,0.07,40.0,19.986,0.07,39.94,916637.8,458.3189,35.09
389,20.0,0.07,45.0,19.985,0.07,44.9,916575.6,458.2878,34.91
390,20.0,0.07,50.0,19.993,0.07,49.93,916150.2000000001,458.0751,34.86
391,20.0,0.07,55.0,19.988,0.07,54.84,916629.0000000001,458.3145,35.01
392,20.0,0.07,60.0,19.991,0.07,59.82,917221.2,458.6106,35.13
393,20.0,0.07,65.0,19.989,0.07,64.81,916547.2,458.2736,34.72
394,20.0,0.07,70.0,19.995,0.07,69.81,916693.3999999999,458.3467,34.55
395,20.0,0.07,75.0,19.998,0.07,74.83,918139.0,459.0695,35.24
396,20.0,0.07,77.0,19.99,0.07,76.83,917907.2,458.9536,34.96
397,20.0,0.07,79.0,19.986,0.07,78.88,918273.6000000001,459.1368,35.09
398,20.0,0.07,81.0,19.985,0.07,80.92,918288.2,459.1441,35.0
399,20.0,0.07,83.0,19.984,0.07,82.92,918527.2000000001,459.2636,34.94
400,20.0,0.07,85.0,20.023,0.07,84.98,919023.2,459.5116,35.09
401,20.0,0.07,86.0,19.987,0.07,85.99,918269.3999999999,459.1347,34.8
402,20.0,0.07,87.0,19.985,0.07,87.0,918596.2,459.2981,34.99
403,20.0,0.07,88.0,19.986,0.07,88.01,918953.8,459.4769,35.13
404,20.0,0.07,89.0,19.984,0.07,89.04,918781.0,459.3905,34.94
405,20.0,0.07,90.0,19.988,0.07,90.08,918634.2000000001,459.3171,34.81
406,20.0,0.07,91.0,19.987,0.07,91.1,918767.4000000001,459.3837,34.85
407,20.0,0.07,92.0,19.988,0.07,92.12,919297.2,459.6486,35.21
408,20.0,0.07,93.0,19.992,0.07,93.12,919113.8,459.5569,35.08
409,20.0,0.07,94.0,19.997,0.07,94.12,918838.2,459.4191,34.94
410,20.0,0.07,95.0,19.999,0.07,95.15,918922.7999999999,459.4614,34.96
411,20.0,0.07,97.0,19.997,0.07,97.18,918229.8,459.1149,34.56
412,20.0,0.07,99.0,19.998,0.07,99.16,919440.6000000001,459.7203,35.3
413,20.0,0.07,101.0,19.996,0.07,101.19,919082.5999999999,459.5413,35.06
414,20.0,0.07,103.0,19.996,0.07,103.19,918855.2,459.4276,35.08
415,20.0,0.07,105.0,19.996,0.07,105.16,918430.8,459.2154,34.8
416,20.0,0.07,110.0,19.997,0.07,110.09,918415.7999999999,459.2079,34.9
417,20.0,0.07,115.0,19.996,0.07,115.01,918211.2,459.1056,34.91
418,20.0,0.07,120.0,19.998,0.07,119.92,917628.8,458.8144,34.71
419,20.0,0.07,125.0,19.997,0.07,124.82,917411.3999999999,458.7057,34.8
420,20.0,0.07,130.0,20.0,0.07,129.71,917823.6000000001,458.9118,35.21
421,20.0,0.07,135.0,20.0,0.07,134.64,916793.2000000001,458.3966,34.69
422,20.0,0.07,140.0,20.0,0.07,139.57,916883.2000000001,458.4416,34.96
423,20.0,0.07,145.0,19.997,0.07,144.53,916502.6,458.2513,34.93
424,20.0,0.07,150.0,20.0,0.07,149.52,915983.6,457.9918,34.85
425,20.0,0.07,155.0,19.999,0.07,154.53,916001.2000000001,458.0006,34.89
426,20.0,0.07,160.0,19.999,0.07,159.57,915828.0000000001,457.914,34.93
427,20.0,0.07,165.0,19.998,0.07,164.63,915790.2,457.8951,35.02
428,20.0,0.07,170.0,19.996,0.07,169.71,915538.6000000001,457.7693,34.95
429,20.0,0.07,175.0,19.999,0.07,174.82,915141.6,457.5708,34.83
430,20.0,0.07,180.0,19.998,0.07,179.95,915552.3999999999,457.7762,35.09
443,20.0,0.1,0.0,19.989,0.1,-0.03,909859.2000000001,454.9296,34.43
444,20.0,0.1,5.0,19.988,0.1,4.98,910501.2000000001,455.2506,34.68
445,20.0,0.1,10.0,19.99,0.1,10.0,910620.0000000001,455.31,34.61
446,20.0,0.1,15.0,19.998,0.1,15.01,911173.2,455.5866,34.64
447,20.0,0.1,20.0,19.998,0.1,20.01,911274.0,455.637,34.51
448,20.0,0.1,25.0,19.998,0.1,25.01,912437.8,456.2189,34.95
449,20.0,0.1,30.0,20.001,0.1,30.0,913322.2,456.6611,35.14
450,20.0,0.1,35.0,19.995,0.1,34.97,913978.3999999999,456.9892,35.1
451,20.0,0.1,40.0,19.988,0.1,39.93,914569.3999999999,457.2847,35.08
452,20.0,0.1,45.0,19.986,0.1,44.89,915198.6000000001,457.5993,35.06
453,20.0,0.1,50.0,19.986,0.1,49.83,915237.2,457.6186,34.71
454,20.0,0.1,55.0,19.988,0.1,54.79,916619.6,458.3098,34.97
455,20.0,0.1,60.0,19.987,0.1,59.77,917244.0,458.622,35.18
456,20.0,0.1,65.0,19.988,0.1,64.76,917684.2000000001,458.8421,35.03
457,20.0,0.1,70.0,19.985,0.1,69.78,918175.7999999999,459.0879,35.07
458,20.0,0.1,75.0,19.989,0.1,74.82,918345.8,459.1729,34.96
459,20.0,0.1,77.0,19.995,0.1,76.83,918551.6,459.2758,34.98
460,20.0,0.1,79.0,19.992,0.1,78.87,918845.2,459.4226,35.17
461,20.0,0.1,81.0,19.999,0.1,80.91,919148.0,459.574,35.28
462,20.0,0.1,83.0,19.999,0.1,82.91,919192.0,459.596,35.22
463,20.0,0.1,85.0,20.0,0.1,84.97,918845.4,459.4227,34.96
464,20.0,0.1,86.0,20.001,0.1,85.98,918929.2,459.4646,34.91
465,20.0,0.1,87.0,19.999,0.1,86.99,919102.2000000001,459.5511,35.06
466,20.0,0.1,88.0,19.997,0.1,88.0,919134.3999999999,459.5672,35.11
467,20.0,0.1,89.0,19.999,0.1,89.02,919381.7999999999,459.6909,35.25
468,20.0,0.1,90.0,19.999,0.1,90.07,919137.9999999999,459.569,35.06
469,20.0,0.1,91.0,20.0,0.1,91.09,919020.4,459.5102,35.0
470,20.0,0.1,92.0,19.998,0.1,92.1,918916.6,459.4583,34.94
471,20.0,0.1,93.0,19.997,0.1,93.11,918839.2,459.4196,34.99
472,20.0,0.1,94.0,19.998,0.1,94.12,919628.0000000001,459.814,35.38
473,20.0,0.1,95.0,19.998,0.1,95.14,919192.0,459.596,35.12
474,20.0,0.1,97.0,20.0,0.1,97.17,918471.8,459.2359,34.77
475,20.0,0.1,99.0,19.996,0.1,99.15,918854.0000000001,459.427,35.06
476,20.0,0.1,101.0,19.997,0.1,101.18,918074.7999999999,459.0374,34.61
477,20.0,0.1,103.0,19.997,0.1,103.19,918840.0,459.42,35.11
478,20.0,0.1,105.0,19.998,0.1,105.16,918544.0,459.272,35.07
479,20.0,0.1,110.0,19.997,0.1,110.09,918000.2000000001,459.0001,34.92
480,20.0,0.1,115.0,19.997,0.1,115.02,917274.5999999999,458.6373,34.72
481,20.0,0.1,120.0,19.996,0.1,119.93,917394.3999999999,458.6972,35.17
482,20.0,0.1,125.0,19.996,0.1,124.83,916196.6000000001,458.0983,34.75
483,20.0,0.1,130.0,19.998,0.1,129.72,915593.8,457.7969,34.68
484,20.0,0.1,135.0,19.994,0.1,134.68,914521.6000000001,457.2608,34.76
485,20.0,0.1,140.0,19.988,0.1,139.58,914380.4,457.1902,35.03
486,20.0,0.1,145.0,19.99,0.1,144.53,913252.6,456.6263,34.83
487,20.0,0.1,150.0,19.99,0.1,149.5,912920.6,456.4603,34.86
488,20.0,0.1,155.0,19.989,0.1,154.51,912300.7999999999,456.1504,34.76
489,20.0,0.1,160.0,19.995,0.1,159.53,912494.0,456.247,35.04
490,20.0,0.1,165.0,20.001,0.1,164.6,912185.0,456.0925,35.03
491,20.0,0.1,170.0,19.992,0.1,169.7,910948.0,455.474,34.32
492,20.0,0.1,175.0,19.985,0.1,174.81,911238.6000000001,455.6193,34.59
493,20.0,0.1,180.0,19.985,0.1,179.95,909902.6,454.9513,33.83
506,20.0,0.15,0.0,19.989,0.15,0.02,902096.8,451.0484,34.15
507,20.0,0.15,5.0,19.989,0.15,5.03,902284.3999999999,451.1422,34.12
508,20.0,0.15,10.0,19.988,0.15,10.04,903141.7999999999,451.5709,34.31
509,20.0,0.15,15.0,19.998,0.15,15.04,905525.6,452.7628,35.36
510,20.0,0.15,20.0,20.001,0.15,20.04,905966.2000000001,452.9831,35.19
511,20.0,0.15,25.0,20.001,0.15,25.04,906505.6000000001,453.2528,34.99
512,20.0,0.15,30.0,20.001,0.15,30.02,908118.0,454.059,35.27
513,20.0,0.15,35.0,19.994,0.15,34.98,908480.4,454.2402,34.84
514,20.0,0.15,40.0,19.99,0.15,39.94,910253.2,455.1266,35.08
515,20.0,0.15,45.0,19.985,0.15,44.89,910912.9999999999,455.4565,34.83
516,20.0,0.15,50.0,19.994,0.15,49.83,912288.2,456.1441,34.75
517,20.0,0.15,55.0,19.999,0.15,54.78,914920.6,457.4603,35.71
518,20.0,0.15,60.0,19.979,0.15,59.76,916210.6,458.1053,35.68
519,20.0,0.15,65.0,19.985,0.15,64.75,917315.6000000001,458.6578,35.7
520,20.0,0.15,70.0,19.986,0.15,69.77,918137.6,459.0688,35.6
521,20.0,0.15,75.0,19.988,0.15,74.81,918953.6,459.4768,35.65
522,20.0,0.15,77.0,19.988,0.15,76.81,919017.8,459.5089,35.52
523,20.0,0.15,79.0,19.993,0.15,78.86,919400.0,459.7,35.58
524,20.0,0.15,81.0,20.0,0.15,80.89,919040.2,459.5201,35.36
525,20.0,0.15,83.0,19.999,0.15,82.9,918989.2,459.4946,35.27
526,20.0,0.15,85.0,19.997,0.15,84.95,919469.0,459.7345,35.42
527,20.0,0.15,86.0,19.998,0.15,85.97,919256.7999999999,459.6284,35.24
528,20.0,0.15,87.0,20.0,0.15,86.98,919183.2000000001,459.5916,35.22
529,20.0,0.15,88.0,19.998,0.15,87.97,920379.0000000001,460.1895,35.82
530,20.0,0.15,89.0,19.998,0.15,89.0,919937.4,459.9687,35.59
531,20.0,0.15,90.0,19.998,0.15,90.04,919318.8,459.6594,35.28
532,20.0,0.15,91.0,19.998,0.15,91.07,919473.7999999999,459.7369,35.33
533,20.0,0.15,92.0,19.999,0.15,92.08,920231.6000000001,460.1158,35.71
534,20.0,0.15,93.0,19.997,0.15,93.09,920542.2000000001,460.2711,35.91
535,20.0,0.15,94.0,19.999,0.15,94.1,919493.8,459.7469,35.36
536,20.0,0.15,95.0,19.997,0.15,95.11,920121.8,460.0609,35.67
537,20.0,0.15,97.0,19.997,0.15,97.14,919851.8,459.9259,35.64
538,20.0,0.15,99.0,19.996,0.15,99.13,919438.2,459.7191,35.49
539,20.0,0.15,101.0,20.0,0.15,101.16,919650.6,459.8253,35.7
540,20.0,0.15,103.0,19.997,0.15,103.16,918534.3999999999,459.2672,35.25
541,20.0,0.15,105.0,19.997,0.15,105.13,919140.4,459.5702,35.65
542,20.0,0.15,110.0,19.996,0.15,110.06,918136.2,459.0681,35.59
543,20.0,0.15,115.0,20.0,0.15,114.99,917270.9999999999,458.6355,35.59
544,20.0,0.15,120.0,19.995,0.15,119.91,915956.4,457.9782,35.52
545,20.0,0.15,125.0,19.996,0.15,124.81,915348.0,457.674,35.75
546,20.0,0.15,130.0,19.998,0.15,129.7,912314.2,456.1571,34.67
547,20.0,0.15,135.0,20.0,0.15,134.62,910731.0,455.3655,34.55
548,20.0,0.15,140.0,20.002,0.15,139.55,909533.7999999999,454.7669,34.54
549,20.0,0.15,145.0,19.999,0.15,144.5,909227.0,454.6135,35.03
550,20.0,0.15,150.0,20.0,0.15,149.48,907489.2,453.7446,34.69
551,20.0,0.15,155.0,19.999,0.15,154.49,907046.2,453.5231,34.93
552,20.0,0.15,160.0,19.998,0.15,159.52,906395.6,453.1978,35.04
553,20.0,0.15,165.0,19.998,0.15,164.58,905334.8,452.6674,34.98
554,20.0,0.15,170.0,20.0,0.15,169.66,904869.3999999999,452.4347,34.93
555,20.0,0.15,175.0,19.996,0.15,174.75,904685.2000000001,452.3426,35.11
556,20.0,0.15,180.0,19.996,0.15,179.89,903026.3999999999,451.5132,34.26
569,20.0,0.2,0.0,19.988,0.2,0.06,891277.0,445.6385,33.49
570,20.0,0.2,5.0,19.988,0.2,5.07,891760.2000000001,445.8801,33.64
571,20.0,0.2,10.0,19.991,0.2,10.07,894219.6,447.1098,34.63
572,20.0,0.2,15.0,19.997,0.2,15.08,895221.8,447.6109,34.6
573,20.0,0.2,20.0,20.0,0.2,20.07,896285.2000000001,448.1426,34.51
574,20.0,0.2,25.0,20.002,0.2,25.06,897868.8,448.9344,34.56
575,20.0,0.2,30.0,19.997,0.2,30.05,899122.2,449.5611,34.32
576,20.0,0.2,35.0,19.989,0.2,35.01,900768.2000000001,450.3841,34.19
577,20.0,0.2,40.0,19.985,0.2,39.96,903819.6,451.9098,34.82
578,20.0,0.2,45.0,19.988,0.2,44.9,905850.0,452.925,34.78
579,20.0,0.2,50.0,19.988,0.2,49.85,908660.6,454.3303,35.06
580,20.0,0.2,55.0,19.986,0.2,54.79,910656.2,455.3281,35.01
581,20.0,0.2,60.0,19.985,0.2,59.76,912390.6000000001,456.1953,34.91
582,20.0,0.2,65.0,19.987,0.2,64.75,915652.2000000001,457.8261,35.79
583,20.0,0.2,70.0,19.987,0.2,69.77,917279.6,458.6398,35.82
584,20.0,0.2,75.0,19.992,0.2,74.81,918183.2000000001,459.0916,35.56
585,20.0,0.2,77.0,19.989,0.2,76.81,918096.9999999999,459.0485,35.24
586,20.0,0.2,79.0,19.994,0.2,78.86,919053.2,459.5266,35.59
587,20.0,0.2,81.0,19.994,0.2,80.89,919629.6,459.8148,35.69
588,20.0,0.2,83.0,19.998,0.2,82.89,919085.3999999999,459.5427,35.32
589,20.0,0.2,85.0,19.997,0.2,84.95,919989.2,459.9946,35.64
590,20.0,0.2,86.0,19.999,0.2,85.96,919958.7999999999,459.9794,35.61
591,20.0,0.2,87.0,20.0,0.2,86.97,920342.2000000001,460.1711,35.78
592,20.0,0.2,88.0,19.999,0.2,87.97,920116.6,460.0583,35.63
593,20.0,0.2,89.0,19.996,0.2,88.99,920059.2000000001,460.0296,35.57
594,20.0,0.2,90.0,20.0,0.2,90.04,920320.8,460.1604,35.72
595,20.0,0.2,91.0,19.997,0.2,91.06,919870.4,459.9352,35.48
596,20.0,0.2,92.0,19.998,0.2,92.08,920036.6,460.0183,35.55
597,20.0,0.2,93.0,20.0,0.2,93.08,920503.6,460.2518,35.85
598,20.0,0.2,94.0,19.997,0.2,94.08,920316.0,460.158,35.76
599,20.0,0.2,95.0,19.999,0.2,95.11,920003.3999999999,460.0017,35.63
600,20.0,0.2,97.0,19.997,0.2,97.13,919245.6,459.6228,35.34
601,20.0,0.2,99.0,19.998,0.2,99.12,918979.2,459.4896,35.3
602,20.0,0.2,101.0,19.998,0.2,101.14,919641.2000000001,459.8206,35.85
603,20.0,0.2,103.0,20.0,0.2,103.15,918460.8,459.2304,35.38
604,20.0,0.2,105.0,19.998,0.2,105.13,918639.2,459.3196,35.7
605,20.0,0.2,110.0,19.995,0.2,110.05,917236.8,458.6184,35.66
606,20.0,0.2,115.0,19.998,0.2,114.98,915479.6,457.7398,35.59
607,20.0,0.2,120.0,19.999,0.2,119.89,912680.4,456.3402,34.97
608,20.0,0.2,125.0,19.996,0.2,124.8,910511.2,455.2556,34.84
609,20.0,0.2,130.0,19.997,0.2,129.7,907560.0,453.78,34.5
610,20.0,0.2,135.0,19.998,0.2,134.62,906058.2000000001,453.0291,34.81
611,20.0,0.2,140.0,19.997,0.2,139.55,903826.3999999999,451.9132,34.73
612,20.0,0.2,145.0,20.0,0.2,144.51,900973.7999999999,450.4869,34.2
613,20.0,0.2,150.0,20.0,0.2,149.49,898546.2,449.2731,33.93
614,20.0,0.2,155.0,19.998,0.2,154.5,897484.2000000001,448.7421,34.27
615,20.0,0.2,160.0,19.997,0.2,159.53,895942.0,447.971,34.22
616,20.0,0.2,165.0,19.997,0.2,164.59,894664.7999999999,447.3324,34.23
617,20.0,0.2,170.0,19.997,0.2,169.66,893756.0,446.878,34.22
618,20.0,0.2,175.0,19.999,0.2,174.75,892057.5999999999,446.0288,33.66
619,20.0,0.2,180.0,19.998,0.2,179.88,891727.8,445.8639,33.71
632,20.0,0.3,0.0,19.991,0.3,0.11,861609.8,430.8049,31.81
633,20.0,0.3,5.0,19.988,0.3,5.1,864471.6000000001,432.2358,32.93
634,20.0,0.3,10.0,19.991,0.3,10.1,865361.8,432.6809,32.81
635,20.0,0.3,15.0,19.998,0.3,15.1,867182.7999999999,433.5914,32.75
636,20.0,0.3,20.0,20.0,0.3,20.09,869840.0,434.92,32.97
637,20.0,0.3,25.0,20.003,0.3,25.08,872779.8,436.3899,32.99
638,20.0,0.3,30.0,19.997,0.3,30.06,876718.6,438.3593,33.43
639,20.0,0.3,35.0,19.987,0.3,35.02,880693.8,440.3469,33.55
640,20.0,0.3,40.0,19.986,0.3,39.97,884462.8,442.2314,33.53
641,20.0,0.3,45.0,19.986,0.3,44.92,889501.0,444.7505,33.79
642,20.0,0.3,50.0,19.986,0.3,49.85,894742.0,447.371,34.37
643,20.0,0.3,55.0,19.986,0.3,54.8,898944.3999999999,449.4722,34.29
644,20.0,0.3,60.0,19.988,0.3,59.77,904110.3999999999,452.0552,34.74
645,20.0,0.3,65.0,19.985,0.3,64.76,907864.2,453.9321,34.79
646,20.0,0.3,70.0,19.987,0.3,69.77,912901.3999999999,456.4507,35.57
647,20.0,0.3,75.0,19.986,0.3,74.81,914996.4,457.4982,35.44
648,20.0,0.3,77.0,19.987,0.3,76.81,916269.8,458.1349,35.57
649,20.0,0.3,79.0,19.989,0.3,78.85,917002.2000000001,458.5011,35.47
650,20.0,0.3,81.0,19.99,0.3,80.89,917871.8,458.9359,35.54
651,20.0,0.3,83.0,19.994,0.3,82.89,918774.7999999999,459.3874,35.73
652,20.0,0.3,85.0,20.0,0.3,84.94,918822.6000000001,459.4113,35.39
653,20.0,0.3,86.0,20.0,0.3,85.96,918924.7999999999,459.4624,35.46
654,20.0,0.3,87.0,19.998,0.3,86.96,918829.0000000001,459.4145,35.3
655,20.0,0.3,88.0,20.0,0.3,87.96,919245.6,459.6228,35.48
656,20.0,0.3,89.0,19.998,0.3,88.98,919454.4,459.7272,35.56
657,20.0,0.3,90.0,20.0,0.3,90.02,919778.0000000001,459.889,35.69
658,20.0,0.3,91.0,19.998,0.3,91.04,919455.8,459.7279,35.5
659,20.0,0.3,92.0,20.0,0.3,92.06,918999.2000000001,459.4996,35.32
660,20.0,0.3,93.0,19.998,0.3,93.06,918917.0,459.4585,35.32
661,20.0,0.3,94.0,19.997,0.3,94.06,919529.4,459.7647,35.69
662,20.0,0.3,95.0,19.998,0.3,95.09,919020.0000000001,459.51,35.46
663,20.0,0.3,97.0,19.999,0.3,97.11,918119.3999999999,459.0597,35.22
664,20.0,0.3,99.0,19.998,0.3,99.09,918025.2000000001,459.0126,35.38
665,20.0,0.3,101.0,19.996,0.3,101.12,917161.8,458.5809,35.3
666,20.0,0.3,103.0,20.0,0.3,103.13,916440.6000000001,458.2203,35.31
667,20.0,0.3,105.0,19.996,0.3,105.1,915982.2,457.9911,35.49
668,20.0,0.3,110.0,19.998,0.3,110.03,911994.6,455.9973,34.75
669,20.0,0.3,115.0,19.999,0.3,114.97,907625.2000000001,453.8126,34.33
670,20.0,0.3,120.0,19.995,0.3,119.89,904415.4,452.2077,34.71
671,20.0,0.3,125.0,19.996,0.3,124.81,898338.4,449.1692,33.7
672,20.0,0.3,130.0,19.999,0.3,129.71,894423.0,447.2115,34.0
673,20.0,0.3,135.0,20.0,0.3,134.64,888837.9999999999,444.419,33.31
674,20.0,0.3,140.0,20.001,0.3,139.57,884151.2000000001,442.0756,33.19
675,20.0,0.3,145.0,19.999,0.3,144.54,878573.4,439.2867,32.44
676,20.0,0.3,150.0,19.997,0.3,149.52,875290.2,437.6451,32.69
677,20.0,0.3,155.0,19.998,0.3,154.53,871296.6000000001,435.6483,32.36
678,20.0,0.3,160.0,19.999,0.3,159.56,867776.3999999999,433.8882,32.13
679,20.0,0.3,165.0,19.998,0.3,164.62,866418.3999999999,433.2092,32.64
680,20.0,0.3,170.0,20.001,0.3,169.7,863971.9999999999,431.986,32.41
681,20.0,0.3,175.0,19.999,0.3,174.78,860647.6000000001,430.3238,31.41
682,20.0,0.3,180.0,20.0,0.3,179.9,861291.6,430.6458,32.04
695,20.0,0.5,0.0,19.988,0.5,0.14,787564.8,393.7824,28.85
696,20.0,0.5,5.0,19.988,0.5,5.12,788141.0,394.0705,28.79
697,20.0,0.5,10.0,19.99,0.5,10.12,791649.7999999999,395.8249,29.49
698,20.0,0.5,15.0,19.992,0.5,15.11,794547.4,397.2737,29.36
699,20.0,0.5,20.0,19.999,0.5,20.1,800126.2,400.0631,29.91
700,20.0,0.5,25.0,19.998,0.5,25.09,804795.2000000001,402.3976,29.56
701,20.0,0.5,30.0,20.001,0.5,30.07,812819.4,406.4097,30.2
702,20.0,0.5,35.0,20.002,0.5,35.03,821167.0,410.5835,30.56
703,20.0,0.5,40.0,19.994,0.5,39.99,830215.4,415.1077,30.78
704,20.0,0.5,45.0,19.989,0.5,44.94,840745.0000000001,420.3725,31.3
705,20.0,0.5,50.0,19.989,0.5,49.88,851528.2,425.7641,31.81
706,20.0,0.5,55.0,19.987,0.5,54.82,863269.8,431.6349,32.49
707,20.0,0.5,60.0,19.987,0.5,59.79,874525.2000000001,437.2626,33.18
708,20.0,0.5,65.0,19.985,0.5,64.78,885370.9999999999,442.6855,33.66
709,20.0,0.5,70.0,19.986,0.5,69.79,895396.4,447.6982,34.32
710,20.0,0.5,75.0,19.984,0.5,74.82,902179.0000000001,451.0895,33.89
711,20.0,0.5,77.0,19.986,0.5,76.82,905348.4,452.6742,34.43
712,20.0,0.5,79.0,19.986,0.5,78.86,908123.7999999999,454.0619,34.55
713,20.0,0.5,81.0,19.99,0.5,80.89,910123.2,455.0616,34.51
714,20.0,0.5,83.0,19.991,0.5,82.89,911870.9999999999,455.9355,34.51
715,20.0,0.5,85.0,19.997,0.5,84.94,914175.0,457.0875,35.17
716,20.0,0.5,86.0,19.999,0.5,85.95,914691.6,457.3458,35.1
717,20.0,0.5,87.0,19.998,0.5,86.96,915649.2000000001,457.8246,35.41
718,20.0,0.5,88.0,19.997,0.5,87.95,915088.6000000001,457.5443,34.92
719,20.0,0.5,89.0,19.996,0.5,88.97,915492.8,457.7464,34.98
720,20.0,0.5,90.0,19.997,0.5,90.01,915907.7999999999,457.9539,35.1
721,20.0,0.5,91.0,19.997,0.5,91.03,915872.6000000001,457.9363,35.03
722,20.0,0.5,92.0,19.997,0.5,92.04,916321.4,458.1607,35.3
723,20.0,0.5,93.0,19.998,0.5,93.04,915794.6,457.8973,35.13
724,20.0,0.5,94.0,19.998,0.5,94.05,915937.0000000001,457.9685,35.24
725,20.0,0.5,95.0,19.998,0.5,95.06,915424.5999999999,457.7123,35.13
726,20.0,0.5,97.0,19.998,0.5,97.09,914283.2000000001,457.1416,35.09
727,20.0,0.5,99.0,20.0,0.5,99.07,912090.2,456.0451,34.48
728,20.0,0.5,101.0,19.999,0.5,101.1,909869.2,454.9346,34.24
729,20.0,0.5,103.0,19.998,0.5,103.11,908364.0,454.182,34.56
730,20.0,0.5,105.0,20.001,0.5,105.08,905574.0,452.787,34.25
731,20.0,0.5,110.0,19.998,0.5,110.02,895855.2,447.9276,33.08
732,20.0,0.5,115.0,19.998,0.5,114.96,886613.4,443.3067,32.7
733,20.0,0.5,120.0,19.997,0.5,119.9,876067.0,438.0335,32.23
734,20.0,0.5,125.0,19.999,0.5,124.83,864702.0,432.351,31.7
735,20.0,0.5,130.0,20.0,0.5,129.75,853250.6,426.6253,31.24
736,20.0,0.5,135.0,19.999,0.5,134.69,840946.8,420.4734,30.1
737,20.0,0.5,140.0,19.998,0.5,139.64,829481.0,414.7405,29.43
738,20.0,0.5,145.0,19.999,0.5,144.61,820339.4,410.1697,29.42
739,20.0,0.5,150.0,19.998,0.5,149.61,811008.6,405.5043,28.85
740,20.0,0.5,155.0,19.997,0.5,154.63,804207.2,402.1036,28.92
741,20.0,0.5,160.0,19.994,0.5,159.66,798700.0,399.35,29.25
742,20.0,0.5,165.0,19.999,0.5,164.72,793143.6,396.5718,28.94
743,20.0,0.5,170.0,19.996,0.5,169.78,789912.4,394.9562,29.17
744,20.0,0.5,175.0,19.995,0.5,174.86,785854.2000000001,392.9271,28.5
745,20.0,0.5,180.0,19.997,0.5,179.96,784950.6,392.4753,28.74
758,20.0,0.7,0.0,19.987,0.7,0.13,711817.6000000001,355.9088,26.5
759,20.0,0.7,5.0,19.987,0.7,5.11,712631.2,356.3156,26.42
760,20.0,0.7,10.0,19.987,0.7,10.09,717028.2000000001,358.5141,27.18
761,20.0,0.7,15.0,19.988,0.7,15.08,719450.4,359.7252,26.71
762,20.0,0.7,20.0,19.996,0.7,20.07,726167.4,363.0837,27.17
763,20.0,0.7,25.0,19.997,0.7,25.06,734109.0,367.0545,27.56
764,20.0,0.7,30.0,19.999,0.7,30.05,743319.0,371.6595,27.79
765,20.0,0.7,35.0,20.0,0.7,35.01,752904.0,376.452,27.52
766,20.0,0.7,40.0,19.998,0.7,39.98,766954.4,383.4772,28.4
767,20.0,0.7,45.0,19.993,0.7,44.94,781222.2,390.6111,28.74
768,20.0,0.7,50.0,19.987,0.7,49.89,795808.0,397.904,28.58
769,20.0,0.7,55.0,19.987,0.7,54.84,813135.4,406.5677,29.07
770,20.0,0.7,60.0,19.985,0.7,59.82,832327.3999999999,416.1637,30.16
771,20.0,0.7,65.0,19.986,0.7,64.81,852557.0,426.2785,31.57
772,20.0,0.7,70.0,19.986,0.7,69.81,869773.6000000001,434.8868,32.22
773,20.0,0.7,75.0,19.987,0.7,74.84,885295.4,442.6477,33.08
774,20.0,0.7,77.0,19.986,0.7,76.83,889204.6,444.6023,32.67
775,20.0,0.7,79.0,19.986,0.7,78.87,895444.6,447.7223,33.63
776,20.0,0.7,81.0,19.985,0.7,80.9,899194.3999999999,449.5972,33.49
777,20.0,0.7,83.0,19.988,0.7,82.9,904201.8,452.1009,34.37
778,20.0,0.7,85.0,19.99,0.7,84.94,906032.4,453.0162,33.99
779,20.0,0.7,86.0,19.991,0.7,85.96,906918.6,453.4593,33.83
780,20.0,0.7,87.0,19.997,0.7,86.96,907720.4,453.8602,33.81
781,20.0,0.7,88.0,19.998,0.7,87.95,909358.6,454.6793,34.21
782,20.0,0.7,89.0,19.999,0.7,88.97,909582.4,454.7912,34.03
783,20.0,0.7,90.0,20.0,0.7,90.0,909626.0,454.813,33.9
784,20.0,0.7,91.0,19.999,0.7,91.02,909639.6000000001,454.8198,33.8
785,20.0,0.7,92.0,19.999,0.7,92.03,909870.2,454.9351,33.91
786,20.0,0.7,93.0,20.0,0.7,93.03,909894.8,454.9474,34.05
787,20.0,0.7,94.0,20.0,0.7,94.03,909521.2,454.7606,34.02
788,20.0,0.7,95.0,19.998,0.7,95.05,909584.6,454.7923,34.3
789,20.0,0.7,97.0,19.998,0.7,97.07,907553.2,453.7766,34.14
790,20.0,0.7,99.0,19.998,0.7,99.05,905016.7999999999,452.5084,34.13
791,20.0,0.7,101.0,19.997,0.7,101.07,900832.7999999999,450.4164,33.48
792,20.0,0.7,103.0,19.997,0.7,103.09,896645.9999999999,448.323,33.32
793,20.0,0.7,105.0,19.999,0.7,105.06,893088.4,446.5442,33.63
794,20.0,0.7,110.0,19.997,0.7,110.0,876136.2,438.0681,31.79
795,20.0,0.7,115.0,19.997,0.7,114.95,857870.4,428.9352,30.44
796,20.0,0.7,120.0,19.996,0.7,119.9,839795.2,419.8976,29.75
797,20.0,0.7,125.0,19.996,0.7,124.84,820162.6,410.0813,28.69
798,20.0,0.7,130.0,19.995,0.7,129.77,802447.6,401.2238,28.31
799,20.0,0.7,135.0,19.997,0.7,134.73,785436.0,392.718,27.89
800,20.0,0.7,140.0,19.996,0.7,139.69,770052.6,385.0263,27.62
801,20.0,0.7,145.0,19.997,0.7,144.68,756084.2,378.0421,27.21
802,20.0,0.7,150.0,19.997,0.7,149.68,743294.8,371.6474,26.61
803,20.0,0.7,155.0,19.996,0.7,154.7,733461.3999999999,366.7307,26.57
804,20.0,0.7,160.0,19.992,0.7,159.73,725826.4,362.9132,26.75
805,20.0,0.7,165.0,19.992,0.7,164.78,718794.4,359.3972,26.41
806,20.0,0.7,170.0,19.993,0.7,169.83,715259.6,357.6298,26.9
807,20.0,0.7,175.0,19.994,0.7,174.89,711975.4,355.9877,26.83
808,20.0,0.7,180.0,19.991,0.7,179.98,709299.7999999999,354.6499,26.49
821,20.0,1.0,0.0,19.978,1.0,0.11,620379.2000000001,310.1896,25.0
822,20.0,1.0,5.0,19.981,1.0,5.07,620829.6,310.4148,24.88
823,20.0,1.0,10.0,19.981,1.0,10.04,623864.4,311.9322,25.18
824,20.0,1.0,15.0,19.983,1.0,15.03,627507.0,313.7535,25.1
825,20.0,1.0,20.0,19.981,1.0,20.01,632911.2,316.4556,25.13
826,20.0,1.0,25.0,19.999,1.0,25.01,640979.6,320.4898,25.46
827,20.0,1.0,30.0,19.998,1.0,30.0,649341.0,324.6705,25.2
828,20.0,1.0,35.0,19.998,1.0,34.99,660574.6,330.2873,25.17
829,20.0,1.0,40.0,19.996,1.0,39.97,675800.6,337.9003,25.71
830,20.0,1.0,45.0,19.994,1.0,44.94,691961.0,345.9805,25.74
831,20.0,1.0,50.0,19.993,1.0,49.91,712210.8,356.1054,26.12
832,20.0,1.0,55.0,19.988,1.0,54.87,733221.7999999999,366.6109,25.82
833,20.0,1.0,60.0,19.986,1.0,59.86,762593.8,381.2969,27.55
834,20.0,1.0,65.0,19.985,1.0,64.85,791710.2,395.8551,28.56
835,20.0,1.0,70.0,19.984,1.0,69.84,820942.2000000001,410.4711,29.39
836,20.0,1.0,75.0,19.985,1.0,74.86,849509.2000000001,424.7546,30.62
837,20.0,1.0,77.0,19.985,1.0,76.85,858656.4,429.3282,30.64
838,20.0,1.0,79.0,19.986,1.0,78.88,869188.6000000001,434.5943,31.41
839,20.0,1.0,81.0,19.987,1.0,80.9,877765.6000000001,438.8828,31.84
840,20.0,1.0,83.0,19.986,1.0,82.89,886024.5999999999,443.0123,32.61
841,20.0,1.0,85.0,19.988,1.0,84.93,892608.0,446.304,33.16
842,20.0,1.0,86.0,19.987,1.0,85.94,894317.4000000001,447.1587,32.89
843,20.0,1.0,87.0,19.987,1.0,86.94,896606.2,448.3031,33.06
844,20.0,1.0,88.0,19.989,1.0,87.93,897829.4,448.9147,32.83
845,20.0,1.0,89.0,19.995,1.0,88.94,899625.7999999999,449.8129,33.11
846,20.0,1.0,90.0,19.999,1.0,89.96,900433.0,450.2165,33.01
847,20.0,1.0,91.0,19.996,1.0,90.99,902024.2000000001,451.0121,33.66
848,20.0,1.0,92.0,19.997,1.0,91.99,901273.2,450.6366,33.15
849,20.0,1.0,93.0,19.996,1.0,92.98,901922.6000000001,450.9613,33.66
850,20.0,1.0,94.0,19.998,1.0,93.98,900647.6000000001,450.3238,33.23
851,20.0,1.0,95.0,19.999,1.0,94.99,899401.3999999999,449.7007,33.24
852,20.0,1.0,97.0,19.998,1.0,97.0,894856.2,447.4281,32.61
853,20.0,1.0,99.0,19.999,1.0,98.98,889045.4,444.5227,31.92
854,20.0,1.0,101.0,19.998,1.0,100.99,884388.2,442.1941,32.53
855,20.0,1.0,103.0,19.998,1.0,103.01,874971.4,437.4857,31.47
856,20.0,1.0,105.0,19.998,1.0,104.98,865975.7999999999,432.9879,31.03
857,20.0,1.0,110.0,19.999,1.0,109.92,838637.2,419.3186,29.56
858,20.0,1.0,115.0,19.998,1.0,114.88,808627.6,404.3138,28.29
859,20.0,1.0,120.0,19.998,1.0,119.85,778995.4,389.4977,27.48
860,20.0,1.0,125.0,19.994,1.0,124.81,748625.7999999999,374.3129,26.04
861,20.0,1.0,130.0,19.993,1.0,129.77,723421.6000000001,361.7108,25.74
862,20.0,1.0,135.0,19.99,1.0,134.75,701213.8,350.6069,25.43
863,20.0,1.0,140.0,19.992,1.0,139.74,681952.4,340.9762,25.13
864,20.0,1.0,145.0,19.98,1.0,144.73,665962.6,332.9813,24.96
865,20.0,1.0,150.0,19.994,1.0,149.75,652220.2000000001,326.1101,24.66
866,20.0,1.0,155.0,19.981,1.0,154.77,643174.2000000001,321.5871,25.19
867,20.0,1.0,160.0,19.989,1.0,159.81,633892.2,316.9461,24.78
868,20.0,1.0,165.0,19.981,1.0,164.84,627011.3999999999,313.5057,24.66
869,20.0,1.0,170.0,19.992,1.0,169.89,622268.0,311.134,24.71
870,20.0,1.0,175.0,19.991,1.0,174.92,619993.4,309.9967,24.96
871,20.0,1.0,180.0,19.981,1.0,179.98,618494.2,309.2471,25.05
884,20.0,1.5,0.0,19.982,1.5,0.08,522215.2,261.1076,24.48
885,20.0,1.5,5.0,19.983,1.5,5.01,522558.60000000003,261.2793,24.31
886,20.0,1.5,10.0,19.98,1.5,9.97,525026.6,262.5133,24.7
887,20.0,1.5,15.0,19.983,1.5,14.93,527197.2,263.5986,24.42
888,20.0,1.5,20.0,19.982,1.5,19.91,531294.0,265.647,24.37
889,20.0,1.5,25.0,19.983,1.5,24.9,536799.7999999999,268.3999,24.36
890,20.0,1.5,30.0,19.983,1.5,29.91,543234.6,271.6173,24.0
891,20.0,1.5,35.0,19.98,1.5,34.91,552536.3999999999,276.2682,23.92
892,20.0,1.5,40.0,19.988,1.5,39.93,564634.2,282.3171,24.08
893,20.0,1.5,45.0,19.984,1.5,44.94,578859.2,289.4296,23.64
894,20.0,1.5,50.0,19.986,1.5,49.94,598318.8,299.1594,23.91
895,20.0,1.5,55.0,19.991,1.5,54.95,622208.4,311.1042,24.03
896,20.0,1.5,60.0,19.99,1.5,59.95,651129.2000000001,325.5646,24.05
897,20.0,1.5,65.0,19.99,1.5,64.96,687324.7999999999,343.6624,24.51
898,20.0,1.5,70.0,19.985,1.5,69.95,731414.4,365.7072,25.76
899,20.0,1.5,75.0,19.983,1.5,74.94,780214.6,390.1073,27.54
900,20.0,1.5,77.0,19.985,1.5,76.91,798511.3999999999,399.2557,28.07
901,20.0,1.5,79.0,19.985,1.5,78.92,815869.2,407.9346,28.24
902,20.0,1.5,81.0,19.986,1.5,80.92,835320.8,417.6604,29.46
903,20.0,1.5,83.0,19.985,1.5,82.89,851725.7999999999,425.8629,30.5
904,20.0,1.5,85.0,19.987,1.5,84.9,865785.8,432.8929,31.29
905,20.0,1.5,86.0,19.986,1.5,85.91,871314.4,435.6572,31.55
906,20.0,1.5,87.0,19.986,1.5,86.89,874942.2000000001,437.4711,31.19
907,20.0,1.5,88.0,19.985,1.5,87.87,878358.4,439.1792,31.1
908,20.0,1.5,89.0,19.986,1.5,88.87,882837.9999999999,441.419,31.78
909,20.0,1.5,90.0,19.988,1.5,89.88,884748.4,442.3742,31.66
910,20.0,1.5,91.0,19.991,1.5,90.89,886855.2,443.4276,31.94
911,20.0,1.5,92.0,19.992,1.5,91.89,886665.2,443.3326,31.74
912,20.0,1.5,93.0,19.996,1.5,92.86,886257.2,443.1286,31.75
913,20.0,1.5,94.0,19.999,1.5,93.85,884834.8,442.4174,31.58
914,20.0,1.5,95.0,19.999,1.5,94.86,882645.8,441.3229,31.62
915,20.0,1.5,97.0,19.998,1.5,96.85,874345.6,437.1728,31.0
916,20.0,1.5,99.0,19.996,1.5,98.81,863128.2,431.5641,30.35
917,20.0,1.5,101.0,19.999,1.5,100.82,850777.0,425.3885,30.4
918,20.0,1.5,103.0,19.997,1.5,102.82,833033.4,416.5167,28.99
919,20.0,1.5,105.0,19.995,1.5,104.79,815472.2,407.7361,28.33
920,20.0,1.5,110.0,19.998,1.5,109.73,767398.2,383.6991,26.72
921,20.0,1.5,115.0,19.994,1.5,114.73,719074.4,359.5372,25.36
922,20.0,1.5,120.0,19.985,1.5,119.74,676338.2,338.1691,24.36
923,20.0,1.5,125.0,19.981,1.5,124.76,641598.4,320.7992,24.03
924,20.0,1.5,130.0,19.983,1.5,129.77,612015.2,306.0076,23.36
925,20.0,1.5,135.0,19.983,1.5,134.81,590047.4,295.0237,23.73
926,20.0,1.5,140.0,19.982,1.5,139.86,571367.0,285.6835,23.55
927,20.0,1.5,145.0,19.985,1.5,144.91,557815.2,278.9076,23.93
928,20.0,1.5,150.0,19.986,1.5,149.96,546761.2,273.3806,23.92
929,20.0,1.5,155.0,19.987,1.5,155.0,537380.2,268.6901,23.6
930,20.0,1.5,160.0,19.986,1.5,160.02,532248.6,266.1243,24.43
931,20.0,1.5,165.0,19.988,1.5,165.03,526825.6,263.4128,24.28
932,20.0,1.5,170.0,19.987,1.5,170.03,523846.60000000003,261.9233,24.41
933,20.0,1.5,175.0,19.985,1.5,175.0,520759.19999999995,260.3796,24.08
934,20.0,1.5,180.0,19.986,1.5,179.99,520092.0,260.046,24.21
947,20.0,2.0,0.0,19.98,2.0,0.07,459539.19999999995,229.7696,23.73
948,20.0,2.0,5.0,19.986,2.0,4.98,461063.0,230.5315,24.22
949,20.0,2.0,10.0,19.987,2.0,9.91,461831.80000000005,230.9159,23.96
950,20.0,2.0,15.0,19.986,2.0,14.85,463561.80000000005,231.7809,23.77
951,20.0,2.0,20.0,19.986,2.0,19.82,467625.0,233.8125,24.17
952,20.0,2.0,25.0,19.987,2.0,24.82,471728.39999999997,235.8642,23.89
953,20.0,2.0,30.0,19.988,2.0,29.82,477111.6,238.5558,23.58
954,20.0,2.0,35.0,19.985,2.0,34.84,485047.6,242.5238,23.58
955,20.0,2.0,40.0,19.986,2.0,39.87,494856.2,247.4281,23.46
956,20.0,2.0,45.0,19.986,2.0,44.91,507054.60000000003,253.5273,23.08
957,20.0,2.0,50.0,19.985,2.0,49.95,522500.8,261.2504,22.72
958,20.0,2.0,55.0,19.982,2.0,54.97,544134.4,272.0672,23.12
959,20.0,2.0,60.0,19.98,2.0,59.99,569594.2,284.7971,22.79
960,20.0,2.0,65.0,19.986,2.0,65.03,605939.4,302.9697,23.34
961,20.0,2.0,70.0,19.995,2.0,70.02,649493.8,324.7469,23.27
962,20.0,2.0,75.0,19.988,2.0,74.99,706981.6,353.4908,24.17
963,20.0,2.0,77.0,19.985,2.0,76.95,733067.8,366.5339,25.18
964,20.0,2.0,79.0,19.985,2.0,78.94,760133.0,380.0665,25.96
965,20.0,2.0,81.0,19.985,2.0,80.92,787288.0,393.644,27.13
966,20.0,2.0,83.0,19.986,2.0,82.87,813682.6,406.8413,28.55
967,20.0,2.0,85.0,19.984,2.0,84.86,835430.2,417.7151,29.0
968,20.0,2.0,86.0,19.985,2.0,85.86,844553.8,422.2769,29.15
969,20.0,2.0,87.0,19.987,2.0,86.84,854368.2000000001,427.1841,30.01
970,20.0,2.0,88.0,19.985,2.0,87.81,861533.2000000001,430.7666,30.38
971,20.0,2.0,89.0,19.986,2.0,88.79,867679.9999999999,433.84,30.59
972,20.0,2.0,90.0,19.986,2.0,89.8,872732.7999999999,436.3664,31.1
973,20.0,2.0,91.0,19.986,2.0,90.79,874820.8,437.4104,30.92
974,20.0,2.0,92.0,19.986,2.0,91.78,876013.2,438.0066,30.96
975,20.0,2.0,93.0,19.99,2.0,92.75,875984.3999999999,437.9922,31.45
976,20.0,2.0,94.0,19.989,2.0,93.74,872902.3999999999,436.4512,30.86
977,20.0,2.0,95.0,19.995,2.0,94.73,868545.0000000001,434.2725,30.47
978,20.0,2.0,97.0,19.998,2.0,96.71,855692.8,427.8464,30.08
979,20.0,2.0,99.0,19.996,2.0,98.67,835412.0000000001,417.706,28.55
980,20.0,2.0,101.0,19.998,2.0,100.67,812965.2,406.4826,27.9
981,20.0,2.0,103.0,19.997,2.0,102.67,787369.4,393.6847,26.94
982,20.0,2.0,105.0,19.997,2.0,104.64,760219.0,380.1095,26.0
983,20.0,2.0,110.0,19.993,2.0,109.59,695226.2,347.6131,24.48
984,20.0,2.0,115.0,19.987,2.0,114.61,639632.3999999999,319.8162,23.74
985,20.0,2.0,120.0,19.983,2.0,119.66,594469.2,297.2346,22.96
986,20.0,2.0,125.0,19.988,2.0,124.73,560928.6,280.4643,22.93
987,20.0,2.0,130.0,19.985,2.0,129.8,535134.2,267.5671,22.88
988,20.0,2.0,135.0,19.987,2.0,134.88,516532.80000000005,258.2664,23.47
989,20.0,2.0,140.0,19.986,2.0,139.97,500903.39999999997,250.4517,23.37
990,20.0,2.0,145.0,19.988,2.0,145.06,487887.39999999997,243.9437,23.11
991,20.0,2.0,150.0,19.985,2.0,150.13,479975.0,239.9875,23.8
992,20.0,2.0,155.0,19.984,2.0,155.18,471680.4,235.8402,23.34
993,20.0,2.0,160.0,19.988,2.0,160.2,466807.80000000005,233.4039,23.51
994,20.0,2.0,165.0,19.987,2.0,165.18,462662.39999999997,231.3312,23.49
995,20.0,2.0,170.0,19.986,2.0,170.15,459258.39999999997,229.6292,23.18
996,20.0,2.0,175.0,19.988,2.0,175.07,459758.8,229.8794,24.12
997,20.0,2.0,180.0,19.988,2.0,180.0,458600.8,229.3004,23.85
1010,20.0,3.0,0.0,19.987,3.0,0.04,383544.4,191.7722,23.68
1011,20.0,3.0,5.0,19.988,3.0,4.93,383866.60000000003,191.9333,23.72
1012,20.0,3.0,10.0,19.988,3.0,9.84,385151.0,192.5755,23.98
1013,20.0,3.0,15.0,19.989,3.0,14.78,386083.0,193.0415,23.7
1014,20.0,3.0,20.0,19.991,3.0,19.74,388025.8,194.0129,23.51
1015,20.0,3.0,25.0,19.992,3.0,24.74,390484.8,195.2424,23.12
1016,20.0,3.0,30.0,19.992,3.0,29.75,395487.2,197.7436,23.29
1017,20.0,3.0,35.0,19.992,3.0,34.78,401333.39999999997,200.6667,22.99
1018,20.0,3.0,40.0,19.991,3.0,39.82,408494.0,204.247,22.46
1019,20.0,3.0,45.0,19.989,3.0,44.86,419447.0,209.7235,22.66
1020,20.0,3.0,50.0,19.989,3.0,49.9,431970.2,215.9851,22.25
1021,20.0,3.0,55.0,19.99,3.0,54.93,448182.39999999997,224.0912,21.98
1022,20.0,3.0,60.0,19.987,3.0,59.98,469507.6,234.7538,21.77
1023,20.0,3.0,65.0,19.986,3.0,64.99,497942.19999999995,248.9711,21.84
1024,20.0,3.0,70.0,19.986,3.0,69.98,535132.2,267.5661,21.48
1025,20.0,3.0,75.0,19.981,3.0,74.96,590161.3999999999,295.0807,21.7
1026,20.0,3.0,77.0,19.981,3.0,76.9,618388.4,309.1942,21.9
1027,20.0,3.0,79.0,19.98,3.0,78.88,651714.2,325.8571,22.35
1028,20.0,3.0,81.0,19.995,3.0,80.85,690353.3999999999,345.1767,23.42
1029,20.0,3.0,83.0,19.996,3.0,82.78,730144.4,365.0722,24.39
1030,20.0,3.0,85.0,19.988,3.0,84.75,773163.6000000001,386.5818,26.13
1031,20.0,3.0,86.0,19.988,3.0,85.74,792657.0,396.3285,26.78
1032,20.0,3.0,87.0,19.984,3.0,86.7,813681.4,406.8407,28.38
1033,20.0,3.0,88.0,19.986,3.0,87.66,825118.0,412.559,27.57
1034,20.0,3.0,89.0,19.987,3.0,88.65,841326.2000000001,420.6631,29.07
1035,20.0,3.0,90.0,19.986,3.0,89.63,851771.6000000001,425.8858,29.68
1036,20.0,3.0,91.0,19.986,3.0,90.62,856246.9999999999,428.1235,29.11
1037,20.0,3.0,92.0,19.987,3.0,91.6,859678.3999999999,429.8392,29.75
1038,20.0,3.0,93.0,19.986,3.0,92.56,860208.7999999999,430.1044,30.41
1039,20.0,3.0,94.0,19.986,3.0,93.55,853299.0,426.6495,29.53
1040,20.0,3.0,95.0,19.988,3.0,94.53,843828.0000000001,421.914,29.0
1041,20.0,3.0,97.0,19.992,3.0,96.5,815130.8,407.5654,27.75
1042,20.0,3.0,99.0,19.997,3.0,98.45,775379.6,387.6898,25.46
1043,20.0,3.0,101.0,19.998,3.0,100.46,735038.2,367.5191,24.74
1044,20.0,3.0,103.0,19.994,3.0,102.47,692709.4,346.3547,23.52
1045,20.0,3.0,105.0,19.984,3.0,104.43,653307.0,326.6535,22.55
1046,20.0,3.0,110.0,19.983,3.0,109.41,577631.8,288.8159,22.0
1047,20.0,3.0,115.0,19.983,3.0,114.46,524112.2,262.0561,21.88
1048,20.0,3.0,120.0,19.987,3.0,119.54,487840.6,243.9203,22.14
1049,20.0,3.0,125.0,19.986,3.0,124.65,460547.99999999994,230.274,22.21
1050,20.0,3.0,130.0,19.988,3.0,129.75,440165.2,220.0826,22.46
1051,20.0,3.0,135.0,19.989,3.0,134.88,424045.2,212.0226,22.45
1052,20.0,3.0,140.0,19.988,3.0,139.99,412220.2,206.1101,22.7
1053,20.0,3.0,145.0,19.988,3.0,145.09,401332.4,200.6662,22.12
1054,20.0,3.0,150.0,19.988,3.0,150.19,395946.0,197.973,23.2
1055,20.0,3.0,155.0,19.988,3.0,155.26,389312.39999999997,194.6562,22.56
1056,20.0,3.0,160.0,19.99,3.0,160.28,387286.0,193.643,23.48
1057,20.0,3.0,165.0,19.99,3.0,165.27,384307.6,192.1538,23.24
1058,20.0,3.0,170.0,19.988,3.0,170.22,382035.2,191.0176,22.86
1059,20.0,3.0,175.0,19.989,3.0,175.1,382943.19999999995,191.4716,23.6
1060,20.0,3.0,180.0,19.993,3.0,179.98,382956.2,191.4781,23.71
1073,20.0,5.0,0.0,19.988,5.0,-0.01,301156.80000000005,150.5784,23.7
1074,20.0,5.0,5.0,19.99,5.0,4.87,300773.2,150.3866,23.26
1075,20.0,5.0,10.0,19.993,5.0,9.79,301577.6,150.7888,23.61
1076,20.0,5.0,15.0,19.991,5.0,14.73,302166.4,151.0832,23.49
1077,20.0,5.0,20.0,19.993,5.0,19.7,303007.4,151.5037,23.19
1078,20.0,5.0,25.0,19.997,5.0,24.71,305177.2,152.5886,23.13
1079,20.0,5.0,30.0,19.992,5.0,29.72,308719.6,154.3598,23.04
1080,20.0,5.0,35.0,19.995,5.0,34.73,313016.19999999995,156.5081,22.68
1081,20.0,5.0,40.0,19.994,5.0,39.75,319054.6,159.5273,22.48
1082,20.0,5.0,45.0,19.993,5.0,44.77,326766.60000000003,163.3833,22.09
1083,20.0,5.0,50.0,19.996,5.0,49.8,336638.0,168.319,21.74
1084,20.0,5.0,55.0,19.995,5.0,54.8,348758.80000000005,174.3794,21.21
1085,20.0,5.0,60.0,19.994,5.0,59.81,364382.2,182.1911,20.76
1086,20.0,5.0,65.0,19.992,5.0,64.81,385665.2,192.8326,20.49
1087,20.0,5.0,70.0,19.991,5.0,69.79,413340.4,206.6702,19.89
1088,20.0,5.0,75.0,19.992,5.0,74.73,454509.6,227.2548,19.81
1089,20.0,5.0,77.0,19.986,5.0,76.67,475909.0,237.9545,19.65
1090,20.0,5.0,79.0,19.985,5.0,78.64,502819.6,251.4098,19.45
1091,20.0,5.0,81.0,19.985,5.0,80.6,538896.7999999999,269.4484,19.89
1092,20.0,5.0,83.0,19.981,5.0,82.52,583079.2000000001,291.5396,20.17
1093,20.0,5.0,85.0,19.98,5.0,84.48,642674.2000000001,321.3371,21.15
1094,20.0,5.0,86.0,19.987,5.0,85.47,676257.0,338.1285,21.72
1095,20.0,5.0,87.0,19.996,5.0,86.43,711781.4,355.8907,22.67
1096,20.0,5.0,88.0,19.993,5.0,87.38,748246.0,374.123,23.98
1097,20.0,5.0,89.0,19.987,5.0,88.35,784149.4,392.0747,25.82
1098,20.0,5.0,90.0,19.986,5.0,89.33,813836.6,406.9183,27.51
1099,20.0,5.0,91.0,19.985,5.0,90.31,832720.0000000001,416.36,28.02
1100,20.0,5.0,92.0,19.986,5.0,91.29,842308.0,421.154,28.91
1101,20.0,5.0,93.0,19.987,5.0,92.25,837336.8,418.6684,28.15
1102,20.0,5.0,94.0,19.986,5.0,93.23,823876.8,411.9384,27.86
1103,20.0,5.0,95.0,19.988,5.0,94.22,797838.6000000001,398.9193,26.2
1104,20.0,5.0,97.0,19.994,5.0,96.17,733026.4,366.5132,24.41
1105,20.0,5.0,99.0,19.995,5.0,98.14,659896.7999999999,329.9484,21.9
1106,20.0,5.0,101.0,19.981,5.0,100.14,595877.0,297.9385,20.7
1107,20.0,5.0,103.0,19.984,5.0,102.17,546840.4,273.4202,20.62
1108,20.0,5.0,105.0,19.988,5.0,104.16,508493.0,254.2465,20.37
1109,20.0,5.0,110.0,19.988,5.0,109.16,443941.39999999997,221.9707,20.5
1110,20.0,5.0,115.0,19.989,5.0,114.24,402798.6,201.3993,20.54
1111,20.0,5.0,120.0,19.991,5.0,119.35,374756.2,187.3781,20.76
1112,20.0,5.0,125.0,19.994,5.0,124.48,354154.2,177.0771,20.94
1113,20.0,5.0,130.0,19.995,5.0,129.59,339166.0,169.583,21.38
1114,20.0,5.0,135.0,19.997,5.0,134.73,326465.2,163.2326,21.23
1115,20.0,5.0,140.0,19.993,5.0,139.86,318172.0,159.086,21.94
1116,20.0,5.0,145.0,19.991,5.0,144.98,312148.2,156.0741,22.74
1117,20.0,5.0,150.0,19.992,5.0,150.08,306742.0,153.371,22.83
1118,20.0,5.0,155.0,19.991,5.0,155.16,302917.4,151.4587,22.71
1119,20.0,5.0,160.0,19.992,5.0,160.23,300770.60000000003,150.3853,22.78
1120,20.0,5.0,165.0,19.994,5.0,165.25,300274.2,150.1371,23.59
1121,20.0,5.0,170.0,19.991,5.0,170.2,300156.0,150.078,23.6
1122,20.0,5.0,175.0,19.995,5.0,175.07,301189.8,150.5949,23.96
1123,20.0,5.0,180.0,19.992,5.0,179.94,301035.39999999997,150.5177,23.56
1136,20.0,7.0,0.0,19.988,7.0,-0.05,250879.19999999998,125.4396,23.77
1137,20.0,7.0,5.0,19.989,7.0,4.84,251015.8,125.5079,23.54
1138,20.0,7.0,10.0,19.994,7.0,9.78,251156.59999999998,125.5783,23.49
1139,20.0,7.0,15.0,19.996,7.0,14.73,251475.4,125.7377,23.51
1140,20.0,7.0,20.0,19.995,7.0,19.71,252371.8,126.1859,23.28
1141,20.0,7.0,25.0,19.998,7.0,24.71,253782.4,126.8912,22.72
1142,20.0,7.0,30.0,19.996,7.0,29.71,256803.00000000003,128.4015,22.55
1143,20.0,7.0,35.0,19.996,7.0,34.7,261036.0,130.518,22.38
1144,20.0,7.0,40.0,19.995,7.0,39.69,266442.0,133.221,22.02
1145,20.0,7.0,45.0,19.997,7.0,44.68,273579.39999999997,136.7897,21.87
1146,20.0,7.0,50.0,19.996,7.0,49.67,282086.2,141.0431,21.42
1147,20.0,7.0,55.0,19.997,7.0,54.65,292804.2,146.4021,21.0
1148,20.0,7.0,60.0,19.995,7.0,59.63,306045.60000000003,153.0228,20.39
1149,20.0,7.0,65.0,19.994,7.0,64.6,324159.8,162.0799,20.26
1150,20.0,7.0,70.0,19.993,7.0,69.54,346803.6,173.4018,19.57
1151,20.0,7.0,75.0,19.996,7.0,74.47,379896.4,189.9482,19.06
1152,20.0,7.0,77.0,19.992,7.0,76.42,396966.19999999995,198.4831,18.66
1153,20.0,7.0,79.0,19.992,7.0,78.38,419860.4,209.9302,18.69
1154,20.0,7.0,81.0,19.991,7.0,80.35,447746.8,223.8734,18.49
1155,20.0,7.0,83.0,19.988,7.0,82.26,484804.2,242.4021,18.59
1156,20.0,7.0,85.0,19.987,7.0,84.2,538762.0,269.381,19.06
1157,20.0,7.0,86.0,19.986,7.0,85.19,572287.4,286.1437,19.06
1158,20.0,7.0,87.0,19.981,7.0,86.14,615439.0,307.7195,20.13
1159,20.0,7.0,88.0,19.988,7.0,87.1,660923.6,330.4618,20.74
1160,20.0,7.0,89.0,19.996,7.0,88.07,713846.7999999999,356.9234,22.42
1161,20.0,7.0,90.0,19.988,7.0,89.03,765342.0,382.671,24.56
1162,20.0,7.0,91.0,19.987,7.0,90.02,806347.8,403.1739,26.6
1163,20.0,7.0,92.0,19.988,7.0,90.99,827474.5999999999,413.7373,27.7
1164,20.0,7.0,93.0,19.985,7.0,91.96,826085.2000000001,413.0426,27.96
1165,20.0,7.0,94.0,19.989,7.0,92.94,799754.2000000001,399.8771,26.22
1166,20.0,7.0,95.0,19.986,7.0,93.93,759098.0,379.549,24.84
1167,20.0,7.0,97.0,19.988,7.0,95.87,660477.4,330.2387,22.11
1168,20.0,7.0,99.0,19.994,7.0,97.85,571620.0,285.81,20.08
1169,20.0,7.0,101.0,19.985,7.0,99.85,506553.0,253.2765,19.46
1170,20.0,7.0,103.0,19.991,7.0,101.91,459148.6,229.5743,19.07
1171,20.0,7.0,105.0,19.994,7.0,103.91,424810.99999999994,212.4055,18.73
1172,20.0,7.0,110.0,19.992,7.0,108.93,370177.8,185.0889,19.17
1173,20.0,7.0,115.0,19.994,7.0,114.02,336037.39999999997,168.0187,19.65
1174,20.0,7.0,120.0,19.994,7.0,119.13,313318.19999999995,156.6591,20.42
1175,20.0,7.0,125.0,19.994,7.0,124.26,295344.4,147.6722,20.39
1176,20.0,7.0,130.0,19.995,7.0,129.37,282751.60000000003,141.3758,21.09
1177,20.0,7.0,135.0,19.998,7.0,134.51,272542.4,136.2712,21.32
1178,20.0,7.0,140.0,19.994,7.0,139.63,264555.0,132.2775,21.53
1179,20.0,7.0,145.0,19.996,7.0,144.75,257924.6,128.9623,21.47
1180,20.0,7.0,150.0,19.994,7.0,149.86,254252.8,127.1264,22.3
1181,20.0,7.0,155.0,19.993,7.0,154.96,250304.0,125.152,21.79
1182,20.0,7.0,160.0,19.995,7.0,160.06,249155.40000000002,124.5777,22.73
1183,20.0,7.0,165.0,19.992,7.0,165.11,248857.8,124.4289,23.11
1184,20.0,7.0,170.0,19.994,7.0,170.1,249518.40000000002,124.7592,23.58
1185,20.0,7.0,175.0,19.996,7.0,174.98,249630.40000000002,124.8152,22.96
1186,20.0,7.0,180.0,19.994,7.0,179.85,250494.2,125.2471,23.24
1199,20.0,8.0,0.0,19.991,8.0,-0.02,230208.19999999998,115.1041,23.1
1200,20.0,8.0,5.0,19.994,8.0,4.89,230923.0,115.4615,23.32
1201,20.0,8.0,10.0,19.991,8.0,9.83,230884.6,115.4423,23.22
1202,20.0,8.0,15.0,19.995,8.0,14.79,231275.8,115.6379,23.19
1203,20.0,8.0,20.0,19.995,8.0,19.78,231859.4,115.9297,22.77
1204,20.0,8.0,25.0,19.996,8.0,24.78,233966.19999999998,116.9831,22.68
1205,20.0,8.0,30.0,19.996,8.0,29.78,237199.80000000002,118.5999,22.64
1206,20.0,8.0,35.0,19.997,8.0,34.75,241364.19999999998,120.6821,22.41
1207,20.0,8.0,40.0,19.999,8.0,39.74,246854.19999999998,123.4271,22.14
1208,20.0,8.0,45.0,19.995,8.0,44.71,253354.59999999998,126.6773,21.62
1209,20.0,8.0,50.0,19.995,8.0,49.68,261759.2,130.8796,21.34
1210,20.0,8.0,55.0,19.994,8.0,54.63,272189.19999999995,136.0946,20.94
1211,20.0,8.0,60.0,19.998,8.0,59.62,285016.19999999995,142.5081,20.44
1212,20.0,8.0,65.0,19.996,8.0,64.57,301152.6,150.5763,19.89
1213,20.0,8.0,70.0,19.994,8.0,69.51,322859.6,161.4298,19.4
1214,20.0,8.0,75.0,19.994,8.0,74.43,353783.2,176.8916,18.85
1215,20.0,8.0,77.0,19.993,8.0,76.36,369034.2,184.5171,18.34
1216,20.0,8.0,79.0,19.993,8.0,78.33,390442.4,195.2212,18.4
1217,20.0,8.0,81.0,19.995,8.0,80.29,416289.4,208.1447,18.14
1218,20.0,8.0,83.0,19.991,8.0,82.19,450680.4,225.3402,18.17
1219,20.0,8.0,85.0,19.994,8.0,84.14,500096.0,250.048,18.33
1220,20.0,8.0,86.0,19.986,8.0,85.11,532957.0,266.4785,18.44
1221,20.0,8.0,87.0,19.985,8.0,86.06,573545.6,286.7728,18.97
1222,20.0,8.0,88.0,19.981,8.0,87.01,623317.4,311.6587,19.98
1223,20.0,8.0,89.0,19.989,8.0,87.98,679389.6,339.6948,21.13
1224,20.0,8.0,90.0,19.989,8.0,88.95,740064.6,370.0323,23.2
1225,20.0,8.0,91.0,19.995,8.0,89.94,792067.6000000001,396.0338,25.71
1226,20.0,8.0,92.0,19.995,8.0,90.91,820144.8,410.0724,27.24
1227,20.0,8.0,93.0,19.989,8.0,91.88,818344.4,409.1722,27.15
1228,20.0,8.0,94.0,19.987,8.0,92.87,789599.2000000001,394.7996,26.49
1229,20.0,8.0,95.0,19.987,8.0,93.87,737445.7999999999,368.7229,23.73
1230,20.0,8.0,97.0,19.987,8.0,95.8,626612.2000000001,313.3061,21.1
1231,20.0,8.0,99.0,19.998,8.0,97.78,535628.0,267.814,19.56
1232,20.0,8.0,101.0,19.991,8.0,99.79,471559.19999999995,235.7796,18.76
1233,20.0,8.0,103.0,19.994,8.0,101.85,427399.60000000003,213.6998,18.63
1234,20.0,8.0,105.0,19.995,8.0,103.86,395725.0,197.8625,18.65
1235,20.0,8.0,110.0,19.997,8.0,108.88,343401.60000000003,171.7008,18.7
1236,20.0,8.0,115.0,19.995,8.0,113.98,311231.39999999997,155.6157,19.03
1237,20.0,8.0,120.0,19.995,8.0,119.09,289854.6,144.9273,19.82
1238,20.0,8.0,125.0,19.997,8.0,124.21,274000.39999999997,137.0002,20.43
1239,20.0,8.0,130.0,19.998,8.0,129.33,261635.80000000002,130.8179,20.84
1240,20.0,8.0,135.0,19.997,8.0,134.46,252139.39999999997,126.0697,21.32
1241,20.0,8.0,140.0,19.997,8.0,139.57,244192.8,122.0964,21.43
1242,20.0,8.0,145.0,19.997,8.0,144.69,238924.2,119.4621,22.19
1243,20.0,8.0,150.0,19.997,8.0,149.81,233889.6,116.9448,22.0
1244,20.0,8.0,155.0,19.995,8.0,154.91,231275.19999999998,115.6376,22.71
1245,20.0,8.0,160.0,19.995,8.0,160.01,229169.0,114.5845,22.48
1246,20.0,8.0,165.0,19.992,8.0,165.09,227730.6,113.8653,22.22
1247,20.0,8.0,170.0,19.994,8.0,170.1,228414.19999999998,114.2071,22.64
1248,20.0,8.0,175.0,19.997,8.0,175.0,230510.0,115.255,23.71
1249,20.0,8.0,180.0,19.994,8.0,179.88,230961.2,115.4806,23.36
1325,25.0,0.01,0.0,24.983,0.01,-0.41,795291.6,397.6458,29.1
1326,25.0,0.01,5.0,24.983,0.01,4.57,796199.4,398.0997,29.43
1327,25.0,0.01,10.0,24.985,0.01,9.61,796195.2000000001,398.0976,29.44
1328,25.0,0.01,15.0,25.002,0.01,14.61,795981.8,397.9909,29.35
1329,25.0,0.01,20.0,25.004,0.01,19.72,795795.0,397.8975,29.28
1330,25.0,0.01,25.0,24.998,0.01,24.79,795844.0,397.922,29.31
1331,25.0,0.01,30.0,24.991,0.01,29.87,796337.4,398.1687,29.51
1332,25.0,0.01,35.0,24.989,0.01,34.96,796313.2,398.1566,29.44
1333,25.0,0.01,40.0,24.988,0.01,40.01,796745.2000000001,398.3726,29.6
1334,25.0,0.01,45.0,24.989,0.01,45.1,796087.4,398.0437,29.29
1335,25.0,0.01,50.0,24.986,0.01,50.16,796111.8,398.0559,29.32
1336,25.0,0.01,55.0,24.987,0.01,55.19,796428.3999999999,398.2142,29.44
1337,25.0,0.01,60.0,24.988,0.01,60.19,796073.0,398.0365,29.25
1338,25.0,0.01,65.0,24.989,0.01,65.23,796301.8,398.1509,29.37
1339,25.0,0.01,70.0,24.988,0.01,70.23,796254.0,398.127,29.33
1340,25.0,0.01,75.0,24.987,0.01,75.24,796468.6,398.2343,29.41
1341,25.0,0.01,77.0,24.988,0.01,77.24,796252.0,398.126,29.34
1342,25.0,0.01,79.0,24.989,0.01,79.24,796440.0,398.22,29.39
1343,25.0,0.01,81.0,24.989,0.01,81.24,796581.6,398.2908,29.45
1344,25.0,0.01,83.0,24.994,0.01,83.18,796274.6,398.1373,29.26
1345,25.0,0.01,85.0,24.992,0.01,85.2,796606.4,398.3032,29.43
1346,25.0,0.01,86.0,24.993,0.01,86.19,796043.2,398.0216,29.23
1347,25.0,0.01,87.0,25.002,0.01,87.21,795826.6,397.9133,29.17
1348,25.0,0.01,88.0,24.997,0.01,88.2,796236.6,398.1183,29.28
1349,25.0,0.01,89.0,24.999,0.01,89.16,796771.0,398.3855,29.54
1350,25.0,0.01,90.0,25.0,0.01,90.18,796621.0,398.3105,29.41
1351,25.0,0.01,91.0,24.994,0.01,91.18,796588.2,398.2941,29.42
1352,25.0,0.01,92.0,24.999,0.01,92.15,796233.0,398.1165,29.3
1353,25.0,0.01,93.0,24.993,0.01,93.13,796342.2,398.1711,29.32
1354,25.0,0.01,94.0,24.993,0.01,94.15,796089.6,398.0448,29.2
1355,25.0,0.01,95.0,24.996,0.01,95.15,796172.4,398.0862,29.23
1356,25.0,0.01,97.0,24.996,0.01,97.14,796302.8,398.1514,29.33
1357,25.0,0.01,99.0,24.997,0.01,99.11,796587.4,398.2937,29.44
1358,25.0,0.01,101.0,24.996,0.01,101.04,796714.6,398.3573,29.47
1359,25.0,0.01,103.0,24.998,0.01,103.04,796573.8,398.2869,29.43
1360,25.0,0.01,105.0,24.999,0.01,105.01,796505.4,398.2527,29.37
1361,25.0,0.01,110.0,24.998,0.01,109.86,796658.6,398.3293,29.49
1362,25.0,0.01,115.0,24.997,0.01,114.81,796582.8,398.2914,29.45
1363,25.0,0.01,120.0,24.997,0.01,119.75,796694.0,398.347,29.47
1364,25.0,0.01,125.0,24.996,0.01,124.71,796262.6,398.1313,29.35
1365,25.0,0.01,130.0,24.997,0.01,129.68,795854.4,397.9272,29.19
1366,25.0,0.01,135.0,24.997,0.01,134.73,796557.0,398.2785,29.49
1367,25.0,0.01,140.0,25.003,0.01,139.82,796450.2000000001,398.2251,29.42
1368,25.0,0.01,145.0,25.003,0.01,144.95,796154.4,398.0772,29.3
1369,25.0,0.01,150.0,25.005,0.01,150.07,796041.2000000001,398.0206,29.23
1370,25.0,0.01,155.0,25.005,0.01,155.21,796619.4,398.3097,29.5
1371,25.0,0.01,160.0,25.003,0.01,160.34,796842.0,398.421,29.62
1372,25.0,0.01,165.0,25.003,0.01,165.43,797036.0,398.518,29.66
1373,25.0,0.01,170.0,25.005,0.01,170.51,796301.4,398.1507,29.39
1374,25.0,0.01,175.0,25.002,0.01,175.5,796329.2000000001,398.1646,29.4
1375,25.0,0.01,180.0,25.003,0.01,180.53,796076.0,398.038,29.27
1388,25.0,0.015,0.0,24.982,0.015,-0.22,796098.0,398.049,29.49
1389,25.0,0.015,5.0,24.986,0.015,4.79,795744.6,397.8723,29.31
1390,25.0,0.015,10.0,24.987,0.015,9.83,795765.4,397.8827,29.34
1391,25.0,0.015,15.0,25.002,0.015,14.87,795527.6,397.7638,29.19
1392,25.0,0.015,20.0,25.005,0.015,19.91,795942.6000000001,397.9713,29.33
1393,25.0,0.015,25.0,25.002,0.015,24.94,796397.2,398.1986,29.53
1394,25.0,0.015,30.0,24.992,0.015,30.0,795881.4,397.9407,29.28
1395,25.0,0.015,35.0,24.989,0.015,35.06,796175.6,398.0878,29.42
1396,25.0,0.015,40.0,24.987,0.015,40.09,795689.8,397.8449,29.19
1397,25.0,0.015,45.0,24.989,0.015,45.1,796404.0,398.202,29.5
1398,25.0,0.015,50.0,24.989,0.015,50.12,796399.7999999999,398.1999,29.47
1399,25.0,0.015,55.0,24.988,0.015,55.1,796094.6,398.0473,29.34
1400,25.0,0.015,60.0,24.988,0.015,60.11,796641.7999999999,398.3209,29.56
1401,25.0,0.015,65.0,24.987,0.015,65.12,796068.0,398.034,29.25
1402,25.0,0.015,70.0,24.988,0.015,70.12,796704.6,398.3523,29.51
1403,25.0,0.015,75.0,24.988,0.015,75.12,796603.0,398.3015,29.46
1404,25.0,0.015,77.0,24.987,0.015,77.08,796574.2000000001,398.2871,29.47
1405,25.0,0.015,79.0,24.991,0.015,79.12,796145.6,398.0728,29.24
1406,25.0,0.015,81.0,24.99,0.015,81.14,796041.6,398.0208,29.21
1407,25.0,0.015,83.0,24.995,0.015,83.12,796610.8,398.3054,29.48
1408,25.0,0.015,85.0,24.995,0.015,85.13,796557.0,398.2785,29.41
1409,25.0,0.015,86.0,24.994,0.015,86.15,796220.7999999999,398.1104,29.34
1410,25.0,0.015,87.0,24.997,0.015,87.14,796854.4,398.4272,29.58
1411,25.0,0.015,88.0,25.002,0.015,88.12,796256.6,398.1283,29.35
1412,25.0,0.015,89.0,24.993,0.015,89.13,795755.6,397.8778,29.13
1413,25.0,0.015,90.0,24.996,0.015,90.16,796280.6,398.1403,29.33
1414,25.0,0.015,91.0,24.995,0.015,91.17,796426.0,398.213,29.36
1415,25.0,0.015,92.0,24.996,0.015,92.16,796261.6,398.1308,29.34
1416,25.0,0.015,93.0,24.997,0.015,93.12,796920.0,398.46,29.57
1417,25.0,0.015,94.0,25.0,0.015,94.13,796408.0,398.204,29.35
1418,25.0,0.015,95.0,24.999,0.015,95.16,796215.4,398.1077,29.26
1419,25.0,0.015,97.0,25.0,0.015,97.1,796602.4,398.3012,29.45
1420,25.0,0.015,99.0,25.0,0.015,99.1,796521.2000000001,398.2606,29.4
1421,25.0,0.015,101.0,25.002,0.015,101.1,796201.0,398.1005,29.33
1422,25.0,0.015,103.0,25.002,0.015,103.08,796166.2000000001,398.0831,29.29
1423,25.0,0.015,105.0,25.002,0.015,105.01,796730.8,398.3654,29.53
1424,25.0,0.015,110.0,25.002,0.015,109.91,796456.4,398.2282,29.41
1425,25.0,0.015,115.0,25.003,0.015,114.83,797006.2,398.5031,29.62
1426,25.0,0.015,120.0,25.002,0.015,119.75,796434.0,398.217,29.42
1427,25.0,0.015,125.0,24.999,0.015,124.7,795922.2,397.9611,29.2
1428,25.0,0.015,130.0,24.997,0.015,129.64,796505.4,398.2527,29.48
1429,25.0,0.015,135.0,25.0,0.015,134.64,795716.2000000001,397.8581,29.19
1430,25.0,0.015,140.0,25.002,0.015,139.65,795923.4,397.9617,29.24
1431,25.0,0.015,145.0,25.003,0.015,144.69,796006.0,398.003,29.36
1432,25.0,0.015,150.0,25.005,0.015,149.77,796669.6,398.3348,29.55
1433,25.0,0.015,155.0,25.004,0.015,154.86,796433.4,398.2167,29.46
1434,25.0,0.015,160.0,25.005,0.015,159.95,796233.6,398.1168,29.36
1435,25.0,0.015,165.0,25.005,0.015,165.07,796596.7999999999,398.2984,29.53
1436,25.0,0.015,170.0,25.006,0.015,170.15,795729.7999999999,397.8649,29.19
1437,25.0,0.015,175.0,25.003,0.015,175.21,796552.0,398.276,29.53
1438,25.0,0.015,180.0,25.003,0.015,180.25,796280.6,398.1403,29.43
1451,25.0,0.02,0.0,24.983,0.02,-0.22,795642.4,397.8212,29.35
1452,25.0,0.02,5.0,24.983,0.02,4.78,795693.8,397.8469,29.36
1453,25.0,0.02,10.0,24.986,0.02,9.84,796167.2,398.0836,29.49
1454,25.0,0.02,15.0,25.001,0.02,14.87,796045.6,398.0228,29.48
1455,25.0,0.02,20.0,25.004,0.02,19.9,795545.6,397.7728,29.26
1456,25.0,0.02,25.0,25.003,0.02,24.93,796211.6,398.1058,29.48
1457,25.0,0.02,30.0,24.993,0.02,29.96,795926.8,397.9634,29.35
1458,25.0,0.02,35.0,24.988,0.02,34.99,795883.2000000001,397.9416,29.3
1459,25.0,0.02,40.0,24.988,0.02,39.99,796387.0,398.1935,29.5
1460,25.0,0.02,45.0,24.987,0.02,45.01,795729.7999999999,397.8649,29.17
1461,25.0,0.02,50.0,24.989,0.02,50.0,796081.8,398.0409,29.36
1462,25.0,0.02,55.0,24.987,0.02,54.96,796130.8,398.0654,29.37
1463,25.0,0.02,60.0,24.989,0.02,59.98,796481.2,398.2406,29.48
1464,25.0,0.02,65.0,24.988,0.02,64.98,795592.8,397.7964,29.09
1465,25.0,0.02,70.0,24.99,0.02,69.98,796677.2,398.3386,29.55
1466,25.0,0.02,75.0,24.988,0.02,75.01,797223.4,398.6117,29.69
1467,25.0,0.02,77.0,24.988,0.02,77.0,796448.2,398.2241,29.34
1468,25.0,0.02,79.0,24.991,0.02,79.03,796474.7999999999,398.2374,29.34
1469,25.0,0.02,81.0,24.994,0.02,81.04,796657.0,398.3285,29.47
1470,25.0,0.02,83.0,24.997,0.02,83.05,796169.2,398.0846,29.24
1471,25.0,0.02,85.0,24.995,0.02,85.08,796134.2,398.0671,29.25
1472,25.0,0.02,86.0,24.998,0.02,86.1,796446.2000000001,398.2231,29.37
1473,25.0,0.02,87.0,24.996,0.02,87.08,796517.8,398.2589,29.39
1474,25.0,0.02,88.0,24.998,0.02,88.09,796571.0,398.2855,29.44
1475,25.0,0.02,89.0,24.995,0.02,89.08,796296.6000000001,398.1483,29.28
1476,25.0,0.02,90.0,24.997,0.02,90.12,796323.8,398.1619,29.24
1477,25.0,0.02,91.0,25.0,0.02,91.16,796570.4,398.2852,29.39
1478,25.0,0.02,92.0,25.0,0.02,92.13,796136.6,398.0683,29.29
1479,25.0,0.02,93.0,24.999,0.02,93.12,796663.0,398.3315,29.45
1480,25.0,0.02,94.0,24.995,0.02,94.12,796392.4,398.1962,29.32
1481,25.0,0.02,95.0,24.997,0.02,95.16,795477.0,397.7385,29.02
1482,25.0,0.02,97.0,24.999,0.02,97.14,796806.4,398.4032,29.5
1483,25.0,0.02,99.0,24.998,0.02,99.12,797352.8,398.6764,29.71
1484,25.0,0.02,101.0,24.997,0.02,101.13,795219.6,397.6098,28.92
1485,25.0,0.02,103.0,25.0,0.02,103.12,796623.8,398.3119,29.45
1486,25.0,0.02,105.0,25.002,0.02,105.08,794954.0,397.477,28.83
1487,25.0,0.02,110.0,24.998,0.02,109.98,796761.6,398.3808,29.49
1488,25.0,0.02,115.0,24.997,0.02,114.92,796693.4,398.3467,29.47
1489,25.0,0.02,120.0,24.996,0.02,119.82,796389.4,398.1947,29.42
1490,25.0,0.02,125.0,24.997,0.02,124.74,797355.6,398.6778,29.72
1491,25.0,0.02,130.0,24.997,0.02,129.68,796841.0,398.4205,29.56
1492,25.0,0.02,135.0,24.998,0.02,134.64,796275.6,398.1378,29.38
1493,25.0,0.02,140.0,25.001,0.02,139.63,795881.6,397.9408,29.2
1494,25.0,0.02,145.0,25.003,0.02,144.65,796220.7999999999,398.1104,29.41
1495,25.0,0.02,150.0,25.005,0.02,149.69,795800.4,397.9002,29.28
1496,25.0,0.02,155.0,25.003,0.02,154.74,796380.0,398.19,29.51
1497,25.0,0.02,160.0,25.004,0.02,159.81,796305.2,398.1526,29.48
1498,25.0,0.02,165.0,25.005,0.02,164.91,795783.4,397.8917,29.25
1499,25.0,0.02,170.0,25.008,0.02,170.03,795128.6,397.5643,29.01
1500,25.0,0.02,175.0,25.003,0.02,175.06,795635.6,397.8178,29.24
1501,25.0,0.02,180.0,25.007,0.02,180.14,795975.6,397.9878,29.38
1514,25.0,0.03,0.0,24.985,0.03,-0.17,795325.4,397.6627,29.34
1515,25.0,0.03,5.0,24.985,0.03,4.87,795600.0,397.8,29.43
1516,25.0,0.03,10.0,24.993,0.03,9.89,795908.0,397.954,29.55
1517,25.0,0.03,15.0,25.005,0.03,14.92,795781.4,397.8907,29.44
1518,25.0,0.03,20.0,25.002,0.03,19.94,795663.4,397.8317,29.37
1519,25.0,0.03,25.0,24.991,0.03,24.97,796136.6,398.0683,29.51
1520,25.0,0.03,30.0,24.989,0.03,29.98,795148.2,397.5741,29.09
1521,25.0,0.03,35.0,24.988,0.03,34.97,796021.0,398.0105,29.4
1522,25.0,0.03,40.0,24.99,0.03,39.96,796172.6,398.0863,29.42
1523,25.0,0.03,45.0,24.99,0.03,44.96,796064.0,398.032,29.39
1524,25.0,0.03,50.0,24.988,0.03,49.94,796361.3999999999,398.1807,29.42
1525,25.0,0.03,55.0,24.986,0.03,54.9,795886.0,397.943,29.18
1526,25.0,0.03,60.0,24.988,0.03,59.9,796227.6,398.1138,29.31
1527,25.0,0.03,65.0,24.989,0.03,64.9,796043.0,398.0215,29.21
1528,25.0,0.03,70.0,24.989,0.03,69.92,796483.6,398.2418,29.34
1529,25.0,0.03,75.0,24.989,0.03,74.94,796905.2,398.4526,29.54
1530,25.0,0.03,77.0,24.989,0.03,76.94,797035.6,398.5178,29.57
1531,25.0,0.03,79.0,24.989,0.03,78.98,796730.2,398.3651,29.41
1532,25.0,0.03,81.0,24.991,0.03,81.01,796888.6000000001,398.4443,29.45
1533,25.0,0.03,83.0,24.993,0.03,83.0,796592.0,398.296,29.32
1534,25.0,0.03,85.0,24.994,0.03,85.05,796958.0,398.479,29.46
1535,25.0,0.03,86.0,24.996,0.03,86.07,796648.0,398.324,29.31
1536,25.0,0.03,87.0,24.996,0.03,87.07,796851.2,398.4256,29.44
1537,25.0,0.03,88.0,24.996,0.03,88.07,797071.0,398.5355,29.57
1538,25.0,0.03,89.0,24.998,0.03,89.09,796431.2,398.2156,29.25
1539,25.0,0.03,90.0,24.998,0.03,90.13,797221.4,398.6107,29.58
1540,25.0,0.03,91.0,25.0,0.03,91.12,797089.6,398.5448,29.55
1541,25.0,0.03,92.0,24.996,0.03,92.12,796965.4,398.4827,29.52
1542,25.0,0.03,93.0,24.996,0.03,93.12,796684.4,398.3422,29.38
1543,25.0,0.03,94.0,24.996,0.03,94.13,796884.2,398.4421,29.43
1544,25.0,0.03,95.0,24.999,0.03,95.15,797090.4,398.5452,29.56
1545,25.0,0.03,97.0,24.997,0.03,97.16,796379.4,398.1897,29.23
1546,25.0,0.03,99.0,25.0,0.03,99.15,796694.6,398.3473,29.42
1547,25.0,0.03,101.0,24.998,0.03,101.17,797019.6,398.5098,29.49
1548,25.0,0.03,103.0,25.0,0.03,103.17,797069.4,398.5347,29.58
1549,25.0,0.03,105.0,24.998,0.03,105.13,796976.0,398.488,29.52
1550,25.0,0.03,110.0,25.0,0.03,110.04,796553.0,398.2765,29.35
1551,25.0,0.03,115.0,25.001,0.03,114.97,796249.7999999999,398.1249,29.22
1552,25.0,0.03,120.0,25.001,0.03,119.88,796613.4,398.3067,29.45
1553,25.0,0.03,125.0,25.0,0.03,124.8,796855.4,398.4277,29.55
1554,25.0,0.03,130.0,25.0,0.03,129.72,796386.6,398.1933,29.47
1555,25.0,0.03,135.0,24.999,0.03,134.65,796008.0,398.004,29.31
1556,25.0,0.03,140.0,25.003,0.03,139.63,795841.2000000001,397.9206,29.27
1557,25.0,0.03,145.0,25.004,0.03,144.62,796394.4,398.1972,29.51
1558,25.0,0.03,150.0,25.004,0.03,149.64,795595.2000000001,397.7976,29.21
1559,25.0,0.03,155.0,25.006,0.03,154.69,796221.4,398.1107,29.49
1560,25.0,0.03,160.0,25.005,0.03,159.74,795785.0,397.8925,29.31
1561,25.0,0.03,165.0,25.003,0.03,164.82,796024.4,398.0122,29.49
1562,25.0,0.03,170.0,25.006,0.03,169.9,795971.7999999999,397.9859,29.47
1563,25.0,0.03,175.0,25.006,0.03,174.99,795630.2,397.8151,29.35
1564,25.0,0.03,180.0,25.003,0.03,180.07,795301.8,397.6509,29.23
1577,25.0,0.05,0.0,24.984,0.05,-0.11,793161.2,396.5806,29.02
1578,25.0,0.05,5.0,24.985,0.05,4.9,794035.6,397.0178,29.25
1579,25.0,0.05,10.0,24.986,0.05,9.93,794107.3999999999,397.0537,29.26
1580,25.0,0.05,15.0,24.998,0.05,14.96,794478.7999999999,397.2394,29.36
1581,25.0,0.05,20.0,25.003,0.05,19.97,794623.0,397.3115,29.36
1582,25.0,0.05,25.0,24.997,0.05,24.98,795124.6,397.5623,29.49
1583,25.0,0.05,30.0,24.989,0.05,29.98,795208.0,397.604,29.51
1584,25.0,0.05,35.0,24.987,0.05,34.97,794745.0,397.3725,29.18
1585,25.0,0.05,40.0,24.99,0.05,39.95,795388.4,397.6942,29.41
1586,25.0,0.05,45.0,24.988,0.05,44.93,796035.0,398.0175,29.52
1587,25.0,0.05,50.0,24.988,0.05,49.88,795218.0,397.609,29.09
1588,25.0,0.05,55.0,24.987,0.05,54.84,796263.6000000001,398.1318,29.47
1589,25.0,0.05,60.0,24.987,0.05,59.83,796552.2,398.2761,29.52
1590,25.0,0.05,65.0,24.988,0.05,64.83,796564.8,398.2824,29.46
1591,25.0,0.05,70.0,24.987,0.05,69.86,796763.4,398.3817,29.49
1592,25.0,0.05,75.0,24.99,0.05,74.89,796735.8,398.3679,29.43
1593,25.0,0.05,77.0,24.988,0.05,76.88,796791.6,398.3958,29.45
1594,25.0,0.05,79.0,24.988,0.05,78.93,797152.4,398.5762,29.53
1595,25.0,0.05,81.0,24.99,0.05,80.97,796422.8,398.2114,29.21
1596,25.0,0.05,83.0,24.992,0.05,82.97,797162.2000000001,398.5811,29.55
1597,25.0,0.05,85.0,24.993,0.05,85.02,796649.4,398.3247,29.28
1598,25.0,0.05,86.0,24.994,0.05,86.05,796642.0,398.321,29.33
1599,25.0,0.05,87.0,24.995,0.05,87.05,796644.8,398.3224,29.27
1600,25.0,0.05,88.0,24.996,0.05,88.05,797042.6000000001,398.5213,29.47
1601,25.0,0.05,89.0,25.0,0.05,89.07,796686.8,398.3434,29.32
1602,25.0,0.05,90.0,24.995,0.05,90.11,796933.4,398.4667,29.45
1603,25.0,0.05,91.0,24.995,0.05,91.12,796858.4,398.4292,29.34
1604,25.0,0.05,92.0,24.997,0.05,92.14,797023.4,398.5117,29.43
1605,25.0,0.05,93.0,24.996,0.05,93.13,797368.6,398.6843,29.61
1606,25.0,0.05,94.0,24.998,0.05,94.14,796888.8,398.4444,29.43
1607,25.0,0.05,95.0,25.0,0.05,95.16,796230.2,398.1151,29.12
1608,25.0,0.05,97.0,24.997,0.05,97.19,796759.2,398.3796,29.34
1609,25.0,0.05,99.0,25.0,0.05,99.17,797052.8,398.5264,29.47
1610,25.0,0.05,101.0,24.998,0.05,101.2,796560.8,398.2804,29.31
1611,25.0,0.05,103.0,24.997,0.05,103.19,796714.2,398.3571,29.36
1612,25.0,0.05,105.0,24.997,0.05,105.15,797658.0,398.829,29.78
1613,25.0,0.05,110.0,24.996,0.05,110.06,796422.8,398.2114,29.28
1614,25.0,0.05,115.0,24.996,0.05,115.0,796434.2,398.2171,29.38
1615,25.0,0.05,120.0,24.997,0.05,119.92,796666.6,398.3333,29.53
1616,25.0,0.05,125.0,24.997,0.05,124.83,796328.7999999999,398.1644,29.47
1617,25.0,0.05,130.0,24.995,0.05,129.73,796165.6,398.0828,29.46
1618,25.0,0.05,135.0,24.997,0.05,134.7,795496.7999999999,397.7484,29.3
1619,25.0,0.05,140.0,24.985,0.05,139.59,795630.2,397.8151,29.42
1620,25.0,0.05,145.0,24.986,0.05,144.56,795049.0,397.5245,29.24
1621,25.0,0.05,150.0,24.987,0.05,149.56,794975.4,397.4877,29.35
1622,25.0,0.05,155.0,25.002,0.05,154.57,795268.4,397.6342,29.51
1623,25.0,0.05,160.0,25.004,0.05,159.63,795056.8,397.5284,29.47
1624,25.0,0.05,165.0,24.99,0.05,164.69,794630.2,397.3151,29.29
1625,25.0,0.05,170.0,24.988,0.05,169.79,794583.2000000001,397.2916,29.41
1626,25.0,0.05,175.0,24.987,0.05,174.9,794515.4,397.2577,29.38
1627,25.0,0.05,180.0,24.987,0.05,179.99,794729.2000000001,397.3646,29.47
1640,25.0,0.07,0.0,24.983,0.07,-0.76,792601.0,396.3005,29.45
1641,25.0,0.07,5.0,24.984,0.07,4.32,792504.6,396.2523,29.32
1642,25.0,0.07,10.0,24.993,0.07,9.4,792607.3999999999,396.3037,29.29
1643,25.0,0.07,15.0,25.004,0.07,14.48,792838.4,396.4192,29.32
1644,25.0,0.07,20.0,25.004,0.07,19.55,793338.2,396.6691,29.41
1645,25.0,0.07,25.0,24.994,0.07,24.64,793196.7999999999,396.5984,29.29
1646,25.0,0.07,30.0,24.988,0.07,29.71,793246.4,396.6232,29.15
1647,25.0,0.07,35.0,24.988,0.07,34.76,794179.7999999999,397.0899,29.4
1648,25.0,0.07,40.0,24.987,0.07,39.81,794291.2000000001,397.1456,29.32
1649,25.0,0.07,45.0,24.987,0.07,44.84,794736.8,397.3684,29.37
1650,25.0,0.07,50.0,24.987,0.07,49.88,795797.6,397.8988,29.6
1651,25.0,0.07,55.0,24.987,0.07,54.92,795391.4,397.6957,29.32
1652,25.0,0.07,60.0,24.987,0.07,59.99,795957.3999999999,397.9787,29.38
1653,25.0,0.07,65.0,24.987,0.07,65.05,796360.8,398.1804,29.41
1654,25.0,0.07,70.0,24.991,0.07,70.16,796701.8,398.3509,29.48
1655,25.0,0.07,75.0,24.988,0.07,75.27,796668.2,398.3341,29.4
1656,25.0,0.07,77.0,24.991,0.07,77.3,796417.8,398.2089,29.27
1657,25.0,0.07,79.0,24.989,0.07,79.37,796987.0,398.4935,29.41
1658,25.0,0.07,81.0,24.992,0.07,81.44,797133.7999999999,398.5669,29.45
1659,25.0,0.07,83.0,24.993,0.07,83.47,796934.4,398.4672,29.4
1660,25.0,0.07,85.0,24.993,0.07,85.55,796891.0,398.4455,29.36
1661,25.0,0.07,86.0,24.995,0.07,86.59,797140.0,398.57,29.42
1662,25.0,0.07,87.0,24.996,0.07,87.6,797157.6,398.5788,29.44
1663,25.0,0.07,88.0,24.997,0.07,88.62,797270.0,398.635,29.46
1664,25.0,0.07,89.0,24.996,0.07,89.65,796983.6,398.4918,29.38
1665,25.0,0.07,90.0,24.996,0.07,90.7,797484.8,398.7424,29.59
1666,25.0,0.07,91.0,24.995,0.07,91.73,797131.4,398.5657,29.43
1667,25.0,0.07,92.0,24.999,0.07,92.77,797402.6,398.7013,29.55
1668,25.0,0.07,93.0,24.998,0.07,93.77,797232.0,398.616,29.46
1669,25.0,0.07,94.0,25.001,0.07,94.78,796913.4,398.4567,29.37
1670,25.0,0.07,95.0,24.997,0.07,95.82,797047.0,398.5235,29.41
1671,25.0,0.07,97.0,24.997,0.07,97.87,796522.2,398.2611,29.17
1672,25.0,0.07,99.0,24.997,0.07,99.87,796911.3999999999,398.4557,29.36
1673,25.0,0.07,101.0,24.999,0.07,101.91,796965.2,398.4826,29.41
1674,25.0,0.07,103.0,25.001,0.07,103.94,797540.2,398.7701,29.66
1675,25.0,0.07,105.0,24.999,0.07,105.92,797328.7999999999,398.6644,29.64
1676,25.0,0.07,110.0,24.997,0.07,110.88,795805.2,397.9026,29.04
1677,25.0,0.07,115.0,24.996,0.07,115.84,796322.2,398.1611,29.36
1678,25.0,0.07,120.0,24.997,0.07,120.76,795736.6,397.8683,29.27
1679,25.0,0.07,125.0,24.997,0.07,125.7,796261.8,398.1309,29.6
1680,25.0,0.07,130.0,24.996,0.07,130.61,795311.6,397.6558,29.36
1681,25.0,0.07,135.0,24.997,0.07,135.55,794825.6,397.4128,29.29
1682,25.0,0.07,140.0,24.998,0.07,140.48,794559.2,397.2796,29.34
1683,25.0,0.07,145.0,25.005,0.07,145.44,794136.0,397.068,29.29
1684,25.0,0.07,150.0,25.005,0.07,150.41,794356.4,397.1782,29.51
1685,25.0,0.07,155.0,25.005,0.07,155.41,793760.8,396.8804,29.38
1686,25.0,0.07,160.0,25.006,0.07,160.42,792987.7999999999,396.4939,29.2
1687,25.0,0.07,165.0,25.005,0.07,165.45,793189.0,396.5945,29.35
1688,25.0,0.07,170.0,25.004,0.07,170.5,793139.0,396.5695,29.38
1689,25.0,0.07,175.0,25.005,0.07,175.55,792721.4,396.3607,29.33
1690,25.0,0.07,180.0,25.003,0.07,180.61,792358.6,396.1793,29.21
1703,25.0,0.1,0.0,24.982,0.1,-0.52,787711.6,393.8558,28.91
1704,25.0,0.1,5.0,24.985,0.1,4.53,787625.2000000001,393.8126,28.79
1705,25.0,0.1,10.0,24.985,0.1,9.59,787314.4,393.6572,28.56
1706,25.0,0.1,15.0,25.002,0.1,14.65,788625.0,394.3125,28.93
1707,25.0,0.1,20.0,25.004,0.1,19.7,789643.2,394.8216,29.24
1708,25.0,0.1,25.0,24.996,0.1,24.76,790085.2,395.0426,29.2
1709,25.0,0.1,30.0,24.989,0.1,29.8,790382.0,395.191,29.12
1710,25.0,0.1,35.0,24.988,0.1,34.82,791199.6,395.5998,29.17
1711,25.0,0.1,40.0,24.987,0.1,39.83,791912.4,395.9562,29.2
1712,25.0,0.1,45.0,24.992,0.1,44.86,792288.4,396.1442,29.16
1713,25.0,0.1,50.0,24.988,0.1,49.86,793423.0,396.7115,29.31
1714,25.0,0.1,55.0,24.986,0.1,54.86,793931.2,396.9656,29.21
1715,25.0,0.1,60.0,24.987,0.1,59.9,795325.7999999999,397.6629,29.51
1716,25.0,0.1,65.0,24.989,0.1,64.95,795663.2,397.8316,29.41
1717,25.0,0.1,70.0,24.986,0.1,70.03,795353.2000000001,397.6766,29.09
1718,25.0,0.1,75.0,24.988,0.1,75.12,795953.7999999999,397.9769,29.16
1719,25.0,0.1,77.0,24.989,0.1,77.14,796336.8,398.1684,29.25
1720,25.0,0.1,79.0,24.989,0.1,79.21,796703.6,398.3518,29.32
1721,25.0,0.1,81.0,24.991,0.1,81.26,796547.2,398.2736,29.29
1722,25.0,0.1,83.0,24.992,0.1,83.29,797247.6,398.6238,29.52
1723,25.0,0.1,85.0,24.995,0.1,85.36,797254.0,398.627,29.47
1724,25.0,0.1,86.0,24.996,0.1,86.39,797030.8,398.5154,29.39
1725,25.0,0.1,87.0,24.996,0.1,87.41,797239.0,398.6195,29.45
1726,25.0,0.1,88.0,24.995,0.1,88.42,797447.2,398.7236,29.54
1727,25.0,0.1,89.0,24.996,0.1,89.45,797429.0,398.7145,29.55
1728,25.0,0.1,90.0,24.997,0.1,90.5,797753.2000000001,398.8766,29.58
1729,25.0,0.1,91.0,24.996,0.1,91.53,797208.7999999999,398.6044,29.39
1730,25.0,0.1,92.0,25.001,0.1,92.55,798151.8,399.0759,29.82
1731,25.0,0.1,93.0,24.995,0.1,93.56,797098.8,398.5494,29.36
1732,25.0,0.1,94.0,24.997,0.1,94.58,795991.4,397.9957,28.98
1733,25.0,0.1,95.0,24.995,0.1,95.6,796433.7999999999,398.2169,29.17
1734,25.0,0.1,97.0,24.998,0.1,97.65,797095.6,398.5478,29.41
1735,25.0,0.1,99.0,24.998,0.1,99.64,796808.2000000001,398.4041,29.33
1736,25.0,0.1,101.0,24.999,0.1,101.69,797289.4,398.6447,29.48
1737,25.0,0.1,103.0,25.0,0.1,103.71,797318.6,398.6593,29.62
1738,25.0,0.1,105.0,25.002,0.1,105.68,796888.4,398.4442,29.44
1739,25.0,0.1,110.0,24.996,0.1,110.64,795718.4,397.8592,29.18
1740,25.0,0.1,115.0,24.997,0.1,115.59,795760.4,397.8802,29.35
1741,25.0,0.1,120.0,24.995,0.1,120.52,795264.6,397.6323,29.37
1742,25.0,0.1,125.0,24.995,0.1,125.44,793650.2000000001,396.8251,28.99
1743,25.0,0.1,130.0,24.995,0.1,130.34,794268.2,397.1341,29.48
1744,25.0,0.1,135.0,24.996,0.1,135.27,793241.4,396.6207,29.33
1745,25.0,0.1,140.0,24.997,0.1,140.2,792934.6,396.4673,29.48
1746,25.0,0.1,145.0,25.001,0.1,145.16,792095.6,396.0478,29.4
1747,25.0,0.1,150.0,25.005,0.1,150.14,791127.8,395.5639,29.25
1748,25.0,0.1,155.0,25.005,0.1,155.13,790767.4,395.3837,29.33
1749,25.0,0.1,160.0,25.006,0.1,160.15,789924.2000000001,394.9621,29.24
1750,25.0,0.1,165.0,25.005,0.1,165.18,789416.4,394.7082,29.18
1751,25.0,0.1,170.0,25.005,0.1,170.24,788361.8,394.1809,28.83
1752,25.0,0.1,175.0,25.005,0.1,175.3,787339.0,393.6695,28.51
1753,25.0,0.1,180.0,25.006,0.1,180.39,788008.0,394.004,28.9
1766,25.0,0.15,0.0,24.984,0.15,-0.3,777828.2000000001,388.9141,28.24
1767,25.0,0.15,5.0,24.984,0.15,4.73,778459.6,389.2298,28.41
1768,25.0,0.15,10.0,24.985,0.15,9.77,778593.2,389.2966,28.3
1769,25.0,0.15,15.0,25.002,0.15,14.81,779301.4,389.6507,28.34
1770,25.0,0.15,20.0,25.004,0.15,19.84,780944.8,390.4724,28.7
1771,25.0,0.15,25.0,25.001,0.15,24.87,781736.2,390.8681,28.66
1772,25.0,0.15,30.0,24.991,0.15,29.89,783095.2000000001,391.5476,28.75
1773,25.0,0.15,35.0,24.989,0.15,34.89,784064.2,392.0321,28.62
1774,25.0,0.15,40.0,24.99,0.15,39.88,786246.7999999999,393.1234,28.96
1775,25.0,0.15,45.0,24.988,0.15,44.87,788273.4,394.1367,29.24
1776,25.0,0.15,50.0,24.988,0.15,49.85,788974.6,394.4873,28.96
1777,25.0,0.15,55.0,24.988,0.15,54.83,790590.0,395.295,29.13
1778,25.0,0.15,60.0,24.988,0.15,59.85,792753.7999999999,396.3769,29.43
1779,25.0,0.15,65.0,24.989,0.15,64.88,793935.2,396.9676,29.44
1780,25.0,0.15,70.0,24.99,0.15,69.94,794323.6,397.1618,29.15
1781,25.0,0.15,75.0,24.988,0.15,75.01,795318.2,397.6591,29.18
1782,25.0,0.15,77.0,24.99,0.15,77.03,795646.6000000001,397.8233,29.22
1783,25.0,0.15,79.0,24.989,0.15,79.08,795906.2,397.9531,29.21
1784,25.0,0.15,81.0,24.993,0.15,81.12,795918.2,397.9591,29.06
1785,25.0,0.15,83.0,24.991,0.15,83.14,797023.6,398.5118,29.55
1786,25.0,0.15,85.0,24.992,0.15,85.21,796306.6,398.1533,29.18
1787,25.0,0.15,86.0,24.998,0.15,86.24,796738.6000000001,398.3693,29.28
1788,25.0,0.15,87.0,24.996,0.15,87.25,797489.4,398.7447,29.63
1789,25.0,0.15,88.0,25.001,0.15,88.26,796983.6,398.4918,29.35
1790,25.0,0.15,89.0,25.0,0.15,89.29,797898.0,398.949,29.7
1791,25.0,0.15,90.0,25.0,0.15,90.33,797130.4,398.5652,29.4
1792,25.0,0.15,91.0,25.003,0.15,91.35,798177.8,399.0889,29.83
1793,25.0,0.15,92.0,25.001,0.15,92.38,797480.2,398.7401,29.47
1794,25.0,0.15,93.0,25.0,0.15,93.38,796456.0,398.228,29.11
1795,25.0,0.15,94.0,24.999,0.15,94.4,796560.8,398.2804,29.23
1796,25.0,0.15,95.0,24.999,0.15,95.42,796821.6000000001,398.4108,29.3
1797,25.0,0.15,97.0,25.0,0.15,97.47,796601.0,398.3005,29.25
1798,25.0,0.15,99.0,25.0,0.15,99.46,797582.8,398.7914,29.72
1799,25.0,0.15,101.0,25.001,0.15,101.49,796688.6000000001,398.3443,29.42
1800,25.0,0.15,103.0,25.0,0.15,103.51,796657.3999999999,398.3287,29.46
1801,25.0,0.15,105.0,24.997,0.15,105.48,796642.8,398.3214,29.54
1802,25.0,0.15,110.0,24.999,0.15,110.42,795185.6,397.5928,29.33
1803,25.0,0.15,115.0,24.997,0.15,115.37,794249.2000000001,397.1246,29.36
1804,25.0,0.15,120.0,24.995,0.15,120.3,792863.4,396.4317,29.21
1805,25.0,0.15,125.0,24.998,0.15,125.22,791432.2,395.7161,29.19
1806,25.0,0.15,130.0,25.001,0.15,130.12,790007.3999999999,395.0037,29.16
1807,25.0,0.15,135.0,25.002,0.15,135.05,788365.8,394.1829,29.04
1808,25.0,0.15,140.0,25.003,0.15,139.97,786519.6,393.2598,28.81
1809,25.0,0.15,145.0,25.005,0.15,144.93,785058.4,392.5292,28.81
1810,25.0,0.15,150.0,25.005,0.15,149.9,783433.7999999999,391.7169,28.66
1811,25.0,0.15,155.0,25.005,0.15,154.91,782531.6,391.2658,28.78
1812,25.0,0.15,160.0,25.004,0.15,159.93,781011.6,390.5058,28.59
1813,25.0,0.15,165.0,25.005,0.15,164.98,780213.2,390.1066,28.59
1814,25.0,0.15,170.0,25.007,0.15,170.04,778760.0,389.38,28.26
1815,25.0,0.15,175.0,25.005,0.15,175.11,778632.8,389.3164,28.41
1816,25.0,0.15,180.0,25.005,0.15,180.22,778281.4,389.1407,28.42
1829,25.0,0.2,0.0,24.983,0.2,-0.19,765207.0,382.6035,27.54
1830,25.0,0.2,5.0,24.985,0.2,4.84,765801.0,382.9005,27.63
1831,25.0,0.2,10.0,24.986,0.2,9.87,767587.0,383.7935,28.09
1832,25.0,0.2,15.0,25.001,0.2,14.89,768607.3999999999,384.3037,28.11
1833,25.0,0.2,20.0,25.004,0.2,19.91,768894.0,384.447,27.77
1834,25.0,0.2,25.0,24.999,0.2,24.93,771283.7999999999,385.6419,28.08
1835,25.0,0.2,30.0,24.99,0.2,29.94,772768.4,386.3842,28.04
1836,25.0,0.2,35.0,24.99,0.2,34.93,776128.7999999999,388.0644,28.51
1837,25.0,0.2,40.0,24.988,0.2,39.91,777903.0,388.9515,28.41
1838,25.0,0.2,45.0,24.987,0.2,44.89,781147.0,390.5735,28.79
1839,25.0,0.2,50.0,24.986,0.2,49.85,783085.8,391.5429,28.68
1840,25.0,0.2,55.0,24.988,0.2,54.82,785559.0,392.7795,28.73
1841,25.0,0.2,60.0,24.987,0.2,59.83,788446.7999999999,394.2234,29.0
1842,25.0,0.2,65.0,24.99,0.2,64.84,790866.4,395.4332,29.2
1843,25.0,0.2,70.0,24.989,0.2,69.9,792543.0,396.2715,29.13
1844,25.0,0.2,75.0,24.988,0.2,74.95,794535.4,397.2677,29.35
1845,25.0,0.2,77.0,24.99,0.2,76.96,794937.6,397.4688,29.23
1846,25.0,0.2,79.0,24.989,0.2,79.02,795175.6,397.5878,29.21
1847,25.0,0.2,81.0,24.99,0.2,81.06,795614.0,397.807,29.18
1848,25.0,0.2,83.0,24.995,0.2,83.07,795890.8,397.9454,29.13
1849,25.0,0.2,85.0,24.995,0.2,85.14,795985.0,397.9925,29.07
1850,25.0,0.2,86.0,24.995,0.2,86.16,796591.4,398.2957,29.33
1851,25.0,0.2,87.0,24.997,0.2,87.17,796680.8,398.3404,29.25
1852,25.0,0.2,88.0,25.0,0.2,88.18,797120.2000000001,398.5601,29.5
1853,25.0,0.2,89.0,24.998,0.2,89.2,796755.4,398.3777,29.35
1854,25.0,0.2,90.0,24.999,0.2,90.25,796697.6,398.3488,29.24
1855,25.0,0.2,91.0,25.0,0.2,91.27,797003.0,398.5015,29.4
1856,25.0,0.2,92.0,24.998,0.2,92.29,796814.0,398.407,29.3
1857,25.0,0.2,93.0,25.0,0.2,93.29,797363.4,398.6817,29.54
1858,25.0,0.2,94.0,24.999,0.2,94.3,797200.7999999999,398.6004,29.49
1859,25.0,0.2,95.0,25.001,0.2,95.33,796975.7999999999,398.4879,29.35
1860,25.0,0.2,97.0,25.002,0.2,97.36,796575.2000000001,398.2876,29.28
1861,25.0,0.2,99.0,25.001,0.2,99.36,796682.0,398.341,29.43
1862,25.0,0.2,101.0,25.001,0.2,101.4,796202.8,398.1014,29.37
1863,25.0,0.2,103.0,24.999,0.2,103.41,795890.6,397.9453,29.41
1864,25.0,0.2,105.0,25.002,0.2,105.38,795385.8,397.6929,29.39
1865,25.0,0.2,110.0,25.003,0.2,110.32,793497.6,396.7488,29.2
1866,25.0,0.2,115.0,24.999,0.2,115.26,791846.0,395.923,29.2
1867,25.0,0.2,120.0,24.996,0.2,120.19,788641.2000000001,394.3206,28.67
1868,25.0,0.2,125.0,24.998,0.2,125.11,787145.2000000001,393.5726,28.96
1869,25.0,0.2,130.0,24.999,0.2,130.01,784331.0,392.1655,28.72
1870,25.0,0.2,135.0,25.006,0.2,134.94,781559.2,390.7796,28.59
1871,25.0,0.2,140.0,25.005,0.2,139.87,778176.4,389.0882,28.12
1872,25.0,0.2,145.0,25.005,0.2,144.82,775905.8,387.9529,28.13
1873,25.0,0.2,150.0,25.005,0.2,149.8,773579.0,386.7895,28.09
1874,25.0,0.2,155.0,25.003,0.2,154.81,771580.8,385.7904,28.04
1875,25.0,0.2,160.0,25.004,0.2,159.84,769547.6,384.7738,27.88
1876,25.0,0.2,165.0,25.002,0.2,164.88,767284.8,383.6424,27.56
1877,25.0,0.2,170.0,25.004,0.2,169.95,767186.3999999999,383.5932,27.99
1878,25.0,0.2,175.0,25.004,0.2,175.02,765856.6,382.9283,27.77
1879,25.0,0.2,180.0,25.004,0.2,180.13,765663.6000000001,382.8318,27.89
1892,25.0,0.3,0.0,24.989,0.3,-0.15,732392.8,366.1964,26.07
1893,25.0,0.3,5.0,24.99,0.3,4.87,733626.8,366.8134,26.28
1894,25.0,0.3,10.0,24.99,0.3,9.89,734052.0,367.026,26.05
1895,25.0,0.3,15.0,24.99,0.3,14.91,736156.2,368.0781,26.2
1896,25.0,0.3,20.0,24.991,0.3,19.92,738125.4,369.0627,26.08
1897,25.0,0.3,25.0,24.988,0.3,24.94,741703.7999999999,370.8519,26.35
1898,25.0,0.3,30.0,24.986,0.3,29.94,745597.8,372.7989,26.71
1899,25.0,0.3,35.0,24.987,0.3,34.92,749768.2,374.8841,26.84
1900,25.0,0.3,40.0,24.988,0.3,39.9,755425.0,377.7125,27.36
1901,25.0,0.3,45.0,24.986,0.3,44.87,759271.2000000001,379.6356,27.09
1902,25.0,0.3,50.0,24.989,0.3,49.83,765215.4,382.6077,27.55
1903,25.0,0.3,55.0,24.987,0.3,54.8,770586.2,385.2931,27.8
1904,25.0,0.3,60.0,24.988,0.3,59.8,775779.6,387.8898,27.95
1905,25.0,0.3,65.0,24.987,0.3,64.82,781404.2000000001,390.7021,28.5
1906,25.0,0.3,70.0,24.989,0.3,69.86,785034.8,392.5174,28.3
1907,25.0,0.3,75.0,24.987,0.3,74.92,790035.6,395.0178,29.06
1908,25.0,0.3,77.0,24.988,0.3,76.92,790615.4,395.3077,28.82
1909,25.0,0.3,79.0,24.991,0.3,78.98,792008.4,396.0042,28.96
1910,25.0,0.3,81.0,24.99,0.3,81.02,793167.2,396.5836,29.05
1911,25.0,0.3,83.0,24.993,0.3,83.03,793439.0,396.7195,28.85
1912,25.0,0.3,85.0,24.996,0.3,85.09,795082.6,397.5413,29.33
1913,25.0,0.3,86.0,24.995,0.3,86.12,795235.4,397.6177,29.28
1914,25.0,0.3,87.0,24.998,0.3,87.12,794973.4,397.4867,29.04
1915,25.0,0.3,88.0,24.997,0.3,88.13,795193.2,397.5966,29.05
1916,25.0,0.3,89.0,25.003,0.3,89.15,795656.0,397.828,29.18
1917,25.0,0.3,90.0,25.002,0.3,90.19,795584.4,397.7922,29.13
1918,25.0,0.3,91.0,25.001,0.3,91.21,795947.6,397.9738,29.26
1919,25.0,0.3,92.0,24.998,0.3,92.23,795571.6000000001,397.7858,29.12
1920,25.0,0.3,93.0,25.002,0.3,93.24,796232.2,398.1161,29.36
1921,25.0,0.3,94.0,25.001,0.3,94.24,795610.2,397.8051,29.12
1922,25.0,0.3,95.0,25.0,0.3,95.27,795826.2,397.9131,29.25
1923,25.0,0.3,97.0,25.001,0.3,97.3,795356.8,397.6784,29.2
1924,25.0,0.3,99.0,25.001,0.3,99.29,794216.7999999999,397.1084,28.98
1925,25.0,0.3,101.0,24.999,0.3,101.33,794070.0,397.035,29.19
1926,25.0,0.3,103.0,25.003,0.3,103.34,792273.8,396.1369,28.82
1927,25.0,0.3,105.0,25.003,0.3,105.31,792970.2000000001,396.4851,29.38
1928,25.0,0.3,110.0,24.999,0.3,110.25,787083.6,393.5418,28.19
1929,25.0,0.3,115.0,25.001,0.3,115.2,784096.6000000001,392.0483,28.49
1930,25.0,0.3,120.0,25.002,0.3,120.14,779163.6000000001,389.5818,28.09
1931,25.0,0.3,125.0,25.002,0.3,125.06,774085.0,387.0425,27.92
1932,25.0,0.3,130.0,25.002,0.3,129.97,769022.6,384.5113,27.81
1933,25.0,0.3,135.0,25.005,0.3,134.89,763331.2,381.6656,27.5
1934,25.0,0.3,140.0,25.005,0.3,139.83,757278.0,378.639,26.96
1935,25.0,0.3,145.0,25.005,0.3,144.79,752506.8,376.2534,26.91
1936,25.0,0.3,150.0,25.004,0.3,149.78,747165.8,373.5829,26.42
1937,25.0,0.3,155.0,25.002,0.3,154.79,743610.6,371.8053,26.46
1938,25.0,0.3,160.0,25.0,0.3,159.81,739649.7999999999,369.8249,26.21
1939,25.0,0.3,165.0,25.004,0.3,164.86,737078.3999999999,368.5392,26.28
1940,25.0,0.3,170.0,25.004,0.3,169.93,734119.6,367.0598,26.01
1941,25.0,0.3,175.0,25.005,0.3,175.0,732561.3999999999,366.2807,26.02
1942,25.0,0.3,180.0,25.006,0.3,180.1,731253.6,365.6268,25.86
1955,25.0,0.5,0.0,24.988,0.5,0.03,658823.0,329.4115,24.19
1956,25.0,0.5,5.0,24.987,0.5,5.02,659349.6,329.6748,24.17
1957,25.0,0.5,10.0,24.988,0.5,10.02,660532.8,330.2664,24.03
1958,25.0,0.5,15.0,24.991,0.5,15.03,662924.4,331.4622,23.89
1959,25.0,0.5,20.0,24.989,0.5,20.03,668417.8,334.2089,24.39
1960,25.0,0.5,25.0,24.99,0.5,25.04,673171.2000000001,336.5856,24.3
1961,25.0,0.5,30.0,24.99,0.5,30.03,680902.6,340.4513,24.76
1962,25.0,0.5,35.0,24.99,0.5,35.01,687827.2,343.9136,24.66
1963,25.0,0.5,40.0,24.986,0.5,39.98,696341.6,348.1708,24.82
1964,25.0,0.5,45.0,24.981,0.5,44.93,706906.4,353.4532,25.28
1965,25.0,0.5,50.0,24.981,0.5,49.89,718917.8,359.4589,25.9
1966,25.0,0.5,55.0,24.982,0.5,54.83,730661.6,365.3308,26.29
1967,25.0,0.5,60.0,24.985,0.5,59.81,743866.7999999999,371.9334,27.08
1968,25.0,0.5,65.0,24.983,0.5,64.81,753812.4,376.9062,26.91
1969,25.0,0.5,70.0,24.982,0.5,69.83,764985.8,382.4929,27.49
1970,25.0,0.5,75.0,24.983,0.5,74.87,774678.0,387.339,27.79
1971,25.0,0.5,77.0,24.982,0.5,76.87,777798.6,388.8993,28.06
1972,25.0,0.5,79.0,24.98,0.5,78.92,780767.2,390.3836,28.11
1973,25.0,0.5,81.0,24.98,0.5,80.95,782721.7999999999,391.3609,28.0
1974,25.0,0.5,83.0,24.979,0.5,82.95,787165.0,393.5825,28.92
1975,25.0,0.5,85.0,24.981,0.5,85.01,788910.0,394.455,28.95
1976,25.0,0.5,86.0,24.979,0.5,86.03,789723.4,394.8617,29.01
1977,25.0,0.5,87.0,24.978,0.5,87.04,789626.2,394.8131,28.78
1978,25.0,0.5,88.0,24.98,0.5,88.03,791024.4,395.5122,29.06
1979,25.0,0.5,89.0,24.985,0.5,89.05,791536.0,395.768,29.11
1980,25.0,0.5,90.0,24.993,0.5,90.09,792257.0,396.1285,29.25
1981,25.0,0.5,91.0,24.983,0.5,91.11,791618.6,395.8093,28.96
1982,25.0,0.5,92.0,25.002,0.5,92.13,791250.7999999999,395.6254,28.82
1983,25.0,0.5,93.0,24.981,0.5,93.12,792005.8,396.0029,29.08
1984,25.0,0.5,94.0,24.998,0.5,94.13,791718.8,395.8594,29.09
1985,25.0,0.5,95.0,24.998,0.5,95.15,791635.0,395.8175,29.15
1986,25.0,0.5,97.0,24.979,0.5,97.18,790575.2000000001,395.2876,29.06
1987,25.0,0.5,99.0,24.994,0.5,99.17,788850.0,394.425,28.94
1988,25.0,0.5,101.0,24.993,0.5,101.19,787837.0,393.9185,29.15
1989,25.0,0.5,103.0,24.991,0.5,103.21,785608.6,392.8043,29.1
1990,25.0,0.5,105.0,24.995,0.5,105.18,783501.4,391.7507,29.16
1991,25.0,0.5,110.0,24.98,0.5,110.12,774125.4,387.0627,28.48
1992,25.0,0.5,115.0,24.989,0.5,115.08,762562.0,381.281,27.56
1993,25.0,0.5,120.0,24.977,0.5,120.02,749994.6,374.9973,26.75
1994,25.0,0.5,125.0,24.991,0.5,124.96,737674.6,368.8373,26.21
1995,25.0,0.5,130.0,24.981,0.5,129.88,727712.4,363.8562,26.48
1996,25.0,0.5,135.0,24.977,0.5,134.82,715609.2,357.8046,25.97
1997,25.0,0.5,140.0,24.995,0.5,139.78,704104.2000000001,352.0521,25.45
1998,25.0,0.5,145.0,24.985,0.5,144.75,693815.4,346.9077,25.06
1999,25.0,0.5,150.0,24.985,0.5,149.74,684063.8,342.0319,24.58
2000,25.0,0.5,155.0,24.985,0.5,154.76,675690.2,337.8451,24.19
2001,25.0,0.5,160.0,24.989,0.5,159.78,669703.6,334.8518,24.21
2002,25.0,0.5,165.0,24.985,0.5,164.83,663792.2,331.8961,23.87
2003,25.0,0.5,170.0,24.987,0.5,169.9,660380.0,330.19,23.99
2004,25.0,0.5,175.0,24.985,0.5,174.97,657703.7999999999,328.8519,24.03
2005,25.0,0.5,180.0,24.982,0.5,180.07,654912.4,327.4562,23.61
2018,25.0,0.7,0.0,24.985,0.7,0.06,587367.4,293.6837,22.31
2019,25.0,0.7,5.0,24.988,0.7,5.04,587992.2,293.9961,22.32
2020,25.0,0.7,10.0,24.989,0.7,10.03,589492.0,294.746,22.22
2021,25.0,0.7,15.0,24.99,0.7,15.03,592072.2,296.0361,22.04
2022,25.0,0.7,20.0,24.991,0.7,20.03,597145.0,298.5725,22.23
2023,25.0,0.7,25.0,24.991,0.7,25.03,603858.0,301.929,22.48
2024,25.0,0.7,30.0,24.99,0.7,30.03,610408.2000000001,305.2041,22.26
2025,25.0,0.7,35.0,24.992,0.7,35.01,620130.0,310.065,22.5
2026,25.0,0.7,40.0,24.992,0.7,39.98,630639.4,315.3197,22.48
2027,25.0,0.7,45.0,24.981,0.7,44.94,645585.8,322.7929,23.27
2028,25.0,0.7,50.0,24.985,0.7,49.89,659555.6,329.7778,23.27
2029,25.0,0.7,55.0,24.983,0.7,54.85,677820.4,338.9102,24.07
2030,25.0,0.7,60.0,24.984,0.7,59.82,695373.6,347.6868,24.31
2031,25.0,0.7,65.0,24.983,0.7,64.82,715457.6,357.7288,25.24
2032,25.0,0.7,70.0,24.985,0.7,69.84,734544.2,367.2721,25.87
2033,25.0,0.7,75.0,24.984,0.7,74.87,751238.0,375.619,26.36
2034,25.0,0.7,77.0,24.984,0.7,76.86,758309.8,379.1549,26.96
2035,25.0,0.7,79.0,24.984,0.7,78.91,763262.6,381.6313,26.9
2036,25.0,0.7,81.0,24.983,0.7,80.94,770165.4,385.0827,27.74
2037,25.0,0.7,83.0,24.981,0.7,82.94,773964.6,386.9823,27.73
2038,25.0,0.7,85.0,24.98,0.7,84.99,777392.8,388.6964,27.79
2039,25.0,0.7,86.0,24.98,0.7,86.01,780853.0,390.4265,28.56
2040,25.0,0.7,87.0,24.98,0.7,87.01,782145.0,391.0725,28.61
2041,25.0,0.7,88.0,24.979,0.7,88.0,783112.0,391.556,28.58
2042,25.0,0.7,89.0,24.982,0.7,89.02,783869.4,391.9347,28.57
2043,25.0,0.7,90.0,24.978,0.7,90.05,784756.6,392.3783,28.66
2044,25.0,0.7,91.0,24.98,0.7,91.08,784811.2,392.4056,28.58
2045,25.0,0.7,92.0,24.985,0.7,92.09,785249.2000000001,392.6246,28.65
2046,25.0,0.7,93.0,24.997,0.7,93.09,785546.2000000001,392.7731,28.75
2047,25.0,0.7,94.0,24.983,0.7,94.09,784616.0,392.308,28.55
2048,25.0,0.7,95.0,24.981,0.7,95.1,785085.6,392.5428,28.83
2049,25.0,0.7,97.0,24.996,0.7,97.14,783432.2,391.7161,28.83
2050,25.0,0.7,99.0,24.98,0.7,99.11,780230.8,390.1154,28.56
2051,25.0,0.7,101.0,24.997,0.7,101.14,774742.0,387.371,27.7
2052,25.0,0.7,103.0,24.981,0.7,103.15,770946.4,385.4732,27.73
2053,25.0,0.7,105.0,24.993,0.7,105.12,765318.2,382.6591,27.19
2054,25.0,0.7,110.0,24.98,0.7,110.07,749560.4,374.7802,26.5
2055,25.0,0.7,115.0,24.981,0.7,115.03,732312.0,366.156,26.08
2056,25.0,0.7,120.0,24.981,0.7,119.98,711395.2000000001,355.6976,24.89
2057,25.0,0.7,125.0,24.981,0.7,124.93,693084.6,346.5423,24.62
2058,25.0,0.7,130.0,24.984,0.7,129.86,673703.0,336.8515,23.83
2059,25.0,0.7,135.0,24.989,0.7,134.82,657033.4,328.5167,23.51
2060,25.0,0.7,140.0,24.989,0.7,139.78,641478.0,320.739,23.01
2061,25.0,0.7,145.0,24.991,0.7,144.76,628641.0,314.3205,22.85
2062,25.0,0.7,150.0,24.992,0.7,149.76,617459.4,308.7297,22.65
2063,25.0,0.7,155.0,24.992,0.7,154.78,608123.0,304.0615,22.5
2064,25.0,0.7,160.0,24.993,0.7,159.81,600170.7999999999,300.0854,22.26
2065,25.0,0.7,165.0,24.991,0.7,164.85,595691.2000000001,297.8456,22.61
2066,25.0,0.7,170.0,24.992,0.7,169.91,589713.6000000001,294.8568,22.16
2067,25.0,0.7,175.0,24.991,0.7,174.96,587407.6,293.7038,22.34
2068,25.0,0.7,180.0,24.992,0.7,180.05,586204.0,293.102,22.47
2081,25.0,1.0,0.0,24.987,1.0,0.06,508183.39999999997,254.0917,21.35
2082,25.0,1.0,5.0,24.99,1.0,5.03,508449.0,254.2245,21.29
2083,25.0,1.0,10.0,24.992,1.0,10.0,509883.2,254.9416,21.22
2084,25.0,1.0,15.0,24.994,1.0,14.99,511858.0,255.929,21.0
2085,25.0,1.0,20.0,24.991,1.0,19.99,516382.6,258.1913,21.15
2086,25.0,1.0,25.0,24.995,1.0,24.99,519933.39999999997,259.9667,20.7
2087,25.0,1.0,30.0,24.991,1.0,29.99,527411.8,263.7059,20.77
2088,25.0,1.0,35.0,24.992,1.0,34.98,535700.0,267.85,20.63
2089,25.0,1.0,40.0,24.992,1.0,39.98,547838.8,273.9194,20.98
2090,25.0,1.0,45.0,24.993,1.0,44.96,560242.8,280.1214,20.76
2091,25.0,1.0,50.0,24.993,1.0,49.93,575586.6,287.7933,20.73
2092,25.0,1.0,55.0,24.991,1.0,54.91,595858.7999999999,297.9294,21.06
2093,25.0,1.0,60.0,24.99,1.0,59.89,621401.0,310.7005,21.92
2094,25.0,1.0,65.0,24.99,1.0,64.89,646567.4,323.2837,22.0
2095,25.0,1.0,70.0,24.979,1.0,69.89,677522.6,338.7613,23.18
2096,25.0,1.0,75.0,24.984,1.0,74.9,707930.6,353.9653,24.11
2097,25.0,1.0,77.0,24.983,1.0,76.88,718816.0,359.408,24.39
2098,25.0,1.0,79.0,24.983,1.0,78.91,730524.0,365.262,25.01
2099,25.0,1.0,81.0,24.984,1.0,80.94,740856.0,370.428,25.46
2100,25.0,1.0,83.0,24.983,1.0,82.92,749489.6,374.7448,25.74
2101,25.0,1.0,85.0,24.984,1.0,84.97,757382.0,378.691,26.23
2102,25.0,1.0,86.0,24.983,1.0,85.98,760206.6,380.1033,26.3
2103,25.0,1.0,87.0,24.981,1.0,86.98,765346.4,382.6732,27.22
2104,25.0,1.0,88.0,24.987,1.0,87.97,767253.7999999999,383.6269,27.17
2105,25.0,1.0,89.0,24.98,1.0,88.98,768591.4,384.2957,27.11
2106,25.0,1.0,90.0,24.995,1.0,90.0,770036.8,385.0184,27.13
2107,25.0,1.0,91.0,24.983,1.0,91.02,771600.7999999999,385.8004,27.34
2108,25.0,1.0,92.0,24.994,1.0,92.03,771231.2,385.6156,27.1
2109,25.0,1.0,93.0,24.981,1.0,93.02,771859.8,385.9299,27.34
2110,25.0,1.0,94.0,24.986,1.0,94.02,771728.3999999999,385.8642,27.43
2111,25.0,1.0,95.0,24.99,1.0,95.03,770539.6,385.2698,27.32
2112,25.0,1.0,97.0,24.992,1.0,97.05,767707.6,383.8538,27.43
2113,25.0,1.0,99.0,24.991,1.0,99.03,761460.0,380.73,26.81
2114,25.0,1.0,101.0,24.982,1.0,101.05,755023.8,377.5119,26.74
2115,25.0,1.0,103.0,24.989,1.0,103.06,745572.2,372.7861,26.05
2116,25.0,1.0,105.0,24.979,1.0,105.02,735227.6,367.6138,25.39
2117,25.0,1.0,110.0,24.98,1.0,109.96,707948.4,353.9742,24.6
2118,25.0,1.0,115.0,24.979,1.0,114.93,676865.4,338.4327,23.56
2119,25.0,1.0,120.0,24.983,1.0,119.9,645385.6,322.6928,22.32
2120,25.0,1.0,125.0,24.989,1.0,124.87,618089.6,309.0448,21.69
2121,25.0,1.0,130.0,24.992,1.0,129.83,595874.6,297.9373,21.66
2122,25.0,1.0,135.0,24.992,1.0,134.81,575851.8,287.9259,21.4
2123,25.0,1.0,140.0,24.992,1.0,139.79,558694.0,279.347,21.08
2124,25.0,1.0,145.0,24.994,1.0,144.79,545098.0,272.549,20.98
2125,25.0,1.0,150.0,24.995,1.0,149.8,534132.3999999999,267.0662,20.9
2126,25.0,1.0,155.0,24.992,1.0,154.83,526060.2,263.0301,21.09
2127,25.0,1.0,160.0,24.992,1.0,159.85,518587.2,259.2936,20.92
2128,25.0,1.0,165.0,24.992,1.0,164.89,512824.0,256.412,20.79
2129,25.0,1.0,170.0,24.993,1.0,169.94,510694.4,255.3472,21.27
2130,25.0,1.0,175.0,24.992,1.0,174.97,508008.2,254.0041,21.28
2131,25.0,1.0,180.0,24.995,1.0,180.03,506149.60000000003,253.0748,21.15
2144,25.0,1.5,0.0,24.99,1.5,0.06,427330.19999999995,213.6651,20.84
2145,25.0,1.5,5.0,24.992,1.5,4.99,427279.39999999997,213.6397,20.69
2146,25.0,1.5,10.0,24.995,1.5,9.94,428856.80000000005,214.4284,20.81
2147,25.0,1.5,15.0,24.995,1.5,14.91,430466.60000000003,215.2333,20.71
2148,25.0,1.5,20.0,24.996,1.5,19.9,432242.60000000003,216.1213,20.35
2149,25.0,1.5,25.0,24.996,1.5,24.9,436759.0,218.3795,20.54
2150,25.0,1.5,30.0,24.994,1.5,29.9,441133.2,220.5666,20.3
2151,25.0,1.5,35.0,24.994,1.5,34.91,447308.0,223.654,20.12
2152,25.0,1.5,40.0,24.997,1.5,39.93,455539.19999999995,227.7696,19.97
2153,25.0,1.5,45.0,24.995,1.5,44.95,465827.80000000005,232.9139,19.8
2154,25.0,1.5,50.0,24.995,1.5,49.96,479443.0,239.7215,19.66
2155,25.0,1.5,55.0,24.994,1.5,54.97,495892.19999999995,247.9461,19.33
2156,25.0,1.5,60.0,24.993,1.5,59.99,518010.99999999994,259.0055,19.21
2157,25.0,1.5,65.0,24.992,1.5,64.99,548619.8,274.3099,19.69
2158,25.0,1.5,70.0,24.994,1.5,69.99,585206.6,292.6033,20.06
2159,25.0,1.5,75.0,24.993,1.5,74.97,631091.4,315.5457,21.24
2160,25.0,1.5,77.0,24.986,1.5,76.94,648295.7999999999,324.1479,21.39
2161,25.0,1.5,79.0,24.98,1.5,78.94,669948.8,334.9744,22.39
2162,25.0,1.5,81.0,24.983,1.5,80.95,688629.6,344.3148,22.8
2163,25.0,1.5,83.0,24.987,1.5,82.91,708466.7999999999,354.2334,24.0
2164,25.0,1.5,85.0,24.983,1.5,84.93,725062.6,362.5313,24.74
2165,25.0,1.5,86.0,24.984,1.5,85.94,730035.2,365.0176,24.5
2166,25.0,1.5,87.0,24.984,1.5,86.92,737269.2,368.6346,25.11
2167,25.0,1.5,88.0,24.984,1.5,87.9,742751.2,371.3756,25.42
2168,25.0,1.5,89.0,24.984,1.5,88.9,745879.6,372.9398,25.28
2169,25.0,1.5,90.0,24.98,1.5,89.9,751201.4,375.6007,26.07
2170,25.0,1.5,91.0,24.98,1.5,90.92,753763.0,376.8815,26.24
2171,25.0,1.5,92.0,24.99,1.5,91.92,753886.3999999999,376.9432,26.02
2172,25.0,1.5,93.0,24.982,1.5,92.9,754508.6,377.2543,26.23
2173,25.0,1.5,94.0,24.98,1.5,93.88,753942.8,376.9714,26.35
2174,25.0,1.5,95.0,24.993,1.5,94.88,751529.6,375.7648,26.26
2175,25.0,1.5,97.0,24.981,1.5,96.89,743431.8,371.7159,25.81
2176,25.0,1.5,99.0,24.98,1.5,98.85,731759.2,365.8796,25.28
2177,25.0,1.5,101.0,24.981,1.5,100.86,716063.8,358.0319,24.53
2178,25.0,1.5,103.0,24.98,1.5,102.86,699415.0,349.7075,24.06
2179,25.0,1.5,105.0,24.981,1.5,104.82,679599.2000000001,339.7996,23.1
2180,25.0,1.5,110.0,24.982,1.5,109.77,631448.4,315.7242,21.86
2181,25.0,1.5,115.0,24.992,1.5,114.76,584420.6,292.2103,20.45
2182,25.0,1.5,120.0,24.992,1.5,119.77,547168.4,273.5842,19.92
2183,25.0,1.5,125.0,24.994,1.5,124.8,518769.4,259.3847,20.01
2184,25.0,1.5,130.0,24.994,1.5,129.81,495360.99999999994,247.6805,19.88
2185,25.0,1.5,135.0,24.994,1.5,134.85,477345.2,238.6726,19.88
2186,25.0,1.5,140.0,24.997,1.5,139.89,464528.0,232.264,20.17
2187,25.0,1.5,145.0,24.994,1.5,144.94,453863.19999999995,226.9316,20.3
2188,25.0,1.5,150.0,24.994,1.5,149.98,445478.6,222.7393,20.34
2189,25.0,1.5,155.0,24.995,1.5,155.03,438568.0,219.284,20.3
2190,25.0,1.5,160.0,24.995,1.5,160.04,434891.60000000003,217.4458,20.65
2191,25.0,1.5,165.0,24.994,1.5,165.05,431104.8,215.5524,20.67
2192,25.0,1.5,170.0,24.995,1.5,170.05,429158.2,214.5791,20.89
2193,25.0,1.5,175.0,24.995,1.5,175.02,426867.19999999995,213.4336,20.76
2194,25.0,1.5,180.0,24.995,1.5,180.02,426214.8,213.1074,20.82
2207,25.0,2.0,0.0,24.989,2.0,0.06,376475.39999999997,188.2377,20.43
2208,25.0,2.0,5.0,24.994,2.0,4.96,377682.0,188.841,20.75
2209,25.0,2.0,10.0,24.993,2.0,9.89,377928.4,188.9642,20.55
2210,25.0,2.0,15.0,24.994,2.0,14.85,379077.6,189.5388,20.44
2211,25.0,2.0,20.0,24.996,2.0,19.82,380722.0,190.361,20.28
2212,25.0,2.0,25.0,24.996,2.0,24.82,383416.4,191.7082,20.15
2213,25.0,2.0,30.0,24.995,2.0,29.84,387166.0,193.583,19.97
2214,25.0,2.0,35.0,24.997,2.0,34.85,392334.0,196.167,19.82
2215,25.0,2.0,40.0,24.996,2.0,39.89,398328.4,199.1642,19.37
2216,25.0,2.0,45.0,24.996,2.0,44.93,407452.2,203.7261,19.31
2217,25.0,2.0,50.0,24.997,2.0,49.96,418578.2,209.2891,19.06
2218,25.0,2.0,55.0,24.996,2.0,55.0,433266.8,216.6334,18.86
2219,25.0,2.0,60.0,24.996,2.0,60.03,451718.19999999995,225.8591,18.62
2220,25.0,2.0,65.0,24.992,2.0,65.05,476132.6,238.0663,18.28
2221,25.0,2.0,70.0,24.993,2.0,70.05,511818.4,255.9092,18.5
2222,25.0,2.0,75.0,24.994,2.0,75.02,559263.0,279.6315,18.87
2223,25.0,2.0,77.0,24.994,2.0,76.98,582489.0,291.2445,19.38
2224,25.0,2.0,79.0,24.992,2.0,78.97,607408.2000000001,303.7041,19.75
2225,25.0,2.0,81.0,24.989,2.0,80.96,636964.8,318.4824,21.02
2226,25.0,2.0,83.0,24.979,2.0,82.89,662569.4,331.2847,21.63
2227,25.0,2.0,85.0,24.984,2.0,84.89,688269.2,344.1346,22.47
2228,25.0,2.0,86.0,24.985,2.0,85.9,700608.2000000001,350.3041,23.09
2229,25.0,2.0,87.0,24.986,2.0,86.87,711924.7999999999,355.9624,23.77
2230,25.0,2.0,88.0,24.985,2.0,87.83,722470.7999999999,361.2354,24.53
2231,25.0,2.0,89.0,24.984,2.0,88.83,728761.8,364.3809,24.55
2232,25.0,2.0,90.0,24.983,2.0,89.82,735832.2,367.9161,25.18
2233,25.0,2.0,91.0,24.987,2.0,90.82,740013.4,370.0067,25.4
2234,25.0,2.0,92.0,24.985,2.0,91.82,741285.4,370.6427,25.37
2235,25.0,2.0,93.0,24.982,2.0,92.78,740220.2000000001,370.1101,25.12
2236,25.0,2.0,94.0,24.98,2.0,93.76,738732.2,369.3661,25.25
2237,25.0,2.0,95.0,24.982,2.0,94.76,736462.4,368.2312,25.61
2238,25.0,2.0,97.0,24.982,2.0,96.75,718218.8,359.1094,23.93
2239,25.0,2.0,99.0,24.984,2.0,98.7,701348.2,350.6741,23.89
2240,25.0,2.0,101.0,24.983,2.0,100.7,675687.4,337.8437,22.81
2241,25.0,2.0,103.0,24.984,2.0,102.71,648761.6,324.3808,21.96
2242,25.0,2.0,105.0,24.988,2.0,104.66,619151.4,309.5757,20.54
2243,25.0,2.0,110.0,24.991,2.0,109.63,559479.2000000001,279.7396,19.73
2244,25.0,2.0,115.0,24.994,2.0,114.65,511903.2,255.9516,19.32
2245,25.0,2.0,120.0,24.995,2.0,119.71,475833.8,237.9169,19.06
2246,25.0,2.0,125.0,24.994,2.0,124.76,450806.4,225.4032,19.33
2247,25.0,2.0,130.0,24.996,2.0,129.82,430756.00000000006,215.378,19.26
2248,25.0,2.0,135.0,24.996,2.0,134.91,417063.19999999995,208.5316,19.71
2249,25.0,2.0,140.0,24.995,2.0,140.0,404558.39999999997,202.2792,19.48
2250,25.0,2.0,145.0,24.995,2.0,145.08,395150.0,197.575,19.45
2251,25.0,2.0,150.0,24.996,2.0,150.15,390031.2,195.0156,20.06
2252,25.0,2.0,155.0,24.997,2.0,155.2,385305.6,192.6528,20.24
2253,25.0,2.0,160.0,24.993,2.0,160.2,381378.0,190.689,20.25
2254,25.0,2.0,165.0,24.995,2.0,165.19,378889.8,189.4449,20.34
2255,25.0,2.0,170.0,24.997,2.0,170.16,376642.4,188.3212,20.22
2256,25.0,2.0,175.0,24.996,2.0,175.07,376274.0,188.137,20.49
2257,25.0,2.0,180.0,24.994,2.0,180.01,376475.39999999997,188.2377,20.71
2270,25.0,3.0,0.0,24.989,3.0,0.04,315245.60000000003,157.6228,20.54
2271,25.0,3.0,5.0,24.992,3.0,4.92,315725.8,157.8629,20.64
2272,25.0,3.0,10.0,24.995,3.0,9.84,315961.6,157.9808,20.57
2273,25.0,3.0,15.0,24.995,3.0,14.78,316724.0,158.362,20.54
2274,25.0,3.0,20.0,24.998,3.0,19.75,317084.2,158.5421,20.16
2275,25.0,3.0,25.0,24.998,3.0,24.76,318738.6,159.3693,19.94
2276,25.0,3.0,30.0,24.997,3.0,29.78,321220.8,160.6104,19.7
2277,25.0,3.0,35.0,24.997,3.0,34.81,325127.2,162.5636,19.54
2278,25.0,3.0,40.0,24.997,3.0,39.85,329957.8,164.9789,19.16
2279,25.0,3.0,45.0,24.999,3.0,44.9,337822.2,168.9111,19.21
2280,25.0,3.0,50.0,24.997,3.0,49.94,344965.4,172.4827,18.49
2281,25.0,3.0,55.0,24.996,3.0,54.98,357152.0,178.576,18.43
2282,25.0,3.0,60.0,24.995,3.0,60.03,371570.4,185.7852,18.01
2283,25.0,3.0,65.0,24.996,3.0,65.05,391744.8,195.8724,17.92
2284,25.0,3.0,70.0,24.995,3.0,70.05,417154.39999999997,208.5772,17.26
2285,25.0,3.0,75.0,24.993,3.0,75.0,455833.39999999997,227.9167,16.98
2286,25.0,3.0,77.0,24.994,3.0,76.95,476823.80000000005,238.4119,16.91
2287,25.0,3.0,79.0,24.993,3.0,78.93,505010.6,252.5053,17.35
2288,25.0,3.0,81.0,24.994,3.0,80.91,536227.2,268.1136,17.52
2289,25.0,3.0,83.0,24.992,3.0,82.83,574582.3999999999,287.2912,18.42
2290,25.0,3.0,85.0,24.992,3.0,84.8,618184.2,309.0921,19.8
2291,25.0,3.0,86.0,24.989,3.0,85.79,639402.0,319.701,20.39
2292,25.0,3.0,87.0,24.982,3.0,86.75,660097.4,330.0487,21.24
2293,25.0,3.0,88.0,24.984,3.0,87.7,681018.0,340.509,22.46
2294,25.0,3.0,89.0,24.986,3.0,88.69,696430.8,348.2154,22.91
2295,25.0,3.0,90.0,24.984,3.0,89.68,709783.6,354.8918,23.55
2296,25.0,3.0,91.0,24.983,3.0,90.66,718826.8,359.4134,23.99
2297,25.0,3.0,92.0,24.987,3.0,91.64,724762.2000000001,362.3811,24.74
2298,25.0,3.0,93.0,24.985,3.0,92.61,722554.0,361.277,24.38
2299,25.0,3.0,94.0,24.985,3.0,93.58,715690.8,357.8454,23.79
2300,25.0,3.0,95.0,24.986,3.0,94.57,703263.6000000001,351.6318,22.83
2301,25.0,3.0,97.0,24.985,3.0,96.54,674850.6,337.4253,22.31
2302,25.0,3.0,99.0,24.985,3.0,98.49,636241.7999999999,318.1209,21.22
2303,25.0,3.0,101.0,24.989,3.0,100.5,593818.0,296.909,20.12
2304,25.0,3.0,103.0,24.992,3.0,102.51,551669.8,275.8349,18.79
2305,25.0,3.0,105.0,24.993,3.0,104.47,516459.19999999995,258.2296,18.01
2306,25.0,3.0,110.0,24.995,3.0,109.46,454089.99999999994,227.045,17.77
2307,25.0,3.0,115.0,24.994,3.0,114.49,415217.4,207.6087,18.21
2308,25.0,3.0,120.0,24.996,3.0,119.58,385993.0,192.9965,17.94
2309,25.0,3.0,125.0,24.997,3.0,124.68,367366.19999999995,183.6831,18.49
2310,25.0,3.0,130.0,24.996,3.0,129.78,352048.6,176.0243,18.56
2311,25.0,3.0,135.0,25.0,3.0,134.91,340699.2,170.3496,18.77
2312,25.0,3.0,140.0,24.996,3.0,140.01,332569.6,166.2848,19.13
2313,25.0,3.0,145.0,24.995,3.0,145.12,325172.0,162.586,19.01
2314,25.0,3.0,150.0,24.998,3.0,150.2,321804.2,160.9021,19.72
2315,25.0,3.0,155.0,24.996,3.0,155.27,317894.4,158.9472,19.63
2316,25.0,3.0,160.0,24.996,3.0,160.29,317297.0,158.6485,20.42
2317,25.0,3.0,165.0,24.996,3.0,165.26,315483.80000000005,157.7419,20.35
2318,25.0,3.0,170.0,24.997,3.0,170.21,313336.6,156.6683,19.86
2319,25.0,3.0,175.0,24.997,3.0,175.1,314745.60000000003,157.3728,20.52
2320,25.0,3.0,180.0,24.997,3.0,179.99,314968.8,157.4844,20.56
2333,25.0,5.0,0.0,24.992,5.0,0.0,248258.80000000002,124.1294,20.48
2334,25.0,5.0,5.0,24.994,5.0,4.87,248957.8,124.4789,20.69
2335,25.0,5.0,10.0,24.995,5.0,9.79,248676.2,124.3381,20.51
2336,25.0,5.0,15.0,24.995,5.0,14.76,248510.19999999998,124.2551,20.25
2337,25.0,5.0,20.0,24.997,5.0,19.73,249397.80000000002,124.6989,20.28
2338,25.0,5.0,25.0,24.999,5.0,24.74,250443.40000000002,125.2217,20.1
2339,25.0,5.0,30.0,24.997,5.0,29.76,252075.59999999998,126.0378,19.72
2340,25.0,5.0,35.0,24.998,5.0,34.77,254935.60000000003,127.4678,19.48
2341,25.0,5.0,40.0,24.998,5.0,39.8,258840.8,129.4204,19.25
2342,25.0,5.0,45.0,24.998,5.0,44.83,263904.8,131.9524,18.89
2343,25.0,5.0,50.0,24.997,5.0,49.85,270294.8,135.1474,18.49
2344,25.0,5.0,55.0,24.999,5.0,54.86,278407.8,139.2039,18.04
2345,25.0,5.0,60.0,24.998,5.0,59.89,289047.4,144.5237,17.61
2346,25.0,5.0,65.0,24.997,5.0,64.89,302801.2,151.4006,17.09
2347,25.0,5.0,70.0,24.997,5.0,69.88,320917.6,160.4588,16.42
2348,25.0,5.0,75.0,24.998,5.0,74.82,348307.6,174.1538,15.91
2349,25.0,5.0,77.0,24.994,5.0,76.76,363024.8,181.5124,15.7
2350,25.0,5.0,79.0,24.995,5.0,78.73,382743.19999999995,191.3716,15.65
2351,25.0,5.0,81.0,24.994,5.0,80.7,407286.6,203.6433,15.49
2352,25.0,5.0,83.0,24.993,5.0,82.63,440482.80000000005,220.2414,15.49
2353,25.0,5.0,85.0,24.994,5.0,84.58,488555.6,244.2778,15.9
2354,25.0,5.0,86.0,24.993,5.0,85.56,518750.0,259.375,16.38
2355,25.0,5.0,87.0,24.99,5.0,86.52,554535.6,277.2678,17.35
2356,25.0,5.0,88.0,24.992,5.0,87.46,590500.6,295.2503,18.25
2357,25.0,5.0,89.0,24.988,5.0,88.42,630112.0,315.056,19.88
2358,25.0,5.0,90.0,24.989,5.0,89.4,662517.0,331.2585,20.92
2359,25.0,5.0,91.0,24.982,5.0,90.38,688599.4,344.2997,22.3
2360,25.0,5.0,92.0,24.987,5.0,91.35,701768.8,350.8844,23.25
2361,25.0,5.0,93.0,24.985,5.0,92.32,699295.7999999999,349.6479,23.21
2362,25.0,5.0,94.0,24.984,5.0,93.3,684620.6,342.3103,22.89
2363,25.0,5.0,95.0,24.985,5.0,94.28,654467.0,327.2335,21.07
2364,25.0,5.0,97.0,24.985,5.0,96.24,584419.6,292.2098,19.09
2365,25.0,5.0,99.0,24.989,5.0,98.21,515364.8,257.6824,17.4
2366,25.0,5.0,101.0,24.992,5.0,100.23,460106.00000000006,230.053,16.56
2367,25.0,5.0,103.0,24.992,5.0,102.25,421132.80000000005,210.5664,16.51
2368,25.0,5.0,105.0,24.994,5.0,104.24,390837.8,195.4189,16.19
2369,25.0,5.0,110.0,24.997,5.0,109.25,344294.6,172.1473,16.57
2370,25.0,5.0,115.0,24.997,5.0,114.32,315562.39999999997,157.7812,17.0
2371,25.0,5.0,120.0,24.998,5.0,119.42,295813.2,147.9066,17.37
2372,25.0,5.0,125.0,24.996,5.0,124.53,281299.4,140.6497,17.6
2373,25.0,5.0,130.0,24.998,5.0,129.65,271878.2,135.9391,18.32
2374,25.0,5.0,135.0,25.0,5.0,134.78,263970.2,131.9851,18.76
2375,25.0,5.0,140.0,24.999,5.0,139.89,256830.40000000002,128.4152,18.61
2376,25.0,5.0,145.0,24.996,5.0,145.0,252713.2,126.3566,19.09
2377,25.0,5.0,150.0,24.996,5.0,150.09,249946.99999999997,124.9735,19.44
2378,25.0,5.0,155.0,24.997,5.0,155.18,248404.8,124.2024,20.02
2379,25.0,5.0,160.0,24.995,5.0,160.23,247224.40000000002,123.6122,20.08
2380,25.0,5.0,165.0,24.996,5.0,165.23,246559.6,123.2798,20.08
2381,25.0,5.0,170.0,25.0,5.0,170.19,247109.0,123.5545,20.25
2382,25.0,5.0,175.0,24.998,5.0,175.06,248153.6,124.0768,20.54
2383,25.0,5.0,180.0,24.997,5.0,179.93,248710.60000000003,124.3553,20.55
2396,25.0,7.0,0.0,24.991,7.0,-0.03,207456.59999999998,103.7283,20.7
2397,25.0,7.0,5.0,24.993,7.0,4.86,207754.4,103.8772,20.59
2398,25.0,7.0,10.0,24.997,7.0,9.8,207794.2,103.8971,20.6
2399,25.0,7.0,15.0,24.998,7.0,14.77,207546.8,103.7734,20.44
2400,25.0,7.0,20.0,24.997,7.0,19.76,208029.59999999998,104.0148,20.31
2401,25.0,7.0,25.0,24.998,7.0,24.76,209042.4,104.5212,20.02
2402,25.0,7.0,30.0,24.998,7.0,29.77,210777.19999999998,105.3886,19.73
2403,25.0,7.0,35.0,24.998,7.0,34.77,213301.6,106.6508,19.38
2404,25.0,7.0,40.0,24.999,7.0,39.77,217353.40000000002,108.6767,19.27
2405,25.0,7.0,45.0,25.0,7.0,44.77,221914.0,110.957,18.9
2406,25.0,7.0,50.0,24.999,7.0,49.76,227746.99999999997,113.8735,18.52
2407,25.0,7.0,55.0,25.0,7.0,54.74,234992.2,117.4961,18.18
2408,25.0,7.0,60.0,24.999,7.0,59.74,243540.6,121.7703,17.56
2409,25.0,7.0,65.0,24.998,7.0,64.72,254575.8,127.2879,16.97
2410,25.0,7.0,70.0,24.997,7.0,69.67,269049.0,134.5245,16.22
2411,25.0,7.0,75.0,24.998,7.0,74.6,290470.0,145.235,15.6
2412,25.0,7.0,77.0,24.996,7.0,76.55,301211.2,150.6056,15.12
2413,25.0,7.0,79.0,24.998,7.0,78.52,316382.2,158.1911,14.96
2414,25.0,7.0,81.0,24.995,7.0,80.49,335494.8,167.7474,14.65
2415,25.0,7.0,83.0,24.996,7.0,82.41,361516.60000000003,180.7583,14.47
2416,25.0,7.0,85.0,24.995,7.0,84.36,400903.2,200.4516,14.53
2417,25.0,7.0,86.0,24.994,7.0,85.33,427549.60000000003,213.7748,14.6
2418,25.0,7.0,87.0,24.992,7.0,86.29,462681.6,231.3408,15.09
2419,25.0,7.0,88.0,24.992,7.0,87.22,504008.8,252.0044,15.73
2420,25.0,7.0,89.0,24.99,7.0,88.18,553908.6,276.9543,16.73
2421,25.0,7.0,90.0,24.99,7.0,89.14,609806.0,304.903,18.69
2422,25.0,7.0,91.0,24.987,7.0,90.12,659088.2,329.5441,20.98
2423,25.0,7.0,92.0,24.979,7.0,91.09,687211.2,343.6056,22.72
2424,25.0,7.0,93.0,24.984,7.0,92.06,686312.7999999999,343.1564,22.94
2425,25.0,7.0,94.0,24.984,7.0,93.03,656294.2,328.1471,21.23
2426,25.0,7.0,95.0,24.988,7.0,94.02,610358.6,305.1793,19.6
2427,25.0,7.0,97.0,24.987,7.0,95.98,510102.00000000006,255.051,17.03
2428,25.0,7.0,99.0,24.991,7.0,97.97,432421.0,216.2105,15.56
2429,25.0,7.0,101.0,24.996,7.0,99.99,382037.8,191.0189,15.35
2430,25.0,7.0,103.0,24.995,7.0,102.02,347126.60000000003,173.5633,15.16
2431,25.0,7.0,105.0,24.997,7.0,104.03,323989.19999999995,161.9946,15.47
2432,25.0,7.0,110.0,24.999,7.0,109.03,285473.0,142.7365,15.91
2433,25.0,7.0,115.0,25.0,7.0,114.11,262916.4,131.4582,16.66
2434,25.0,7.0,120.0,25.001,7.0,119.23,247043.40000000002,123.5217,17.16
2435,25.0,7.0,125.0,24.998,7.0,124.35,235308.0,117.654,17.57
2436,25.0,7.0,130.0,24.997,7.0,129.45,226763.4,113.3817,18.11
2437,25.0,7.0,135.0,25.0,7.0,134.58,219853.6,109.9268,18.44
2438,25.0,7.0,140.0,24.999,7.0,139.7,214782.6,107.3913,18.85
2439,25.0,7.0,145.0,24.998,7.0,144.81,210417.8,105.2089,18.98
2440,25.0,7.0,150.0,24.998,7.0,149.91,207151.8,103.5759,19.03
2441,25.0,7.0,155.0,24.998,7.0,155.0,205530.8,102.7654,19.39
2442,25.0,7.0,160.0,24.996,7.0,160.07,205334.2,102.6671,20.14
2443,25.0,7.0,165.0,25.001,7.0,165.11,204560.6,102.2803,19.85
2444,25.0,7.0,170.0,24.998,7.0,170.1,205046.8,102.5234,19.93
2445,25.0,7.0,175.0,24.998,7.0,174.98,206664.19999999998,103.3321,20.34
2446,25.0,7.0,180.0,24.999,7.0,179.84,207438.0,103.719,20.44
2459,25.0,8.0,0.0,24.997,8.0,0.01,190796.0,95.398,20.61
2460,25.0,8.0,5.0,24.997,8.0,4.9,190797.0,95.3985,20.29
2461,25.0,8.0,10.0,24.998,8.0,9.85,191197.2,95.5986,20.61
2462,25.0,8.0,15.0,24.997,8.0,14.84,190572.0,95.286,20.1
2463,25.0,8.0,20.0,25.001,8.0,19.84,191335.2,95.6676,20.12
2464,25.0,8.0,25.0,24.998,8.0,24.85,192445.0,96.2225,19.82
2465,25.0,8.0,30.0,24.997,8.0,29.85,194576.6,97.2883,19.71
2466,25.0,8.0,35.0,24.999,8.0,34.85,197129.6,98.5648,19.28
2467,25.0,8.0,40.0,24.998,8.0,39.83,201174.19999999998,100.5871,19.19
2468,25.0,8.0,45.0,25.0,8.0,44.82,205909.0,102.9545,18.88
2469,25.0,8.0,50.0,24.998,8.0,49.8,211554.59999999998,105.7773,18.48
2470,25.0,8.0,55.0,25.001,8.0,54.77,218866.6,109.4333,18.22
2471,25.0,8.0,60.0,24.998,8.0,59.74,226742.6,113.3713,17.49
2472,25.0,8.0,65.0,24.999,8.0,64.71,237111.8,118.5559,16.88
2473,25.0,8.0,70.0,24.997,8.0,69.67,250674.40000000002,125.3372,16.19
2474,25.0,8.0,75.0,24.999,8.0,74.57,269446.0,134.723,15.31
2475,25.0,8.0,77.0,24.998,8.0,76.5,279978.2,139.9891,15.04
2476,25.0,8.0,79.0,24.999,8.0,78.48,293113.0,146.5565,14.67
2477,25.0,8.0,81.0,24.999,8.0,80.44,310225.8,155.1129,14.3
2478,25.0,8.0,83.0,24.998,8.0,82.36,334815.6,167.4078,14.24
2479,25.0,8.0,85.0,24.998,8.0,84.32,370542.2,185.2711,14.11
2480,25.0,8.0,86.0,24.993,8.0,85.28,395063.2,197.5316,14.12
2481,25.0,8.0,87.0,24.995,8.0,86.23,426994.80000000005,213.4974,14.31
2482,25.0,8.0,88.0,24.995,8.0,87.17,468855.0,234.4275,14.97
2483,25.0,8.0,89.0,24.992,8.0,88.12,521825.8,260.9129,15.97
2484,25.0,8.0,90.0,24.99,8.0,89.07,583684.4,291.8422,17.73
2485,25.0,8.0,91.0,24.992,8.0,90.05,642355.0,321.1775,20.04
2486,25.0,8.0,92.0,24.987,8.0,91.02,678744.4,339.3722,22.07
2487,25.0,8.0,93.0,24.988,8.0,91.98,678827.0,339.4135,22.33
2488,25.0,8.0,94.0,24.988,8.0,92.96,643273.2,321.6366,20.76
2489,25.0,8.0,95.0,24.987,8.0,93.96,587737.0,293.8685,18.8
2490,25.0,8.0,97.0,24.988,8.0,95.93,476004.39999999997,238.0022,15.99
2491,25.0,8.0,99.0,24.996,8.0,97.91,401192.0,200.596,15.06
2492,25.0,8.0,101.0,24.996,8.0,99.95,353136.4,176.5682,14.88
2493,25.0,8.0,103.0,24.993,8.0,101.99,320569.2,160.2846,14.8
2494,25.0,8.0,105.0,24.998,8.0,104.0,298728.8,149.3644,14.99
2495,25.0,8.0,110.0,24.998,8.0,109.0,264393.4,132.1967,15.72
2496,25.0,8.0,115.0,24.999,8.0,114.08,243383.0,121.6915,16.41
2497,25.0,8.0,120.0,25.0,8.0,119.2,229061.4,114.5307,17.05
2498,25.0,8.0,125.0,24.998,8.0,124.31,218180.8,109.0904,17.52
2499,25.0,8.0,130.0,24.997,8.0,129.42,210227.19999999998,105.1136,18.14
2500,25.0,8.0,135.0,24.997,8.0,134.54,203268.80000000002,101.6344,18.34
2501,25.0,8.0,140.0,24.999,8.0,139.65,197889.4,98.9447,18.57
2502,25.0,8.0,145.0,24.996,8.0,144.76,194471.0,97.2355,19.26
2503,25.0,8.0,150.0,24.996,8.0,149.85,191110.4,95.5552,19.16
2504,25.0,8.0,155.0,24.995,8.0,154.94,189761.4,94.8807,19.76
2505,25.0,8.0,160.0,24.995,8.0,160.02,188429.8,94.2149,19.73
2506,25.0,8.0,165.0,24.998,8.0,165.09,188099.4,94.0497,19.91
2507,25.0,8.0,170.0,24.996,8.0,170.09,188383.4,94.1917,19.84
2508,25.0,8.0,175.0,24.999,8.0,174.98,189720.80000000002,94.8604,20.12
2509,25.0,8.0,180.0,24.997,8.0,179.86,191177.0,95.5885,20.53
2585,30.0,0.01,0.0,29.988,0.01,-4.19,681090.4,340.5452,25.54
2586,30.0,0.01,5.0,29.997,0.01,1.19,681763.4,340.8817,25.76
2587,30.0,0.01,10.0,29.99,0.01,6.61,681302.6,340.6513,25.61
2588,30.0,0.01,15.0,29.99,0.01,12.08,680983.6,340.4918,25.51
2589,30.0,0.01,20.0,29.991,0.01,17.61,680378.3999999999,340.1892,25.29
2590,30.0,0.01,25.0,29.993,0.01,23.24,681498.0,340.749,25.63
2591,30.0,0.01,30.0,29.991,0.01,28.8,680883.2000000001,340.4416,25.4
2592,30.0,0.01,35.0,29.99,0.01,34.38,681320.0,340.66,25.54
2593,30.0,0.01,40.0,29.992,0.01,39.96,681724.2000000001,340.8621,25.64
2594,30.0,0.01,45.0,29.991,0.01,45.58,681500.7999999999,340.7504,25.58
2595,30.0,0.01,50.0,29.993,0.01,51.11,681504.0,340.752,25.56
2596,30.0,0.01,55.0,29.991,0.01,56.66,681570.2000000001,340.7851,25.57
2597,30.0,0.01,60.0,29.992,0.01,62.2,681570.7999999999,340.7854,25.59
2598,30.0,0.01,65.0,29.99,0.01,67.72,681664.2,340.8321,25.6
2599,30.0,0.01,70.0,29.991,0.01,73.21,681695.0,340.8475,25.61
2600,30.0,0.01,75.0,29.991,0.01,78.62,681216.2000000001,340.6081,25.44
2601,30.0,0.01,77.0,29.993,0.01,80.78,681749.0,340.8745,25.61
2602,30.0,0.01,79.0,29.992,0.01,82.96,681954.4,340.9772,25.67
2603,30.0,0.01,81.0,29.991,0.01,85.16,681478.6,340.7393,25.53
2604,30.0,0.01,83.0,29.991,0.01,87.21,681642.6000000001,340.8213,25.55
2605,30.0,0.01,85.0,29.991,0.01,89.37,681112.7999999999,340.5564,25.4
2606,30.0,0.01,86.0,29.993,0.01,90.49,681668.8,340.8344,25.57
2607,30.0,0.01,87.0,29.992,0.01,91.54,681777.4,340.8887,25.62
2608,30.0,0.01,88.0,29.991,0.01,92.55,681481.6,340.7408,25.51
2609,30.0,0.01,89.0,29.992,0.01,93.61,681882.6,340.9413,25.67
2610,30.0,0.01,90.0,29.99,0.01,94.72,681553.7999999999,340.7769,25.53
2611,30.0,0.01,91.0,29.991,0.01,95.76,681728.3999999999,340.8642,25.58
2612,30.0,0.01,92.0,29.992,0.01,96.84,681711.2,340.8556,25.62
2613,30.0,0.01,93.0,29.992,0.01,97.83,681496.2000000001,340.7481,25.52
2614,30.0,0.01,94.0,29.991,0.01,98.9,681630.2,340.8151,25.55
2615,30.0,0.01,95.0,29.991,0.01,99.92,682008.7999999999,341.0044,25.67
2616,30.0,0.01,97.0,29.992,0.01,102.01,682407.6,341.2038,25.81
2617,30.0,0.01,99.0,29.99,0.01,104.02,682224.6,341.1123,25.76
2618,30.0,0.01,101.0,29.991,0.01,106.14,681822.6,340.9113,25.61
2619,30.0,0.01,103.0,29.991,0.01,108.2,681616.4,340.8082,25.54
2620,30.0,0.01,105.0,29.992,0.01,110.21,681640.4,340.8202,25.55
2621,30.0,0.01,110.0,29.99,0.01,115.23,682094.6,341.0473,25.73
2622,30.0,0.01,115.0,29.99,0.01,120.28,681832.0,340.916,25.65
2623,30.0,0.01,120.0,29.99,0.01,125.31,681912.4,340.9562,25.65
2624,30.0,0.01,125.0,29.99,0.01,130.3,681761.6,340.8808,25.61
2625,30.0,0.01,130.0,29.991,0.01,135.31,682117.8,341.0589,25.75
2626,30.0,0.01,135.0,29.99,0.01,140.29,681752.6,340.8763,25.63
2627,30.0,0.01,140.0,29.989,0.01,145.26,681341.2000000001,340.6706,25.48
2628,30.0,0.01,145.0,29.991,0.01,150.21,681730.0,340.865,25.6
2629,30.0,0.01,150.0,29.992,0.01,155.12,681473.6,340.7368,25.54
2630,30.0,0.01,155.0,29.99,0.01,160.02,681588.2,340.7941,25.56
2631,30.0,0.01,160.0,29.99,0.01,164.81,681356.8,340.6784,25.51
2632,30.0,0.01,165.0,29.991,0.01,169.57,681860.6,340.9303,25.68
2633,30.0,0.01,170.0,29.99,0.01,174.26,681028.0,340.514,25.42
2634,30.0,0.01,175.0,29.991,0.01,178.93,681590.4,340.7952,25.62
2635,30.0,0.01,180.0,29.99,0.01,183.53,681346.4,340.6732,25.51
2648,30.0,0.015,0.0,29.989,0.015,-2.66,681260.6,340.6303,25.58
2649,30.0,0.015,5.0,29.996,0.015,2.57,681206.0,340.603,25.59
2650,30.0,0.015,10.0,29.992,0.015,7.9,680564.8,340.2824,25.4
2651,30.0,0.015,15.0,29.991,0.015,13.22,681222.4,340.6112,25.57
2652,30.0,0.015,20.0,29.99,0.015,18.54,681661.0,340.8305,25.73
2653,30.0,0.015,25.0,29.991,0.015,23.91,681172.4,340.5862,25.52
2654,30.0,0.015,30.0,29.991,0.015,29.29,681242.4,340.6212,25.55
2655,30.0,0.015,35.0,29.991,0.015,34.64,681148.0,340.574,25.48
2656,30.0,0.015,40.0,29.991,0.015,40.0,681019.6,340.5098,25.44
2657,30.0,0.015,45.0,29.99,0.015,45.34,681184.0,340.592,25.5
2658,30.0,0.015,50.0,29.992,0.015,50.67,681087.7999999999,340.5439,25.42
2659,30.0,0.015,55.0,29.993,0.015,56.01,681794.8,340.8974,25.66
2660,30.0,0.015,60.0,29.992,0.015,61.35,681828.0,340.914,25.67
2661,30.0,0.015,65.0,29.99,0.015,66.67,681658.4,340.8292,25.58
2662,30.0,0.015,70.0,29.992,0.015,71.99,681614.2,340.8071,25.58
2663,30.0,0.015,75.0,29.991,0.015,77.26,682350.6,341.1753,25.79
2664,30.0,0.015,77.0,29.99,0.015,79.37,681669.4,340.8347,25.56
2665,30.0,0.015,79.0,29.992,0.015,81.5,680976.0,340.488,25.35
2666,30.0,0.015,81.0,29.99,0.015,83.63,681819.4,340.9097,25.61
2667,30.0,0.015,83.0,29.993,0.015,85.73,681788.8,340.8944,25.6
2668,30.0,0.015,85.0,29.992,0.015,87.85,681586.6,340.7933,25.53
2669,30.0,0.015,86.0,29.992,0.015,88.92,681358.2000000001,340.6791,25.44
2670,30.0,0.015,87.0,29.991,0.015,89.95,681646.6000000001,340.8233,25.55
2671,30.0,0.015,88.0,29.991,0.015,90.98,681738.2,340.8691,25.58
2672,30.0,0.015,89.0,29.99,0.015,92.04,681877.0,340.9385,25.62
2673,30.0,0.015,90.0,29.991,0.015,93.13,681397.0,340.6985,25.47
2674,30.0,0.015,91.0,29.99,0.015,94.15,681746.7999999999,340.8734,25.57
2675,30.0,0.015,92.0,29.993,0.015,95.18,681684.4,340.8422,25.54
2676,30.0,0.015,93.0,29.991,0.015,96.22,681594.8,340.7974,25.53
2677,30.0,0.015,94.0,29.992,0.015,97.21,681639.2,340.8196,25.57
2678,30.0,0.015,95.0,29.991,0.015,98.27,681640.4,340.8202,25.58
2679,30.0,0.015,97.0,29.993,0.015,100.36,681782.2,340.8911,25.58
2680,30.0,0.015,99.0,29.992,0.015,102.38,681573.4,340.7867,25.51
2681,30.0,0.015,101.0,29.991,0.015,104.46,681744.6,340.8723,25.58
2682,30.0,0.015,103.0,29.991,0.015,106.51,681775.7999999999,340.8879,25.59
2683,30.0,0.015,105.0,29.99,0.015,108.49,681862.6,340.9313,25.64
2684,30.0,0.015,110.0,29.991,0.015,113.52,682067.4,341.0337,25.71
2685,30.0,0.015,115.0,29.991,0.015,118.54,682001.0,341.0005,25.67
2686,30.0,0.015,120.0,29.99,0.015,123.52,681903.6,340.9518,25.66
2687,30.0,0.015,125.0,29.991,0.015,128.5,682130.4,341.0652,25.76
2688,30.0,0.015,130.0,29.992,0.015,133.48,681969.8,340.9849,25.7
2689,30.0,0.015,135.0,29.991,0.015,138.45,681294.8,340.6474,25.47
2690,30.0,0.015,140.0,29.991,0.015,143.42,681369.0,340.6845,25.5
2691,30.0,0.015,145.0,29.99,0.015,148.38,681242.4,340.6212,25.48
2692,30.0,0.015,150.0,29.99,0.015,153.37,681296.4,340.6482,25.53
2693,30.0,0.015,155.0,29.989,0.015,158.29,680982.6,340.4913,25.42
2694,30.0,0.015,160.0,29.99,0.015,163.18,681751.6,340.8758,25.68
2695,30.0,0.015,165.0,29.99,0.015,168.08,681992.4,340.9962,25.75
2696,30.0,0.015,170.0,29.99,0.015,172.9,681483.6,340.7418,25.57
2697,30.0,0.015,175.0,29.99,0.015,177.7,681545.7999999999,340.7729,25.62
2698,30.0,0.015,180.0,29.991,0.015,182.5,681197.0,340.5985,25.5
2711,30.0,0.02,0.0,29.989,0.02,-1.92,681057.3999999999,340.5287,25.6
2712,30.0,0.02,5.0,29.991,0.02,3.28,681171.4,340.5857,25.63
2713,30.0,0.02,10.0,29.991,0.02,8.52,681305.8,340.6529,25.63
2714,30.0,0.02,15.0,29.99,0.02,13.78,681348.6,340.6743,25.63
2715,30.0,0.02,20.0,29.989,0.02,19.03,680827.6,340.4138,25.44
2716,30.0,0.02,25.0,29.99,0.02,24.29,681572.4,340.7862,25.68
2717,30.0,0.02,30.0,29.991,0.02,29.55,681623.6,340.8118,25.65
2718,30.0,0.02,35.0,29.992,0.02,34.81,681587.4,340.7937,25.63
2719,30.0,0.02,40.0,29.992,0.02,40.06,681757.0,340.8785,25.67
2720,30.0,0.02,45.0,29.991,0.02,45.3,681474.0,340.737,25.56
2721,30.0,0.02,50.0,29.991,0.02,50.52,681606.2,340.8031,25.59
2722,30.0,0.02,55.0,29.991,0.02,55.75,681660.2,340.8301,25.57
2723,30.0,0.02,60.0,29.99,0.02,60.98,681664.2,340.8321,25.57
2724,30.0,0.02,65.0,29.991,0.02,66.23,681388.6000000001,340.6943,25.47
2725,30.0,0.02,70.0,29.991,0.02,71.46,681547.2,340.7736,25.49
2726,30.0,0.02,75.0,29.991,0.02,76.68,681692.4,340.8462,25.55
2727,30.0,0.02,77.0,29.992,0.02,78.75,682126.6,341.0633,25.68
2728,30.0,0.02,79.0,29.992,0.02,80.87,682219.8,341.1099,25.71
2729,30.0,0.02,81.0,29.991,0.02,82.99,682200.2000000001,341.1001,25.72
2730,30.0,0.02,83.0,29.991,0.02,85.02,681873.0,340.9365,25.59
2731,30.0,0.02,85.0,29.99,0.02,87.14,681737.2000000001,340.8686,25.56
2732,30.0,0.02,86.0,29.991,0.02,88.2,681840.2,340.9201,25.58
2733,30.0,0.02,87.0,29.991,0.02,89.24,681747.4,340.8737,25.57
2734,30.0,0.02,88.0,29.99,0.02,90.24,682092.2,341.0461,25.66
2735,30.0,0.02,89.0,29.991,0.02,91.28,682086.0,341.043,25.66
2736,30.0,0.02,90.0,29.99,0.02,92.34,681989.0,340.9945,25.61
2737,30.0,0.02,91.0,29.99,0.02,93.39,681929.6,340.9648,25.61
2738,30.0,0.02,92.0,29.991,0.02,94.42,681728.2000000001,340.8641,25.54
2739,30.0,0.02,93.0,29.99,0.02,95.41,682125.2000000001,341.0626,25.68
2740,30.0,0.02,94.0,29.991,0.02,96.43,682092.4,341.0462,25.68
2741,30.0,0.02,95.0,29.991,0.02,97.49,682260.0,341.13,25.71
2742,30.0,0.02,97.0,29.991,0.02,99.56,681384.2,340.6921,25.42
2743,30.0,0.02,99.0,29.991,0.02,101.56,681871.2000000001,340.9356,25.6
2744,30.0,0.02,101.0,29.991,0.02,103.61,681951.2,340.9756,25.64
2745,30.0,0.02,103.0,29.989,0.02,105.67,681815.2,340.9076,25.57
2746,30.0,0.02,105.0,29.991,0.02,107.66,681932.3999999999,340.9662,25.61
2747,30.0,0.02,110.0,29.989,0.02,112.67,681854.2000000001,340.9271,25.59
2748,30.0,0.02,115.0,29.991,0.02,117.66,682395.6,341.1978,25.78
2749,30.0,0.02,120.0,29.99,0.02,122.61,681809.4,340.9047,25.6
2750,30.0,0.02,125.0,29.99,0.02,127.57,681681.4,340.8407,25.58
2751,30.0,0.02,130.0,29.99,0.02,132.53,681834.0,340.917,25.64
2752,30.0,0.02,135.0,29.99,0.02,137.47,681674.6,340.8373,25.61
2753,30.0,0.02,140.0,29.991,0.02,142.42,681337.6,340.6688,25.52
2754,30.0,0.02,145.0,29.99,0.02,147.39,681673.4,340.8367,25.6
2755,30.0,0.02,150.0,29.99,0.02,152.35,681597.6,340.7988,25.61
2756,30.0,0.02,155.0,29.991,0.02,157.29,681642.2,340.8211,25.62
2757,30.0,0.02,160.0,29.991,0.02,162.24,681182.6,340.5913,25.5
2758,30.0,0.02,165.0,29.991,0.02,167.16,681282.2,340.6411,25.53
2759,30.0,0.02,170.0,29.991,0.02,172.05,681562.2000000001,340.7811,25.67
2760,30.0,0.02,175.0,29.992,0.02,176.94,681228.6,340.6143,25.54
2761,30.0,0.02,180.0,29.992,0.02,181.81,681330.4,340.6652,25.62
2774,30.0,0.03,0.0,29.99,0.03,-1.29,680835.8,340.4179,25.62
2775,30.0,0.03,5.0,29.992,0.03,3.86,680764.4,340.3822,25.58
2776,30.0,0.03,10.0,29.99,0.03,9.03,680411.0,340.2055,25.46
2777,30.0,0.03,15.0,29.99,0.03,14.21,681161.0,340.5805,25.69
2778,30.0,0.03,20.0,29.99,0.03,19.38,680683.2000000001,340.3416,25.51
2779,30.0,0.03,25.0,29.992,0.03,24.55,681174.7999999999,340.5874,25.61
2780,30.0,0.03,30.0,29.991,0.03,29.73,681205.2,340.6026,25.6
2781,30.0,0.03,35.0,29.991,0.03,34.87,681588.6000000001,340.7943,25.65
2782,30.0,0.03,40.0,29.992,0.03,40.01,681480.8,340.7404,25.62
2783,30.0,0.03,45.0,29.992,0.03,45.16,681320.4,340.6602,25.55
2784,30.0,0.03,50.0,29.991,0.03,50.28,681912.7999999999,340.9564,25.7
2785,30.0,0.03,55.0,29.992,0.03,55.43,682042.6000000001,341.0213,25.73
2786,30.0,0.03,60.0,29.992,0.03,60.56,681235.6,340.6178,25.4
2787,30.0,0.03,65.0,29.992,0.03,65.72,681174.7999999999,340.5874,25.36
2788,30.0,0.03,70.0,29.991,0.03,70.89,681488.8,340.7444,25.47
2789,30.0,0.03,75.0,29.991,0.03,76.05,682452.4,341.2262,25.73
2790,30.0,0.03,77.0,29.991,0.03,78.11,682001.0,341.0005,25.58
2791,30.0,0.03,79.0,29.992,0.03,80.19,682103.6,341.0518,25.62
2792,30.0,0.03,81.0,29.992,0.03,82.29,681956.4,340.9782,25.55
2793,30.0,0.03,83.0,29.992,0.03,84.32,682051.2,341.0256,25.56
2794,30.0,0.03,85.0,29.992,0.03,86.44,682461.2,341.2306,25.73
2795,30.0,0.03,86.0,29.992,0.03,87.48,682397.6,341.1988,25.7
2796,30.0,0.03,87.0,29.991,0.03,88.5,681960.2,340.9801,25.53
2797,30.0,0.03,88.0,29.99,0.03,89.49,681862.7999999999,340.9314,25.51
2798,30.0,0.03,89.0,29.991,0.03,90.54,681923.4,340.9617,25.55
2799,30.0,0.03,90.0,29.991,0.03,91.59,682353.3999999999,341.1767,25.67
2800,30.0,0.03,91.0,29.99,0.03,92.63,682219.4,341.1097,25.62
2801,30.0,0.03,92.0,29.993,0.03,93.68,682503.7999999999,341.2519,25.71
2802,30.0,0.03,93.0,29.992,0.03,94.67,682485.4,341.2427,25.71
2803,30.0,0.03,94.0,29.992,0.03,95.69,682177.2,341.0886,25.63
2804,30.0,0.03,95.0,29.989,0.03,96.73,682690.2,341.3451,25.78
2805,30.0,0.03,97.0,29.991,0.03,98.8,681635.2,340.8176,25.46
2806,30.0,0.03,99.0,29.991,0.03,100.79,682227.6,341.1138,25.65
2807,30.0,0.03,101.0,29.991,0.03,102.85,682088.6000000001,341.0443,25.61
2808,30.0,0.03,103.0,29.991,0.03,104.87,681759.4,340.8797,25.5
2809,30.0,0.03,105.0,29.991,0.03,106.85,682127.6,341.0638,25.61
2810,30.0,0.03,110.0,29.99,0.03,111.84,682207.0,341.1035,25.64
2811,30.0,0.03,115.0,29.99,0.03,116.81,682265.0,341.1325,25.72
2812,30.0,0.03,120.0,29.991,0.03,121.76,681870.6,340.9353,25.59
2813,30.0,0.03,125.0,29.99,0.03,126.7,682330.4,341.1652,25.76
2814,30.0,0.03,130.0,29.992,0.03,131.63,681601.8,340.8009,25.55
2815,30.0,0.03,135.0,29.992,0.03,136.55,681735.8,340.8679,25.61
2816,30.0,0.03,140.0,29.992,0.03,141.5,681576.8,340.7884,25.58
2817,30.0,0.03,145.0,29.99,0.03,146.46,681161.3999999999,340.5807,25.48
2818,30.0,0.03,150.0,29.991,0.03,151.44,681494.6,340.7473,25.61
2819,30.0,0.03,155.0,29.991,0.03,156.39,680823.0,340.4115,25.42
2820,30.0,0.03,160.0,29.99,0.03,161.35,681480.6,340.7403,25.65
2821,30.0,0.03,165.0,29.991,0.03,166.31,680782.0,340.391,25.47
2822,30.0,0.03,170.0,29.991,0.03,171.29,680971.0,340.4855,25.56
2823,30.0,0.03,175.0,29.99,0.03,176.25,681172.4,340.5862,25.62
2824,30.0,0.03,180.0,29.991,0.03,181.18,681440.8,340.7204,25.73
2837,30.0,0.05,0.0,29.99,0.05,-0.74,679010.4,339.5052,25.49
2838,30.0,0.05,5.0,29.992,0.05,4.34,679013.8,339.5069,25.46
2839,30.0,0.05,10.0,29.99,0.05,9.46,679536.8,339.7684,25.6
2840,30.0,0.05,15.0,29.991,0.05,14.57,679851.8,339.9259,25.63
2841,30.0,0.05,20.0,29.988,0.05,19.68,679438.6000000001,339.7193,25.44
2842,30.0,0.05,25.0,29.99,0.05,24.77,679966.4,339.9832,25.56
2843,30.0,0.05,30.0,29.989,0.05,29.86,680360.8,340.1804,25.64
2844,30.0,0.05,35.0,29.991,0.05,34.94,680440.4,340.2202,25.59
2845,30.0,0.05,40.0,29.991,0.05,39.99,680284.0,340.142,25.45
2846,30.0,0.05,45.0,29.991,0.05,45.05,680304.2000000001,340.1521,25.39
2847,30.0,0.05,50.0,29.992,0.05,50.1,681375.2000000001,340.6876,25.65
2848,30.0,0.05,55.0,29.991,0.05,55.17,681350.4,340.6752,25.57
2849,30.0,0.05,60.0,29.992,0.05,60.25,681724.6,340.8623,25.66
2850,30.0,0.05,65.0,29.991,0.05,65.34,681975.2000000001,340.9876,25.63
2851,30.0,0.05,70.0,29.991,0.05,70.46,681899.4,340.9497,25.56
2852,30.0,0.05,75.0,29.992,0.05,75.57,681989.8,340.9949,25.54
2853,30.0,0.05,77.0,29.992,0.05,77.6,682697.2,341.3486,25.78
2854,30.0,0.05,79.0,29.991,0.05,79.67,680930.2,340.4651,25.24
2855,30.0,0.05,81.0,29.993,0.05,81.74,682277.2,341.1386,25.62
2856,30.0,0.05,83.0,29.992,0.05,83.77,682562.2000000001,341.2811,25.67
2857,30.0,0.05,85.0,29.99,0.05,85.86,682496.6000000001,341.2483,25.65
2858,30.0,0.05,86.0,29.993,0.05,86.9,682012.0,341.006,25.51
2859,30.0,0.05,87.0,29.991,0.05,87.92,682207.3999999999,341.1037,25.55
2860,30.0,0.05,88.0,29.99,0.05,88.91,682259.0,341.1295,25.59
2861,30.0,0.05,89.0,29.992,0.05,89.95,682099.0,341.0495,25.54
2862,30.0,0.05,90.0,29.992,0.05,91.0,682800.6,341.4003,25.73
2863,30.0,0.05,91.0,29.991,0.05,92.04,682206.8,341.1034,25.57
2864,30.0,0.05,92.0,29.992,0.05,93.07,682424.0,341.212,25.64
2865,30.0,0.05,93.0,29.991,0.05,94.06,682480.6,341.2403,25.61
2866,30.0,0.05,94.0,29.992,0.05,95.07,682650.4,341.3252,25.68
2867,30.0,0.05,95.0,29.991,0.05,96.1,681647.8,340.8239,25.4
2868,30.0,0.05,97.0,29.992,0.05,98.17,681976.2,340.9881,25.47
2869,30.0,0.05,99.0,29.99,0.05,100.15,682349.2000000001,341.1746,25.62
2870,30.0,0.05,101.0,29.99,0.05,102.2,681814.0,340.907,25.47
2871,30.0,0.05,103.0,29.991,0.05,104.22,682935.8,341.4679,25.82
2872,30.0,0.05,105.0,29.991,0.05,106.19,682170.7999999999,341.0854,25.57
2873,30.0,0.05,110.0,29.991,0.05,111.16,682375.4,341.1877,25.72
2874,30.0,0.05,115.0,29.991,0.05,116.12,681990.2,340.9951,25.62
2875,30.0,0.05,120.0,29.991,0.05,121.05,682096.2000000001,341.0481,25.71
2876,30.0,0.05,125.0,29.992,0.05,125.98,681179.0,340.5895,25.46
2877,30.0,0.05,130.0,29.991,0.05,130.89,681564.4,340.7822,25.65
2878,30.0,0.05,135.0,29.991,0.05,135.82,680783.2000000001,340.3916,25.46
2879,30.0,0.05,140.0,29.99,0.05,140.76,680684.8,340.3424,25.48
2880,30.0,0.05,145.0,29.99,0.05,145.71,681153.0,340.5765,25.73
2881,30.0,0.05,150.0,29.991,0.05,150.69,679871.2000000001,339.9356,25.38
2882,30.0,0.05,155.0,29.99,0.05,155.67,680638.4,340.3192,25.68
2883,30.0,0.05,160.0,29.989,0.05,160.65,680398.6,340.1993,25.64
2884,30.0,0.05,165.0,29.99,0.05,165.64,680245.0,340.1225,25.62
2885,30.0,0.05,170.0,29.99,0.05,170.66,680115.2,340.0576,25.64
2886,30.0,0.05,175.0,29.991,0.05,175.67,679589.2,339.7946,25.49
2887,30.0,0.05,180.0,29.991,0.05,180.69,679924.2000000001,339.9621,25.64
2900,30.0,0.07,0.0,29.989,0.07,-0.53,676699.6,338.3498,25.37
2901,30.0,0.07,5.0,29.994,0.07,4.54,677305.6,338.6528,25.54
2902,30.0,0.07,10.0,29.991,0.07,9.63,677166.6,338.5833,25.44
2903,30.0,0.07,15.0,29.991,0.07,14.71,677535.0,338.7675,25.48
2904,30.0,0.07,20.0,29.992,0.07,19.79,677520.2000000001,338.7601,25.38
2905,30.0,0.07,25.0,29.992,0.07,24.86,677734.4,338.8672,25.35
2906,30.0,0.07,30.0,29.99,0.07,29.92,678297.2,339.1486,25.44
2907,30.0,0.07,35.0,29.99,0.07,34.95,679138.6000000001,339.5693,25.56
2908,30.0,0.07,40.0,29.991,0.07,39.99,679159.2,339.5796,25.46
2909,30.0,0.07,45.0,29.991,0.07,45.0,680167.2,340.0836,25.63
2910,30.0,0.07,50.0,29.991,0.07,50.03,680800.0,340.4,25.74
2911,30.0,0.07,55.0,29.991,0.07,55.06,680737.4,340.3687,25.62
2912,30.0,0.07,60.0,29.992,0.07,60.12,681098.4,340.5492,25.56
2913,30.0,0.07,65.0,29.992,0.07,65.19,681636.0,340.818,25.66
2914,30.0,0.07,70.0,29.991,0.07,70.27,681608.6,340.8043,25.56
2915,30.0,0.07,75.0,29.991,0.07,75.36,682355.6,341.1778,25.72
2916,30.0,0.07,77.0,29.99,0.07,77.38,682257.6,341.1288,25.64
2917,30.0,0.07,79.0,29.991,0.07,79.45,682354.0,341.177,25.65
2918,30.0,0.07,81.0,29.99,0.07,81.52,682854.4,341.4272,25.82
2919,30.0,0.07,83.0,29.99,0.07,83.53,681951.6,340.9758,25.48
2920,30.0,0.07,85.0,29.99,0.07,85.61,682405.0,341.2025,25.6
2921,30.0,0.07,86.0,29.99,0.07,86.65,682370.6,341.1853,25.58
2922,30.0,0.07,87.0,29.992,0.07,87.67,682494.2,341.2471,25.62
2923,30.0,0.07,88.0,29.992,0.07,88.67,682064.8,341.0324,25.49
2924,30.0,0.07,89.0,29.991,0.07,89.69,682059.2,341.0296,25.47
2925,30.0,0.07,90.0,29.991,0.07,90.74,682463.4,341.2317,25.62
2926,30.0,0.07,91.0,29.99,0.07,91.78,682349.0,341.1745,25.57
2927,30.0,0.07,92.0,29.99,0.07,92.8,682315.2,341.1576,25.56
2928,30.0,0.07,93.0,29.991,0.07,93.8,682394.4,341.1972,25.56
2929,30.0,0.07,94.0,29.991,0.07,94.8,682689.4,341.3447,25.68
2930,30.0,0.07,95.0,29.992,0.07,95.83,682509.0,341.2545,25.61
2931,30.0,0.07,97.0,29.991,0.07,97.89,682915.0,341.4575,25.77
2932,30.0,0.07,99.0,29.99,0.07,99.88,682351.8,341.1759,25.6
2933,30.0,0.07,101.0,29.991,0.07,101.92,682655.0,341.3275,25.71
2934,30.0,0.07,103.0,29.99,0.07,103.94,682456.0,341.228,25.67
2935,30.0,0.07,105.0,29.99,0.07,105.9,682233.6,341.1168,25.61
2936,30.0,0.07,110.0,29.991,0.07,110.86,682409.4,341.2047,25.76
2937,30.0,0.07,115.0,29.99,0.07,115.81,682338.0,341.169,25.79
2938,30.0,0.07,120.0,29.991,0.07,120.74,681523.0,340.7615,25.61
2939,30.0,0.07,125.0,29.989,0.07,125.66,681017.0,340.5085,25.55
2940,30.0,0.07,130.0,29.991,0.07,130.57,681280.0,340.64,25.79
2941,30.0,0.07,135.0,29.99,0.07,135.49,680147.0,340.0735,25.53
2942,30.0,0.07,140.0,29.992,0.07,140.41,679924.6,339.9623,25.57
2943,30.0,0.07,145.0,29.992,0.07,145.38,678875.2000000001,339.4376,25.34
2944,30.0,0.07,150.0,29.99,0.07,150.35,678797.4,339.3987,25.43
2945,30.0,0.07,155.0,29.99,0.07,155.34,678919.2,339.4596,25.56
2946,30.0,0.07,160.0,29.99,0.07,160.33,678294.8,339.1474,25.48
2947,30.0,0.07,165.0,29.99,0.07,165.34,677965.6,338.9828,25.45
2948,30.0,0.07,170.0,29.99,0.07,170.38,677655.0,338.8275,25.42
2949,30.0,0.07,175.0,29.991,0.07,175.41,677522.8,338.7614,25.43
2950,30.0,0.07,180.0,29.99,0.07,180.46,677119.6,338.5598,25.36
2963,30.0,0.1,0.0,29.989,0.1,-0.33,672840.2,336.4201,25.37
2964,30.0,0.1,5.0,29.995,0.1,4.71,673045.0,336.5225,25.39
2965,30.0,0.1,10.0,29.992,0.1,9.78,673252.8,336.6264,25.37
2966,30.0,0.1,15.0,29.991,0.1,14.84,673801.6,336.9008,25.44
2967,30.0,0.1,20.0,29.989,0.1,19.9,674110.4,337.0552,25.38
2968,30.0,0.1,25.0,29.99,0.1,24.94,674519.8,337.2599,25.34
2969,30.0,0.1,30.0,29.99,0.1,29.97,675518.2,337.7591,25.46
2970,30.0,0.1,35.0,29.993,0.1,34.99,675777.4,337.8887,25.34
2971,30.0,0.1,40.0,29.991,0.1,39.99,677082.6,338.5413,25.53
2972,30.0,0.1,45.0,29.992,0.1,44.98,677699.4,338.8497,25.5
2973,30.0,0.1,50.0,29.992,0.1,49.97,678647.2,339.3236,25.54
2974,30.0,0.1,55.0,29.991,0.1,54.99,678949.4,339.4747,25.43
2975,30.0,0.1,60.0,29.991,0.1,60.02,679817.2,339.9086,25.48
2976,30.0,0.1,65.0,29.99,0.1,65.06,680985.4,340.4927,25.66
2977,30.0,0.1,70.0,29.99,0.1,70.13,681427.8,340.7139,25.63
2978,30.0,0.1,75.0,29.991,0.1,75.21,682144.6,341.0723,25.72
2979,30.0,0.1,77.0,29.991,0.1,77.22,682023.8,341.0119,25.61
2980,30.0,0.1,79.0,29.991,0.1,79.28,682200.4,341.1002,25.61
2981,30.0,0.1,81.0,29.989,0.1,81.34,682557.6,341.2788,25.72
2982,30.0,0.1,83.0,29.99,0.1,83.34,682539.6,341.2698,25.67
2983,30.0,0.1,85.0,29.991,0.1,85.42,682535.8,341.2679,25.61
2984,30.0,0.1,86.0,29.991,0.1,86.46,682558.7999999999,341.2794,25.63
2985,30.0,0.1,87.0,29.99,0.1,87.47,682443.2,341.2216,25.58
2986,30.0,0.1,88.0,29.992,0.1,88.47,682573.4,341.2867,25.57
2987,30.0,0.1,89.0,29.993,0.1,89.5,683240.8,341.6204,25.81
2988,30.0,0.1,90.0,29.992,0.1,90.54,682613.2,341.3066,25.6
2989,30.0,0.1,91.0,29.992,0.1,91.57,682832.2,341.4161,25.68
2990,30.0,0.1,92.0,29.992,0.1,92.6,683218.0,341.609,25.79
2991,30.0,0.1,93.0,29.992,0.1,93.6,682831.4,341.4157,25.66
2992,30.0,0.1,94.0,29.993,0.1,94.6,682989.2,341.4946,25.71
2993,30.0,0.1,95.0,29.991,0.1,95.63,682578.6,341.2893,25.62
2994,30.0,0.1,97.0,29.99,0.1,97.68,682680.6,341.3403,25.64
2995,30.0,0.1,99.0,29.991,0.1,99.66,682540.8,341.2704,25.63
2996,30.0,0.1,101.0,29.99,0.1,101.7,682539.2,341.2696,25.66
2997,30.0,0.1,103.0,29.989,0.1,103.72,682387.7999999999,341.1939,25.64
2998,30.0,0.1,105.0,29.99,0.1,105.68,682352.4,341.1762,25.66
2999,30.0,0.1,110.0,29.99,0.1,110.64,681944.0,340.972,25.64
3000,30.0,0.1,115.0,29.99,0.1,115.58,680955.6,340.4778,25.49
3001,30.0,0.1,120.0,29.989,0.1,120.51,680409.2,340.2046,25.49
3002,30.0,0.1,125.0,29.989,0.1,125.43,680022.0,340.011,25.62
3003,30.0,0.1,130.0,29.99,0.1,130.34,679317.2,339.6586,25.57
3004,30.0,0.1,135.0,29.989,0.1,135.25,677918.4,338.9592,25.38
3005,30.0,0.1,140.0,29.99,0.1,140.19,677867.8,338.9339,25.58
3006,30.0,0.1,145.0,29.99,0.1,145.15,676166.2000000001,338.0831,25.28
3007,30.0,0.1,150.0,29.989,0.1,150.13,676136.3999999999,338.0682,25.49
3008,30.0,0.1,155.0,29.989,0.1,155.12,675371.6000000001,337.6858,25.41
3009,30.0,0.1,160.0,29.99,0.1,160.12,675258.6,337.6293,25.56
3010,30.0,0.1,165.0,29.99,0.1,165.15,674549.0,337.2745,25.47
3011,30.0,0.1,170.0,29.99,0.1,170.18,673718.2,336.8591,25.36
3012,30.0,0.1,175.0,29.991,0.1,175.24,672923.2,336.4616,25.19
3013,30.0,0.1,180.0,29.99,0.1,180.32,673493.8,336.7469,25.43
3026,30.0,0.15,0.0,29.989,0.15,-0.17,662001.0,331.0005,24.77
3027,30.0,0.15,5.0,29.992,0.15,4.86,661737.2000000001,330.8686,24.61
3028,30.0,0.15,10.0,29.992,0.15,9.91,662506.0,331.253,24.73
3029,30.0,0.15,15.0,29.99,0.15,14.96,662706.6,331.3533,24.58
3030,30.0,0.15,20.0,29.991,0.15,19.99,663999.7999999999,331.9999,24.72
3031,30.0,0.15,25.0,29.99,0.15,25.02,665425.7999999999,332.7129,24.83
3032,30.0,0.15,30.0,29.991,0.15,30.03,666138.0,333.069,24.67
3033,30.0,0.15,35.0,29.992,0.15,35.03,667839.6,333.9198,24.81
3034,30.0,0.15,40.0,29.989,0.15,40.0,669445.7999999999,334.7229,24.87
3035,30.0,0.15,45.0,29.99,0.15,44.99,671146.2000000001,335.5731,24.96
3036,30.0,0.15,50.0,29.99,0.15,49.95,673370.2000000001,336.6851,25.2
3037,30.0,0.15,55.0,29.991,0.15,54.95,675604.2000000001,337.8021,25.42
3038,30.0,0.15,60.0,29.99,0.15,59.95,676655.2,338.3276,25.29
3039,30.0,0.15,65.0,29.992,0.15,64.99,678464.2,339.2321,25.46
3040,30.0,0.15,70.0,29.991,0.15,70.04,679851.0,339.9255,25.54
3041,30.0,0.15,75.0,29.99,0.15,75.09,680910.0,340.455,25.55
3042,30.0,0.15,77.0,29.99,0.15,77.1,681290.0,340.645,25.59
3043,30.0,0.15,79.0,29.992,0.15,79.16,681907.8,340.9539,25.66
3044,30.0,0.15,81.0,29.992,0.15,81.21,681622.8,340.8114,25.49
3045,30.0,0.15,83.0,29.991,0.15,83.21,681798.8,340.8994,25.47
3046,30.0,0.15,85.0,29.992,0.15,85.28,681805.4,340.9027,25.42
3047,30.0,0.15,86.0,29.991,0.15,86.31,682530.8,341.2654,25.64
3048,30.0,0.15,87.0,29.989,0.15,87.33,682607.0,341.3035,25.67
3049,30.0,0.15,88.0,29.991,0.15,88.31,682861.8,341.4309,25.73
3050,30.0,0.15,89.0,29.991,0.15,89.34,682009.0,341.0045,25.42
3051,30.0,0.15,90.0,29.991,0.15,90.39,682476.6,341.2383,25.58
3052,30.0,0.15,91.0,29.991,0.15,91.42,683039.4,341.5197,25.7
3053,30.0,0.15,92.0,29.99,0.15,92.44,682829.2000000001,341.4146,25.67
3054,30.0,0.15,93.0,29.992,0.15,93.44,682881.6,341.4408,25.67
3055,30.0,0.15,94.0,29.992,0.15,94.44,682254.4,341.1272,25.5
3056,30.0,0.15,95.0,29.99,0.15,95.47,682630.6,341.3153,25.6
3057,30.0,0.15,97.0,29.991,0.15,97.51,682637.0,341.3185,25.64
3058,30.0,0.15,99.0,29.991,0.15,99.49,681854.7999999999,340.9274,25.4
3059,30.0,0.15,101.0,29.991,0.15,101.53,681869.4,340.9347,25.48
3060,30.0,0.15,103.0,29.989,0.15,103.55,681739.0,340.8695,25.5
3061,30.0,0.15,105.0,29.99,0.15,105.5,682027.0,341.0135,25.7
3062,30.0,0.15,110.0,29.99,0.15,110.45,680813.4,340.4067,25.55
3063,30.0,0.15,115.0,29.989,0.15,115.4,679123.2,339.5616,25.4
3064,30.0,0.15,120.0,29.99,0.15,120.33,677982.2,338.9911,25.39
3065,30.0,0.15,125.0,29.99,0.15,125.24,676395.2000000001,338.1976,25.36
3066,30.0,0.15,130.0,29.989,0.15,130.16,675318.6,337.6593,25.43
3067,30.0,0.15,135.0,29.989,0.15,135.07,673387.0,336.6935,25.32
3068,30.0,0.15,140.0,29.99,0.15,140.01,671051.6,335.5258,24.99
3069,30.0,0.15,145.0,29.991,0.15,144.97,669486.0,334.743,24.95
3070,30.0,0.15,150.0,29.988,0.15,149.95,667525.4,333.7627,24.81
3071,30.0,0.15,155.0,29.989,0.15,154.94,666392.4,333.1962,24.84
3072,30.0,0.15,160.0,29.991,0.15,159.95,665301.8,332.6509,24.84
3073,30.0,0.15,165.0,29.99,0.15,164.99,664332.2,332.1661,24.85
3074,30.0,0.15,170.0,29.991,0.15,170.04,663497.0,331.7485,24.85
3075,30.0,0.15,175.0,29.991,0.15,175.1,662676.8,331.3384,24.78
3076,30.0,0.15,180.0,29.991,0.15,180.19,661900.2000000001,330.9501,24.64
3089,30.0,0.2,0.0,29.99,0.2,-0.08,647692.2,323.8461,23.95
3090,30.0,0.2,5.0,29.99,0.2,4.94,647751.6,323.8758,23.91
3091,30.0,0.2,10.0,29.991,0.2,9.99,648942.2,324.4711,24.06
3092,30.0,0.2,15.0,29.99,0.2,15.02,649814.0,324.907,24.02
3093,30.0,0.2,20.0,29.99,0.2,20.05,651439.2,325.7196,24.09
3094,30.0,0.2,25.0,29.989,0.2,25.07,653076.6,326.5383,24.12
3095,30.0,0.2,30.0,29.99,0.2,30.07,655194.6,327.5973,24.16
3096,30.0,0.2,35.0,29.991,0.2,35.05,657989.2,328.9946,24.4
3097,30.0,0.2,40.0,29.991,0.2,40.02,660820.0,330.41,24.59
3098,30.0,0.2,45.0,29.99,0.2,44.99,663028.3999999999,331.5142,24.52
3099,30.0,0.2,50.0,29.991,0.2,49.94,665833.6,332.9168,24.61
3100,30.0,0.2,55.0,29.991,0.2,54.93,668665.0,334.3325,24.72
3101,30.0,0.2,60.0,29.991,0.2,59.93,672683.2000000001,336.3416,25.25
3102,30.0,0.2,65.0,29.991,0.2,64.95,675192.4,337.5962,25.33
3103,30.0,0.2,70.0,29.993,0.2,69.99,677055.4,338.5277,25.3
3104,30.0,0.2,75.0,29.992,0.2,75.04,678991.0,339.4955,25.36
3105,30.0,0.2,77.0,29.992,0.2,77.05,679645.6,339.8228,25.4
3106,30.0,0.2,79.0,29.992,0.2,79.1,679718.8,339.8594,25.24
3107,30.0,0.2,81.0,29.992,0.2,81.15,680547.4,340.2737,25.36
3108,30.0,0.2,83.0,29.99,0.2,83.15,681252.6,340.6263,25.49
3109,30.0,0.2,85.0,29.992,0.2,85.22,681360.2,340.6801,25.41
3110,30.0,0.2,86.0,29.989,0.2,86.24,681134.6,340.5673,25.3
3111,30.0,0.2,87.0,29.993,0.2,87.26,681556.2,340.7781,25.39
3112,30.0,0.2,88.0,29.993,0.2,88.25,681506.6,340.7533,25.35
3113,30.0,0.2,89.0,29.992,0.2,89.27,681803.2000000001,340.9016,25.4
3114,30.0,0.2,90.0,29.991,0.2,90.31,681918.4,340.9592,25.45
3115,30.0,0.2,91.0,29.991,0.2,91.34,682044.8,341.0224,25.46
3116,30.0,0.2,92.0,29.991,0.2,92.37,681602.0,340.801,25.32
3117,30.0,0.2,93.0,29.991,0.2,93.36,682361.0,341.1805,25.55
3118,30.0,0.2,94.0,29.991,0.2,94.36,682064.0,341.032,25.49
3119,30.0,0.2,95.0,29.992,0.2,95.39,682332.0,341.166,25.57
3120,30.0,0.2,97.0,29.991,0.2,97.43,682131.6,341.0658,25.56
3121,30.0,0.2,99.0,29.991,0.2,99.4,681864.0,340.932,25.56
3122,30.0,0.2,101.0,29.99,0.2,101.44,681202.4,340.6012,25.46
3123,30.0,0.2,103.0,29.991,0.2,103.46,680411.2,340.2056,25.3
3124,30.0,0.2,105.0,29.991,0.2,105.41,680823.8,340.4119,25.54
3125,30.0,0.2,110.0,29.989,0.2,110.36,678894.2,339.4471,25.43
3126,30.0,0.2,115.0,29.989,0.2,115.31,677231.8,338.6159,25.46
3127,30.0,0.2,120.0,29.989,0.2,120.23,674461.2,337.2306,25.26
3128,30.0,0.2,125.0,29.989,0.2,125.16,672460.8,336.2304,25.34
3129,30.0,0.2,130.0,29.99,0.2,130.07,668741.7999999999,334.3709,24.89
3130,30.0,0.2,135.0,29.989,0.2,134.98,666249.4,333.1247,24.89
3131,30.0,0.2,140.0,29.989,0.2,139.92,663099.2000000001,331.5496,24.71
3132,30.0,0.2,145.0,29.991,0.2,144.89,660693.6,330.3468,24.71
3133,30.0,0.2,150.0,29.99,0.2,149.87,657635.2,328.8176,24.46
3134,30.0,0.2,155.0,29.991,0.2,154.87,655107.8,327.5539,24.29
3135,30.0,0.2,160.0,29.992,0.2,159.88,653405.4,326.7027,24.34
3136,30.0,0.2,165.0,29.991,0.2,164.92,651281.6,325.6408,24.16
3137,30.0,0.2,170.0,29.989,0.2,169.98,650102.6,325.0513,24.18
3138,30.0,0.2,175.0,29.989,0.2,175.04,649198.2,324.5991,24.18
3139,30.0,0.2,180.0,29.991,0.2,180.14,648710.8,324.3554,24.2
3152,30.0,0.3,0.0,29.989,0.3,0.02,611514.8,305.7574,22.11
3153,30.0,0.3,5.0,29.99,0.3,5.03,613265.0,306.6325,22.45
3154,30.0,0.3,10.0,29.989,0.3,10.06,614357.0,307.1785,22.52
3155,30.0,0.3,15.0,29.991,0.3,15.09,616257.8,308.1289,22.57
3156,30.0,0.3,20.0,29.989,0.3,20.11,618496.7999999999,309.2484,22.55
3157,30.0,0.3,25.0,29.99,0.3,25.12,621701.6,310.8508,22.62
3158,30.0,0.3,30.0,29.989,0.3,30.1,625718.2,312.8591,22.84
3159,30.0,0.3,35.0,29.989,0.3,35.08,630009.0,315.0045,22.95
3160,30.0,0.3,40.0,29.991,0.3,40.04,635192.6000000001,317.5963,23.18
3161,30.0,0.3,45.0,29.989,0.3,45.01,640253.2000000001,320.1266,23.32
3162,30.0,0.3,50.0,29.99,0.3,49.95,645596.0,322.798,23.44
3163,30.0,0.3,55.0,29.991,0.3,54.92,651442.8,325.7214,23.71
3164,30.0,0.3,60.0,29.992,0.3,59.92,656708.6,328.3543,23.8
3165,30.0,0.3,65.0,29.991,0.3,64.92,662790.0,331.395,24.25
3166,30.0,0.3,70.0,29.99,0.3,69.95,667777.2,333.8886,24.46
3167,30.0,0.3,75.0,29.99,0.3,74.99,672628.7999999999,336.3144,24.85
3168,30.0,0.3,77.0,29.993,0.3,76.99,674234.2,337.1171,24.97
3169,30.0,0.3,79.0,29.992,0.3,79.04,675667.0,337.8335,25.05
3170,30.0,0.3,81.0,29.992,0.3,81.09,675995.6,337.9978,24.84
3171,30.0,0.3,83.0,29.991,0.3,83.08,678023.0,339.0115,25.21
3172,30.0,0.3,85.0,29.992,0.3,85.15,677977.4,338.9887,24.97
3173,30.0,0.3,86.0,29.99,0.3,86.18,679241.6,339.6208,25.28
3174,30.0,0.3,87.0,29.993,0.3,87.18,679298.6,339.6493,25.22
3175,30.0,0.3,88.0,29.99,0.3,88.18,679718.4,339.8592,25.27
3176,30.0,0.3,89.0,29.99,0.3,89.19,679327.6,339.6638,25.12
3177,30.0,0.3,90.0,29.992,0.3,90.24,679256.8,339.6284,25.04
3178,30.0,0.3,91.0,29.989,0.3,91.26,680014.0,340.007,25.27
3179,30.0,0.3,92.0,29.992,0.3,92.28,680177.2,340.0886,25.3
3180,30.0,0.3,93.0,29.99,0.3,93.28,680107.8,340.0539,25.31
3181,30.0,0.3,94.0,29.99,0.3,94.27,680142.0,340.071,25.31
3182,30.0,0.3,95.0,29.99,0.3,95.3,680207.2,340.1036,25.34
3183,30.0,0.3,97.0,29.99,0.3,97.34,679379.2000000001,339.6896,25.22
3184,30.0,0.3,99.0,29.99,0.3,99.31,678593.6,339.2968,25.11
3185,30.0,0.3,101.0,29.989,0.3,101.35,678577.0,339.2885,25.31
3186,30.0,0.3,103.0,29.991,0.3,103.36,677464.2,338.7321,25.2
3187,30.0,0.3,105.0,29.989,0.3,105.32,676756.8,338.3784,25.28
3188,30.0,0.3,110.0,29.988,0.3,110.27,673412.2000000001,336.7061,25.2
3189,30.0,0.3,115.0,29.989,0.3,115.22,667935.8,333.9679,24.66
3190,30.0,0.3,120.0,29.99,0.3,120.15,663289.2,331.6446,24.57
3191,30.0,0.3,125.0,29.99,0.3,125.07,657919.8,328.9599,24.36
3192,30.0,0.3,130.0,29.99,0.3,129.99,651948.8,325.9744,24.08
3193,30.0,0.3,135.0,29.989,0.3,134.92,645359.2,322.6796,23.57
3194,30.0,0.3,140.0,29.99,0.3,139.86,640156.6,320.0783,23.54
3195,30.0,0.3,145.0,29.99,0.3,144.83,633951.0,316.9755,23.05
3196,30.0,0.3,150.0,29.989,0.3,149.82,630050.0,315.025,23.17
3197,30.0,0.3,155.0,29.988,0.3,154.82,625473.2,312.7366,22.98
3198,30.0,0.3,160.0,29.991,0.3,159.84,621433.4,310.7167,22.76
3199,30.0,0.3,165.0,29.99,0.3,164.89,618025.0,309.0125,22.61
3200,30.0,0.3,170.0,29.991,0.3,169.95,615497.0,307.7485,22.53
3201,30.0,0.3,175.0,29.991,0.3,175.01,613704.0,306.852,22.48
3202,30.0,0.3,180.0,29.991,0.3,180.11,612160.4,306.0802,22.3
3215,30.0,0.5,0.0,29.987,0.5,0.1,536986.6,268.4933,20.11
3216,30.0,0.5,5.0,29.979,0.5,5.09,537644.8,268.8224,20.13
3217,30.0,0.5,10.0,29.987,0.5,10.11,539197.0,269.5985,20.17
3218,30.0,0.5,15.0,29.988,0.5,15.13,541393.4,270.6967,20.11
3219,30.0,0.5,20.0,29.987,0.5,20.13,545066.0,272.533,20.18
3220,30.0,0.5,25.0,29.99,0.5,25.14,550117.2,275.0586,20.32
3221,30.0,0.5,30.0,29.988,0.5,30.12,555335.4,277.6677,20.25
3222,30.0,0.5,35.0,29.99,0.5,35.1,562478.7999999999,281.2394,20.39
3223,30.0,0.5,40.0,29.989,0.5,40.06,570803.2000000001,285.4016,20.59
3224,30.0,0.5,45.0,29.99,0.5,45.02,580385.6,290.1928,20.81
3225,30.0,0.5,50.0,29.989,0.5,49.97,590680.0,295.34,21.01
3226,30.0,0.5,55.0,29.989,0.5,54.93,602698.0,301.349,21.43
3227,30.0,0.5,60.0,29.99,0.5,59.92,614262.7999999999,307.1314,21.61
3228,30.0,0.5,65.0,29.991,0.5,64.92,626930.2,313.4651,22.11
3229,30.0,0.5,70.0,29.991,0.5,69.94,639002.4,319.5012,22.52
3230,30.0,0.5,75.0,29.99,0.5,74.96,650128.3999999999,325.0642,23.04
3231,30.0,0.5,77.0,29.99,0.5,76.96,654243.4,327.1217,23.27
3232,30.0,0.5,79.0,29.991,0.5,79.0,658787.2000000001,329.3936,23.72
3233,30.0,0.5,81.0,29.99,0.5,81.05,661102.0,330.551,23.6
3234,30.0,0.5,83.0,29.991,0.5,83.04,663632.8,331.8164,23.65
3235,30.0,0.5,85.0,29.99,0.5,85.1,667090.8,333.5454,24.07
3236,30.0,0.5,86.0,29.991,0.5,86.12,667012.4,333.5062,23.8
3237,30.0,0.5,87.0,29.991,0.5,87.12,669481.6,334.7408,24.34
3238,30.0,0.5,88.0,29.99,0.5,88.12,669663.2,334.8316,24.24
3239,30.0,0.5,89.0,29.991,0.5,89.13,670552.6,335.2763,24.37
3240,30.0,0.5,90.0,29.99,0.5,90.17,671026.4,335.5132,24.36
3241,30.0,0.5,91.0,29.992,0.5,91.2,671208.4,335.6042,24.33
3242,30.0,0.5,92.0,29.991,0.5,92.21,671629.0,335.8145,24.41
3243,30.0,0.5,93.0,29.989,0.5,93.2,671927.0,335.9635,24.51
3244,30.0,0.5,94.0,29.991,0.5,94.2,671590.0,335.795,24.44
3245,30.0,0.5,95.0,29.99,0.5,95.23,671434.8,335.7174,24.46
3246,30.0,0.5,97.0,29.99,0.5,97.26,670622.8,335.3114,24.45
3247,30.0,0.5,99.0,29.991,0.5,99.23,668440.2,334.2201,24.12
3248,30.0,0.5,101.0,29.989,0.5,101.26,667122.8,333.5614,24.24
3249,30.0,0.5,103.0,29.992,0.5,103.28,664833.7999999999,332.4169,24.21
3250,30.0,0.5,105.0,29.991,0.5,105.23,662014.8,331.0074,24.08
3251,30.0,0.5,110.0,29.99,0.5,110.19,652492.0,326.246,23.6
3252,30.0,0.5,115.0,29.989,0.5,115.14,641188.0,320.594,23.05
3253,30.0,0.5,120.0,29.989,0.5,120.08,629137.6,314.5688,22.63
3254,30.0,0.5,125.0,29.99,0.5,125.01,617062.0,308.531,22.36
3255,30.0,0.5,130.0,29.99,0.5,129.95,604356.4,302.1782,21.87
3256,30.0,0.5,135.0,29.988,0.5,134.88,592728.2000000001,296.3641,21.57
3257,30.0,0.5,140.0,29.987,0.5,139.84,581201.6,290.6008,21.06
3258,30.0,0.5,145.0,29.99,0.5,144.81,571095.7999999999,285.5479,20.74
3259,30.0,0.5,150.0,29.987,0.5,149.81,563443.8,281.7219,20.79
3260,30.0,0.5,155.0,29.99,0.5,154.82,556275.6,278.1378,20.65
3261,30.0,0.5,160.0,29.988,0.5,159.84,549473.8,274.7369,20.34
3262,30.0,0.5,165.0,29.988,0.5,164.89,545046.2000000001,272.5231,20.38
3263,30.0,0.5,170.0,29.989,0.5,169.95,541135.6,270.5678,20.27
3264,30.0,0.5,175.0,29.978,0.5,175.0,538234.6,269.1173,20.19
3265,30.0,0.5,180.0,29.99,0.5,180.12,536950.2000000001,268.4751,20.24
3278,30.0,0.7,0.0,29.98,0.7,0.11,475524.2,237.7621,19.12
3279,30.0,0.7,5.0,29.982,0.7,5.1,475472.8,237.7364,18.99
3280,30.0,0.7,10.0,29.984,0.7,10.11,477199.79999999993,238.5999,19.04
3281,30.0,0.7,15.0,29.987,0.7,15.11,479153.0,239.5765,18.96
3282,30.0,0.7,20.0,29.975,0.7,20.12,481982.6,240.9913,18.78
3283,30.0,0.7,25.0,29.98,0.7,25.12,486902.2,243.4511,18.87
3284,30.0,0.7,30.0,29.978,0.7,30.11,492394.2,246.1971,18.79
3285,30.0,0.7,35.0,29.977,0.7,35.09,499189.8,249.5949,18.7
3286,30.0,0.7,40.0,29.976,0.7,40.05,508182.2,254.0911,18.73
3287,30.0,0.7,45.0,29.979,0.7,45.02,518725.39999999997,259.3627,18.77
3288,30.0,0.7,50.0,29.976,0.7,49.97,530843.6,265.4218,18.8
3289,30.0,0.7,55.0,29.979,0.7,54.94,545623.8,272.8119,18.97
3290,30.0,0.7,60.0,29.989,0.7,59.93,562048.8,281.0244,19.23
3291,30.0,0.7,65.0,29.99,0.7,64.93,580936.2,290.4681,19.75
3292,30.0,0.7,70.0,29.989,0.7,69.94,600907.0,300.4535,20.48
3293,30.0,0.7,75.0,29.989,0.7,74.96,620700.7999999999,310.3504,21.34
3294,30.0,0.7,77.0,29.989,0.7,76.96,626789.4,313.3947,21.41
3295,30.0,0.7,79.0,29.99,0.7,79.0,633662.7999999999,316.8314,21.71
3296,30.0,0.7,81.0,29.991,0.7,81.04,639794.6,319.8973,21.94
3297,30.0,0.7,83.0,29.991,0.7,83.02,645576.0,322.788,22.33
3298,30.0,0.7,85.0,29.99,0.7,85.08,650342.8,325.1714,22.53
3299,30.0,0.7,86.0,29.99,0.7,86.1,651819.2,325.9096,22.51
3300,30.0,0.7,87.0,29.992,0.7,87.1,654972.0,327.486,23.04
3301,30.0,0.7,88.0,29.991,0.7,88.09,656127.8,328.0639,23.01
3302,30.0,0.7,89.0,29.992,0.7,89.1,657398.6,328.6993,23.1
3303,30.0,0.7,90.0,29.99,0.7,90.14,658488.6000000001,329.2443,23.18
3304,30.0,0.7,91.0,29.99,0.7,91.16,659012.7999999999,329.5064,23.19
3305,30.0,0.7,92.0,29.992,0.7,92.18,659650.7999999999,329.8254,23.26
3306,30.0,0.7,93.0,29.99,0.7,93.16,660004.7999999999,330.0024,23.33
3307,30.0,0.7,94.0,29.989,0.7,94.16,660420.7999999999,330.2104,23.48
3308,30.0,0.7,95.0,29.989,0.7,95.18,659889.2,329.9446,23.47
3309,30.0,0.7,97.0,29.991,0.7,97.21,657713.4,328.8567,23.28
3310,30.0,0.7,99.0,29.991,0.7,99.18,655074.4,327.5372,23.15
3311,30.0,0.7,101.0,29.995,0.7,101.21,651398.4,325.6992,23.03
3312,30.0,0.7,103.0,29.99,0.7,103.22,647558.4,323.7792,23.08
3313,30.0,0.7,105.0,29.989,0.7,105.17,641904.7999999999,320.9524,22.74
3314,30.0,0.7,110.0,29.989,0.7,110.13,625308.7999999999,312.6544,22.1
3315,30.0,0.7,115.0,29.989,0.7,115.09,606444.6,303.2223,21.42
3316,30.0,0.7,120.0,29.989,0.7,120.04,586475.4,293.2377,20.73
3317,30.0,0.7,125.0,29.989,0.7,124.98,567416.2000000001,283.7081,20.21
3318,30.0,0.7,130.0,29.987,0.7,129.93,549598.8,274.7994,19.72
3319,30.0,0.7,135.0,29.979,0.7,134.87,535208.6,267.6043,19.69
3320,30.0,0.7,140.0,29.989,0.7,139.84,521377.4,260.6887,19.34
3321,30.0,0.7,145.0,29.982,0.7,144.82,510857.6,255.4288,19.37
3322,30.0,0.7,150.0,29.988,0.7,149.83,501325.39999999997,250.6627,19.25
3323,30.0,0.7,155.0,29.982,0.7,154.84,494093.8,247.0469,19.27
3324,30.0,0.7,160.0,29.979,0.7,159.86,487633.2,243.8166,19.15
3325,30.0,0.7,165.0,29.978,0.7,164.91,482651.0,241.3255,19.08
3326,30.0,0.7,170.0,29.981,0.7,169.97,479918.6,239.9593,19.3
3327,30.0,0.7,175.0,29.98,0.7,175.02,476572.0,238.286,19.07
3328,30.0,0.7,180.0,29.982,0.7,180.1,474404.8,237.2024,18.94
3341,30.0,1.0,0.0,29.98,1.0,0.12,410553.79999999993,205.2769,18.49
3342,30.0,1.0,5.0,29.983,1.0,5.08,411469.80000000005,205.7349,18.6
3343,30.0,1.0,10.0,29.976,1.0,10.08,412870.2,206.4351,18.67
3344,30.0,1.0,15.0,29.985,1.0,15.08,414689.4,207.3447,18.65
3345,30.0,1.0,20.0,29.984,1.0,20.08,416628.6,208.3143,18.42
3346,30.0,1.0,25.0,29.985,1.0,25.09,419953.6,209.9768,18.31
3347,30.0,1.0,30.0,29.986,1.0,30.09,423512.8,211.7564,18.0
3348,30.0,1.0,35.0,29.985,1.0,35.07,428971.20000000007,214.4856,17.81
3349,30.0,1.0,40.0,29.984,1.0,40.05,435798.2,217.8991,17.55
3350,30.0,1.0,45.0,29.985,1.0,45.03,445396.4,222.6982,17.48
3351,30.0,1.0,50.0,29.983,1.0,49.99,456792.8,228.3964,17.29
3352,30.0,1.0,55.0,29.983,1.0,54.98,472122.99999999994,236.0615,17.3
3353,30.0,1.0,60.0,29.983,1.0,59.97,490285.80000000005,245.1429,17.28
3354,30.0,1.0,65.0,29.983,1.0,64.97,512773.6,256.3868,17.48
3355,30.0,1.0,70.0,29.98,1.0,69.97,540166.2000000001,270.0831,18.07
3356,30.0,1.0,75.0,29.978,1.0,74.98,569827.6,284.9138,18.77
3357,30.0,1.0,77.0,29.989,1.0,76.97,580754.2000000001,290.3771,18.96
3358,30.0,1.0,79.0,29.989,1.0,79.0,594196.7999999999,297.0984,19.73
3359,30.0,1.0,81.0,29.989,1.0,81.03,605665.6,302.8328,20.17
3360,30.0,1.0,83.0,29.989,1.0,83.01,615984.6,307.9923,20.63
3361,30.0,1.0,85.0,29.99,1.0,85.05,624595.7999999999,312.2979,20.87
3362,30.0,1.0,86.0,29.989,1.0,86.07,629519.6,314.7598,21.32
3363,30.0,1.0,87.0,29.99,1.0,87.07,632764.8,316.3824,21.44
3364,30.0,1.0,88.0,29.989,1.0,88.05,635136.8,317.5684,21.44
3365,30.0,1.0,89.0,29.99,1.0,89.06,637986.6,318.9933,21.63
3366,30.0,1.0,90.0,29.991,1.0,90.09,641214.6,320.6073,22.08
3367,30.0,1.0,91.0,29.992,1.0,91.11,642429.7999999999,321.2149,22.12
3368,30.0,1.0,92.0,29.99,1.0,92.12,643318.0,321.659,22.18
3369,30.0,1.0,93.0,29.991,1.0,93.09,643923.4,321.9617,22.29
3370,30.0,1.0,94.0,29.99,1.0,94.08,643831.6,321.9158,22.37
3371,30.0,1.0,95.0,29.991,1.0,95.11,642922.8,321.4614,22.35
3372,30.0,1.0,97.0,29.988,1.0,97.13,638830.4,319.4152,22.07
3373,30.0,1.0,99.0,29.991,1.0,99.09,633894.0,316.947,22.03
3374,30.0,1.0,101.0,29.998,1.0,101.12,625758.7999999999,312.8794,21.6
3375,30.0,1.0,103.0,29.991,1.0,103.12,616732.8,308.3664,21.28
3376,30.0,1.0,105.0,29.99,1.0,105.07,606341.6,303.1708,20.87
3377,30.0,1.0,110.0,29.99,1.0,110.03,577497.4,288.7487,20.03
3378,30.0,1.0,115.0,29.989,1.0,114.99,547082.8,273.5414,19.1
3379,30.0,1.0,120.0,29.977,1.0,119.95,519583.8,259.7919,18.56
3380,30.0,1.0,125.0,29.987,1.0,124.92,496685.00000000006,248.3425,18.35
3381,30.0,1.0,130.0,29.983,1.0,129.87,477618.4,238.8092,18.29
3382,30.0,1.0,135.0,29.982,1.0,134.85,461516.8,230.7584,18.13
3383,30.0,1.0,140.0,29.985,1.0,139.83,448911.39999999997,224.4557,18.15
3384,30.0,1.0,145.0,29.983,1.0,144.84,438510.6,219.2553,18.13
3385,30.0,1.0,150.0,29.988,1.0,149.86,431680.0,215.84,18.5
3386,30.0,1.0,155.0,29.986,1.0,154.88,424828.0,212.414,18.41
3387,30.0,1.0,160.0,29.986,1.0,159.91,420672.0,210.336,18.65
3388,30.0,1.0,165.0,29.987,1.0,164.95,417240.80000000005,208.6204,18.72
3389,30.0,1.0,170.0,29.989,1.0,169.98,415039.19999999995,207.5196,18.91
3390,30.0,1.0,175.0,29.986,1.0,175.01,412469.4,206.2347,18.75
3391,30.0,1.0,180.0,29.989,1.0,180.07,411309.8,205.6549,18.77
3404,30.0,1.5,0.0,29.983,1.5,0.12,347186.0,173.593,18.53
3405,30.0,1.5,5.0,29.987,1.5,5.05,347652.6,173.8263,18.55
3406,30.0,1.5,10.0,29.982,1.5,10.02,348495.60000000003,174.2478,18.58
3407,30.0,1.5,15.0,29.988,1.5,15.0,349061.6,174.5308,18.37
3408,30.0,1.5,20.0,29.988,1.5,19.99,350631.39999999997,175.3157,18.29
3409,30.0,1.5,25.0,29.991,1.5,25.0,352385.2,176.1926,18.05
3410,30.0,1.5,30.0,29.988,1.5,30.01,354824.4,177.4122,17.78
3411,30.0,1.5,35.0,29.988,1.5,35.02,358613.8,179.3069,17.55
3412,30.0,1.5,40.0,29.99,1.5,40.03,363597.8,181.7989,17.27
3413,30.0,1.5,45.0,29.989,1.5,45.04,370002.6,185.0013,16.95
3414,30.0,1.5,50.0,29.989,1.5,50.05,379109.0,189.5545,16.77
3415,30.0,1.5,55.0,29.988,1.5,55.07,390770.2,195.3851,16.52
3416,30.0,1.5,60.0,29.988,1.5,60.08,405315.2,202.6576,16.1
3417,30.0,1.5,65.0,29.987,1.5,65.09,424975.0,212.4875,15.72
3418,30.0,1.5,70.0,29.983,1.5,70.09,452574.39999999997,226.2872,15.67
3419,30.0,1.5,75.0,29.983,1.5,75.07,490688.8,245.3444,16.2
3420,30.0,1.5,77.0,29.981,1.5,77.04,507752.00000000006,253.876,16.48
3421,30.0,1.5,79.0,29.981,1.5,79.05,526986.8,263.4934,16.94
3422,30.0,1.5,81.0,29.987,1.5,81.06,546249.4,273.1247,17.4
3423,30.0,1.5,83.0,29.988,1.5,83.01,565673.2,282.8366,18.09
3424,30.0,1.5,85.0,29.988,1.5,85.03,584602.8,292.3014,18.89
3425,30.0,1.5,86.0,29.991,1.5,86.03,592899.0,296.4495,19.27
3426,30.0,1.5,87.0,29.991,1.5,87.02,599752.0,299.876,19.46
3427,30.0,1.5,88.0,29.991,1.5,87.99,607222.6,303.6113,20.04
3428,30.0,1.5,89.0,29.99,1.5,88.98,611763.4,305.8817,20.08
3429,30.0,1.5,90.0,29.991,1.5,90.0,617761.2,308.8806,20.72
3430,30.0,1.5,91.0,29.99,1.5,91.01,620757.6,310.3788,20.92
3431,30.0,1.5,92.0,29.991,1.5,92.01,621861.0,310.9305,20.89
3432,30.0,1.5,93.0,29.99,1.5,92.98,622775.4,311.3877,21.07
3433,30.0,1.5,94.0,29.989,1.5,93.96,621820.7999999999,310.9104,21.13
3434,30.0,1.5,95.0,29.989,1.5,94.97,619930.8,309.9654,21.19
3435,30.0,1.5,97.0,29.991,1.5,96.97,610623.8,305.3119,20.79
3436,30.0,1.5,99.0,29.989,1.5,98.92,598006.8,299.0034,20.34
3437,30.0,1.5,101.0,29.989,1.5,100.93,580321.6000000001,290.1608,19.48
3438,30.0,1.5,103.0,29.988,1.5,102.93,560782.0,280.391,18.68
3439,30.0,1.5,105.0,29.988,1.5,104.88,541815.6,270.9078,18.11
3440,30.0,1.5,110.0,29.979,1.5,109.84,497654.2,248.8271,17.45
3441,30.0,1.5,115.0,29.979,1.5,114.83,459677.4,229.8387,16.96
3442,30.0,1.5,120.0,29.986,1.5,119.83,430313.4,215.1567,16.8
3443,30.0,1.5,125.0,29.99,1.5,124.85,409165.4,204.5827,16.97
3444,30.0,1.5,130.0,29.989,1.5,129.87,393500.0,196.75,17.22
3445,30.0,1.5,135.0,29.991,1.5,134.91,381118.0,190.559,17.4
3446,30.0,1.5,140.0,29.991,1.5,139.95,372292.4,186.1462,17.72
3447,30.0,1.5,145.0,29.993,1.5,145.0,364314.8,182.1574,17.68
3448,30.0,1.5,150.0,29.992,1.5,150.05,359910.80000000005,179.9554,18.13
3449,30.0,1.5,155.0,29.991,1.5,155.08,356583.0,178.2915,18.61
3450,30.0,1.5,160.0,29.993,1.5,160.11,352422.2,176.2111,18.32
3451,30.0,1.5,165.0,29.991,1.5,165.11,351025.8,175.5129,18.63
3452,30.0,1.5,170.0,29.986,1.5,170.1,348514.19999999995,174.2571,18.43
3453,30.0,1.5,175.0,29.991,1.5,175.06,348253.4,174.1267,18.72
3454,30.0,1.5,180.0,29.99,1.5,180.05,346767.8,173.3839,18.49
3467,30.0,2.0,0.0,29.985,2.0,0.11,307563.0,153.7815,18.61
3468,30.0,2.0,5.0,29.989,2.0,5.03,307893.4,153.9467,18.66
3469,30.0,2.0,10.0,29.984,2.0,9.97,308178.8,154.0894,18.56
3470,30.0,2.0,15.0,29.989,2.0,14.93,308514.19999999995,154.2571,18.38
3471,30.0,2.0,20.0,29.992,2.0,19.92,308890.4,154.4452,18.12
3472,30.0,2.0,25.0,29.991,2.0,24.92,310479.0,155.2395,18.02
3473,30.0,2.0,30.0,29.989,2.0,29.94,312351.0,156.1755,17.76
3474,30.0,2.0,35.0,29.991,2.0,34.98,315126.8,157.5634,17.47
3475,30.0,2.0,40.0,29.992,2.0,40.01,319312.0,159.656,17.24
3476,30.0,2.0,45.0,29.992,2.0,45.05,324330.8,162.1654,16.83
3477,30.0,2.0,50.0,29.993,2.0,50.08,331082.0,165.541,16.39
3478,30.0,2.0,55.0,29.993,2.0,55.13,340879.2,170.4396,16.15
3479,30.0,2.0,60.0,29.988,2.0,60.15,353217.8,176.6089,15.79
3480,30.0,2.0,65.0,29.987,2.0,65.18,369500.39999999997,184.7502,15.34
3481,30.0,2.0,70.0,29.985,2.0,70.18,392162.60000000003,196.0813,14.9
3482,30.0,2.0,75.0,29.985,2.0,75.13,426956.80000000005,213.4784,14.75
3483,30.0,2.0,77.0,29.983,2.0,77.09,445218.19999999995,222.6091,14.9
3484,30.0,2.0,79.0,29.983,2.0,79.08,466634.6,233.3173,15.11
3485,30.0,2.0,81.0,29.983,2.0,81.07,492595.60000000003,246.2978,15.74
3486,30.0,2.0,83.0,29.981,2.0,83.0,518834.4,259.4172,16.41
3487,30.0,2.0,85.0,29.99,2.0,85.01,547655.4,273.8277,17.5
3488,30.0,2.0,86.0,29.989,2.0,86.01,559544.0,279.772,17.76
3489,30.0,2.0,87.0,29.991,2.0,86.98,572167.8,286.0839,18.35
3490,30.0,2.0,88.0,29.99,2.0,87.94,582818.2,291.4091,18.82
3491,30.0,2.0,89.0,29.992,2.0,88.93,592232.6,296.1163,19.35
3492,30.0,2.0,90.0,29.99,2.0,89.93,598920.6,299.4603,19.53
3493,30.0,2.0,91.0,29.992,2.0,90.93,604921.0,302.4605,20.09
3494,30.0,2.0,92.0,29.991,2.0,91.92,607683.6,303.8418,20.32
3495,30.0,2.0,93.0,29.992,2.0,92.88,607092.6000000001,303.5463,20.32
3496,30.0,2.0,94.0,29.991,2.0,93.86,603700.7999999999,301.8504,20.01
3497,30.0,2.0,95.0,29.991,2.0,94.85,598541.6,299.2708,19.85
3498,30.0,2.0,97.0,29.989,2.0,96.84,582524.2000000001,291.2621,19.38
3499,30.0,2.0,99.0,29.989,2.0,98.77,560761.0,280.3805,18.68
3500,30.0,2.0,101.0,29.989,2.0,100.79,534058.4,267.0292,17.86
3501,30.0,2.0,103.0,29.991,2.0,102.79,507419.80000000005,253.7099,17.21
3502,30.0,2.0,105.0,29.982,2.0,104.74,482363.19999999995,241.1816,16.56
3503,30.0,2.0,110.0,29.981,2.0,109.7,431660.4,215.8302,15.99
3504,30.0,2.0,115.0,29.985,2.0,114.72,396038.6,198.0193,15.97
3505,30.0,2.0,120.0,29.991,2.0,119.76,372531.80000000005,186.2659,16.4
3506,30.0,2.0,125.0,29.993,2.0,124.83,354982.4,177.4912,16.64
3507,30.0,2.0,130.0,29.991,2.0,129.9,341979.2,170.9896,16.93
3508,30.0,2.0,135.0,29.991,2.0,134.98,331717.0,165.8585,17.07
3509,30.0,2.0,140.0,29.992,2.0,140.07,324329.6,162.1648,17.34
3510,30.0,2.0,145.0,29.992,2.0,145.15,319388.4,159.6942,17.76
3511,30.0,2.0,150.0,29.993,2.0,150.22,314488.2,157.2441,17.72
3512,30.0,2.0,155.0,29.995,2.0,155.27,312575.0,156.2875,18.22
3513,30.0,2.0,160.0,29.994,2.0,160.28,310288.2,155.1441,18.29
3514,30.0,2.0,165.0,29.993,2.0,165.26,309804.0,154.902,18.68
3515,30.0,2.0,170.0,29.993,2.0,170.21,308249.0,154.1245,18.56
3516,30.0,2.0,175.0,29.995,2.0,175.12,307559.8,153.7799,18.59
3517,30.0,2.0,180.0,29.992,2.0,180.05,307473.39999999997,153.7367,18.7
3530,30.0,3.0,0.0,29.987,3.0,0.1,258842.4,129.4212,18.83
3531,30.0,3.0,5.0,29.99,3.0,4.98,259287.39999999997,129.6437,18.93
3532,30.0,3.0,10.0,29.988,3.0,9.92,259369.0,129.6845,18.9
3533,30.0,3.0,15.0,29.992,3.0,14.88,258877.0,129.4385,18.55
3534,30.0,3.0,20.0,29.993,3.0,19.86,259100.59999999998,129.5503,18.39
3535,30.0,3.0,25.0,29.993,3.0,24.87,259222.2,129.6111,17.98
3536,30.0,3.0,30.0,29.992,3.0,29.9,260599.6,130.2998,17.79
3537,30.0,3.0,35.0,29.992,3.0,34.94,262768.8,131.3844,17.57
3538,30.0,3.0,40.0,29.992,3.0,39.99,265417.8,132.7089,17.17
3539,30.0,3.0,45.0,29.994,3.0,45.03,269609.8,134.8049,16.86
3540,30.0,3.0,50.0,29.994,3.0,50.08,274549.2,137.2746,16.37
3541,30.0,3.0,55.0,29.993,3.0,55.14,281342.6,140.6713,15.91
3542,30.0,3.0,60.0,29.992,3.0,60.18,290806.6,145.4033,15.52
3543,30.0,3.0,65.0,29.993,3.0,65.2,302995.8,151.4979,15.02
3544,30.0,3.0,70.0,29.992,3.0,70.2,319938.6,159.9693,14.47
3545,30.0,3.0,75.0,29.989,3.0,75.15,344532.4,172.2662,13.78
3546,30.0,3.0,77.0,29.986,3.0,77.09,358911.2,179.4556,13.64
3547,30.0,3.0,79.0,29.989,3.0,79.07,377528.2,188.7641,13.49
3548,30.0,3.0,81.0,29.986,3.0,81.04,402575.2,201.2876,13.58
3549,30.0,3.0,83.0,29.985,3.0,82.96,433381.00000000006,216.6905,13.86
3550,30.0,3.0,85.0,29.983,3.0,84.93,473171.60000000003,236.5858,14.68
3551,30.0,3.0,86.0,29.98,3.0,85.92,495418.19999999995,247.7091,15.33
3552,30.0,3.0,87.0,29.991,3.0,86.89,517424.2,258.7121,16.04
3553,30.0,3.0,88.0,29.989,3.0,87.84,537989.2,268.9946,16.8
3554,30.0,3.0,89.0,29.99,3.0,88.81,556831.8,278.4159,17.6
3555,30.0,3.0,90.0,29.99,3.0,89.8,572893.6,286.4468,18.47
3556,30.0,3.0,91.0,29.989,3.0,90.79,583375.7999999999,291.6879,19.16
3557,30.0,3.0,92.0,29.991,3.0,91.78,585258.6,292.6293,18.98
3558,30.0,3.0,93.0,29.991,3.0,92.73,583340.6,291.6703,19.02
3559,30.0,3.0,94.0,29.989,3.0,93.7,577048.2,288.5241,19.08
3560,30.0,3.0,95.0,29.99,3.0,94.69,563658.4,281.8292,18.5
3561,30.0,3.0,97.0,29.991,3.0,96.67,525938.6000000001,262.9693,17.11
3562,30.0,3.0,99.0,29.99,3.0,98.61,486062.39999999997,243.0312,16.18
3563,30.0,3.0,101.0,29.983,3.0,100.6,446593.19999999995,223.2966,15.29
3564,30.0,3.0,103.0,29.985,3.0,102.61,414047.19999999995,207.0236,14.87
3565,30.0,3.0,105.0,29.988,3.0,104.57,388476.60000000003,194.2383,14.68
3566,30.0,3.0,110.0,29.986,3.0,109.56,346236.0,173.118,15.02
3567,30.0,3.0,115.0,29.992,3.0,114.61,319080.4,159.5402,15.28
3568,30.0,3.0,120.0,29.995,3.0,119.68,302676.4,151.3382,16.02
3569,30.0,3.0,125.0,29.993,3.0,124.78,289232.2,144.6161,16.25
3570,30.0,3.0,130.0,29.995,3.0,129.89,279027.0,139.5135,16.44
3571,30.0,3.0,135.0,29.992,3.0,135.0,272496.4,136.2482,16.92
3572,30.0,3.0,140.0,29.995,3.0,140.1,266478.8,133.2394,17.0
3573,30.0,3.0,145.0,29.995,3.0,145.21,262920.60000000003,131.4603,17.38
3574,30.0,3.0,150.0,29.997,3.0,150.3,260020.40000000002,130.0102,17.52
3575,30.0,3.0,155.0,29.994,3.0,155.34,258021.0,129.0105,17.61
3576,30.0,3.0,160.0,29.996,3.0,160.36,257983.4,128.9917,18.15
3577,30.0,3.0,165.0,29.995,3.0,165.34,258937.39999999997,129.4687,18.94
3578,30.0,3.0,170.0,29.995,3.0,170.27,258952.0,129.476,18.96
3579,30.0,3.0,175.0,29.995,3.0,175.14,258733.0,129.3665,18.77
3580,30.0,3.0,180.0,29.991,3.0,180.02,258627.0,129.3135,18.68
3593,30.0,5.0,0.0,29.987,5.0,0.06,205693.19999999998,102.8466,19.14
3594,30.0,5.0,5.0,29.989,5.0,4.94,205804.19999999998,102.9021,18.99
3595,30.0,5.0,10.0,29.993,5.0,9.88,205567.99999999997,102.784,18.95
3596,30.0,5.0,15.0,29.993,5.0,14.86,205298.99999999997,102.6495,18.85
3597,30.0,5.0,20.0,29.992,5.0,19.85,205126.8,102.5634,18.6
3598,30.0,5.0,25.0,29.991,5.0,24.86,205809.2,102.9046,18.52
3599,30.0,5.0,30.0,29.995,5.0,29.89,206917.6,103.4588,18.36
3600,30.0,5.0,35.0,29.995,5.0,34.93,208130.2,104.0651,17.88
3601,30.0,5.0,40.0,29.993,5.0,39.97,210392.6,105.1963,17.56
3602,30.0,5.0,45.0,29.995,5.0,45.0,213765.6,106.8828,17.34
3603,30.0,5.0,50.0,29.995,5.0,50.02,217024.80000000002,108.5124,16.65
3604,30.0,5.0,55.0,29.994,5.0,55.05,222041.40000000002,111.0207,16.21
3605,30.0,5.0,60.0,29.996,5.0,60.09,228224.40000000002,114.1122,15.66
3606,30.0,5.0,65.0,29.996,5.0,65.08,236200.59999999998,118.1003,15.0
3607,30.0,5.0,70.0,29.994,5.0,70.07,247165.0,123.5825,14.26
3608,30.0,5.0,75.0,29.995,5.0,75.01,262852.39999999997,131.4262,13.37
3609,30.0,5.0,77.0,29.993,5.0,76.94,270966.4,135.4832,12.87
3610,30.0,5.0,79.0,29.994,5.0,78.92,282696.2,141.3481,12.51
3611,30.0,5.0,81.0,29.994,5.0,80.9,299423.0,149.7115,12.25
3612,30.0,5.0,83.0,29.991,5.0,82.8,322940.2,161.4701,12.12
3613,30.0,5.0,85.0,29.993,5.0,84.76,359360.80000000005,179.6804,12.1
3614,30.0,5.0,86.0,29.983,5.0,85.74,385002.6,192.5013,12.3
3615,30.0,5.0,87.0,29.983,5.0,86.7,417798.80000000005,208.8994,12.98
3616,30.0,5.0,88.0,29.99,5.0,87.64,453775.60000000003,226.8878,13.83
3617,30.0,5.0,89.0,29.992,5.0,88.61,491534.19999999995,245.7671,14.79
3618,30.0,5.0,90.0,29.991,5.0,89.59,526863.2,263.4316,16.06
3619,30.0,5.0,91.0,29.991,5.0,90.57,554999.0,277.4995,17.73
3620,30.0,5.0,92.0,29.991,5.0,91.54,564061.3999999999,282.0307,18.47
3621,30.0,5.0,93.0,29.99,5.0,92.5,554657.6,277.3288,18.17
3622,30.0,5.0,94.0,29.991,5.0,93.46,528269.8,264.1349,16.95
3623,30.0,5.0,95.0,29.991,5.0,94.46,494159.19999999995,247.0796,15.91
3624,30.0,5.0,97.0,29.99,5.0,96.43,423057.2,211.5286,14.18
3625,30.0,5.0,99.0,29.99,5.0,98.36,368375.2,184.1876,13.26
3626,30.0,5.0,101.0,29.992,5.0,100.37,331293.19999999995,165.6466,13.16
3627,30.0,5.0,103.0,29.992,5.0,102.4,306961.4,153.4807,13.43
3628,30.0,5.0,105.0,29.993,5.0,104.37,288873.0,144.4365,13.58
3629,30.0,5.0,110.0,29.998,5.0,109.4,260343.80000000002,130.1719,14.26
3630,30.0,5.0,115.0,29.998,5.0,114.46,242756.19999999998,121.3781,14.84
3631,30.0,5.0,120.0,29.996,5.0,119.56,231773.8,115.8869,15.64
3632,30.0,5.0,125.0,29.998,5.0,124.67,223175.4,111.5877,16.15
3633,30.0,5.0,130.0,29.998,5.0,129.78,217135.60000000003,108.5678,16.71
3634,30.0,5.0,135.0,29.996,5.0,134.9,211371.8,105.6859,16.73
3635,30.0,5.0,140.0,29.995,5.0,140.01,208342.2,104.1711,17.4
3636,30.0,5.0,145.0,29.997,5.0,145.11,205103.8,102.5519,17.42
3637,30.0,5.0,150.0,29.997,5.0,150.21,204448.6,102.2243,18.16
3638,30.0,5.0,155.0,29.997,5.0,155.27,203569.80000000002,101.7849,18.4
3639,30.0,5.0,160.0,29.997,5.0,160.32,203766.2,101.8831,18.82
3640,30.0,5.0,165.0,29.994,5.0,165.33,203507.6,101.7538,18.72
3641,30.0,5.0,170.0,29.996,5.0,170.26,204696.4,102.3482,19.03
3642,30.0,5.0,175.0,29.998,5.0,175.11,205152.8,102.5764,18.88
3643,30.0,5.0,180.0,29.994,5.0,179.97,205988.8,102.9944,19.1
3656,30.0,7.0,0.0,29.988,7.0,0.02,172049.6,86.0248,19.19
3657,30.0,7.0,5.0,29.988,7.0,4.92,172281.8,86.1409,19.12
3658,30.0,7.0,10.0,29.991,7.0,9.87,172092.2,86.0461,19.07
3659,30.0,7.0,15.0,29.995,7.0,14.86,171571.4,85.7857,18.87
3660,30.0,7.0,20.0,29.995,7.0,19.87,171354.19999999998,85.6771,18.46
3661,30.0,7.0,25.0,29.996,7.0,24.89,172480.0,86.24,18.59
3662,30.0,7.0,30.0,29.994,7.0,29.91,173310.6,86.6553,18.14
3663,30.0,7.0,35.0,29.995,7.0,34.93,175122.0,87.561,17.9
3664,30.0,7.0,40.0,29.996,7.0,39.95,177577.0,88.7885,17.64
3665,30.0,7.0,45.0,29.995,7.0,44.96,180681.0,90.3405,17.37
3666,30.0,7.0,50.0,29.995,7.0,49.95,184210.6,92.1053,16.89
3667,30.0,7.0,55.0,29.997,7.0,54.96,188611.0,94.3055,16.4
3668,30.0,7.0,60.0,29.995,7.0,59.96,193795.59999999998,96.8978,15.82
3669,30.0,7.0,65.0,29.995,7.0,64.93,200402.0,100.201,15.22
3670,30.0,7.0,70.0,29.995,7.0,69.89,207854.8,103.9274,14.22
3671,30.0,7.0,75.0,29.997,7.0,74.82,218941.40000000002,109.4707,13.2
3672,30.0,7.0,77.0,29.998,7.0,76.75,225406.59999999998,112.7033,12.81
3673,30.0,7.0,79.0,29.999,7.0,78.73,233155.8,116.5779,12.24
3674,30.0,7.0,81.0,29.996,7.0,80.71,245229.19999999998,122.6146,11.86
3675,30.0,7.0,83.0,29.996,7.0,82.62,262186.8,131.0934,11.46
3676,30.0,7.0,85.0,29.993,7.0,84.57,289919.4,144.9597,11.15
3677,30.0,7.0,86.0,29.993,7.0,85.55,312093.19999999995,156.0466,11.28
3678,30.0,7.0,87.0,29.991,7.0,86.5,338827.8,169.4139,11.28
3679,30.0,7.0,88.0,29.99,7.0,87.43,375206.2,187.6031,11.69
3680,30.0,7.0,89.0,29.991,7.0,88.4,425716.60000000003,212.8583,12.83
3681,30.0,7.0,90.0,29.994,7.0,89.37,481056.2,240.5281,14.28
3682,30.0,7.0,91.0,29.992,7.0,90.35,531025.4,265.5127,16.65
3683,30.0,7.0,92.0,29.991,7.0,91.31,548608.6,274.3043,17.62
3684,30.0,7.0,93.0,29.99,7.0,92.26,529989.0,264.9945,16.83
3685,30.0,7.0,94.0,29.992,7.0,93.23,488575.20000000007,244.2876,15.61
3686,30.0,7.0,95.0,29.991,7.0,94.23,435524.39999999997,217.7622,14.03
3687,30.0,7.0,97.0,29.991,7.0,96.19,350384.2,175.1921,12.47
3688,30.0,7.0,99.0,29.997,7.0,98.16,301932.0,150.966,12.39
3689,30.0,7.0,101.0,29.997,7.0,100.17,270729.2,135.3646,12.48
3690,30.0,7.0,103.0,29.998,7.0,102.22,251026.6,125.5133,12.84
3691,30.0,7.0,105.0,29.998,7.0,104.21,237027.4,118.5137,13.11
3692,30.0,7.0,110.0,29.999,7.0,109.22,215993.19999999998,107.9966,14.14
3693,30.0,7.0,115.0,29.998,7.0,114.31,203196.80000000002,101.5984,15.04
3694,30.0,7.0,120.0,29.997,7.0,119.41,194008.6,97.0043,15.65
3695,30.0,7.0,125.0,30.0,7.0,124.52,187139.6,93.5698,16.22
3696,30.0,7.0,130.0,29.996,7.0,129.63,181537.2,90.7686,16.57
3697,30.0,7.0,135.0,29.999,7.0,134.74,177004.6,88.5023,16.78
3698,30.0,7.0,140.0,29.999,7.0,139.85,174427.4,87.2137,17.47
3699,30.0,7.0,145.0,29.998,7.0,144.95,171689.4,85.8447,17.62
3700,30.0,7.0,150.0,29.997,7.0,150.05,169513.4,84.7567,17.6
3701,30.0,7.0,155.0,29.995,7.0,155.12,168884.0,84.442,17.99
3702,30.0,7.0,160.0,29.996,7.0,160.18,169267.2,84.6336,18.69
3703,30.0,7.0,165.0,29.997,7.0,165.21,168805.19999999998,84.4026,18.33
3704,30.0,7.0,170.0,29.997,7.0,170.18,170024.19999999998,85.0121,18.69
3705,30.0,7.0,175.0,29.994,7.0,175.04,171407.8,85.7039,18.99
3706,30.0,7.0,180.0,29.991,7.0,179.9,172222.4,86.1112,19.02
3719,30.0,8.0,0.0,29.991,8.0,0.04,157442.0,78.721,18.58
3720,30.0,8.0,5.0,29.992,8.0,4.94,158190.6,79.0953,18.83
3721,30.0,8.0,10.0,29.994,8.0,9.93,157555.19999999998,78.7776,18.5
3722,30.0,8.0,15.0,29.995,8.0,14.93,157544.59999999998,78.7723,18.53
3723,30.0,8.0,20.0,29.996,8.0,19.95,157600.4,78.8002,18.3
3724,30.0,8.0,25.0,29.994,8.0,24.96,158682.4,79.3412,18.29
3725,30.0,8.0,30.0,29.997,8.0,29.98,160082.0,80.041,18.1
3726,30.0,8.0,35.0,29.994,8.0,35.01,162158.4,81.0792,17.95
3727,30.0,8.0,40.0,29.998,8.0,40.0,164578.40000000002,82.2892,17.57
3728,30.0,8.0,45.0,29.996,8.0,45.01,168181.19999999998,84.0906,17.5
3729,30.0,8.0,50.0,29.995,8.0,49.98,171735.2,85.8676,17.0
3730,30.0,8.0,55.0,29.998,8.0,54.99,176370.2,88.1851,16.62
3731,30.0,8.0,60.0,29.996,8.0,59.97,181729.19999999998,90.8646,16.17
3732,30.0,8.0,65.0,29.998,8.0,64.94,187361.4,93.6807,15.32
3733,30.0,8.0,70.0,29.999,8.0,69.89,194394.4,97.1972,14.35
3734,30.0,8.0,75.0,29.999,8.0,74.79,203613.8,101.8069,13.13
3735,30.0,8.0,77.0,29.997,8.0,76.73,209264.39999999997,104.6322,12.71
3736,30.0,8.0,79.0,30.001,8.0,78.71,216568.19999999998,108.2841,12.23
3737,30.0,8.0,81.0,29.997,8.0,80.67,226080.8,113.0404,11.61
3738,30.0,8.0,83.0,29.995,8.0,82.58,241711.4,120.8557,11.28
3739,30.0,8.0,85.0,29.995,8.0,84.54,267889.39999999997,133.9447,11.05
3740,30.0,8.0,86.0,29.995,8.0,85.52,288113.8,144.0569,11.12
3741,30.0,8.0,87.0,29.993,8.0,86.47,311682.8,155.8414,10.91
3742,30.0,8.0,88.0,29.994,8.0,87.39,348000.8,174.0004,11.37
3743,30.0,8.0,89.0,29.993,8.0,88.35,396490.0,198.245,12.02
3744,30.0,8.0,90.0,29.992,8.0,89.3,458971.8,229.4859,13.64
3745,30.0,8.0,91.0,29.991,8.0,90.28,518036.80000000005,259.0184,15.9
3746,30.0,8.0,92.0,29.991,8.0,91.26,544370.6,272.1853,17.66
3747,30.0,8.0,93.0,29.991,8.0,92.21,521789.99999999994,260.895,16.8
3748,30.0,8.0,94.0,29.991,8.0,93.17,468975.60000000003,234.4878,15.04
3749,30.0,8.0,95.0,29.992,8.0,94.17,408472.0,204.236,13.26
3750,30.0,8.0,97.0,29.997,8.0,96.15,324920.4,162.4602,12.26
3751,30.0,8.0,99.0,29.998,8.0,98.1,276214.19999999995,138.1071,11.8
3752,30.0,8.0,101.0,29.997,8.0,100.13,248943.80000000002,124.4719,12.2
3753,30.0,8.0,103.0,29.997,8.0,102.18,230258.0,115.129,12.44
3754,30.0,8.0,105.0,29.999,8.0,104.17,219128.2,109.5641,13.05
3755,30.0,8.0,110.0,29.999,8.0,109.19,199343.2,99.6716,13.84
3756,30.0,8.0,115.0,29.999,8.0,114.28,188422.4,94.2112,14.92
3757,30.0,8.0,120.0,30.0,8.0,119.38,179722.4,89.8612,15.49
3758,30.0,8.0,125.0,29.999,8.0,124.48,173718.2,86.8591,16.2
3759,30.0,8.0,130.0,29.998,8.0,129.59,168870.59999999998,84.4353,16.85
3760,30.0,8.0,135.0,29.998,8.0,134.7,164435.4,82.2177,17.12
3761,30.0,8.0,140.0,30.0,8.0,139.81,161340.4,80.6702,17.52
3762,30.0,8.0,145.0,29.997,8.0,144.91,158976.6,79.4883,18.07
3763,30.0,8.0,150.0,29.999,8.0,150.0,156444.2,78.2221,17.71
3764,30.0,8.0,155.0,29.997,8.0,155.07,155047.2,77.5236,17.69
3765,30.0,8.0,160.0,29.997,8.0,160.14,154926.6,77.4633,18.11
3766,30.0,8.0,165.0,29.997,8.0,165.19,154820.80000000002,77.4104,18.08
3767,30.0,8.0,170.0,29.997,8.0,170.17,156921.59999999998,78.4608,19.02
3768,30.0,8.0,175.0,29.996,8.0,175.03,157229.8,78.6149,18.62
3769,30.0,8.0,180.0,29.995,8.0,179.91,158247.6,79.1238,18.79
3845,35.0,0.01,0.0,34.991,0.01,-4.69,578831.2,289.4156,23.33
3846,35.0,0.01,5.0,34.99,0.01,0.65,578711.6,289.3558,23.32
3847,35.0,0.01,10.0,34.973,0.01,6.04,578372.8,289.1864,23.16
3848,35.0,0.01,15.0,34.993,0.01,11.48,578623.6,289.3118,23.26
3849,35.0,0.01,20.0,34.993,0.01,16.97,578680.8,289.3404,23.27
3850,35.0,0.01,25.0,34.994,0.01,22.52,577935.2,288.9676,23.0
3851,35.0,0.01,30.0,34.994,0.01,28.1,578665.8,289.3329,23.2
3852,35.0,0.01,35.0,34.993,0.01,33.67,578483.6,289.2418,23.2
3853,35.0,0.01,40.0,34.995,0.01,39.32,578768.0,289.384,23.24
3854,35.0,0.01,45.0,34.992,0.01,44.9,578587.0,289.2935,23.19
3855,35.0,0.01,50.0,34.996,0.01,50.54,578284.2,289.1421,23.04
3856,35.0,0.01,55.0,34.992,0.01,56.05,578345.4,289.1727,23.1
3857,35.0,0.01,60.0,34.994,0.01,61.64,579150.6,289.5753,23.35
3858,35.0,0.01,65.0,34.994,0.01,67.17,578643.8,289.3219,23.17
3859,35.0,0.01,70.0,34.995,0.01,72.69,579768.2,289.8841,23.59
3860,35.0,0.01,75.0,34.994,0.01,78.17,579679.0,289.8395,23.51
3861,35.0,0.01,77.0,34.993,0.01,80.36,578399.4,289.1997,23.08
3862,35.0,0.01,79.0,34.995,0.01,82.55,578642.6000000001,289.3213,23.18
3863,35.0,0.01,81.0,34.992,0.01,84.72,579106.2,289.5531,23.33
3864,35.0,0.01,83.0,34.995,0.01,86.9,578795.6,289.3978,23.2
3865,35.0,0.01,85.0,34.995,0.01,89.07,579327.0,289.6635,23.41
3866,35.0,0.01,86.0,34.994,0.01,90.13,579197.2,289.5986,23.34
3867,35.0,0.01,87.0,34.994,0.01,91.21,578701.4,289.3507,23.19
3868,35.0,0.01,88.0,34.993,0.01,92.28,579125.6,289.5628,23.31
3869,35.0,0.01,89.0,34.993,0.01,93.37,579201.0,289.6005,23.34
3870,35.0,0.01,90.0,34.995,0.01,94.47,578332.3999999999,289.1662,23.05
3871,35.0,0.01,91.0,34.993,0.01,95.51,578684.0,289.342,23.15
3872,35.0,0.01,92.0,34.994,0.01,96.57,579424.6,289.7123,23.41
3873,35.0,0.01,93.0,34.995,0.01,97.63,579380.4,289.6902,23.41
3874,35.0,0.01,94.0,34.992,0.01,98.69,578990.6,289.4953,23.27
3875,35.0,0.01,95.0,34.992,0.01,99.76,578922.6,289.4613,23.25
3876,35.0,0.01,97.0,34.994,0.01,101.84,579101.0,289.5505,23.34
3877,35.0,0.01,99.0,34.994,0.01,103.96,579316.2000000001,289.6581,23.37
3878,35.0,0.01,101.0,34.993,0.01,106.05,579074.7999999999,289.5374,23.3
3879,35.0,0.01,103.0,34.993,0.01,108.09,579184.2,289.5921,23.3
3880,35.0,0.01,105.0,34.995,0.01,110.17,579041.6,289.5208,23.29
3881,35.0,0.01,110.0,34.994,0.01,115.28,578823.0,289.4115,23.22
3882,35.0,0.01,115.0,34.995,0.01,120.38,579049.6,289.5248,23.31
3883,35.0,0.01,120.0,34.994,0.01,125.43,579064.8,289.5324,23.34
3884,35.0,0.01,125.0,34.993,0.01,130.5,578467.6000000001,289.2338,23.13
3885,35.0,0.01,130.0,34.993,0.01,135.54,578830.0,289.415,23.27
3886,35.0,0.01,135.0,34.993,0.01,140.6,578234.0,289.117,23.06
3887,35.0,0.01,140.0,34.992,0.01,145.62,578993.4,289.4967,23.34
3888,35.0,0.01,145.0,34.994,0.01,150.62,578981.8,289.4909,23.31
3889,35.0,0.01,150.0,34.995,0.01,155.55,578991.6,289.4958,23.35
3890,35.0,0.01,155.0,34.994,0.01,160.44,578892.2,289.4461,23.28
3891,35.0,0.01,160.0,34.992,0.01,165.3,578651.8,289.3259,23.21
3892,35.0,0.01,165.0,34.993,0.01,170.07,578711.6,289.3558,23.24
3893,35.0,0.01,170.0,34.993,0.01,174.8,579014.2,289.5071,23.36
3894,35.0,0.01,175.0,34.994,0.01,179.43,578617.4,289.3087,23.2
3895,35.0,0.01,180.0,34.993,0.01,184.06,578498.4,289.2492,23.2
3908,35.0,0.015,0.0,34.99,0.015,-3.01,578400.7999999999,289.2004,23.22
3909,35.0,0.015,5.0,34.989,0.015,2.21,578990.6,289.4953,23.4
3910,35.0,0.015,10.0,34.971,0.015,7.47,578372.2,289.1861,23.22
3911,35.0,0.015,15.0,34.995,0.015,12.78,577834.4,288.9172,23.06
3912,35.0,0.015,20.0,34.994,0.015,18.09,578666.4,289.3332,23.27
3913,35.0,0.015,25.0,34.994,0.015,23.47,578647.8,289.3239,23.28
3914,35.0,0.015,30.0,34.993,0.015,28.82,579037.6,289.5188,23.36
3915,35.0,0.015,35.0,34.994,0.015,34.17,579112.0,289.556,23.39
3916,35.0,0.015,40.0,34.993,0.015,39.56,578532.2,289.2661,23.2
3917,35.0,0.015,45.0,34.991,0.015,44.93,578779.7999999999,289.3899,23.27
3918,35.0,0.015,50.0,34.995,0.015,50.26,578772.8,289.3864,23.24
3919,35.0,0.015,55.0,34.994,0.015,55.61,578847.0,289.4235,23.24
3920,35.0,0.015,60.0,34.994,0.015,60.97,578964.2,289.4821,23.29
3921,35.0,0.015,65.0,34.993,0.015,66.32,578662.0,289.331,23.17
3922,35.0,0.015,70.0,34.993,0.015,71.66,579185.8,289.5929,23.29
3923,35.0,0.015,75.0,34.993,0.015,77.0,578952.0,289.476,23.22
3924,35.0,0.015,77.0,34.993,0.015,79.11,579064.4,289.5322,23.25
3925,35.0,0.015,79.0,34.992,0.015,81.29,579144.0,289.572,23.29
3926,35.0,0.015,81.0,34.994,0.015,83.4,579390.4,289.6952,23.37
3927,35.0,0.015,83.0,34.994,0.015,85.53,578143.8,289.0719,22.98
3928,35.0,0.015,85.0,34.994,0.015,87.65,579168.2,289.5841,23.33
3929,35.0,0.015,86.0,34.994,0.015,88.7,579412.6,289.7063,23.36
3930,35.0,0.015,87.0,34.993,0.015,89.77,579422.8,289.7114,23.38
3931,35.0,0.015,88.0,34.992,0.015,90.79,579329.0,289.6645,23.37
3932,35.0,0.015,89.0,34.993,0.015,91.85,579055.2,289.5276,23.3
3933,35.0,0.015,90.0,34.993,0.015,92.93,579059.2,289.5296,23.28
3934,35.0,0.015,91.0,34.994,0.015,93.98,579487.6,289.7438,23.42
3935,35.0,0.015,92.0,34.994,0.015,95.01,579218.4,289.6092,23.34
3936,35.0,0.015,93.0,34.993,0.015,96.06,578865.4,289.4327,23.21
3937,35.0,0.015,94.0,34.993,0.015,97.1,578644.0,289.322,23.13
3938,35.0,0.015,95.0,34.993,0.015,98.17,579464.4,289.7322,23.4
3939,35.0,0.015,97.0,34.992,0.015,100.22,578988.6000000001,289.4943,23.28
3940,35.0,0.015,99.0,34.994,0.015,102.28,579148.2,289.5741,23.3
3941,35.0,0.015,101.0,34.995,0.015,104.39,578721.7999999999,289.3609,23.22
3942,35.0,0.015,103.0,34.995,0.015,106.44,579397.0,289.6985,23.38
3943,35.0,0.015,105.0,34.992,0.015,108.47,578817.2,289.4086,23.18
3944,35.0,0.015,110.0,34.993,0.015,113.54,578079.2000000001,289.0396,22.95
3945,35.0,0.015,115.0,34.993,0.015,118.57,578775.6,289.3878,23.21
3946,35.0,0.015,120.0,34.993,0.015,123.61,579326.2,289.6631,23.35
3947,35.0,0.015,125.0,34.995,0.015,128.62,578440.0,289.22,23.1
3948,35.0,0.015,130.0,34.994,0.015,133.62,578573.0,289.2865,23.14
3949,35.0,0.015,135.0,34.994,0.015,138.6,579040.4,289.5202,23.32
3950,35.0,0.015,140.0,34.995,0.015,143.6,578601.0,289.3005,23.16
3951,35.0,0.015,145.0,34.995,0.015,148.61,578835.2,289.4176,23.27
3952,35.0,0.015,150.0,34.995,0.015,153.56,578141.7999999999,289.0709,23.02
3953,35.0,0.015,155.0,34.994,0.015,158.52,578272.0,289.136,23.09
3954,35.0,0.015,160.0,34.993,0.015,163.45,578768.8,289.3844,23.28
3955,35.0,0.015,165.0,34.996,0.015,168.34,578375.0,289.1875,23.15
3956,35.0,0.015,170.0,34.994,0.015,173.17,578767.8,289.3839,23.31
3957,35.0,0.015,175.0,34.996,0.015,177.95,578243.2,289.1216,23.11
3958,35.0,0.015,180.0,34.993,0.015,182.73,578519.8,289.2599,23.21
3971,35.0,0.02,0.0,34.99,0.02,-2.25,578264.2,289.1321,23.25
3972,35.0,0.02,5.0,34.99,0.02,2.89,577989.2,288.9946,23.17
3973,35.0,0.02,10.0,34.971,0.02,8.11,578463.8,289.2319,23.29
3974,35.0,0.02,15.0,34.994,0.02,13.33,579341.27,289.6706,23.54
3975,35.0,0.02,20.0,34.994,0.02,18.59,578956.0,289.478,23.43
3976,35.0,0.02,25.0,34.993,0.02,23.84,578183.4,289.0917,23.14
3977,35.0,0.02,30.0,34.995,0.02,29.09,578453.3999999999,289.2267,23.25
3978,35.0,0.02,35.0,34.995,0.02,34.38,578571.6000000001,289.2858,23.24
3979,35.0,0.02,40.0,34.995,0.02,39.63,578693.4,289.3467,23.31
3980,35.0,0.02,45.0,34.994,0.02,44.89,578570.4,289.2852,23.25
3981,35.0,0.02,50.0,34.994,0.02,50.13,579109.0,289.5545,23.37
3982,35.0,0.02,55.0,34.994,0.02,55.38,579014.2,289.5071,23.32
3983,35.0,0.02,60.0,34.993,0.02,60.63,579220.2000000001,289.6101,23.41
3984,35.0,0.02,65.0,34.993,0.02,65.9,579012.2000000001,289.5061,23.27
3985,35.0,0.02,70.0,34.993,0.02,71.18,578289.0,289.1445,23.02
3986,35.0,0.02,75.0,34.996,0.02,76.45,578821.7999999999,289.4109,23.22
3987,35.0,0.02,77.0,34.993,0.02,78.53,578627.6,289.3138,23.1
3988,35.0,0.02,79.0,34.994,0.02,80.65,579191.0,289.5955,23.35
3989,35.0,0.02,81.0,34.994,0.02,82.75,579251.4,289.6257,23.35
3990,35.0,0.02,83.0,34.995,0.02,84.85,579064.2,289.5321,23.29
3991,35.0,0.02,85.0,34.993,0.02,86.97,579068.2,289.5341,23.26
3992,35.0,0.02,86.0,34.995,0.02,88.01,579246.4,289.6232,23.34
3993,35.0,0.02,87.0,34.992,0.02,89.07,579096.0,289.548,23.25
3994,35.0,0.02,88.0,34.994,0.02,90.1,579101.0,289.5505,23.24
3995,35.0,0.02,89.0,34.994,0.02,91.14,579404.7999999999,289.7024,23.38
3996,35.0,0.02,90.0,34.994,0.02,92.2,578811.8,289.4059,23.16
3997,35.0,0.02,91.0,34.995,0.02,93.24,579218.8,289.6094,23.32
3998,35.0,0.02,92.0,34.995,0.02,94.27,578388.2,289.1941,23.03
3999,35.0,0.02,93.0,34.994,0.02,95.32,579616.6,289.8083,23.46
4000,35.0,0.02,94.0,34.995,0.02,96.36,578877.2,289.4386,23.17
4001,35.0,0.02,95.0,34.994,0.02,97.41,579497.4,289.7487,23.4
4002,35.0,0.02,97.0,34.994,0.02,99.46,579251.6,289.6258,23.31
4003,35.0,0.02,99.0,34.993,0.02,101.5,579104.2000000001,289.5521,23.29
4004,35.0,0.02,101.0,34.993,0.02,103.58,578986.6,289.4933,23.21
4005,35.0,0.02,103.0,34.992,0.02,105.62,579460.2,289.7301,23.43
4006,35.0,0.02,105.0,34.994,0.02,107.63,579002.4,289.5012,23.26
4007,35.0,0.02,110.0,34.993,0.02,112.68,579208.6,289.6043,23.35
4008,35.0,0.02,115.0,34.994,0.02,117.71,578674.4,289.3372,23.14
4009,35.0,0.02,120.0,34.993,0.02,122.67,579157.6,289.5788,23.33
4010,35.0,0.02,125.0,34.993,0.02,127.67,578962.6,289.4813,23.28
4011,35.0,0.02,130.0,34.992,0.02,132.63,578957.3999999999,289.4787,23.3
4012,35.0,0.02,135.0,34.994,0.02,137.61,579150.6,289.5753,23.35
4013,35.0,0.02,140.0,34.994,0.02,142.59,578626.4,289.3132,23.22
4014,35.0,0.02,145.0,34.995,0.02,147.57,578634.0,289.317,23.24
4015,35.0,0.02,150.0,34.994,0.02,152.55,578734.6,289.3673,23.28
4016,35.0,0.02,155.0,34.993,0.02,157.51,578488.0,289.244,23.17
4017,35.0,0.02,160.0,34.993,0.02,162.47,578918.6,289.4593,23.36
4018,35.0,0.02,165.0,34.995,0.02,167.39,578455.2,289.2276,23.18
4019,35.0,0.02,170.0,34.992,0.02,172.3,578546.4,289.2732,23.25
4020,35.0,0.02,175.0,34.994,0.02,177.17,578622.4,289.3112,23.26
4021,35.0,0.02,180.0,34.994,0.02,182.01,578631.4,289.3157,23.3
4034,35.0,0.03,0.0,34.99,0.03,-1.53,577472.4,288.7362,23.22
4035,35.0,0.03,5.0,34.988,0.03,3.6,577886.0,288.943,23.35
4036,35.0,0.03,10.0,34.971,0.03,8.74,577572.8,288.7864,23.19
4037,35.0,0.03,15.0,34.991,0.03,13.89,577619.2,288.8096,23.18
4038,35.0,0.03,20.0,34.994,0.03,19.06,577247.4,288.6237,23.04
4039,35.0,0.03,25.0,34.992,0.03,24.23,577129.0,288.5645,22.97
4040,35.0,0.03,30.0,34.994,0.03,29.39,578452.0,289.226,23.35
4041,35.0,0.03,35.0,34.994,0.03,34.54,578479.6,289.2398,23.37
4042,35.0,0.03,40.0,34.994,0.03,39.71,578298.6,289.1493,23.21
4043,35.0,0.03,45.0,34.993,0.03,44.85,578631.0,289.3155,23.29
4044,35.0,0.03,50.0,34.992,0.03,50.0,578279.6,289.1398,23.2
4045,35.0,0.03,55.0,34.995,0.03,55.12,578568.0,289.284,23.2
4046,35.0,0.03,60.0,34.994,0.03,60.29,579206.6,289.6033,23.39
4047,35.0,0.03,65.0,34.995,0.03,65.47,579200.7999999999,289.6004,23.38
4048,35.0,0.03,70.0,34.993,0.03,70.65,579355.0,289.6775,23.38
4049,35.0,0.03,75.0,34.994,0.03,75.84,579176.4,289.5882,23.3
4050,35.0,0.03,77.0,34.994,0.03,77.92,578648.6,289.3243,23.14
4051,35.0,0.03,79.0,34.993,0.03,80.03,579238.0,289.619,23.33
4052,35.0,0.03,81.0,34.993,0.03,82.1,578990.8,289.4954,23.21
4053,35.0,0.03,83.0,34.993,0.03,84.17,579121.4,289.5607,23.25
4054,35.0,0.03,85.0,34.995,0.03,86.29,579538.6000000001,289.7693,23.38
4055,35.0,0.03,86.0,34.993,0.03,87.33,579109.8,289.5549,23.27
4056,35.0,0.03,87.0,34.993,0.03,88.35,579360.8,289.6804,23.32
4057,35.0,0.03,88.0,34.993,0.03,89.37,579077.2,289.5386,23.25
4058,35.0,0.03,89.0,34.994,0.03,90.42,579191.4,289.5957,23.24
4059,35.0,0.03,90.0,34.994,0.03,91.47,579155.0,289.5775,23.27
4060,35.0,0.03,91.0,34.994,0.03,92.51,579037.7999999999,289.5189,23.22
4061,35.0,0.03,92.0,34.993,0.03,93.54,579450.2000000001,289.7251,23.35
4062,35.0,0.03,93.0,34.996,0.03,94.56,579707.2,289.8536,23.47
4063,35.0,0.03,94.0,34.994,0.03,95.6,579127.4,289.5637,23.23
4064,35.0,0.03,95.0,34.995,0.03,96.64,578974.2000000001,289.4871,23.19
4065,35.0,0.03,97.0,34.994,0.03,98.7,579370.7999999999,289.6854,23.35
4066,35.0,0.03,99.0,34.994,0.03,100.72,579485.2,289.7426,23.4
4067,35.0,0.03,101.0,34.993,0.03,102.79,579432.2,289.7161,23.39
4068,35.0,0.03,103.0,34.994,0.03,104.81,578929.4,289.4647,23.22
4069,35.0,0.03,105.0,34.994,0.03,106.83,579445.0,289.7225,23.37
4070,35.0,0.03,110.0,34.994,0.03,111.85,579420.0,289.71,23.35
4071,35.0,0.03,115.0,34.994,0.03,116.85,578964.6,289.4823,23.26
4072,35.0,0.03,120.0,34.994,0.03,121.82,578778.0,289.389,23.19
4073,35.0,0.03,125.0,34.993,0.03,126.77,579028.7999999999,289.5144,23.32
4074,35.0,0.03,130.0,34.992,0.03,131.71,578275.6,289.1378,23.08
4075,35.0,0.03,135.0,34.993,0.03,136.66,578973.4,289.4867,23.36
4076,35.0,0.03,140.0,34.996,0.03,141.62,578552.0,289.276,23.27
4077,35.0,0.03,145.0,34.994,0.03,146.61,578631.8,289.3159,23.3
4078,35.0,0.03,150.0,34.995,0.03,151.59,578522.0,289.261,23.26
4079,35.0,0.03,155.0,34.995,0.03,156.58,578028.0,289.014,23.14
4080,35.0,0.03,160.0,34.994,0.03,161.55,578380.4,289.1902,23.31
4081,35.0,0.03,165.0,34.994,0.03,166.54,578403.2000000001,289.2016,23.34
4082,35.0,0.03,170.0,34.994,0.03,171.51,578674.7999999999,289.3374,23.53
4083,35.0,0.03,175.0,34.992,0.03,176.44,577678.7999999999,288.8394,23.17
4084,35.0,0.03,180.0,34.993,0.03,181.39,577749.2000000001,288.8746,23.19
4097,35.0,0.05,0.0,34.989,0.05,-0.87,575401.6,287.7008,22.99
4098,35.0,0.05,5.0,34.971,0.05,4.21,576266.0,288.133,23.24
4099,35.0,0.05,10.0,34.972,0.05,9.3,576425.7999999999,288.2129,23.32
4100,35.0,0.05,15.0,34.993,0.05,14.41,576518.6,288.2593,23.26
4101,35.0,0.05,20.0,34.994,0.05,19.51,575334.2,287.6671,22.77
4102,35.0,0.05,25.0,34.995,0.05,24.59,576346.7999999999,288.1734,23.13
4103,35.0,0.05,30.0,34.993,0.05,29.68,576716.2000000001,288.3581,23.1
4104,35.0,0.05,35.0,34.994,0.05,34.76,577130.6,288.5653,23.2
4105,35.0,0.05,40.0,34.993,0.05,39.83,577211.8,288.6059,23.13
4106,35.0,0.05,45.0,34.991,0.05,44.89,577364.8,288.6824,23.13
4107,35.0,0.05,50.0,35.0,0.05,49.95,578774.0,289.387,23.52
4108,35.0,0.05,55.0,34.994,0.05,55.01,578595.0,289.2975,23.36
4109,35.0,0.05,60.0,34.993,0.05,60.1,578759.6,289.3798,23.31
4110,35.0,0.05,65.0,34.994,0.05,65.19,579437.4,289.7187,23.52
4111,35.0,0.05,70.0,34.995,0.05,70.31,578929.7999999999,289.4649,23.26
4112,35.0,0.05,75.0,34.993,0.05,75.45,578649.7999999999,289.3249,23.14
4113,35.0,0.05,77.0,34.996,0.05,77.5,579139.2,289.5696,23.24
4114,35.0,0.05,79.0,34.994,0.05,79.57,578952.6,289.4763,23.17
4115,35.0,0.05,81.0,34.995,0.05,81.64,579321.2000000001,289.6606,23.27
4116,35.0,0.05,83.0,34.994,0.05,83.68,579374.4,289.6872,23.32
4117,35.0,0.05,85.0,34.995,0.05,85.77,579472.4,289.7362,23.27
4118,35.0,0.05,86.0,34.994,0.05,86.8,579148.6,289.5743,23.24
4119,35.0,0.05,87.0,34.993,0.05,87.83,578330.2,289.1651,22.92
4120,35.0,0.05,88.0,34.993,0.05,88.84,579291.2000000001,289.6456,23.27
4121,35.0,0.05,89.0,34.994,0.05,89.88,579173.0,289.5865,23.19
4122,35.0,0.05,90.0,34.994,0.05,90.93,579374.6,289.6873,23.28
4123,35.0,0.05,91.0,34.995,0.05,91.95,579413.4,289.7067,23.27
4124,35.0,0.05,92.0,34.994,0.05,92.97,579484.0,289.742,23.29
4125,35.0,0.05,93.0,34.995,0.05,93.99,578762.7999999999,289.3814,23.05
4126,35.0,0.05,94.0,34.992,0.05,95.01,578614.4,289.3072,23.01
4127,35.0,0.05,95.0,34.995,0.05,96.05,579808.2000000001,289.9041,23.38
4128,35.0,0.05,97.0,34.993,0.05,98.1,578442.2,289.2211,22.97
4129,35.0,0.05,99.0,34.994,0.05,100.12,579708.0,289.854,23.39
4130,35.0,0.05,101.0,34.993,0.05,102.17,579809.8,289.9049,23.37
4131,35.0,0.05,103.0,34.993,0.05,104.18,578872.0,289.436,23.11
4132,35.0,0.05,105.0,34.993,0.05,106.18,579623.2,289.8116,23.35
4133,35.0,0.05,110.0,34.993,0.05,111.18,578653.0,289.3265,23.08
4134,35.0,0.05,115.0,34.994,0.05,116.14,578188.0,289.094,22.98
4135,35.0,0.05,120.0,34.994,0.05,121.08,577228.0,288.614,22.77
4136,35.0,0.05,125.0,34.994,0.05,126.02,577440.4,288.7202,22.93
4137,35.0,0.05,130.0,34.994,0.05,130.94,578526.6,289.2633,23.28
4138,35.0,0.05,135.0,34.995,0.05,135.88,576317.6000000001,288.1588,22.73
4139,35.0,0.05,140.0,34.995,0.05,140.84,576546.6000000001,288.2733,22.83
4140,35.0,0.05,145.0,34.994,0.05,145.8,574441.2000000001,287.2206,22.2
4141,35.0,0.05,150.0,34.993,0.05,150.79,577625.0,288.8125,23.33
4142,35.0,0.05,155.0,34.993,0.05,155.77,577576.0,288.788,23.39
4143,35.0,0.05,160.0,34.995,0.05,160.77,575742.6000000001,287.8713,22.79
4144,35.0,0.05,165.0,34.994,0.05,165.78,577307.0,288.6535,23.38
4145,35.0,0.05,170.0,34.994,0.05,170.78,577355.2,288.6776,23.49
4146,35.0,0.05,175.0,34.992,0.05,175.79,576655.6,288.3278,23.27
4147,35.0,0.05,180.0,34.992,0.05,180.79,576763.8,288.3819,23.3
4160,35.0,0.07,0.0,34.99,0.07,-0.6,573275.2000000001,286.6376,22.98
4161,35.0,0.07,5.0,34.989,0.07,4.45,573471.2000000001,286.7356,23.0
4162,35.0,0.07,10.0,34.971,0.07,9.52,573154.6,286.5773,22.92
4163,35.0,0.07,15.0,34.993,0.07,14.6,573170.4,286.5852,22.84
4164,35.0,0.07,20.0,34.991,0.07,19.68,573718.8,286.8594,22.89
4165,35.0,0.07,25.0,34.998,0.07,24.74,574903.2000000001,287.4516,23.19
4166,35.0,0.07,30.0,34.994,0.07,29.79,574981.0,287.4905,23.1
4167,35.0,0.07,35.0,34.994,0.07,34.84,575714.6,287.8573,23.23
4168,35.0,0.07,40.0,34.993,0.07,39.86,576172.4,288.0862,23.21
4169,35.0,0.07,45.0,34.993,0.07,44.89,576423.8,288.2119,23.14
4170,35.0,0.07,50.0,34.992,0.07,49.91,577008.2000000001,288.5041,23.22
4171,35.0,0.07,55.0,34.994,0.07,54.95,577427.6,288.7138,23.21
4172,35.0,0.07,60.0,34.993,0.07,60.01,577928.3999999999,288.9642,23.22
4173,35.0,0.07,65.0,34.994,0.07,65.07,577979.6,288.9898,23.07
4174,35.0,0.07,70.0,34.995,0.07,70.16,578895.4,289.4477,23.3
4175,35.0,0.07,75.0,34.993,0.07,75.27,578848.0,289.424,23.16
4176,35.0,0.07,77.0,34.995,0.07,77.31,579090.4,289.5452,23.24
4177,35.0,0.07,79.0,34.996,0.07,79.38,578988.8,289.4944,23.18
4178,35.0,0.07,81.0,34.994,0.07,81.44,579939.6,289.9698,23.46
4179,35.0,0.07,83.0,34.993,0.07,83.48,580035.0,290.0175,23.44
4180,35.0,0.07,85.0,34.994,0.07,85.55,579922.4,289.9612,23.39
4181,35.0,0.07,86.0,34.993,0.07,86.58,579639.6,289.8198,23.31
4182,35.0,0.07,87.0,34.994,0.07,87.6,579800.6,289.9003,23.35
4183,35.0,0.07,88.0,34.993,0.07,88.62,579705.8,289.8529,23.33
4184,35.0,0.07,89.0,34.995,0.07,89.65,579401.2,289.7006,23.25
4185,35.0,0.07,90.0,34.994,0.07,90.69,579555.4,289.7777,23.23
4186,35.0,0.07,91.0,34.995,0.07,91.71,579940.4,289.9702,23.39
4187,35.0,0.07,92.0,34.992,0.07,92.74,579678.3999999999,289.8392,23.32
4188,35.0,0.07,93.0,34.994,0.07,93.75,579304.0,289.652,23.15
4189,35.0,0.07,94.0,34.994,0.07,94.77,579362.7999999999,289.6814,23.21
4190,35.0,0.07,95.0,35.005,0.07,95.81,580255.4,290.1277,23.48
4191,35.0,0.07,97.0,34.992,0.07,97.85,579837.2000000001,289.9186,23.36
4192,35.0,0.07,99.0,34.995,0.07,99.85,579351.0,289.6755,23.18
4193,35.0,0.07,101.0,34.993,0.07,101.9,580178.6,290.0893,23.5
4194,35.0,0.07,103.0,34.993,0.07,103.91,579905.2,289.9526,23.41
4195,35.0,0.07,105.0,34.994,0.07,105.91,579646.4,289.8232,23.33
4196,35.0,0.07,110.0,34.996,0.07,110.89,580140.4,290.0702,23.6
4197,35.0,0.07,115.0,34.995,0.07,115.84,578755.0,289.3775,23.19
4198,35.0,0.07,120.0,34.993,0.07,120.78,579113.8,289.5569,23.41
4199,35.0,0.07,125.0,34.994,0.07,125.69,578168.2,289.0841,23.25
4200,35.0,0.07,130.0,34.993,0.07,130.61,578081.6,289.0408,23.36
4201,35.0,0.07,135.0,34.992,0.07,135.53,577282.3999999999,288.6412,23.24
4202,35.0,0.07,140.0,34.995,0.07,140.48,577148.4,288.5742,23.33
4203,35.0,0.07,145.0,34.995,0.07,145.44,576457.0,288.2285,23.25
4204,35.0,0.07,150.0,34.993,0.07,150.42,576169.4,288.0847,23.27
4205,35.0,0.07,155.0,34.993,0.07,155.41,575210.2,287.6051,23.08
4206,35.0,0.07,160.0,34.994,0.07,160.42,575000.0,287.5,23.13
4207,35.0,0.07,165.0,34.993,0.07,165.44,574162.2000000001,287.0811,22.92
4208,35.0,0.07,170.0,34.993,0.07,170.47,573888.6000000001,286.9443,22.92
4209,35.0,0.07,175.0,34.992,0.07,175.49,574225.0,287.1125,23.13
4210,35.0,0.07,180.0,34.992,0.07,180.53,573680.6,286.8403,22.99
4223,35.0,0.1,0.0,34.989,0.1,-0.4,567435.6,283.7178,22.53
4224,35.0,0.1,5.0,34.991,0.1,4.63,567810.6,283.9053,22.66
4225,35.0,0.1,10.0,34.992,0.1,9.69,568507.8,284.2539,22.79
4226,35.0,0.1,15.0,34.992,0.1,14.75,567759.6,283.8798,22.43
4227,35.0,0.1,20.0,34.993,0.1,19.8,568662.0,284.331,22.57
4228,35.0,0.1,25.0,34.992,0.1,24.83,569284.0,284.642,22.57
4229,35.0,0.1,30.0,34.993,0.1,29.87,569243.0,284.6215,22.42
4230,35.0,0.1,35.0,34.994,0.1,34.88,571212.7999999999,285.6064,22.7
4231,35.0,0.1,40.0,34.994,0.1,39.89,573748.8,286.8744,23.29
4232,35.0,0.1,45.0,34.993,0.1,44.88,572158.6,286.0793,22.53
4233,35.0,0.1,50.0,34.992,0.1,49.88,574096.6000000001,287.0483,22.97
4234,35.0,0.1,55.0,34.993,0.1,54.9,574611.8,287.3059,22.76
4235,35.0,0.1,60.0,34.993,0.1,59.93,576586.3999999999,288.2932,23.2
4236,35.0,0.1,65.0,34.994,0.1,64.97,576922.2,288.4611,23.06
4237,35.0,0.1,70.0,34.991,0.1,70.05,578432.0,289.216,23.33
4238,35.0,0.1,75.0,34.992,0.1,75.14,578447.8,289.2239,23.18
4239,35.0,0.1,77.0,34.992,0.1,77.17,578407.3999999999,289.2037,23.1
4240,35.0,0.1,79.0,34.993,0.1,79.24,578633.2000000001,289.3166,23.12
4241,35.0,0.1,81.0,34.995,0.1,81.28,579076.4,289.5382,23.21
4242,35.0,0.1,83.0,34.993,0.1,83.32,578450.2000000001,289.2251,23.0
4243,35.0,0.1,85.0,34.993,0.1,85.39,579028.0,289.514,23.12
4244,35.0,0.1,86.0,34.995,0.1,86.41,579194.4,289.5972,23.12
4245,35.0,0.1,87.0,34.992,0.1,87.43,579342.0,289.671,23.15
4246,35.0,0.1,88.0,34.994,0.1,88.44,579017.8,289.5089,23.07
4247,35.0,0.1,89.0,34.996,0.1,89.47,579876.4,289.9382,23.31
4248,35.0,0.1,90.0,34.993,0.1,90.51,579660.8,289.8304,23.25
4249,35.0,0.1,91.0,34.994,0.1,91.54,579897.8,289.9489,23.31
4250,35.0,0.1,92.0,34.993,0.1,92.55,579255.0,289.6275,23.11
4251,35.0,0.1,93.0,34.993,0.1,93.57,579454.6,289.7273,23.18
4252,35.0,0.1,94.0,34.993,0.1,94.58,579616.6,289.8083,23.26
4253,35.0,0.1,95.0,34.994,0.1,95.62,580054.0,290.027,23.37
4254,35.0,0.1,97.0,34.994,0.1,97.65,580306.4,290.1532,23.47
4255,35.0,0.1,99.0,34.993,0.1,99.66,579805.4,289.9027,23.33
4256,35.0,0.1,101.0,34.995,0.1,101.7,579521.2000000001,289.7606,23.27
4257,35.0,0.1,103.0,34.993,0.1,103.7,579612.2000000001,289.8061,23.31
4258,35.0,0.1,105.0,34.992,0.1,105.69,579643.4,289.8217,23.36
4259,35.0,0.1,110.0,34.993,0.1,110.66,578159.2,289.0796,23.0
4260,35.0,0.1,115.0,34.994,0.1,115.62,578947.4,289.4737,23.43
4261,35.0,0.1,120.0,34.993,0.1,120.54,578169.2,289.0846,23.45
4262,35.0,0.1,125.0,34.995,0.1,125.46,577521.6000000001,288.7608,23.4
4263,35.0,0.1,130.0,34.994,0.1,130.37,576080.0,288.04,23.21
4264,35.0,0.1,135.0,34.993,0.1,135.29,574996.6000000001,287.4983,23.14
4265,35.0,0.1,140.0,34.994,0.1,140.23,573993.2,286.9966,23.01
4266,35.0,0.1,145.0,34.992,0.1,145.19,572995.2000000001,286.4976,22.93
4267,35.0,0.1,150.0,34.993,0.1,150.19,571903.6,285.9518,22.83
4268,35.0,0.1,155.0,34.994,0.1,155.18,571520.7999999999,285.7604,22.95
4269,35.0,0.1,160.0,34.993,0.1,160.2,570085.6,285.0428,22.65
4270,35.0,0.1,165.0,34.993,0.1,165.22,570153.7999999999,285.0769,22.85
4271,35.0,0.1,170.0,34.992,0.1,170.26,569538.4,284.7692,22.84
4272,35.0,0.1,175.0,34.994,0.1,175.29,569022.4,284.5112,22.78
4273,35.0,0.1,180.0,34.995,0.1,180.36,568412.2000000001,284.2061,22.67
4286,35.0,0.15,0.0,34.999,0.15,-0.19,556669.8,278.3349,22.22
4287,35.0,0.15,5.0,34.983,0.15,4.85,557093.8,278.5469,22.1
4288,35.0,0.15,10.0,34.992,0.15,9.91,556017.4,278.0087,22.05
4289,35.0,0.15,15.0,34.985,0.15,14.95,557755.4,278.8777,22.01
4290,35.0,0.15,20.0,34.983,0.15,19.99,559344.6,279.6723,22.33
4291,35.0,0.15,25.0,34.987,0.15,25.02,560088.8,280.0444,22.25
4292,35.0,0.15,30.0,34.986,0.15,30.03,561249.0,280.6245,22.18
4293,35.0,0.15,35.0,34.986,0.15,35.03,563641.0,281.8205,22.54
4294,35.0,0.15,40.0,34.986,0.15,40.01,564734.4,282.3672,22.39
4295,35.0,0.15,45.0,34.985,0.15,44.99,566626.2,283.3131,22.5
4296,35.0,0.15,50.0,34.986,0.15,49.96,568490.8,284.2454,22.57
4297,35.0,0.15,55.0,34.982,0.15,54.94,570983.7999999999,285.4919,22.87
4298,35.0,0.15,60.0,34.983,0.15,59.95,572240.8,286.1204,22.75
4299,35.0,0.15,65.0,34.983,0.15,64.97,573873.0,286.9365,22.8
4300,35.0,0.15,70.0,34.983,0.15,70.02,576194.4,288.0972,23.11
4301,35.0,0.15,75.0,34.984,0.15,75.08,577058.4,288.5292,22.97
4302,35.0,0.15,77.0,34.983,0.15,77.11,577440.6,288.7203,22.99
4303,35.0,0.15,79.0,34.981,0.15,79.16,578278.0,289.139,23.21
4304,35.0,0.15,81.0,34.983,0.15,81.19,577399.6,288.6998,22.77
4305,35.0,0.15,83.0,34.98,0.15,83.22,579017.8,289.5089,23.22
4306,35.0,0.15,85.0,34.981,0.15,85.28,578790.4,289.3952,23.01
4307,35.0,0.15,86.0,34.981,0.15,86.3,579287.7999999999,289.6439,23.18
4308,35.0,0.15,87.0,34.98,0.15,87.31,579087.4,289.5437,23.07
4309,35.0,0.15,88.0,34.979,0.15,88.33,579697.8,289.8489,23.27
4310,35.0,0.15,89.0,34.981,0.15,89.34,579249.7999999999,289.6249,23.09
4311,35.0,0.15,90.0,34.98,0.15,90.38,579940.6,289.9703,23.33
4312,35.0,0.15,91.0,34.979,0.15,91.4,580103.2000000001,290.0516,23.37
4313,35.0,0.15,92.0,34.98,0.15,92.42,579756.8,289.8784,23.24
4314,35.0,0.15,93.0,34.98,0.15,93.43,579911.0,289.9555,23.29
4315,35.0,0.15,94.0,34.98,0.15,94.44,579456.2,289.7281,23.13
4316,35.0,0.15,95.0,34.979,0.15,95.46,579673.8,289.8369,23.22
4317,35.0,0.15,97.0,34.979,0.15,97.49,579871.6000000001,289.9358,23.3
4318,35.0,0.15,99.0,34.979,0.15,99.48,579775.0,289.8875,23.31
4319,35.0,0.15,101.0,34.979,0.15,101.51,579725.4,289.8627,23.31
4320,35.0,0.15,103.0,34.978,0.15,103.52,579639.2,289.8196,23.4
4321,35.0,0.15,105.0,34.979,0.15,105.5,579072.2,289.5361,23.28
4322,35.0,0.15,110.0,34.981,0.15,110.45,578171.7999999999,289.0859,23.24
4323,35.0,0.15,115.0,34.98,0.15,115.38,576168.8,288.0844,22.89
4324,35.0,0.15,120.0,34.979,0.15,120.31,574963.6000000001,287.4818,22.96
4325,35.0,0.15,125.0,34.977,0.15,125.22,573025.2000000001,286.5126,22.85
4326,35.0,0.15,130.0,34.98,0.15,130.13,571943.6,285.9718,22.99
4327,35.0,0.15,135.0,34.981,0.15,135.06,569822.8,284.9114,22.85
4328,35.0,0.15,140.0,34.978,0.15,139.99,567231.2,283.6156,22.49
4329,35.0,0.15,145.0,34.982,0.15,144.96,565071.0,282.5355,22.34
4330,35.0,0.15,150.0,34.981,0.15,149.95,564068.6,282.0343,22.54
4331,35.0,0.15,155.0,34.984,0.15,154.95,562479.6,281.2398,22.46
4332,35.0,0.15,160.0,34.991,0.15,159.96,560536.6,280.2683,22.29
4333,35.0,0.15,165.0,35.005,0.15,165.0,559756.2,279.8781,22.37
4334,35.0,0.15,170.0,34.987,0.15,170.04,558453.7999999999,279.2269,22.29
4335,35.0,0.15,175.0,34.981,0.15,175.09,557706.0,278.853,22.2
4336,35.0,0.15,180.0,34.986,0.15,180.18,556801.2,278.4006,22.17
4349,35.0,0.2,0.0,34.994,0.2,-0.1,540549.7999999999,270.2749,21.44
4350,35.0,0.2,5.0,34.99,0.2,4.92,541262.4,270.6312,21.35
4351,35.0,0.2,10.0,34.983,0.2,9.96,541827.0,270.9135,21.27
4352,35.0,0.2,15.0,34.987,0.2,15.0,542956.2,271.4781,21.43
4353,35.0,0.2,20.0,34.988,0.2,20.03,544098.4,272.0492,21.36
4354,35.0,0.2,25.0,34.987,0.2,25.05,546058.4,273.0292,21.41
4355,35.0,0.2,30.0,34.985,0.2,30.05,548298.2,274.1491,21.53
4356,35.0,0.2,35.0,34.985,0.2,35.04,550426.0,275.213,21.53
4357,35.0,0.2,40.0,34.983,0.2,40.02,553749.0,276.8745,21.79
4358,35.0,0.2,45.0,34.984,0.2,44.98,556208.0,278.104,21.77
4359,35.0,0.2,50.0,34.984,0.2,49.95,560090.8,280.0454,22.16
4360,35.0,0.2,55.0,34.981,0.2,54.93,562852.0,281.426,22.16
4361,35.0,0.2,60.0,34.981,0.2,59.91,566112.0,283.056,22.36
4362,35.0,0.2,65.0,34.982,0.2,64.93,569111.2,284.5556,22.53
4363,35.0,0.2,70.0,34.98,0.2,69.96,571843.8,285.9219,22.65
4364,35.0,0.2,75.0,34.981,0.2,75.02,574416.0,287.208,22.88
4365,35.0,0.2,77.0,34.98,0.2,77.04,575099.0,287.5495,22.86
4366,35.0,0.2,79.0,34.979,0.2,79.09,576005.8,288.0029,22.96
4367,35.0,0.2,81.0,34.98,0.2,81.13,576555.0,288.2775,23.0
4368,35.0,0.2,83.0,34.979,0.2,83.15,577316.2000000001,288.6581,23.06
4369,35.0,0.2,85.0,34.979,0.2,85.2,577258.7999999999,288.6294,22.94
4370,35.0,0.2,86.0,34.978,0.2,86.22,577900.7999999999,288.9504,23.07
4371,35.0,0.2,87.0,34.979,0.2,87.24,577835.6,288.9178,22.97
4372,35.0,0.2,88.0,34.978,0.2,88.25,578302.0,289.151,23.09
4373,35.0,0.2,89.0,34.978,0.2,89.27,578500.0,289.25,23.1
4374,35.0,0.2,90.0,34.977,0.2,90.3,577736.8,288.8684,22.81
4375,35.0,0.2,91.0,34.978,0.2,91.33,578966.2000000001,289.4831,23.22
4376,35.0,0.2,92.0,34.977,0.2,92.34,578518.4,289.2592,23.05
4377,35.0,0.2,93.0,34.977,0.2,93.35,578811.8,289.4059,23.11
4378,35.0,0.2,94.0,34.978,0.2,94.36,578247.0,289.1235,22.97
4379,35.0,0.2,95.0,34.978,0.2,95.38,578658.6,289.3293,23.13
4380,35.0,0.2,97.0,34.977,0.2,97.41,578625.2000000001,289.3126,23.13
4381,35.0,0.2,99.0,34.977,0.2,99.4,578374.0,289.187,23.13
4382,35.0,0.2,101.0,34.977,0.2,101.42,578206.6,289.1033,23.16
4383,35.0,0.2,103.0,34.978,0.2,103.44,578314.2,289.1571,23.33
4384,35.0,0.2,105.0,34.977,0.2,105.41,576770.2000000001,288.3851,22.91
4385,35.0,0.2,110.0,34.98,0.2,110.36,576198.0,288.099,23.29
4386,35.0,0.2,115.0,34.979,0.2,115.31,572772.8,286.3864,22.69
4387,35.0,0.2,120.0,34.978,0.2,120.22,570148.0,285.074,22.55
4388,35.0,0.2,125.0,34.978,0.2,125.14,568126.6,284.0633,22.75
4389,35.0,0.2,130.0,34.978,0.2,130.05,565735.8,282.8679,22.82
4390,35.0,0.2,135.0,34.979,0.2,134.97,561808.6,280.9043,22.36
4391,35.0,0.2,140.0,34.979,0.2,139.92,558349.7999999999,279.1749,22.15
4392,35.0,0.2,145.0,34.977,0.2,144.88,555203.7999999999,277.6019,21.95
4393,35.0,0.2,150.0,34.979,0.2,149.88,552019.8,276.0099,21.76
4394,35.0,0.2,155.0,34.979,0.2,154.88,550079.6,275.0398,21.85
4395,35.0,0.2,160.0,34.978,0.2,159.9,547440.8,273.7204,21.65
4396,35.0,0.2,165.0,34.982,0.2,164.93,545756.2,272.8781,21.73
4397,35.0,0.2,170.0,34.982,0.2,170.0,543765.2,271.8826,21.57
4398,35.0,0.2,175.0,34.98,0.2,175.05,542684.0,271.342,21.54
4399,35.0,0.2,180.0,34.981,0.2,180.15,541935.2,270.9676,21.55
4412,35.0,0.3,0.0,34.994,0.3,0.02,503638.0,251.819,19.78
4413,35.0,0.3,5.0,34.993,0.3,5.03,504246.20000000007,252.1231,19.62
4414,35.0,0.3,10.0,34.983,0.3,10.05,506501.0,253.2505,20.01
4415,35.0,0.3,15.0,34.99,0.3,15.08,507685.00000000006,253.8425,19.94
4416,35.0,0.3,20.0,34.982,0.3,20.1,509885.00000000006,254.9425,19.99
4417,35.0,0.3,25.0,34.986,0.3,25.11,512625.39999999997,256.3127,20.01
4418,35.0,0.3,30.0,34.986,0.3,30.1,515757.0,257.8785,19.95
4419,35.0,0.3,35.0,34.984,0.3,35.07,520296.20000000007,260.1481,20.21
4420,35.0,0.3,40.0,34.984,0.3,40.05,525056.6,262.5283,20.4
4421,35.0,0.3,45.0,34.985,0.3,45.0,529934.2,264.9671,20.4
4422,35.0,0.3,50.0,34.985,0.3,49.96,535640.0,267.82,20.65
4423,35.0,0.3,55.0,34.983,0.3,54.92,541499.2000000001,270.7496,20.79
4424,35.0,0.3,60.0,34.982,0.3,59.91,547680.6,273.8403,21.06
4425,35.0,0.3,65.0,34.981,0.3,64.91,552662.7999999999,276.3314,21.01
4426,35.0,0.3,70.0,34.981,0.3,69.93,559248.4,279.6242,21.52
4427,35.0,0.3,75.0,34.981,0.3,74.97,564543.4,282.2717,21.87
4428,35.0,0.3,77.0,34.98,0.3,77.0,565941.7999999999,282.9709,21.86
4429,35.0,0.3,79.0,34.978,0.3,79.04,567586.3999999999,283.7932,21.93
4430,35.0,0.3,81.0,34.979,0.3,81.07,569285.4,284.6427,22.06
4431,35.0,0.3,83.0,34.978,0.3,83.08,570294.6,285.1473,22.0
4432,35.0,0.3,85.0,34.979,0.3,85.14,571598.2,285.7991,22.19
4433,35.0,0.3,86.0,34.977,0.3,86.15,572230.6,286.1153,22.28
4434,35.0,0.3,87.0,34.98,0.3,87.17,572620.4,286.3102,22.28
4435,35.0,0.3,88.0,34.978,0.3,88.17,573008.7999999999,286.5044,22.31
4436,35.0,0.3,89.0,34.978,0.3,89.19,572206.6,286.1033,21.95
4437,35.0,0.3,90.0,34.978,0.3,90.23,573973.4,286.9867,22.5
4438,35.0,0.3,91.0,34.978,0.3,91.25,572911.6,286.4558,22.08
4439,35.0,0.3,92.0,34.977,0.3,92.26,574789.2,287.3946,22.67
4440,35.0,0.3,93.0,34.98,0.3,93.27,574146.0,287.073,22.43
4441,35.0,0.3,94.0,34.977,0.3,94.27,574236.3999999999,287.1182,22.44
4442,35.0,0.3,95.0,34.978,0.3,95.29,574018.4,287.0092,22.36
4443,35.0,0.3,97.0,34.977,0.3,97.31,574007.0,287.0035,22.48
4444,35.0,0.3,99.0,34.978,0.3,99.31,573850.0,286.925,22.57
4445,35.0,0.3,101.0,34.978,0.3,101.33,573004.0,286.502,22.51
4446,35.0,0.3,103.0,34.977,0.3,103.34,573907.6,286.9538,22.96
4447,35.0,0.3,105.0,34.974,0.3,105.31,569341.0,284.6705,21.88
4448,35.0,0.3,110.0,34.979,0.3,110.27,568272.8,284.1364,22.5
4449,35.0,0.3,115.0,34.977,0.3,115.22,563709.2,281.8546,22.21
4450,35.0,0.3,120.0,34.978,0.3,120.14,557532.0,278.766,21.78
4451,35.0,0.3,125.0,34.977,0.3,125.06,552890.0,276.445,21.83
4452,35.0,0.3,130.0,34.98,0.3,129.99,546488.2,273.2441,21.49
4453,35.0,0.3,135.0,34.979,0.3,134.91,540549.0,270.2745,21.34
4454,35.0,0.3,140.0,34.979,0.3,139.85,534878.7999999999,267.4394,21.15
4455,35.0,0.3,145.0,34.981,0.3,144.83,526911.3999999999,263.4557,20.29
4456,35.0,0.3,150.0,34.981,0.3,149.82,523477.4,261.7387,20.61
4457,35.0,0.3,155.0,34.982,0.3,154.83,518976.0,259.488,20.43
4458,35.0,0.3,160.0,34.984,0.3,159.86,515248.2,257.6241,20.43
4459,35.0,0.3,165.0,34.984,0.3,164.9,511647.8,255.8239,20.21
4460,35.0,0.3,170.0,34.981,0.3,169.97,508954.2,254.4771,20.16
4461,35.0,0.3,175.0,34.984,0.3,175.03,506218.0,253.109,19.91
4462,35.0,0.3,180.0,34.983,0.3,180.13,505513.8,252.7569,20.05
4475,35.0,0.5,0.0,34.995,0.5,0.1,434360.4,217.1802,18.24
4476,35.0,0.5,5.0,34.996,0.5,5.09,434093.0,217.0465,17.93
4477,35.0,0.5,10.0,34.981,0.5,10.1,435921.8,217.9609,18.12
4478,35.0,0.5,15.0,34.99,0.5,15.12,438190.80000000005,219.0954,18.33
4479,35.0,0.5,20.0,34.992,0.5,20.14,439307.2,219.6536,17.87
4480,35.0,0.5,25.0,34.988,0.5,25.14,443340.4,221.6702,18.02
4481,35.0,0.5,30.0,34.988,0.5,30.13,446366.2,223.1831,17.68
4482,35.0,0.5,35.0,34.988,0.5,35.1,452919.2,226.4596,17.97
4483,35.0,0.5,40.0,34.987,0.5,40.08,458257.6,229.1288,17.69
4484,35.0,0.5,45.0,34.987,0.5,45.02,465304.39999999997,232.6522,17.62
4485,35.0,0.5,50.0,34.986,0.5,49.97,475038.0,237.519,17.87
4486,35.0,0.5,55.0,34.985,0.5,54.93,485039.99999999994,242.52,17.98
4487,35.0,0.5,60.0,34.985,0.5,59.91,495899.2,247.9496,18.1
4488,35.0,0.5,65.0,34.983,0.5,64.91,507899.0,253.9495,18.33
4489,35.0,0.5,70.0,34.982,0.5,69.92,520534.0,260.267,18.76
4490,35.0,0.5,75.0,34.983,0.5,74.96,533079.7999999999,266.5399,19.36
4491,35.0,0.5,77.0,34.981,0.5,76.97,536741.0,268.3705,19.26
4492,35.0,0.5,79.0,34.98,0.5,79.01,541677.0,270.8385,19.64
4493,35.0,0.5,81.0,34.98,0.5,81.04,545291.4,272.6457,19.75
4494,35.0,0.5,83.0,34.978,0.5,83.05,549169.0,274.5845,19.99
4495,35.0,0.5,85.0,34.978,0.5,85.09,552638.2,276.3191,20.3
4496,35.0,0.5,86.0,34.979,0.5,86.11,553958.6,276.9793,20.36
4497,35.0,0.5,87.0,34.977,0.5,87.12,555814.4,277.9072,20.65
4498,35.0,0.5,88.0,34.977,0.5,88.13,555904.4,277.9522,20.46
4499,35.0,0.5,89.0,34.977,0.5,89.14,557482.8,278.7414,20.68
4500,35.0,0.5,90.0,34.978,0.5,90.17,558567.0,279.2835,20.81
4501,35.0,0.5,91.0,34.978,0.5,91.18,559744.0,279.872,21.01
4502,35.0,0.5,92.0,34.978,0.5,92.2,558770.0,279.385,20.59
4503,35.0,0.5,93.0,34.978,0.5,93.2,560728.2000000001,280.3641,21.14
4504,35.0,0.5,94.0,34.978,0.5,94.21,560706.0,280.353,21.1
4505,35.0,0.5,95.0,34.978,0.5,95.23,560753.3999999999,280.3767,21.12
4506,35.0,0.5,97.0,34.978,0.5,97.25,560152.8,280.0764,21.07
4507,35.0,0.5,99.0,34.978,0.5,99.23,558153.6,279.0768,20.82
4508,35.0,0.5,101.0,34.978,0.5,101.26,557792.2,278.8961,21.16
4509,35.0,0.5,103.0,34.979,0.5,103.26,555826.2,277.9131,21.18
4510,35.0,0.5,105.0,34.978,0.5,105.24,553108.2000000001,276.5541,21.03
4511,35.0,0.5,110.0,34.98,0.5,110.19,544348.2,272.1741,20.75
4512,35.0,0.5,115.0,34.981,0.5,115.14,533393.2,266.6966,20.44
4513,35.0,0.5,120.0,34.979,0.5,120.08,520937.2,260.4686,19.93
4514,35.0,0.5,125.0,34.98,0.5,125.0,508697.99999999994,254.349,19.65
4515,35.0,0.5,130.0,34.984,0.5,129.94,496500.60000000003,248.2503,19.27
4516,35.0,0.5,135.0,34.985,0.5,134.87,485682.0,242.841,19.14
4517,35.0,0.5,140.0,34.985,0.5,139.83,475505.6,237.7528,18.87
4518,35.0,0.5,145.0,34.99,0.5,144.8,467157.80000000005,233.5789,18.87
4519,35.0,0.5,150.0,34.987,0.5,149.8,459516.39999999997,229.7582,18.71
4520,35.0,0.5,155.0,34.984,0.5,154.83,452643.19999999995,226.3216,18.48
4521,35.0,0.5,160.0,34.988,0.5,159.85,447496.20000000007,223.7481,18.49
4522,35.0,0.5,165.0,34.988,0.5,164.91,443383.60000000003,221.6918,18.45
4523,35.0,0.5,170.0,34.987,0.5,169.97,440239.4,220.1197,18.53
4524,35.0,0.5,175.0,34.989,0.5,175.04,437369.6,218.6848,18.38
4525,35.0,0.5,180.0,34.989,0.5,180.13,436048.6,218.0243,18.51
4538,35.0,0.7,0.0,34.981,0.7,0.11,383314.0,191.657,17.71
4539,35.0,0.7,5.0,34.991,0.7,5.1,383186.2,191.5931,17.62
4540,35.0,0.7,10.0,34.992,0.7,10.11,384148.6,192.0743,17.62
4541,35.0,0.7,15.0,34.991,0.7,15.12,385067.8,192.5339,17.42
4542,35.0,0.7,20.0,34.99,0.7,20.12,386333.2,193.1666,17.14
4543,35.0,0.7,25.0,34.989,0.7,25.13,389310.80000000005,194.6554,17.13
4544,35.0,0.7,30.0,34.989,0.7,30.12,392533.0,196.2665,16.92
4545,35.0,0.7,35.0,34.99,0.7,35.09,397417.4,198.7087,16.86
4546,35.0,0.7,40.0,34.989,0.7,40.07,402820.8,201.4104,16.62
4547,35.0,0.7,45.0,34.989,0.7,45.03,410165.4,205.0827,16.54
4548,35.0,0.7,50.0,34.987,0.7,49.99,418700.8,209.3504,16.32
4549,35.0,0.7,55.0,34.989,0.7,54.96,429393.19999999995,214.6966,16.18
4550,35.0,0.7,60.0,34.987,0.7,59.94,443614.99999999994,221.8075,16.43
4551,35.0,0.7,65.0,34.987,0.7,64.93,458363.4,229.1817,16.4
4552,35.0,0.7,70.0,34.985,0.7,69.93,476301.19999999995,238.1506,16.71
4553,35.0,0.7,75.0,34.983,0.7,74.96,495474.79999999993,247.7374,17.24
4554,35.0,0.7,77.0,34.982,0.7,76.97,503134.8,251.5674,17.52
4555,35.0,0.7,79.0,34.982,0.7,79.0,510420.8,255.2104,17.74
4556,35.0,0.7,81.0,34.98,0.7,81.03,518051.8,259.0259,18.19
4557,35.0,0.7,83.0,34.98,0.7,83.03,524938.6000000001,262.4693,18.56
4558,35.0,0.7,85.0,34.979,0.7,85.07,530248.2,265.1241,18.65
4559,35.0,0.7,86.0,34.979,0.7,86.09,533398.0,266.699,18.97
4560,35.0,0.7,87.0,34.978,0.7,87.09,535203.7999999999,267.6019,18.92
4561,35.0,0.7,88.0,34.979,0.7,88.1,537212.0,268.606,18.99
4562,35.0,0.7,89.0,34.98,0.7,89.11,539361.8,269.6809,19.21
4563,35.0,0.7,90.0,34.978,0.7,90.14,541779.2000000001,270.8896,19.56
4564,35.0,0.7,91.0,34.978,0.7,91.15,542524.7999999999,271.2624,19.45
4565,35.0,0.7,92.0,34.978,0.7,92.16,543755.0,271.8775,19.63
4566,35.0,0.7,93.0,34.977,0.7,93.16,544469.6,272.2348,19.72
4567,35.0,0.7,94.0,34.977,0.7,94.17,544759.0,272.3795,19.77
4568,35.0,0.7,95.0,34.978,0.7,95.18,545197.4,272.5987,19.9
4569,35.0,0.7,97.0,34.978,0.7,97.19,543747.4,271.8737,19.8
4570,35.0,0.7,99.0,34.978,0.7,99.19,542893.6,271.4468,20.16
4571,35.0,0.7,101.0,34.979,0.7,101.21,538952.2,269.4761,19.89
4572,35.0,0.7,103.0,34.979,0.7,103.21,534391.6,267.1958,19.69
4573,35.0,0.7,105.0,34.978,0.7,105.19,529950.7999999999,264.9754,19.73
4574,35.0,0.7,110.0,34.981,0.7,110.14,513694.2,256.8471,19.14
4575,35.0,0.7,115.0,34.983,0.7,115.08,495539.6,247.7698,18.73
4576,35.0,0.7,120.0,34.981,0.7,120.03,476826.6,238.4133,18.24
4577,35.0,0.7,125.0,34.984,0.7,124.97,459206.6,229.6033,17.8
4578,35.0,0.7,130.0,34.987,0.7,129.91,444285.99999999994,222.143,17.63
4579,35.0,0.7,135.0,34.99,0.7,134.86,431414.00000000006,215.707,17.57
4580,35.0,0.7,140.0,34.99,0.7,139.83,420976.0,210.488,17.6
4581,35.0,0.7,145.0,34.99,0.7,144.81,411841.60000000003,205.9208,17.54
4582,35.0,0.7,150.0,34.989,0.7,149.82,405378.2,202.6891,17.8
4583,35.0,0.7,155.0,34.989,0.7,154.84,398954.8,199.4774,17.62
4584,35.0,0.7,160.0,34.99,0.7,159.88,394141.60000000003,197.0708,17.61
4585,35.0,0.7,165.0,34.99,0.7,164.92,390810.2,195.4051,17.82
4586,35.0,0.7,170.0,34.991,0.7,169.99,387351.60000000003,193.6758,17.69
4587,35.0,0.7,175.0,34.99,0.7,175.05,384781.2,192.3906,17.57
4588,35.0,0.7,180.0,34.992,0.7,180.12,382812.39999999997,191.4062,17.46
4601,35.0,1.0,0.0,35.0,1.0,0.12,332576.60000000003,166.2883,17.59
4602,35.0,1.0,5.0,34.987,1.0,5.09,332688.4,166.3442,17.55
4603,35.0,1.0,10.0,34.992,1.0,10.08,333330.8,166.6654,17.57
4604,35.0,1.0,15.0,34.992,1.0,15.08,333872.2,166.9361,17.4
4605,35.0,1.0,20.0,34.991,1.0,20.09,334860.80000000005,167.4304,17.24
4606,35.0,1.0,25.0,34.991,1.0,25.09,336167.2,168.0836,16.99
4607,35.0,1.0,30.0,34.992,1.0,30.09,338261.8,169.1309,16.76
4608,35.0,1.0,35.0,34.992,1.0,35.08,341563.8,170.7819,16.61
4609,35.0,1.0,40.0,34.992,1.0,40.07,345165.4,172.5827,16.22
4610,35.0,1.0,45.0,34.994,1.0,45.05,350438.2,175.2191,15.94
4611,35.0,1.0,50.0,34.993,1.0,50.02,357447.4,178.7237,15.62
4612,35.0,1.0,55.0,34.992,1.0,54.99,366236.8,183.1184,15.18
4613,35.0,1.0,60.0,34.989,1.0,59.98,378624.0,189.312,14.98
4614,35.0,1.0,65.0,34.99,1.0,64.97,394521.8,197.2609,14.81
4615,35.0,1.0,70.0,34.99,1.0,69.97,415800.20000000007,207.9001,14.98
4616,35.0,1.0,75.0,34.989,1.0,74.99,440123.80000000005,220.0619,15.05
4617,35.0,1.0,77.0,34.989,1.0,76.99,450859.8,225.4299,15.18
4618,35.0,1.0,79.0,34.986,1.0,79.02,463654.60000000003,231.8273,15.63
4619,35.0,1.0,81.0,34.986,1.0,81.02,475656.00000000006,237.828,15.98
4620,35.0,1.0,83.0,34.984,1.0,83.02,487431.00000000006,243.7155,16.44
4621,35.0,1.0,85.0,34.983,1.0,85.06,499221.4,249.6107,17.05
4622,35.0,1.0,86.0,34.983,1.0,86.06,503496.20000000007,251.7481,17.13
4623,35.0,1.0,87.0,34.981,1.0,87.07,507441.2,253.7206,17.21
4624,35.0,1.0,88.0,34.981,1.0,88.07,512185.99999999994,256.093,17.61
4625,35.0,1.0,89.0,34.979,1.0,89.07,515627.6,257.8138,17.78
4626,35.0,1.0,90.0,34.981,1.0,90.09,519635.2,259.8176,18.19
4627,35.0,1.0,91.0,34.979,1.0,91.1,521532.0,260.766,18.19
4628,35.0,1.0,92.0,34.979,1.0,92.11,523672.6,261.8363,18.42
4629,35.0,1.0,93.0,34.978,1.0,93.1,525075.4,262.5377,18.6
4630,35.0,1.0,94.0,34.98,1.0,94.1,525123.6,262.5618,18.59
4631,35.0,1.0,95.0,34.978,1.0,95.12,524329.4,262.1647,18.49
4632,35.0,1.0,97.0,34.979,1.0,97.12,523063.4,261.5317,18.83
4633,35.0,1.0,99.0,34.978,1.0,99.1,517886.80000000005,258.9434,18.69
4634,35.0,1.0,101.0,34.981,1.0,101.11,510149.2,255.0746,18.36
4635,35.0,1.0,103.0,34.979,1.0,103.11,501358.2,250.6791,18.17
4636,35.0,1.0,105.0,34.982,1.0,105.08,491083.60000000003,245.5418,17.86
4637,35.0,1.0,110.0,34.984,1.0,110.04,463875.20000000007,231.9376,17.3
4638,35.0,1.0,115.0,34.989,1.0,115.0,436846.60000000003,218.4233,16.83
4639,35.0,1.0,120.0,34.989,1.0,119.96,413280.6,206.6403,16.47
4640,35.0,1.0,125.0,34.991,1.0,124.92,394751.4,197.3757,16.5
4641,35.0,1.0,130.0,34.99,1.0,129.88,380474.0,190.237,16.63
4642,35.0,1.0,135.0,34.992,1.0,134.85,368526.4,184.2632,16.7
4643,35.0,1.0,140.0,34.992,1.0,139.83,359432.8,179.7164,16.86
4644,35.0,1.0,145.0,34.992,1.0,144.83,352370.2,176.1851,16.98
4645,35.0,1.0,150.0,34.992,1.0,149.86,348252.39999999997,174.1262,17.55
4646,35.0,1.0,155.0,34.992,1.0,154.89,343490.2,171.7451,17.46
4647,35.0,1.0,160.0,34.992,1.0,159.92,340842.2,170.4211,17.77
4648,35.0,1.0,165.0,34.992,1.0,164.95,337295.2,168.6476,17.46
4649,35.0,1.0,170.0,34.993,1.0,170.01,334605.0,167.3025,17.28
4650,35.0,1.0,175.0,34.993,1.0,175.03,333241.4,166.6207,17.35
4651,35.0,1.0,180.0,34.995,1.0,180.08,332894.2,166.4471,17.63
4664,35.0,1.5,0.0,34.993,1.5,0.11,281693.8,140.8469,17.58
4665,35.0,1.5,5.0,34.992,1.5,5.05,281868.0,140.934,17.62
4666,35.0,1.5,10.0,34.996,1.5,10.03,283027.6,141.5138,17.94
4667,35.0,1.5,15.0,34.993,1.5,15.01,282700.0,141.35,17.57
4668,35.0,1.5,20.0,34.994,1.5,20.0,282888.8,141.4444,17.34
4669,35.0,1.5,25.0,34.993,1.5,25.01,283684.4,141.8422,17.18
4670,35.0,1.5,30.0,34.993,1.5,30.02,284695.60000000003,142.3478,16.89
4671,35.0,1.5,35.0,34.992,1.5,35.03,285898.39999999997,142.9492,16.43
4672,35.0,1.5,40.0,34.995,1.5,40.06,288641.4,144.3207,16.16
4673,35.0,1.5,45.0,34.994,1.5,45.07,292010.80000000005,146.0054,15.73
4674,35.0,1.5,50.0,34.995,1.5,50.09,296914.19999999995,148.4571,15.34
4675,35.0,1.5,55.0,34.994,1.5,55.1,303476.8,151.7384,14.94
4676,35.0,1.5,60.0,34.993,1.5,60.11,311879.39999999997,155.9397,14.44
4677,35.0,1.5,65.0,34.995,1.5,65.11,323914.60000000003,161.9573,14.0
4678,35.0,1.5,70.0,34.991,1.5,70.1,341263.2,170.6316,13.63
4679,35.0,1.5,75.0,34.994,1.5,75.08,365683.6,182.8418,13.22
4680,35.0,1.5,77.0,34.992,1.5,77.07,379396.2,189.6981,13.33
4681,35.0,1.5,79.0,34.99,1.5,79.08,394811.6,197.4058,13.44
4682,35.0,1.5,81.0,34.987,1.5,81.07,412485.6,206.2428,13.74
4683,35.0,1.5,83.0,34.989,1.5,83.04,431747.8,215.8739,14.27
4684,35.0,1.5,85.0,34.986,1.5,85.04,451415.80000000005,225.7079,14.88
4685,35.0,1.5,86.0,34.986,1.5,86.03,460413.8,230.2069,15.15
4686,35.0,1.5,87.0,34.985,1.5,87.03,469098.2,234.5491,15.42
4687,35.0,1.5,88.0,34.985,1.5,88.01,477478.0,238.739,15.84
4688,35.0,1.5,89.0,34.983,1.5,89.01,485423.4,242.7117,16.35
4689,35.0,1.5,90.0,34.982,1.5,90.01,492370.2,246.1851,16.86
4690,35.0,1.5,91.0,34.983,1.5,91.01,496681.6,248.3408,17.05
4691,35.0,1.5,92.0,34.981,1.5,92.01,499670.0,249.835,17.23
4692,35.0,1.5,93.0,34.982,1.5,92.99,502168.6,251.0843,17.63
4693,35.0,1.5,94.0,34.98,1.5,93.98,502275.8,251.1379,17.83
4694,35.0,1.5,95.0,34.98,1.5,94.98,499619.6,249.8098,17.55
4695,35.0,1.5,97.0,34.981,1.5,96.97,491834.0,245.917,17.43
4696,35.0,1.5,99.0,34.983,1.5,98.94,478556.2,239.2781,16.97
4697,35.0,1.5,101.0,34.982,1.5,100.94,461568.0,230.784,16.37
4698,35.0,1.5,103.0,34.984,1.5,102.93,444371.4,222.1857,16.07
4699,35.0,1.5,105.0,34.987,1.5,104.9,426165.2,213.0826,15.54
4700,35.0,1.5,110.0,34.99,1.5,109.86,388298.8,194.1494,15.28
4701,35.0,1.5,115.0,34.993,1.5,114.84,358927.8,179.4639,15.22
4702,35.0,1.5,120.0,34.994,1.5,119.84,338909.6,169.4548,15.66
4703,35.0,1.5,125.0,34.996,1.5,124.85,323288.4,161.6442,15.79
4704,35.0,1.5,130.0,34.996,1.5,129.87,312617.6,156.3088,16.19
4705,35.0,1.5,135.0,34.996,1.5,134.9,304464.60000000003,152.2323,16.48
4706,35.0,1.5,140.0,34.996,1.5,139.95,297370.0,148.685,16.48
4707,35.0,1.5,145.0,34.997,1.5,145.0,293315.4,146.6577,16.89
4708,35.0,1.5,150.0,34.996,1.5,150.05,289141.60000000003,144.5708,16.86
4709,35.0,1.5,155.0,34.996,1.5,155.09,287967.0,143.9835,17.51
4710,35.0,1.5,160.0,34.995,1.5,160.12,286191.19999999995,143.0956,17.6
4711,35.0,1.5,165.0,34.99,1.5,165.12,284462.2,142.2311,17.63
4712,35.0,1.5,170.0,34.995,1.5,170.11,283604.39999999997,141.8022,17.68
4713,35.0,1.5,175.0,34.995,1.5,175.07,283098.39999999997,141.5492,17.81
4714,35.0,1.5,180.0,34.992,1.5,180.06,282370.8,141.1854,17.82
4727,35.0,2.0,0.0,34.991,2.0,0.12,250509.0,125.2545,17.79
4728,35.0,2.0,5.0,34.993,2.0,5.03,250911.2,125.4556,17.91
4729,35.0,2.0,10.0,34.997,2.0,9.97,250667.6,125.3338,17.77
4730,35.0,2.0,15.0,34.997,2.0,14.94,250696.59999999998,125.3483,17.67
4731,35.0,2.0,20.0,34.997,2.0,19.93,250705.40000000002,125.3527,17.49
4732,35.0,2.0,25.0,34.997,2.0,24.93,250711.2,125.3556,17.25
4733,35.0,2.0,30.0,34.993,2.0,29.96,250982.6,125.4913,16.79
4734,35.0,2.0,35.0,34.994,2.0,35.0,252315.4,126.1577,16.57
4735,35.0,2.0,40.0,34.993,2.0,40.04,254443.40000000002,127.2217,16.31
4736,35.0,2.0,45.0,34.994,2.0,45.07,257166.6,128.5833,15.89
4737,35.0,2.0,50.0,34.996,2.0,50.13,261396.99999999997,130.6985,15.6
4738,35.0,2.0,55.0,34.995,2.0,55.16,266301.0,133.1505,15.02
4739,35.0,2.0,60.0,34.995,2.0,60.19,273040.0,136.52,14.48
4740,35.0,2.0,65.0,34.996,2.0,65.2,281981.2,140.9906,13.86
4741,35.0,2.0,70.0,34.993,2.0,70.19,294950.0,147.475,13.26
4742,35.0,2.0,75.0,34.994,2.0,75.16,313699.0,156.8495,12.44
4743,35.0,2.0,77.0,34.991,2.0,77.14,325789.0,162.8945,12.32
4744,35.0,2.0,79.0,34.992,2.0,79.12,340597.60000000003,170.2988,12.27
4745,35.0,2.0,81.0,34.992,2.0,81.09,359749.2,179.8746,12.42
4746,35.0,2.0,83.0,34.991,2.0,83.04,381274.60000000003,190.6373,12.57
4747,35.0,2.0,85.0,34.99,2.0,85.03,408066.0,204.033,13.18
4748,35.0,2.0,86.0,34.989,2.0,86.02,422603.39999999997,211.3017,13.73
4749,35.0,2.0,87.0,34.988,2.0,87.0,436728.2,218.3641,14.28
4750,35.0,2.0,88.0,34.986,2.0,87.97,449624.2,224.8121,14.75
4751,35.0,2.0,89.0,34.983,2.0,88.95,460895.8,230.4479,15.19
4752,35.0,2.0,90.0,34.984,2.0,89.96,471345.8,235.6729,15.81
4753,35.0,2.0,91.0,34.983,2.0,90.94,479375.20000000007,239.6876,16.39
4754,35.0,2.0,92.0,34.984,2.0,91.93,483921.4,241.9607,16.71
4755,35.0,2.0,93.0,34.98,2.0,92.9,485070.2,242.5351,16.84
4756,35.0,2.0,94.0,34.983,2.0,93.88,482722.0,241.361,16.74
4757,35.0,2.0,95.0,34.982,2.0,94.87,478346.8,239.1734,16.69
4758,35.0,2.0,97.0,34.981,2.0,96.85,460363.60000000003,230.1818,15.94
4759,35.0,2.0,99.0,34.983,2.0,98.81,438651.4,219.3257,15.42
4760,35.0,2.0,101.0,34.984,2.0,100.8,413708.60000000003,206.8543,14.82
4761,35.0,2.0,103.0,34.988,2.0,102.8,390125.0,195.0625,14.43
4762,35.0,2.0,105.0,34.994,2.0,104.76,368356.2,184.1781,13.93
4763,35.0,2.0,110.0,34.993,2.0,109.73,331422.2,165.7111,14.16
4764,35.0,2.0,115.0,34.995,2.0,114.74,308859.4,154.4297,15.03
4765,35.0,2.0,120.0,34.996,2.0,119.78,292475.2,146.2376,15.38
4766,35.0,2.0,125.0,34.997,2.0,124.84,280413.4,140.2067,15.72
4767,35.0,2.0,130.0,34.997,2.0,129.91,271553.8,135.7769,15.97
4768,35.0,2.0,135.0,34.997,2.0,134.98,265761.2,132.8806,16.55
4769,35.0,2.0,140.0,34.999,2.0,140.06,259757.2,129.8786,16.38
4770,35.0,2.0,145.0,34.997,2.0,145.15,256038.4,128.0192,16.64
4771,35.0,2.0,150.0,34.996,2.0,150.21,254987.0,127.4935,17.28
4772,35.0,2.0,155.0,34.997,2.0,155.27,252926.6,126.4633,17.33
4773,35.0,2.0,160.0,34.997,2.0,160.28,251787.19999999998,125.8936,17.43
4774,35.0,2.0,165.0,34.998,2.0,165.27,251594.4,125.7972,17.71
4775,35.0,2.0,170.0,34.997,2.0,170.21,251946.8,125.9734,18.13
4776,35.0,2.0,175.0,34.997,2.0,175.12,251159.6,125.5798,17.94
4777,35.0,2.0,180.0,34.993,2.0,180.05,250711.4,125.3557,17.9
4790,35.0,3.0,0.0,34.991,3.0,0.1,212483.59999999998,106.2418,18.34
4791,35.0,3.0,5.0,34.993,3.0,4.99,212810.60000000003,106.4053,18.43
4792,35.0,3.0,10.0,34.993,3.0,9.93,212267.8,106.1339,18.19
4793,35.0,3.0,15.0,34.996,3.0,14.89,212216.80000000002,106.1084,18.25
4794,35.0,3.0,20.0,34.998,3.0,19.87,211700.0,105.85,17.96
4795,35.0,3.0,25.0,34.997,3.0,24.89,210999.80000000002,105.4999,17.38
4796,35.0,3.0,30.0,34.995,3.0,29.92,211575.8,105.7879,17.28
4797,35.0,3.0,35.0,34.996,3.0,34.98,212615.2,106.3076,17.15
4798,35.0,3.0,40.0,34.996,3.0,40.03,213680.6,106.8403,16.65
4799,35.0,3.0,45.0,34.995,3.0,45.08,215435.60000000003,107.7178,16.14
4800,35.0,3.0,50.0,34.996,3.0,50.13,218064.80000000002,109.0324,15.69
4801,35.0,3.0,55.0,34.995,3.0,55.18,221857.4,110.9287,15.22
4802,35.0,3.0,60.0,34.995,3.0,60.22,226786.6,113.3933,14.72
4803,35.0,3.0,65.0,34.996,3.0,65.24,232330.8,116.1654,13.81
4804,35.0,3.0,70.0,34.995,3.0,70.24,241635.19999999998,120.8176,13.25
4805,35.0,3.0,75.0,34.996,3.0,75.19,253616.19999999998,126.8081,12.18
4806,35.0,3.0,77.0,34.995,3.0,77.15,261397.2,130.6986,11.87
4807,35.0,3.0,79.0,34.993,3.0,79.13,271619.0,135.8095,11.54
4808,35.0,3.0,81.0,34.993,3.0,81.09,285389.0,142.6945,11.18
4809,35.0,3.0,83.0,34.992,3.0,83.03,306005.0,153.0025,11.04
4810,35.0,3.0,85.0,34.991,3.0,84.98,336113.4,168.0567,11.26
4811,35.0,3.0,86.0,34.989,3.0,85.97,355620.4,177.8102,11.64
4812,35.0,3.0,87.0,34.99,3.0,86.94,375738.4,187.8692,11.94
4813,35.0,3.0,88.0,34.988,3.0,87.9,399038.4,199.5192,12.75
4814,35.0,3.0,89.0,34.987,3.0,88.87,421234.6,210.6173,13.64
4815,35.0,3.0,90.0,34.984,3.0,89.85,440658.0,220.329,14.47
4816,35.0,3.0,91.0,34.984,3.0,90.83,455147.8,227.5739,15.36
4817,35.0,3.0,92.0,34.984,3.0,91.8,461045.60000000003,230.5228,15.69
4818,35.0,3.0,93.0,34.982,3.0,92.77,460125.20000000007,230.0626,15.78
4819,35.0,3.0,94.0,34.98,3.0,93.75,452389.4,226.1947,15.58
4820,35.0,3.0,95.0,34.983,3.0,94.73,438017.8,219.0089,15.01
4821,35.0,3.0,97.0,34.985,3.0,96.7,399235.2,199.6176,13.61
4822,35.0,3.0,99.0,34.986,3.0,98.65,364059.2,182.0296,13.26
4823,35.0,3.0,101.0,34.989,3.0,100.65,332646.4,166.3232,12.93
4824,35.0,3.0,103.0,34.995,3.0,102.64,309984.6,154.9923,13.02
4825,35.0,3.0,105.0,34.993,3.0,104.61,293001.0,146.5005,13.24
4826,35.0,3.0,110.0,34.996,3.0,109.62,264858.0,132.429,13.82
4827,35.0,3.0,115.0,34.997,3.0,114.65,248516.80000000002,124.2584,14.45
4828,35.0,3.0,120.0,34.998,3.0,119.72,237146.4,118.5732,15.03
4829,35.0,3.0,125.0,34.997,3.0,124.8,228529.8,114.2649,15.4
4830,35.0,3.0,130.0,34.997,3.0,129.91,223270.40000000002,111.6352,16.14
4831,35.0,3.0,135.0,34.998,3.0,135.0,218285.4,109.1427,16.19
4832,35.0,3.0,140.0,34.999,3.0,140.11,215915.6,107.9578,17.06
4833,35.0,3.0,145.0,34.999,3.0,145.21,212218.6,106.1093,16.48
4834,35.0,3.0,150.0,35.0,3.0,150.29,211554.4,105.7772,17.13
4835,35.0,3.0,155.0,34.996,3.0,155.35,211810.0,105.905,17.93
4836,35.0,3.0,160.0,34.999,3.0,160.38,211627.8,105.8139,17.98
4837,35.0,3.0,165.0,34.997,3.0,165.35,212233.80000000002,106.1169,18.58
4838,35.0,3.0,170.0,34.999,3.0,170.27,212040.8,106.0204,18.31
4839,35.0,3.0,175.0,34.999,3.0,175.15,211536.6,105.7683,17.79
4840,35.0,3.0,180.0,34.997,3.0,180.03,212516.19999999998,106.2581,18.21
4853,35.0,5.0,0.0,34.988,5.0,0.07,169720.4,84.8602,18.53
4854,35.0,5.0,5.0,34.994,5.0,4.96,169669.59999999998,84.8348,18.35
4855,35.0,5.0,10.0,34.998,5.0,9.9,169436.8,84.7184,18.31
4856,35.0,5.0,15.0,34.996,5.0,14.88,169076.4,84.5382,18.29
4857,35.0,5.0,20.0,34.997,5.0,19.88,168856.8,84.4284,18.17
4858,35.0,5.0,25.0,34.997,5.0,24.91,169078.0,84.539,18.13
4859,35.0,5.0,30.0,34.996,5.0,29.94,169079.8,84.5399,17.62
4860,35.0,5.0,35.0,34.995,5.0,34.98,170026.19999999998,85.0131,17.45
4861,35.0,5.0,40.0,34.995,5.0,40.03,171374.80000000002,85.6874,17.22
4862,35.0,5.0,45.0,34.994,5.0,45.07,172936.4,86.4682,16.77
4863,35.0,5.0,50.0,34.995,5.0,50.1,174945.80000000002,87.4729,16.3
4864,35.0,5.0,55.0,34.996,5.0,55.13,177749.6,88.8748,15.93
4865,35.0,5.0,60.0,34.998,5.0,60.16,180791.0,90.3955,15.3
4866,35.0,5.0,65.0,34.996,5.0,65.16,184081.6,92.0408,14.44
4867,35.0,5.0,70.0,34.995,5.0,70.14,188765.8,94.3829,13.58
4868,35.0,5.0,75.0,34.997,5.0,75.1,194749.80000000002,97.3749,12.23
4869,35.0,5.0,77.0,34.997,5.0,77.05,198315.4,99.1577,11.71
4870,35.0,5.0,79.0,34.995,5.0,79.02,204300.19999999998,102.1501,11.32
4871,35.0,5.0,81.0,34.992,5.0,80.98,211607.4,105.8037,10.69
4872,35.0,5.0,83.0,34.992,5.0,82.91,224175.8,112.0879,10.27
4873,35.0,5.0,85.0,34.994,5.0,84.86,245018.6,122.5093,9.84
4874,35.0,5.0,86.0,34.993,5.0,85.83,262160.80000000005,131.0804,9.84
4875,35.0,5.0,87.0,34.99,5.0,86.8,285404.2,142.7021,9.99
4876,35.0,5.0,88.0,34.99,5.0,87.74,315553.0,157.7765,10.41
4877,35.0,5.0,89.0,34.988,5.0,88.71,353563.6,176.7818,11.3
4878,35.0,5.0,90.0,34.986,5.0,89.67,393129.0,196.5645,12.6
4879,35.0,5.0,91.0,34.984,5.0,90.65,424775.20000000007,212.3876,14.08
4880,35.0,5.0,92.0,34.982,5.0,91.61,436978.79999999993,218.4894,14.89
4881,35.0,5.0,93.0,34.983,5.0,92.58,423658.39999999997,211.8292,14.28
4882,35.0,5.0,94.0,34.984,5.0,93.55,394995.60000000003,197.4978,13.13
4883,35.0,5.0,95.0,34.984,5.0,94.53,360810.60000000003,180.4053,12.26
4884,35.0,5.0,97.0,34.987,5.0,96.49,302541.4,151.2707,11.52
4885,35.0,5.0,99.0,34.989,5.0,98.47,264352.6,132.1763,11.43
4886,35.0,5.0,101.0,34.995,5.0,100.45,242086.4,121.0432,11.88
4887,35.0,5.0,103.0,34.995,5.0,102.47,226248.2,113.1241,12.11
4888,35.0,5.0,105.0,34.993,5.0,104.46,216020.40000000002,108.0102,12.67
4889,35.0,5.0,110.0,34.997,5.0,109.47,199128.6,99.5643,13.42
4890,35.0,5.0,115.0,34.998,5.0,114.53,189533.2,94.7666,14.33
4891,35.0,5.0,120.0,34.997,5.0,119.62,183784.4,91.8922,15.52
4892,35.0,5.0,125.0,34.998,5.0,124.72,179364.8,89.6824,16.43
4893,35.0,5.0,130.0,34.999,5.0,129.83,174617.0,87.3085,16.29
4894,35.0,5.0,135.0,34.999,5.0,134.94,172205.6,86.1028,16.98
4895,35.0,5.0,140.0,34.999,5.0,140.04,169578.8,84.7894,17.08
4896,35.0,5.0,145.0,34.998,5.0,145.15,167553.19999999998,83.7766,17.09
4897,35.0,5.0,150.0,34.997,5.0,150.23,166925.19999999998,83.4626,17.52
4898,35.0,5.0,155.0,34.997,5.0,155.29,166486.4,83.2432,17.64
4899,35.0,5.0,160.0,34.998,5.0,160.34,164707.8,82.3539,16.6
4900,35.0,5.0,165.0,35.0,5.0,165.34,168094.59999999998,84.0473,18.66
4901,35.0,5.0,170.0,34.999,5.0,170.26,169514.4,84.7572,19.28
4902,35.0,5.0,175.0,35.0,5.0,175.12,168533.2,84.2666,17.81
4903,35.0,5.0,180.0,34.998,5.0,179.97,169726.8,84.8634,18.24
4916,35.0,7.0,0.0,34.988,7.0,0.03,141587.4,70.7937,18.28
4917,35.0,7.0,5.0,34.997,7.0,4.93,141830.40000000002,70.9152,18.26
4918,35.0,7.0,10.0,34.996,7.0,9.89,141444.80000000002,70.7224,18.1
4919,35.0,7.0,15.0,34.998,7.0,14.89,140721.0,70.3605,17.7
4920,35.0,7.0,20.0,34.996,7.0,19.9,141008.6,70.5043,17.84
4921,35.0,7.0,25.0,34.996,7.0,24.93,141446.2,70.7231,17.74
4922,35.0,7.0,30.0,34.996,7.0,29.97,142398.80000000002,71.1994,17.7
4923,35.0,7.0,35.0,34.997,7.0,35.0,143506.4,71.7532,17.42
4924,35.0,7.0,40.0,34.997,7.0,40.03,145070.80000000002,72.5354,17.15
4925,35.0,7.0,45.0,34.996,7.0,45.05,147532.0,73.766,17.18
4926,35.0,7.0,50.0,34.998,7.0,50.06,150040.8,75.0204,16.97
4927,35.0,7.0,55.0,34.996,7.0,55.06,152311.4,76.1557,16.2
4928,35.0,7.0,60.0,34.997,7.0,60.07,154868.4,77.4342,15.52
4929,35.0,7.0,65.0,34.996,7.0,65.05,157725.80000000002,78.8629,14.75
4930,35.0,7.0,70.0,34.996,7.0,70.01,161521.80000000002,80.7609,14.06
4931,35.0,7.0,75.0,34.998,7.0,74.95,164584.2,82.2921,12.58
4932,35.0,7.0,77.0,34.992,7.0,76.91,166742.6,83.3713,12.02
4933,35.0,7.0,79.0,34.995,7.0,78.88,169108.6,84.5543,11.26
4934,35.0,7.0,81.0,34.995,7.0,80.84,173230.19999999998,86.6151,10.53
4935,35.0,7.0,83.0,34.994,7.0,82.78,181976.6,90.9883,10.02
4936,35.0,7.0,85.0,34.994,7.0,84.71,196582.4,98.2912,9.4
4937,35.0,7.0,86.0,34.992,7.0,85.69,209065.0,104.5325,9.19
4938,35.0,7.0,87.0,34.992,7.0,86.64,227690.0,113.845,9.17
4939,35.0,7.0,88.0,34.99,7.0,87.58,254361.0,127.1805,9.33
4940,35.0,7.0,89.0,34.989,7.0,88.54,292485.39999999997,146.2427,9.69
4941,35.0,7.0,90.0,34.988,7.0,89.49,346547.60000000003,173.2738,10.99
4942,35.0,7.0,91.0,34.984,7.0,90.46,399776.0,199.888,12.93
4943,35.0,7.0,92.0,34.98,7.0,91.43,420405.6,210.2028,14.06
4944,35.0,7.0,93.0,34.982,7.0,92.38,399912.2,199.9561,13.77
4945,35.0,7.0,94.0,34.981,7.0,93.35,347287.8,173.6439,11.52
4946,35.0,7.0,95.0,34.984,7.0,94.35,302763.8,151.3819,10.86
4947,35.0,7.0,97.0,34.986,7.0,96.33,241575.8,120.7879,10.24
4948,35.0,7.0,99.0,34.994,7.0,98.31,211696.59999999998,105.8483,10.71
4949,35.0,7.0,101.0,34.993,7.0,100.31,194304.6,97.1523,11.19
4950,35.0,7.0,103.0,34.993,7.0,102.33,185238.4,92.6192,12.23
4951,35.0,7.0,105.0,34.996,7.0,104.33,176672.4,88.3362,12.38
4952,35.0,7.0,110.0,34.998,7.0,109.35,165804.8,82.9024,13.68
4953,35.0,7.0,115.0,34.997,7.0,114.43,159110.2,79.5551,14.63
4954,35.0,7.0,120.0,34.998,7.0,119.52,154380.8,77.1904,15.52
4955,35.0,7.0,125.0,34.998,7.0,124.62,150887.4,75.4437,16.43
4956,35.0,7.0,130.0,34.998,7.0,129.72,146950.0,73.475,16.42
4957,35.0,7.0,135.0,34.998,7.0,134.82,144618.2,72.3091,17.17
4958,35.0,7.0,140.0,34.998,7.0,139.91,142135.0,71.0675,17.03
4959,35.0,7.0,145.0,34.998,7.0,145.0,141273.80000000002,70.6369,18.12
4960,35.0,7.0,150.0,34.999,7.0,150.09,138563.2,69.2816,16.86
4961,35.0,7.0,155.0,34.998,7.0,155.17,137559.6,68.7798,16.9
4962,35.0,7.0,160.0,34.999,7.0,160.22,137220.4,68.6102,16.75
4963,35.0,7.0,165.0,34.998,7.0,165.24,139074.19999999998,69.5371,17.84
4964,35.0,7.0,170.0,34.999,7.0,170.2,140959.8,70.4799,18.8
4965,35.0,7.0,175.0,34.999,7.0,175.05,140402.19999999998,70.2011,17.68
4966,35.0,7.0,180.0,34.998,7.0,179.9,141974.6,70.9873,18.29
4979,35.0,8.0,0.0,34.999,8.0,0.05,129727.4,64.8637,17.93
4980,35.0,8.0,5.0,35.001,8.0,4.97,129353.8,64.6769,17.36
4981,35.0,8.0,10.0,34.997,8.0,9.95,129325.6,64.6628,17.52
4982,35.0,8.0,15.0,34.999,8.0,14.95,128680.2,64.3401,17.15
4983,35.0,8.0,20.0,35.0,8.0,19.98,129518.59999999999,64.7593,17.64
4984,35.0,8.0,25.0,35.0,8.0,25.01,129818.2,64.9091,17.33
4985,35.0,8.0,30.0,34.999,8.0,30.04,131007.19999999998,65.5036,17.28
4986,35.0,8.0,35.0,35.0,8.0,35.06,132279.8,66.1399,17.01
4987,35.0,8.0,40.0,34.999,8.0,40.09,134712.0,67.356,17.2
4988,35.0,8.0,45.0,34.996,8.0,45.11,137056.0,68.528,17.02
4989,35.0,8.0,50.0,34.998,8.0,50.1,139604.19999999998,69.8021,16.68
4990,35.0,8.0,55.0,34.998,8.0,55.1,142468.2,71.2341,16.37
4991,35.0,8.0,60.0,34.998,8.0,60.09,145586.2,72.7931,15.9
4992,35.0,8.0,65.0,34.997,8.0,65.06,148498.4,74.2492,15.08
4993,35.0,8.0,70.0,34.994,8.0,70.02,151041.8,75.5209,13.97
4994,35.0,8.0,75.0,34.997,8.0,74.93,154322.0,77.161,12.83
4995,35.0,8.0,77.0,34.996,8.0,76.89,155700.80000000002,77.8504,12.15
4996,35.0,8.0,79.0,34.997,8.0,78.86,157865.8,78.9329,11.47
4997,35.0,8.0,81.0,34.996,8.0,80.82,160675.4,80.3377,10.57
4998,35.0,8.0,83.0,34.996,8.0,82.75,167365.0,83.6825,9.9
4999,35.0,8.0,85.0,34.995,8.0,84.69,181151.0,90.5755,9.39
5000,35.0,8.0,86.0,34.995,8.0,85.67,192509.2,96.2546,9.15
5001,35.0,8.0,87.0,34.989,8.0,86.62,209359.4,104.6797,9.05
5002,35.0,8.0,88.0,34.991,8.0,87.57,233150.19999999998,116.5751,9.03
5003,35.0,8.0,89.0,34.99,8.0,88.51,270267.6,135.1338,9.31
5004,35.0,8.0,90.0,34.989,8.0,89.47,325693.19999999995,162.8466,10.34
5005,35.0,8.0,91.0,34.984,8.0,90.42,387809.2,193.9046,12.34
5006,35.0,8.0,92.0,34.98,8.0,91.39,414641.0,207.3205,13.84
5007,35.0,8.0,93.0,34.981,8.0,92.34,382956.80000000005,191.4784,12.69
5008,35.0,8.0,94.0,34.98,8.0,93.32,328582.8,164.2914,11.34
5009,35.0,8.0,95.0,34.984,8.0,94.32,280251.0,140.1255,10.54
5010,35.0,8.0,97.0,34.985,8.0,96.3,219587.19999999998,109.7936,9.87
5011,35.0,8.0,99.0,34.99,8.0,98.27,193766.2,96.8831,10.58
5012,35.0,8.0,101.0,34.997,8.0,100.29,177181.6,88.5908,10.89
5013,35.0,8.0,103.0,34.996,8.0,102.32,169707.4,84.8537,11.94
5014,35.0,8.0,105.0,34.995,8.0,104.33,163049.4,81.5247,12.37
5015,35.0,8.0,110.0,34.994,8.0,109.34,153970.4,76.9852,13.72
5016,35.0,8.0,115.0,34.999,8.0,114.42,148222.6,74.1113,14.79
5017,35.0,8.0,120.0,34.998,8.0,119.5,143398.4,71.6992,15.4
5018,35.0,8.0,125.0,34.997,8.0,124.6,139659.6,69.8298,16.09
5019,35.0,8.0,130.0,34.997,8.0,129.69,136655.6,68.3278,16.67
5020,35.0,8.0,135.0,34.999,8.0,134.79,133798.6,66.8993,17.11
5021,35.0,8.0,140.0,34.998,8.0,139.88,130773.4,65.3867,16.66
5022,35.0,8.0,145.0,34.998,8.0,144.96,129643.59999999999,64.8218,17.51
5023,35.0,8.0,150.0,35.0,8.0,150.05,127954.2,63.9771,17.22
5024,35.0,8.0,155.0,34.997,8.0,155.12,127197.8,63.5989,17.52
5025,35.0,8.0,160.0,35.0,8.0,160.19,126344.8,63.1724,16.97
5026,35.0,8.0,165.0,34.999,8.0,165.22,126206.19999999998,63.1031,16.59
5027,35.0,8.0,170.0,35.001,8.0,170.19,127465.4,63.7327,17.12
5028,35.0,8.0,175.0,35.001,8.0,175.06,129399.8,64.6999,17.94
5029,35.0,8.0,180.0,34.998,8.0,179.91,128609.20000000001,64.3046,16.77
5105,40.0,0.01,0.0,39.976,0.01,-4.24,488742.0,244.371,21.97
5106,40.0,0.01,5.0,39.977,0.01,1.07,489341.39999999997,244.6707,22.16
5107,40.0,0.01,10.0,39.97,0.01,6.46,489115.4,244.5577,22.08
5108,40.0,0.01,15.0,39.978,0.01,11.98,489347.8,244.6739,22.19
5109,40.0,0.01,20.0,39.978,0.01,17.51,489247.19999999995,244.6236,22.11
5110,40.0,0.01,25.0,39.975,0.01,23.02,489348.6,244.6743,22.18
5111,40.0,0.01,30.0,39.975,0.01,28.6,489372.6,244.6863,22.14
5112,40.0,0.01,35.0,39.975,0.01,34.23,489072.6,244.5363,22.04
5113,40.0,0.01,40.0,39.976,0.01,39.82,489653.6,244.8268,22.25
5114,40.0,0.01,45.0,39.976,0.01,45.42,489928.6,244.9643,22.36
5115,40.0,0.01,50.0,39.976,0.01,50.98,489159.8,244.5799,22.04
5116,40.0,0.01,55.0,39.975,0.01,56.53,489778.6,244.8893,22.23
5117,40.0,0.01,60.0,39.977,0.01,62.07,489837.2,244.9186,22.23
5118,40.0,0.01,65.0,39.977,0.01,67.61,489695.60000000003,244.8478,22.18
5119,40.0,0.01,70.0,39.975,0.01,73.09,489472.6,244.7363,22.12
5120,40.0,0.01,75.0,39.976,0.01,78.49,489275.8,244.6379,22.04
5121,40.0,0.01,77.0,39.975,0.01,80.64,489332.80000000005,244.6664,22.06
5122,40.0,0.01,79.0,39.975,0.01,82.81,489780.6,244.8903,22.22
5123,40.0,0.01,81.0,39.976,0.01,84.98,489206.4,244.6032,21.99
5124,40.0,0.01,83.0,39.976,0.01,87.13,489971.4,244.9857,22.29
5125,40.0,0.01,85.0,39.975,0.01,89.28,490001.0,245.0005,22.35
5126,40.0,0.01,86.0,39.976,0.01,90.36,488995.39999999997,244.4977,21.96
5127,40.0,0.01,87.0,39.977,0.01,91.4,489550.20000000007,244.7751,22.11
5128,40.0,0.01,88.0,39.976,0.01,92.48,489312.60000000003,244.6563,22.04
5129,40.0,0.01,89.0,39.974,0.01,93.52,489577.80000000005,244.7889,22.14
5130,40.0,0.01,90.0,39.976,0.01,94.6,489215.2,244.6076,22.02
5131,40.0,0.01,91.0,39.975,0.01,95.66,489437.60000000003,244.7188,22.08
5132,40.0,0.01,92.0,39.976,0.01,96.71,489028.0,244.514,21.96
5133,40.0,0.01,93.0,39.976,0.01,97.77,489453.0,244.7265,22.1
5134,40.0,0.01,94.0,39.977,0.01,98.8,489754.0,244.877,22.21
5135,40.0,0.01,95.0,39.974,0.01,99.87,489529.8,244.7649,22.12
5136,40.0,0.01,97.0,39.975,0.01,101.96,489555.4,244.7777,22.15
5137,40.0,0.01,99.0,39.976,0.01,104.01,489328.39999999997,244.6642,22.07
5138,40.0,0.01,101.0,39.976,0.01,106.09,489767.60000000003,244.8838,22.19
5139,40.0,0.01,103.0,39.976,0.01,108.19,489649.60000000003,244.8248,22.16
5140,40.0,0.01,105.0,39.976,0.01,110.18,489497.6,244.7488,22.09
5141,40.0,0.01,110.0,39.977,0.01,115.26,489505.4,244.7527,22.12
5142,40.0,0.01,115.0,39.974,0.01,120.31,489679.0,244.8395,22.19
5143,40.0,0.01,120.0,39.975,0.01,125.31,489431.2,244.7156,22.11
5144,40.0,0.01,125.0,39.973,0.01,130.36,489408.60000000003,244.7043,22.08
5145,40.0,0.01,130.0,39.972,0.01,135.4,489227.80000000005,244.6139,22.04
5146,40.0,0.01,135.0,39.973,0.01,140.38,489408.8,244.7044,22.11
5147,40.0,0.01,140.0,39.974,0.01,145.42,489473.4,244.7367,22.16
5148,40.0,0.01,145.0,39.974,0.01,150.37,489889.19999999995,244.9446,22.32
5149,40.0,0.01,150.0,39.975,0.01,155.31,489899.79999999993,244.9499,22.34
5150,40.0,0.01,155.0,39.973,0.01,160.2,489505.19999999995,244.7526,22.17
5151,40.0,0.01,160.0,39.971,0.01,165.03,488841.0,244.4205,21.96
5152,40.0,0.01,165.0,39.973,0.01,169.79,489294.80000000005,244.6474,22.09
5153,40.0,0.01,170.0,39.974,0.01,174.53,489511.39999999997,244.7557,22.21
5154,40.0,0.01,175.0,39.971,0.01,179.16,490126.19999999995,245.0631,22.47
5155,40.0,0.01,180.0,39.973,0.01,183.77,489410.4,244.7052,22.22
5168,40.0,0.015,0.0,39.978,0.015,-2.71,489703.79999999993,244.8519,22.38
5169,40.0,0.015,5.0,39.977,0.015,2.52,489356.00000000006,244.678,22.24
5170,40.0,0.015,10.0,39.973,0.015,7.82,489141.60000000003,244.5708,22.14
5171,40.0,0.015,15.0,39.98,0.015,13.16,489216.39999999997,244.6082,22.14
5172,40.0,0.015,20.0,39.976,0.015,18.47,489144.2,244.5721,22.12
5173,40.0,0.015,25.0,39.976,0.015,23.84,489202.80000000005,244.6014,22.11
5174,40.0,0.015,30.0,39.975,0.015,29.2,489790.80000000005,244.8954,22.29
5175,40.0,0.015,35.0,39.974,0.015,34.57,488962.60000000003,244.4813,22.03
5176,40.0,0.015,40.0,39.974,0.015,39.94,489319.4,244.6597,22.1
5177,40.0,0.015,45.0,39.977,0.015,45.3,489700.20000000007,244.8501,22.29
5178,40.0,0.015,50.0,39.977,0.015,50.62,489486.80000000005,244.7434,22.11
5179,40.0,0.015,55.0,39.975,0.015,55.95,489165.4,244.5827,22.01
5180,40.0,0.015,60.0,39.976,0.015,61.29,488996.20000000007,244.4981,21.95
5181,40.0,0.015,65.0,39.975,0.015,66.64,489396.60000000003,244.6983,22.07
5182,40.0,0.015,70.0,39.976,0.015,71.97,489387.0,244.6935,22.04
5183,40.0,0.015,75.0,39.976,0.015,77.24,489417.60000000003,244.7088,22.06
5184,40.0,0.015,77.0,39.974,0.015,79.33,489395.8,244.6979,22.03
5185,40.0,0.015,79.0,39.975,0.015,81.47,489596.8,244.7984,22.14
5186,40.0,0.015,81.0,39.977,0.015,83.61,489519.6,244.7598,22.08
5187,40.0,0.015,83.0,39.977,0.015,85.68,489202.6,244.6013,21.97
5188,40.0,0.015,85.0,39.974,0.015,87.8,489703.2,244.8516,22.15
5189,40.0,0.015,86.0,39.976,0.015,88.87,489370.8,244.6854,22.05
5190,40.0,0.015,87.0,39.975,0.015,89.9,489745.8,244.8729,22.17
5191,40.0,0.015,88.0,39.976,0.015,90.93,489766.60000000003,244.8833,22.18
5192,40.0,0.015,89.0,39.976,0.015,92.0,489678.0,244.839,22.14
5193,40.0,0.015,90.0,39.973,0.015,93.05,489790.6,244.8953,22.19
5194,40.0,0.015,91.0,39.974,0.015,94.09,489567.60000000003,244.7838,22.11
5195,40.0,0.015,92.0,39.975,0.015,95.13,489426.8,244.7134,22.05
5196,40.0,0.015,93.0,39.975,0.015,96.16,489713.4,244.8567,22.17
5197,40.0,0.015,94.0,39.977,0.015,97.19,489524.2,244.7621,22.06
5198,40.0,0.015,95.0,39.976,0.015,98.22,489818.8,244.9094,22.18
5199,40.0,0.015,97.0,39.976,0.015,100.27,489693.19999999995,244.8466,22.13
5200,40.0,0.015,99.0,39.975,0.015,102.3,489545.8,244.7729,22.09
5201,40.0,0.015,101.0,39.975,0.015,104.41,489691.60000000003,244.8458,22.15
5202,40.0,0.015,103.0,39.976,0.015,106.45,489676.19999999995,244.8381,22.13
5203,40.0,0.015,105.0,39.976,0.015,108.46,489568.0,244.784,22.09
5204,40.0,0.015,110.0,39.977,0.015,113.47,489670.8,244.8354,22.13
5205,40.0,0.015,115.0,39.975,0.015,118.5,489890.80000000005,244.9454,22.24
5206,40.0,0.015,120.0,39.974,0.015,123.49,489648.6,244.8243,22.16
5207,40.0,0.015,125.0,39.974,0.015,128.49,489210.99999999994,244.6055,22.02
5208,40.0,0.015,130.0,39.975,0.015,133.47,489269.80000000005,244.6349,22.05
5209,40.0,0.015,135.0,39.972,0.015,138.43,489324.39999999997,244.6622,22.08
5210,40.0,0.015,140.0,39.973,0.015,143.4,489249.39999999997,244.6247,22.05
5211,40.0,0.015,145.0,39.973,0.015,148.38,489087.2,244.5436,22.03
5212,40.0,0.015,150.0,39.971,0.015,153.36,489761.80000000005,244.8809,22.33
5213,40.0,0.015,155.0,39.973,0.015,158.27,489997.0,244.9985,22.4
5214,40.0,0.015,160.0,39.978,0.015,163.18,489668.4,244.8342,22.25
5215,40.0,0.015,165.0,39.971,0.015,168.06,489699.39999999997,244.8497,22.25
5216,40.0,0.015,170.0,39.97,0.015,172.92,489710.99999999994,244.8555,22.35
5217,40.0,0.015,175.0,39.973,0.015,177.71,488838.4,244.4192,22.0
5218,40.0,0.015,180.0,39.972,0.015,182.49,489417.8,244.7089,22.21
5231,40.0,0.02,0.0,39.977,0.02,-2.02,488939.4,244.4697,22.17
5232,40.0,0.02,5.0,39.976,0.02,3.17,489298.2,244.6491,22.28
5233,40.0,0.02,10.0,39.975,0.02,8.4,489297.4,244.6487,22.24
5234,40.0,0.02,15.0,39.979,0.02,13.65,489138.4,244.5692,22.2
5235,40.0,0.02,20.0,39.977,0.02,18.91,488983.39999999997,244.4917,22.11
5236,40.0,0.02,25.0,39.975,0.02,24.18,489974.79999999993,244.9874,22.45
5237,40.0,0.02,30.0,39.975,0.02,29.44,489380.6,244.6903,22.26
5238,40.0,0.02,35.0,39.975,0.02,34.71,489351.4,244.6757,22.14
5239,40.0,0.02,40.0,39.975,0.02,39.97,489531.6,244.7658,22.25
5240,40.0,0.02,45.0,39.977,0.02,45.21,489499.60000000003,244.7498,22.14
5241,40.0,0.02,50.0,39.975,0.02,50.45,489660.00000000006,244.83,22.21
5242,40.0,0.02,55.0,39.978,0.02,55.69,489619.2,244.8096,22.16
5243,40.0,0.02,60.0,39.977,0.02,60.92,489752.00000000006,244.876,22.2
5244,40.0,0.02,65.0,39.976,0.02,66.18,489984.0,244.992,22.24
5245,40.0,0.02,70.0,39.975,0.02,71.42,489947.6,244.9738,22.24
5246,40.0,0.02,75.0,39.976,0.02,76.64,490045.0,245.0225,22.23
5247,40.0,0.02,77.0,39.976,0.02,78.72,489892.0,244.946,22.17
5248,40.0,0.02,79.0,39.975,0.02,80.83,489549.60000000003,244.7748,22.05
5249,40.0,0.02,81.0,39.975,0.02,82.93,489656.00000000006,244.828,22.09
5250,40.0,0.02,83.0,39.974,0.02,85.01,489989.99999999994,244.995,22.23
5251,40.0,0.02,85.0,39.976,0.02,87.1,489544.80000000005,244.7724,22.08
5252,40.0,0.02,86.0,39.975,0.02,88.16,489791.39999999997,244.8957,22.14
5253,40.0,0.02,87.0,39.976,0.02,89.19,489638.8,244.8194,22.09
5254,40.0,0.02,88.0,39.976,0.02,90.2,489535.4,244.7677,22.05
5255,40.0,0.02,89.0,39.975,0.02,91.23,489529.8,244.7649,22.06
5256,40.0,0.02,90.0,39.974,0.02,92.29,490208.2,245.1041,22.27
5257,40.0,0.02,91.0,39.974,0.02,93.34,489876.8,244.9384,22.17
5258,40.0,0.02,92.0,39.976,0.02,94.38,489782.6,244.8913,22.13
5259,40.0,0.02,93.0,39.976,0.02,95.39,489596.60000000003,244.7983,22.07
5260,40.0,0.02,94.0,39.975,0.02,96.4,490017.8,245.0089,22.22
5261,40.0,0.02,95.0,39.977,0.02,97.46,489880.4,244.9402,22.17
5262,40.0,0.02,97.0,39.976,0.02,99.53,489377.6,244.6888,22.01
5263,40.0,0.02,99.0,39.976,0.02,101.53,489813.8,244.9069,22.13
5264,40.0,0.02,101.0,39.974,0.02,103.59,490084.19999999995,245.0421,22.24
5265,40.0,0.02,103.0,39.976,0.02,105.63,489372.0,244.686,22.01
5266,40.0,0.02,105.0,39.975,0.02,107.62,489775.0,244.8875,22.13
5267,40.0,0.02,110.0,39.977,0.02,112.63,489972.6,244.9863,22.18
5268,40.0,0.02,115.0,39.974,0.02,117.64,489818.0,244.909,22.17
5269,40.0,0.02,120.0,39.977,0.02,122.59,489659.0,244.8295,22.13
5270,40.0,0.02,125.0,39.973,0.02,127.57,489882.2,244.9411,22.22
5271,40.0,0.02,130.0,39.973,0.02,132.52,489312.8,244.6564,22.03
5272,40.0,0.02,135.0,39.974,0.02,137.46,489536.2,244.7681,22.12
5273,40.0,0.02,140.0,39.973,0.02,142.42,489813.19999999995,244.9066,22.33
5274,40.0,0.02,145.0,39.975,0.02,147.4,490165.4,245.0827,22.46
5275,40.0,0.02,150.0,39.971,0.02,152.36,490021.0,245.0105,22.46
5276,40.0,0.02,155.0,39.973,0.02,157.31,489667.19999999995,244.8336,22.29
5277,40.0,0.02,160.0,39.975,0.02,162.24,489310.4,244.6552,22.15
5278,40.0,0.02,165.0,39.972,0.02,167.18,489524.39999999997,244.7622,22.27
5279,40.0,0.02,170.0,39.975,0.02,172.1,489089.00000000006,244.5445,22.09
5280,40.0,0.02,175.0,39.971,0.02,176.96,488828.39999999997,244.4142,22.04
5281,40.0,0.02,180.0,39.972,0.02,181.84,489253.0,244.6265,22.27
5294,40.0,0.03,0.0,39.977,0.03,-1.33,488238.4,244.1192,22.12
5295,40.0,0.03,5.0,39.975,0.03,3.8,488613.4,244.3067,22.23
5296,40.0,0.03,10.0,39.975,0.03,8.97,488556.4,244.2782,22.18
5297,40.0,0.03,15.0,39.979,0.03,14.13,489212.60000000003,244.6063,22.38
5298,40.0,0.03,20.0,39.977,0.03,19.31,488800.60000000003,244.4003,22.23
5299,40.0,0.03,25.0,39.978,0.03,24.48,488993.0,244.4965,22.25
5300,40.0,0.03,30.0,39.976,0.03,29.65,489124.2,244.5621,22.28
5301,40.0,0.03,35.0,39.976,0.03,34.8,489128.6,244.5643,22.24
5302,40.0,0.03,40.0,39.977,0.03,39.97,488922.19999999995,244.4611,22.11
5303,40.0,0.03,45.0,39.977,0.03,45.11,488958.0,244.479,22.06
5304,40.0,0.03,50.0,39.975,0.03,50.24,489225.39999999997,244.6127,22.12
5305,40.0,0.03,55.0,39.975,0.03,55.38,489600.39999999997,244.8002,22.21
5306,40.0,0.03,60.0,39.976,0.03,60.53,489022.99999999994,244.5115,21.96
5307,40.0,0.03,65.0,39.977,0.03,65.71,489536.39999999997,244.7682,22.11
5308,40.0,0.03,70.0,39.975,0.03,70.87,489641.0,244.8205,22.09
5309,40.0,0.03,75.0,39.975,0.03,76.04,489934.8,244.9674,22.19
5310,40.0,0.03,77.0,39.974,0.03,78.09,489724.79999999993,244.8624,22.1
5311,40.0,0.03,79.0,39.974,0.03,80.18,489768.99999999994,244.8845,22.13
5312,40.0,0.03,81.0,39.975,0.03,82.26,490046.8,245.0234,22.22
5313,40.0,0.03,83.0,39.975,0.03,84.3,489985.80000000005,244.9929,22.18
5314,40.0,0.03,85.0,39.975,0.03,86.39,489908.39999999997,244.9542,22.14
5315,40.0,0.03,86.0,39.976,0.03,87.44,490115.6,245.0578,22.22
5316,40.0,0.03,87.0,39.976,0.03,88.47,489811.80000000005,244.9059,22.12
5317,40.0,0.03,88.0,39.975,0.03,89.49,489779.8,244.8899,22.1
5318,40.0,0.03,89.0,39.975,0.03,90.5,489916.39999999997,244.9582,22.14
5319,40.0,0.03,90.0,39.975,0.03,91.57,490166.39999999997,245.0832,22.22
5320,40.0,0.03,91.0,39.976,0.03,92.6,490022.8,245.0114,22.17
5321,40.0,0.03,92.0,39.975,0.03,93.62,490054.0,245.027,22.19
5322,40.0,0.03,93.0,39.976,0.03,94.65,489702.4,244.8512,22.05
5323,40.0,0.03,94.0,39.974,0.03,95.65,490267.4,245.1337,22.27
5324,40.0,0.03,95.0,39.976,0.03,96.69,489758.2,244.8791,22.04
5325,40.0,0.03,97.0,39.974,0.03,98.75,490119.4,245.0597,22.2
5326,40.0,0.03,99.0,39.975,0.03,100.75,489727.2,244.8636,22.08
5327,40.0,0.03,101.0,39.975,0.03,102.8,489826.8,244.9134,22.12
5328,40.0,0.03,103.0,39.974,0.03,104.82,489944.4,244.9722,22.14
5329,40.0,0.03,105.0,39.975,0.03,106.81,490156.00000000006,245.078,22.22
5330,40.0,0.03,110.0,39.977,0.03,111.79,489349.2,244.6746,21.97
5331,40.0,0.03,115.0,39.975,0.03,116.79,489844.80000000005,244.9224,22.15
5332,40.0,0.03,120.0,39.975,0.03,121.74,489394.80000000005,244.6974,22.02
5333,40.0,0.03,125.0,39.973,0.03,126.69,489036.2,244.5181,21.94
5334,40.0,0.03,130.0,39.973,0.03,131.62,489693.6,244.8468,22.17
5335,40.0,0.03,135.0,39.974,0.03,136.55,489443.99999999994,244.722,22.12
5336,40.0,0.03,140.0,39.974,0.03,141.51,489205.6,244.6028,22.1
5337,40.0,0.03,145.0,39.973,0.03,146.47,489127.6,244.5638,22.09
5338,40.0,0.03,150.0,39.97,0.03,151.45,489593.19999999995,244.7966,22.39
5339,40.0,0.03,155.0,39.973,0.03,156.42,489130.4,244.5652,22.23
5340,40.0,0.03,160.0,39.972,0.03,161.38,489236.39999999997,244.6182,22.27
5341,40.0,0.03,165.0,39.972,0.03,166.36,489180.0,244.59,22.31
5342,40.0,0.03,170.0,39.974,0.03,171.32,488809.4,244.4047,22.2
5343,40.0,0.03,175.0,39.973,0.03,176.26,489085.6,244.5428,22.34
5344,40.0,0.03,180.0,39.974,0.03,181.21,488470.0,244.235,22.11
5357,40.0,0.05,0.0,39.977,0.05,-0.79,486187.0,243.0935,21.96
5358,40.0,0.05,5.0,39.979,0.05,4.3,486295.8,243.1479,21.99
5359,40.0,0.05,10.0,39.971,0.05,9.41,486168.19999999995,243.0841,21.94
5360,40.0,0.05,15.0,39.978,0.05,14.52,486605.4,243.3027,22.04
5361,40.0,0.05,20.0,39.978,0.05,19.63,487010.2,243.5051,22.14
5362,40.0,0.05,25.0,39.977,0.05,24.73,486568.8,243.2844,21.88
5363,40.0,0.05,30.0,39.975,0.05,29.82,486783.39999999997,243.3917,21.89
5364,40.0,0.05,35.0,39.974,0.05,34.9,487274.0,243.637,21.94
5365,40.0,0.05,40.0,39.976,0.05,39.97,487474.79999999993,243.7374,21.93
5366,40.0,0.05,45.0,39.976,0.05,45.02,488358.60000000003,244.1793,22.15
5367,40.0,0.05,50.0,39.976,0.05,50.08,488203.79999999993,244.1019,22.0
5368,40.0,0.05,55.0,39.977,0.05,55.14,489130.0,244.565,22.27
5369,40.0,0.05,60.0,39.977,0.05,60.23,489331.80000000005,244.6659,22.24
5370,40.0,0.05,65.0,39.975,0.05,65.34,489445.8,244.7229,22.16
5371,40.0,0.05,70.0,39.976,0.05,70.44,489350.60000000003,244.6753,22.07
5372,40.0,0.05,75.0,39.975,0.05,75.55,489583.0,244.7915,22.07
5373,40.0,0.05,77.0,39.975,0.05,77.59,489746.8,244.8734,22.11
5374,40.0,0.05,79.0,39.976,0.05,79.65,490027.00000000006,245.0135,22.17
5375,40.0,0.05,81.0,39.976,0.05,81.73,489945.60000000003,244.9728,22.13
5376,40.0,0.05,83.0,39.975,0.05,83.75,489749.0,244.8745,22.05
5377,40.0,0.05,85.0,39.975,0.05,85.83,489734.19999999995,244.8671,22.04
5378,40.0,0.05,86.0,39.975,0.05,86.87,489795.60000000003,244.8978,22.04
5379,40.0,0.05,87.0,39.975,0.05,87.89,489868.6,244.9343,22.06
5380,40.0,0.05,88.0,39.975,0.05,88.9,489967.19999999995,244.9836,22.12
5381,40.0,0.05,89.0,39.974,0.05,89.92,490317.19999999995,245.1586,22.22
5382,40.0,0.05,90.0,39.976,0.05,90.97,490307.80000000005,245.1539,22.2
5383,40.0,0.05,91.0,39.973,0.05,92.0,490104.2,245.0521,22.15
5384,40.0,0.05,92.0,39.974,0.05,93.03,489909.8,244.9549,22.07
5385,40.0,0.05,93.0,39.974,0.05,94.03,489890.6,244.9453,22.05
5386,40.0,0.05,94.0,39.976,0.05,95.03,490194.2,245.0971,22.15
5387,40.0,0.05,95.0,39.974,0.05,96.07,489875.39999999997,244.9377,22.06
5388,40.0,0.05,97.0,39.975,0.05,98.13,489890.6,244.9453,22.06
5389,40.0,0.05,99.0,39.974,0.05,100.12,489966.39999999997,244.9832,22.07
5390,40.0,0.05,101.0,39.976,0.05,102.16,490323.2,245.1616,22.21
5391,40.0,0.05,103.0,39.975,0.05,104.19,490226.4,245.1132,22.16
5392,40.0,0.05,105.0,39.975,0.05,106.16,490335.80000000005,245.1679,22.25
5393,40.0,0.05,110.0,39.975,0.05,111.13,489852.4,244.9262,22.11
5394,40.0,0.05,115.0,39.978,0.05,116.1,489789.99999999994,244.895,22.13
5395,40.0,0.05,120.0,39.974,0.05,121.03,489057.80000000005,244.5289,21.96
5396,40.0,0.05,125.0,39.973,0.05,125.96,489075.20000000007,244.5376,22.03
5397,40.0,0.05,130.0,39.972,0.05,130.88,489131.6,244.5658,22.16
5398,40.0,0.05,135.0,39.975,0.05,135.81,489391.39999999997,244.6957,22.34
5399,40.0,0.05,140.0,39.975,0.05,140.75,488301.8,244.1509,22.06
5400,40.0,0.05,145.0,39.976,0.05,145.7,488193.8,244.0969,22.12
5401,40.0,0.05,150.0,39.972,0.05,150.67,488010.00000000006,244.005,22.1
5402,40.0,0.05,155.0,39.973,0.05,155.65,487812.8,243.9064,22.14
5403,40.0,0.05,160.0,39.971,0.05,160.64,487410.99999999994,243.7055,22.05
5404,40.0,0.05,165.0,39.974,0.05,165.65,487343.0,243.6715,22.12
5405,40.0,0.05,170.0,39.975,0.05,170.68,487349.60000000003,243.6748,22.17
5406,40.0,0.05,175.0,39.973,0.05,175.68,486992.0,243.496,22.11
5407,40.0,0.05,180.0,39.976,0.05,180.7,486713.0,243.3565,22.05
5420,40.0,0.07,0.0,39.978,0.07,-0.54,483392.8,241.6964,21.85
5421,40.0,0.07,5.0,39.977,0.07,4.53,483125.8,241.5629,21.75
5422,40.0,0.07,10.0,39.972,0.07,9.61,483446.8,241.7234,21.78
5423,40.0,0.07,15.0,39.978,0.07,14.7,483949.2,241.9746,21.9
5424,40.0,0.07,20.0,39.977,0.07,19.78,484131.80000000005,242.0659,21.86
5425,40.0,0.07,25.0,39.976,0.07,24.85,484579.60000000003,242.2898,21.94
5426,40.0,0.07,30.0,39.976,0.07,29.91,484814.19999999995,242.4071,21.87
5427,40.0,0.07,35.0,39.976,0.07,34.95,485429.39999999997,242.7147,21.91
5428,40.0,0.07,40.0,39.976,0.07,39.99,485941.2,242.9706,21.96
5429,40.0,0.07,45.0,39.978,0.07,45.01,486575.20000000007,243.2876,22.02
5430,40.0,0.07,50.0,39.977,0.07,50.03,486844.2,243.4221,21.93
5431,40.0,0.07,55.0,39.976,0.07,55.06,488054.39999999997,244.0272,22.18
5432,40.0,0.07,60.0,39.977,0.07,60.12,487862.0,243.931,21.95
5433,40.0,0.07,65.0,39.976,0.07,65.18,488521.8,244.2609,22.07
5434,40.0,0.07,70.0,39.976,0.07,70.26,488927.6,244.4638,22.04
5435,40.0,0.07,75.0,39.977,0.07,75.35,489418.4,244.7092,22.09
5436,40.0,0.07,77.0,39.974,0.07,77.38,488992.8,244.4964,21.91
5437,40.0,0.07,79.0,39.974,0.07,79.44,489498.4,244.7492,22.06
5438,40.0,0.07,81.0,39.974,0.07,81.5,489528.6,244.7643,22.02
5439,40.0,0.07,83.0,39.975,0.07,83.52,489990.4,244.9952,22.15
5440,40.0,0.07,85.0,39.975,0.07,85.59,489734.19999999995,244.8671,22.05
5441,40.0,0.07,86.0,39.973,0.07,86.62,489882.39999999997,244.9412,22.06
5442,40.0,0.07,87.0,39.974,0.07,87.64,490241.8,245.1209,22.21
5443,40.0,0.07,88.0,39.976,0.07,88.65,490025.60000000003,245.0128,22.1
5444,40.0,0.07,89.0,39.974,0.07,89.68,490026.4,245.0132,22.1
5445,40.0,0.07,90.0,39.974,0.07,90.72,490064.99999999994,245.0325,22.1
5446,40.0,0.07,91.0,39.976,0.07,91.76,490233.60000000003,245.1168,22.16
5447,40.0,0.07,92.0,39.976,0.07,92.78,490017.60000000003,245.0088,22.04
5448,40.0,0.07,93.0,39.975,0.07,93.77,489722.99999999994,244.8615,21.98
5449,40.0,0.07,94.0,39.975,0.07,94.77,490006.00000000006,245.003,22.07
5450,40.0,0.07,95.0,39.975,0.07,95.81,489691.2,244.8456,21.97
5451,40.0,0.07,97.0,39.974,0.07,97.86,489942.0,244.971,22.06
5452,40.0,0.07,99.0,39.975,0.07,99.85,489815.6,244.9078,22.01
5453,40.0,0.07,101.0,39.977,0.07,101.89,490179.60000000003,245.0898,22.13
5454,40.0,0.07,103.0,39.974,0.07,103.91,489917.4,244.9587,22.06
5455,40.0,0.07,105.0,39.976,0.07,105.87,489906.2,244.9531,22.07
5456,40.0,0.07,110.0,39.974,0.07,110.84,489489.4,244.7447,22.01
5457,40.0,0.07,115.0,39.974,0.07,115.8,489786.6,244.8933,22.29
5458,40.0,0.07,120.0,39.975,0.07,120.73,488850.8,244.4254,22.0
5459,40.0,0.07,125.0,39.972,0.07,125.65,489210.99999999994,244.6055,22.3
5460,40.0,0.07,130.0,39.975,0.07,130.56,488278.39999999997,244.1392,22.14
5461,40.0,0.07,135.0,39.975,0.07,135.48,487700.8,243.8504,22.07
5462,40.0,0.07,140.0,39.972,0.07,140.41,487591.39999999997,243.7957,22.21
5463,40.0,0.07,145.0,39.972,0.07,145.36,487102.2,243.5511,22.2
5464,40.0,0.07,150.0,39.974,0.07,150.35,486300.8,243.1504,22.05
5465,40.0,0.07,155.0,39.973,0.07,155.34,486001.6,243.0008,22.08
5466,40.0,0.07,160.0,39.973,0.07,160.34,485183.8,242.5919,21.95
5467,40.0,0.07,165.0,39.974,0.07,165.36,484263.0,242.1315,21.73
5468,40.0,0.07,170.0,39.974,0.07,170.39,484309.6,242.1548,21.88
5469,40.0,0.07,175.0,39.971,0.07,175.43,483925.39999999997,241.9627,21.82
5470,40.0,0.07,180.0,39.973,0.07,180.47,483631.80000000005,241.8159,21.8
5483,40.0,0.1,0.0,39.976,0.1,-0.37,477263.0,238.6315,21.51
5484,40.0,0.1,5.0,39.979,0.1,4.68,477237.0,238.6185,21.41
5485,40.0,0.1,10.0,39.974,0.1,9.74,477766.60000000003,238.8833,21.51
5486,40.0,0.1,15.0,39.978,0.1,14.81,477738.8,238.8694,21.41
5487,40.0,0.1,20.0,39.978,0.1,19.87,478603.79999999993,239.3019,21.55
5488,40.0,0.1,25.0,39.976,0.1,24.92,479217.8,239.6089,21.57
5489,40.0,0.1,30.0,39.976,0.1,29.95,480037.2,240.0186,21.63
5490,40.0,0.1,35.0,39.977,0.1,34.97,480575.20000000007,240.2876,21.51
5491,40.0,0.1,40.0,39.976,0.1,39.98,481300.0,240.65,21.48
5492,40.0,0.1,45.0,39.975,0.1,44.97,482305.19999999995,241.1526,21.54
5493,40.0,0.1,50.0,39.975,0.1,49.97,483660.99999999994,241.8305,21.7
5494,40.0,0.1,55.0,39.976,0.1,54.98,484618.4,242.3092,21.72
5495,40.0,0.1,60.0,39.976,0.1,60.01,485926.8,242.9634,21.87
5496,40.0,0.1,65.0,39.976,0.1,65.06,486887.2,243.4436,21.94
5497,40.0,0.1,70.0,39.975,0.1,70.12,487615.80000000005,243.8079,21.92
5498,40.0,0.1,75.0,39.976,0.1,75.19,488392.4,244.1962,21.98
5499,40.0,0.1,77.0,39.975,0.1,77.21,488716.60000000003,244.3583,22.02
5500,40.0,0.1,79.0,39.976,0.1,79.27,489090.80000000005,244.5454,22.09
5501,40.0,0.1,81.0,39.977,0.1,81.33,489625.39999999997,244.8127,22.22
5502,40.0,0.1,83.0,39.974,0.1,83.33,489445.0,244.7225,22.07
5503,40.0,0.1,85.0,39.975,0.1,85.41,489163.19999999995,244.5816,21.9
5504,40.0,0.1,86.0,39.975,0.1,86.43,489495.0,244.7475,22.0
5505,40.0,0.1,87.0,39.977,0.1,87.46,488989.99999999994,244.495,21.81
5506,40.0,0.1,88.0,39.975,0.1,88.45,489721.4,244.8607,22.04
5507,40.0,0.1,89.0,39.974,0.1,89.47,489799.39999999997,244.8997,22.07
5508,40.0,0.1,90.0,39.974,0.1,90.52,489949.0,244.9745,22.11
5509,40.0,0.1,91.0,39.976,0.1,91.55,489367.19999999995,244.6836,21.88
5510,40.0,0.1,92.0,39.975,0.1,92.57,489895.60000000003,244.9478,22.06
5511,40.0,0.1,93.0,39.974,0.1,93.57,489816.39999999997,244.9082,22.04
5512,40.0,0.1,94.0,39.976,0.1,94.58,489446.8,244.7234,21.88
5513,40.0,0.1,95.0,39.974,0.1,95.6,490239.4,245.1197,22.17
5514,40.0,0.1,97.0,39.974,0.1,97.66,490017.0,245.0085,22.11
5515,40.0,0.1,99.0,39.976,0.1,99.64,489939.99999999994,244.97,22.06
5516,40.0,0.1,101.0,39.975,0.1,101.68,490257.6,245.1288,22.2
5517,40.0,0.1,103.0,39.974,0.1,103.69,489645.39999999997,244.8227,22.04
5518,40.0,0.1,105.0,39.974,0.1,105.65,489487.0,244.7435,22.02
5519,40.0,0.1,110.0,39.977,0.1,110.62,489755.19999999995,244.8776,22.27
5520,40.0,0.1,115.0,39.978,0.1,115.57,488848.2,244.4241,22.11
5521,40.0,0.1,120.0,39.975,0.1,120.5,488346.20000000007,244.1731,22.2
5522,40.0,0.1,125.0,39.975,0.1,125.42,487208.8,243.6044,22.0
5523,40.0,0.1,130.0,39.973,0.1,130.33,485927.2,242.9636,21.83
5524,40.0,0.1,135.0,39.972,0.1,135.24,485478.6,242.7393,21.99
5525,40.0,0.1,140.0,39.974,0.1,140.17,484354.60000000003,242.1773,21.86
5526,40.0,0.1,145.0,39.973,0.1,145.13,483282.2,241.6411,21.82
5527,40.0,0.1,150.0,39.972,0.1,150.11,482318.19999999995,241.1591,21.79
5528,40.0,0.1,155.0,39.973,0.1,155.11,481182.39999999997,240.5912,21.64
5529,40.0,0.1,160.0,39.974,0.1,160.11,480921.20000000007,240.4606,21.87
5530,40.0,0.1,165.0,39.974,0.1,165.15,479992.0,239.996,21.73
5531,40.0,0.1,170.0,39.975,0.1,170.2,479086.80000000005,239.5434,21.62
5532,40.0,0.1,175.0,39.974,0.1,175.25,478662.39999999997,239.3312,21.65
5533,40.0,0.1,180.0,39.976,0.1,180.31,478231.2,239.1156,21.61
5546,40.0,0.15,0.0,39.976,0.15,-0.19,463759.0,231.8795,20.65
5547,40.0,0.15,5.0,39.979,0.15,4.84,464072.99999999994,232.0365,20.73
5548,40.0,0.15,10.0,39.974,0.15,9.89,464201.19999999995,232.1006,20.61
5549,40.0,0.15,15.0,39.979,0.15,14.94,464739.19999999995,232.3696,20.62
5550,40.0,0.15,20.0,39.978,0.15,19.98,465890.4,232.9452,20.7
5551,40.0,0.15,25.0,39.978,0.15,25.01,466940.80000000005,233.4704,20.74
5552,40.0,0.15,30.0,39.975,0.15,30.02,468658.0,234.329,20.9
5553,40.0,0.15,35.0,39.976,0.15,35.02,469982.39999999997,234.9912,20.85
5554,40.0,0.15,40.0,39.977,0.15,40.0,471532.39999999997,235.7662,20.84
5555,40.0,0.15,45.0,39.976,0.15,44.98,473603.6,236.8018,20.98
5556,40.0,0.15,50.0,39.977,0.15,49.95,475891.8,237.9459,21.18
5557,40.0,0.15,55.0,39.977,0.15,54.94,477939.8,238.9699,21.25
5558,40.0,0.15,60.0,39.977,0.15,59.95,479552.6,239.7763,21.16
5559,40.0,0.15,65.0,39.976,0.15,64.99,481692.0,240.846,21.33
5560,40.0,0.15,70.0,39.976,0.15,70.03,483832.39999999997,241.9162,21.54
5561,40.0,0.15,75.0,39.975,0.15,75.09,485258.2,242.6291,21.54
5562,40.0,0.15,77.0,39.976,0.15,77.1,485811.2,242.9056,21.59
5563,40.0,0.15,79.0,39.975,0.15,79.16,486721.8,243.3609,21.75
5564,40.0,0.15,81.0,39.974,0.15,81.2,486999.2,243.4996,21.72
5565,40.0,0.15,83.0,39.974,0.15,83.2,487878.0,243.939,21.92
5566,40.0,0.15,85.0,39.977,0.15,85.28,488093.19999999995,244.0466,21.88
5567,40.0,0.15,86.0,39.976,0.15,86.3,488248.80000000005,244.1244,21.88
5568,40.0,0.15,87.0,39.976,0.15,87.32,488070.39999999997,244.0352,21.75
5569,40.0,0.15,88.0,39.975,0.15,88.32,488743.6,244.3718,22.01
5570,40.0,0.15,89.0,39.974,0.15,89.33,488283.8,244.1419,21.78
5571,40.0,0.15,90.0,39.974,0.15,90.38,489233.60000000003,244.6168,22.1
5572,40.0,0.15,91.0,39.975,0.15,91.4,488982.80000000005,244.4914,21.99
5573,40.0,0.15,92.0,39.977,0.15,92.43,489385.6,244.6928,22.14
5574,40.0,0.15,93.0,39.976,0.15,93.42,489015.4,244.5077,21.97
5575,40.0,0.15,94.0,39.977,0.15,94.42,488834.0,244.417,21.84
5576,40.0,0.15,95.0,39.974,0.15,95.45,489358.0,244.679,22.05
5577,40.0,0.15,97.0,39.977,0.15,97.5,489139.8,244.5699,22.0
5578,40.0,0.15,99.0,39.975,0.15,99.47,489362.39999999997,244.6812,22.09
5579,40.0,0.15,101.0,39.976,0.15,101.51,488628.2,244.3141,21.89
5580,40.0,0.15,103.0,39.977,0.15,103.53,489037.8,244.5189,22.07
5581,40.0,0.15,105.0,39.977,0.15,105.49,488678.79999999993,244.3394,22.02
5582,40.0,0.15,110.0,39.976,0.15,110.45,488012.2,244.0061,22.09
5583,40.0,0.15,115.0,39.976,0.15,115.4,486307.6,243.1538,21.88
5584,40.0,0.15,120.0,39.975,0.15,120.33,484870.60000000003,242.4353,21.84
5585,40.0,0.15,125.0,39.974,0.15,125.25,482742.4,241.3712,21.65
5586,40.0,0.15,130.0,39.974,0.15,130.16,480943.6,240.4718,21.59
5587,40.0,0.15,135.0,39.971,0.15,135.07,478751.0,239.3755,21.47
5588,40.0,0.15,140.0,39.976,0.15,140.01,476811.2,238.4056,21.36
5589,40.0,0.15,145.0,39.975,0.15,144.96,474531.4,237.2657,21.18
5590,40.0,0.15,150.0,39.972,0.15,149.95,472255.6,236.1278,20.97
5591,40.0,0.15,155.0,39.972,0.15,154.95,471285.80000000005,235.6429,21.2
5592,40.0,0.15,160.0,39.974,0.15,159.97,469539.8,234.7699,21.07
5593,40.0,0.15,165.0,39.975,0.15,165.01,468179.0,234.0895,21.04
5594,40.0,0.15,170.0,39.977,0.15,170.07,466225.20000000007,233.1126,20.71
5595,40.0,0.15,175.0,39.973,0.15,175.14,465827.2,232.9136,20.88
5596,40.0,0.15,180.0,39.973,0.15,180.22,464512.2,232.2561,20.65
5609,40.0,0.2,0.0,39.976,0.2,-0.09,447685.2,223.8426,19.87
5610,40.0,0.2,5.0,39.978,0.2,4.93,447298.4,223.6492,19.72
5611,40.0,0.2,10.0,39.972,0.2,9.97,448108.39999999997,224.0542,19.8
5612,40.0,0.2,15.0,39.977,0.2,15.01,449070.8,224.5354,19.86
5613,40.0,0.2,20.0,39.978,0.2,20.04,449983.0,224.9915,19.78
5614,40.0,0.2,25.0,39.977,0.2,25.06,451730.8,225.8654,19.84
5615,40.0,0.2,30.0,39.977,0.2,30.06,453642.0,226.821,19.88
5616,40.0,0.2,35.0,39.977,0.2,35.05,456108.2,228.0541,19.97
5617,40.0,0.2,40.0,39.976,0.2,40.03,458414.8,229.2074,19.94
5618,40.0,0.2,45.0,39.977,0.2,44.99,462073.2,231.0366,20.27
5619,40.0,0.2,50.0,39.979,0.2,49.95,465012.8,232.5064,20.31
5620,40.0,0.2,55.0,39.977,0.2,54.94,468143.6,234.0718,20.4
5621,40.0,0.2,60.0,39.975,0.2,59.93,471658.8,235.8294,20.6
5622,40.0,0.2,65.0,39.974,0.2,64.95,474833.39999999997,237.4167,20.74
5623,40.0,0.2,70.0,39.974,0.2,69.98,477962.60000000003,238.9813,20.89
5624,40.0,0.2,75.0,39.976,0.2,75.03,480388.4,240.1942,20.95
5625,40.0,0.2,77.0,39.972,0.2,77.04,481753.0,240.8765,21.12
5626,40.0,0.2,79.0,39.971,0.2,79.09,482482.39999999997,241.2412,21.14
5627,40.0,0.2,81.0,39.975,0.2,81.14,483494.4,241.7472,21.24
5628,40.0,0.2,83.0,39.975,0.2,83.14,484157.6,242.0788,21.26
5629,40.0,0.2,85.0,39.974,0.2,85.2,484772.99999999994,242.3865,21.29
5630,40.0,0.2,86.0,39.973,0.2,86.23,485439.8,242.7199,21.44
5631,40.0,0.2,87.0,39.973,0.2,87.25,485329.2,242.6646,21.32
5632,40.0,0.2,88.0,39.974,0.2,88.25,485881.2,242.9406,21.44
5633,40.0,0.2,89.0,39.973,0.2,89.26,486011.2,243.0056,21.44
5634,40.0,0.2,90.0,39.973,0.2,90.3,486089.4,243.0447,21.41
5635,40.0,0.2,91.0,39.973,0.2,91.33,486322.0,243.161,21.48
5636,40.0,0.2,92.0,39.974,0.2,92.35,486517.0,243.2585,21.47
5637,40.0,0.2,93.0,39.975,0.2,93.35,486527.6,243.2638,21.46
5638,40.0,0.2,94.0,39.974,0.2,94.34,486823.4,243.4117,21.57
5639,40.0,0.2,95.0,39.973,0.2,95.37,487152.80000000005,243.5764,21.63
5640,40.0,0.2,97.0,39.975,0.2,97.41,486931.4,243.4657,21.58
5641,40.0,0.2,99.0,39.975,0.2,99.4,486991.8,243.4959,21.65
5642,40.0,0.2,101.0,39.974,0.2,101.43,486840.4,243.4202,21.67
5643,40.0,0.2,103.0,39.974,0.2,103.45,486293.8,243.1469,21.58
5644,40.0,0.2,105.0,39.974,0.2,105.4,485651.6,242.8258,21.5
5645,40.0,0.2,110.0,39.975,0.2,110.36,484411.2,242.2056,21.53
5646,40.0,0.2,115.0,39.975,0.2,115.31,482300.8,241.1504,21.46
5647,40.0,0.2,120.0,39.974,0.2,120.24,479946.4,239.9732,21.43
5648,40.0,0.2,125.0,40.001,0.2,125.21,476741.8,238.3709,21.2
5649,40.0,0.2,130.0,39.974,0.2,130.1,473835.99999999994,236.918,21.16
5650,40.0,0.2,135.0,39.977,0.2,135.01,470381.00000000006,235.1905,20.95
5651,40.0,0.2,140.0,39.978,0.2,139.94,467272.0,233.636,20.85
5652,40.0,0.2,145.0,39.975,0.2,144.89,464132.2,232.0661,20.77
5653,40.0,0.2,150.0,39.971,0.2,149.88,460919.4,230.4597,20.55
5654,40.0,0.2,155.0,39.974,0.2,154.89,458035.00000000006,229.0175,20.39
5655,40.0,0.2,160.0,39.973,0.2,159.93,455236.39999999997,227.6182,20.23
5656,40.0,0.2,165.0,39.974,0.2,164.99,453415.80000000005,226.7079,20.22
5657,40.0,0.2,170.0,39.977,0.2,170.07,451297.6,225.6488,20.06
5658,40.0,0.2,175.0,39.975,0.2,175.14,449818.0,224.909,19.99
5659,40.0,0.2,180.0,39.975,0.2,180.23,448769.2,224.3846,19.96
5672,40.0,0.3,0.0,39.98,0.3,0.02,411723.80000000005,205.8619,18.5
5673,40.0,0.3,5.0,39.977,0.3,5.02,411354.39999999997,205.6772,18.39
5674,40.0,0.3,10.0,39.981,0.3,10.06,412441.60000000003,206.2208,18.5
5675,40.0,0.3,15.0,39.98,0.3,15.09,413252.4,206.6262,18.4
5676,40.0,0.3,20.0,39.981,0.3,20.11,415001.8,207.5009,18.42
5677,40.0,0.3,25.0,39.982,0.3,25.12,416884.0,208.442,18.31
5678,40.0,0.3,30.0,39.978,0.3,30.11,419765.4,209.8827,18.32
5679,40.0,0.3,35.0,39.98,0.3,35.09,423605.19999999995,211.8026,18.46
5680,40.0,0.3,40.0,39.978,0.3,40.05,427212.39999999997,213.6062,18.4
5681,40.0,0.3,45.0,39.98,0.3,45.01,431921.8,215.9609,18.5
5682,40.0,0.3,50.0,39.979,0.3,49.97,436763.4,218.3817,18.53
5683,40.0,0.3,55.0,39.978,0.3,54.93,442428.0,221.214,18.67
5684,40.0,0.3,60.0,39.978,0.3,59.93,448458.2,224.2291,18.85
5685,40.0,0.3,65.0,39.978,0.3,64.94,454559.4,227.2797,19.07
5686,40.0,0.3,70.0,39.977,0.3,69.95,461176.8,230.5884,19.48
5687,40.0,0.3,75.0,39.975,0.3,74.99,466813.8,233.4069,19.72
5688,40.0,0.3,77.0,39.976,0.3,77.0,468518.4,234.2592,19.74
5689,40.0,0.3,79.0,39.974,0.3,79.05,470996.20000000007,235.4981,19.98
5690,40.0,0.3,81.0,39.975,0.3,81.09,472938.4,236.4692,20.14
5691,40.0,0.3,83.0,39.973,0.3,83.09,474112.60000000003,237.0563,20.1
5692,40.0,0.3,85.0,39.974,0.3,85.15,476154.2,238.0771,20.37
5693,40.0,0.3,86.0,39.973,0.3,86.17,476610.00000000006,238.305,20.36
5694,40.0,0.3,87.0,39.974,0.3,87.18,477170.8,238.5854,20.39
5695,40.0,0.3,88.0,39.973,0.3,88.18,477627.2,238.8136,20.38
5696,40.0,0.3,89.0,39.975,0.3,89.2,478259.19999999995,239.1296,20.48
5697,40.0,0.3,90.0,39.974,0.3,90.23,478681.4,239.3407,20.49
5698,40.0,0.3,91.0,39.973,0.3,91.26,479321.4,239.6607,20.6
5699,40.0,0.3,92.0,39.974,0.3,92.28,479513.8,239.7569,20.6
5700,40.0,0.3,93.0,39.972,0.3,93.26,479962.2,239.9811,20.69
5701,40.0,0.3,94.0,39.974,0.3,94.27,480114.8,240.0574,20.68
5702,40.0,0.3,95.0,39.975,0.3,95.29,480691.8,240.3459,20.85
5703,40.0,0.3,97.0,39.975,0.3,97.33,480300.20000000007,240.1501,20.75
5704,40.0,0.3,99.0,39.973,0.3,99.31,480310.00000000006,240.155,20.81
5705,40.0,0.3,101.0,39.972,0.3,101.34,480266.2,240.1331,20.93
5706,40.0,0.3,103.0,39.974,0.3,103.35,479579.39999999997,239.7897,20.93
5707,40.0,0.3,105.0,39.974,0.3,105.31,479065.6,239.5328,21.02
5708,40.0,0.3,110.0,39.976,0.3,110.27,475643.6,237.8218,20.85
5709,40.0,0.3,115.0,39.974,0.3,115.22,471228.2,235.6141,20.7
5710,40.0,0.3,120.0,39.972,0.3,120.16,466099.60000000003,233.0498,20.52
5711,40.0,0.3,125.0,39.973,0.3,125.09,460403.2,230.2016,20.34
5712,40.0,0.3,130.0,39.975,0.3,130.0,454224.79999999993,227.1124,20.07
5713,40.0,0.3,135.0,39.977,0.3,134.93,448090.6,224.0453,19.83
5714,40.0,0.3,140.0,39.974,0.3,139.86,442131.80000000005,221.0659,19.61
5715,40.0,0.3,145.0,39.976,0.3,144.83,436580.4,218.2902,19.42
5716,40.0,0.3,150.0,39.976,0.3,149.83,431274.39999999997,215.6372,19.18
5717,40.0,0.3,155.0,39.977,0.3,154.83,426945.0,213.4725,19.09
5718,40.0,0.3,160.0,39.977,0.3,159.86,423293.0,211.6465,19.05
5719,40.0,0.3,165.0,39.979,0.3,164.91,419569.2,209.7846,18.83
5720,40.0,0.3,170.0,39.98,0.3,169.97,416708.0,208.354,18.7
5721,40.0,0.3,175.0,39.978,0.3,175.04,414533.8,207.2669,18.64
5722,40.0,0.3,180.0,39.978,0.3,180.14,412718.4,206.3592,18.53
5735,40.0,0.5,0.0,39.984,0.5,0.09,349279.6,174.6398,17.19
5736,40.0,0.5,5.0,39.986,0.5,5.09,349152.39999999997,174.5762,17.13
5737,40.0,0.5,10.0,39.978,0.5,10.11,349525.8,174.7629,17.08
5738,40.0,0.5,15.0,39.986,0.5,15.13,350339.19999999995,175.1696,17.0
5739,40.0,0.5,20.0,39.987,0.5,20.14,351293.0,175.6465,16.78
5740,40.0,0.5,25.0,39.986,0.5,25.15,353282.6,176.6413,16.67
5741,40.0,0.5,30.0,39.986,0.5,30.13,355548.2,177.7741,16.48
5742,40.0,0.5,35.0,39.985,0.5,35.11,359064.19999999995,179.5321,16.4
5743,40.0,0.5,40.0,39.986,0.5,40.09,362949.0,181.4745,16.18
5744,40.0,0.5,45.0,39.984,0.5,45.03,367964.0,183.982,16.02
5745,40.0,0.5,50.0,39.981,0.5,49.99,374325.2,187.1626,15.93
5746,40.0,0.5,55.0,39.982,0.5,54.95,381824.8,190.9124,15.84
5747,40.0,0.5,60.0,39.984,0.5,59.93,391495.4,195.7477,15.98
5748,40.0,0.5,65.0,39.982,0.5,64.94,402034.4,201.0172,16.13
5749,40.0,0.5,70.0,39.982,0.5,69.94,413803.39999999997,206.9017,16.41
5750,40.0,0.5,75.0,39.978,0.5,74.97,426261.80000000005,213.1309,16.82
5751,40.0,0.5,77.0,39.977,0.5,76.97,430722.99999999994,215.3615,16.95
5752,40.0,0.5,79.0,39.978,0.5,79.02,435479.0,217.7395,17.12
5753,40.0,0.5,81.0,39.978,0.5,81.05,440501.4,220.2507,17.44
5754,40.0,0.5,83.0,39.977,0.5,83.04,444541.8,222.2709,17.6
5755,40.0,0.5,85.0,39.978,0.5,85.1,448266.8,224.1334,17.76
5756,40.0,0.5,86.0,39.975,0.5,86.12,450201.0,225.1005,17.9
5757,40.0,0.5,87.0,39.976,0.5,87.13,451406.4,225.7032,17.89
5758,40.0,0.5,88.0,39.975,0.5,88.12,453952.80000000005,226.9764,18.25
5759,40.0,0.5,89.0,39.977,0.5,89.14,455263.60000000003,227.6318,18.32
5760,40.0,0.5,90.0,39.976,0.5,90.17,456432.0,228.216,18.39
5761,40.0,0.5,91.0,39.976,0.5,91.2,457627.6,228.8138,18.49
5762,40.0,0.5,92.0,39.975,0.5,92.22,458675.39999999997,229.3377,18.61
5763,40.0,0.5,93.0,39.974,0.5,93.2,459584.8,229.7924,18.71
5764,40.0,0.5,94.0,39.975,0.5,94.2,459938.4,229.9692,18.71
5765,40.0,0.5,95.0,39.976,0.5,95.23,460937.60000000003,230.4688,18.89
5766,40.0,0.5,97.0,39.976,0.5,97.25,461149.0,230.5745,18.96
5767,40.0,0.5,99.0,39.975,0.5,99.23,461024.60000000003,230.5123,19.12
5768,40.0,0.5,101.0,39.976,0.5,101.27,460115.80000000005,230.0579,19.21
5769,40.0,0.5,103.0,39.976,0.5,103.28,458659.0,229.3295,19.26
5770,40.0,0.5,105.0,39.975,0.5,105.24,456162.8,228.0814,19.17
5771,40.0,0.5,110.0,39.975,0.5,110.19,447929.39999999997,223.9647,18.96
5772,40.0,0.5,115.0,39.977,0.5,115.15,437324.79999999993,218.6624,18.63
5773,40.0,0.5,120.0,39.978,0.5,120.1,425663.19999999995,212.8316,18.3
5774,40.0,0.5,125.0,39.979,0.5,125.03,413974.60000000003,206.9873,17.98
5775,40.0,0.5,130.0,39.978,0.5,129.96,403133.80000000005,201.5669,17.77
5776,40.0,0.5,135.0,39.982,0.5,134.89,393031.6,196.5158,17.56
5777,40.0,0.5,140.0,39.982,0.5,139.84,384342.0,192.171,17.46
5778,40.0,0.5,145.0,39.981,0.5,144.81,377092.4,188.5462,17.44
5779,40.0,0.5,150.0,39.983,0.5,149.82,370872.8,185.4364,17.42
5780,40.0,0.5,155.0,39.983,0.5,154.84,365574.0,182.787,17.39
5781,40.0,0.5,160.0,39.983,0.5,159.86,361464.60000000003,180.7323,17.44
5782,40.0,0.5,165.0,39.983,0.5,164.92,357814.19999999995,178.9071,17.4
5783,40.0,0.5,170.0,39.985,0.5,169.97,354756.80000000005,177.3784,17.34
5784,40.0,0.5,175.0,39.984,0.5,175.03,352448.39999999997,176.2242,17.33
5785,40.0,0.5,180.0,39.984,0.5,180.12,350584.0,175.292,17.25
5798,40.0,0.7,0.0,39.986,0.7,0.12,307022.2,153.5111,16.83
5799,40.0,0.7,5.0,39.985,0.7,5.1,306924.8,153.4624,16.76
5800,40.0,0.7,10.0,39.983,0.7,10.11,307345.0,153.6725,16.76
5801,40.0,0.7,15.0,39.987,0.7,15.13,307715.2,153.8576,16.65
5802,40.0,0.7,20.0,39.988,0.7,20.13,308248.2,154.1241,16.45
5803,40.0,0.7,25.0,39.989,0.7,25.14,309412.39999999997,154.7062,16.27
5804,40.0,0.7,30.0,39.987,0.7,30.13,310914.39999999997,155.4572,16.05
5805,40.0,0.7,35.0,39.987,0.7,35.11,312617.0,156.3085,15.66
5806,40.0,0.7,40.0,39.989,0.7,40.08,315555.4,157.7777,15.38
5807,40.0,0.7,45.0,39.987,0.7,45.04,319051.4,159.5257,14.98
5808,40.0,0.7,50.0,39.987,0.7,50.0,325403.8,162.7019,14.93
5809,40.0,0.7,55.0,39.987,0.7,54.98,332291.8,166.1459,14.67
5810,40.0,0.7,60.0,39.983,0.7,59.95,340956.80000000005,170.4784,14.43
5811,40.0,0.7,65.0,39.984,0.7,64.95,352772.0,176.386,14.39
5812,40.0,0.7,70.0,39.983,0.7,69.96,367765.2,183.8826,14.59
5813,40.0,0.7,75.0,39.984,0.7,74.97,384847.2,192.4236,14.9
5814,40.0,0.7,77.0,39.981,0.7,76.98,391879.39999999997,195.9397,15.04
5815,40.0,0.7,79.0,39.982,0.7,79.01,399340.8,199.6704,15.24
5816,40.0,0.7,81.0,39.983,0.7,81.05,406817.0,203.4085,15.49
5817,40.0,0.7,83.0,39.982,0.7,83.03,414487.2,207.2436,15.88
5818,40.0,0.7,85.0,39.978,0.7,85.08,421426.4,210.7132,16.17
5819,40.0,0.7,86.0,39.977,0.7,86.1,424689.99999999994,212.345,16.33
5820,40.0,0.7,87.0,39.979,0.7,87.11,428032.6,214.0163,16.56
5821,40.0,0.7,88.0,39.977,0.7,88.1,430280.19999999995,215.1401,16.61
5822,40.0,0.7,89.0,39.977,0.7,89.12,433054.8,216.5274,16.81
5823,40.0,0.7,90.0,39.977,0.7,90.15,436021.8,218.0109,17.09
5824,40.0,0.7,91.0,39.978,0.7,91.16,437754.8,218.8774,17.19
5825,40.0,0.7,92.0,39.978,0.7,92.18,439441.39999999997,219.7207,17.33
5826,40.0,0.7,93.0,39.977,0.7,93.17,441291.60000000003,220.6458,17.55
5827,40.0,0.7,94.0,39.977,0.7,94.16,442508.60000000003,221.2543,17.69
5828,40.0,0.7,95.0,39.977,0.7,95.18,443236.6,221.6183,17.8
5829,40.0,0.7,97.0,39.978,0.7,97.21,443117.60000000003,221.5588,17.86
5830,40.0,0.7,99.0,39.978,0.7,99.19,442049.2,221.0246,17.99
5831,40.0,0.7,101.0,39.977,0.7,101.22,439093.6,219.5468,17.87
5832,40.0,0.7,103.0,39.978,0.7,103.23,435462.0,217.731,17.87
5833,40.0,0.7,105.0,39.979,0.7,105.18,431093.8,215.5469,17.87
5834,40.0,0.7,110.0,39.978,0.7,110.14,415905.19999999995,207.9526,17.47
5835,40.0,0.7,115.0,39.98,0.7,115.11,398445.0,199.2225,16.99
5836,40.0,0.7,120.0,39.982,0.7,120.05,381607.4,190.8037,16.63
5837,40.0,0.7,125.0,39.981,0.7,124.99,366859.4,183.4297,16.45
5838,40.0,0.7,130.0,39.981,0.7,129.93,354846.0,177.423,16.47
5839,40.0,0.7,135.0,39.985,0.7,134.87,344368.8,172.1844,16.4
5840,40.0,0.7,140.0,39.985,0.7,139.83,336199.2,168.0996,16.48
5841,40.0,0.7,145.0,39.984,0.7,144.81,329311.0,164.6555,16.51
5842,40.0,0.7,150.0,39.985,0.7,149.82,324570.2,162.2851,16.79
5843,40.0,0.7,155.0,39.984,0.7,154.84,320451.4,160.2257,16.93
5844,40.0,0.7,160.0,39.985,0.7,159.87,316570.0,158.285,16.87
5845,40.0,0.7,165.0,39.986,0.7,164.92,314056.0,157.028,16.99
5846,40.0,0.7,170.0,39.988,0.7,169.98,312092.4,156.0462,17.12
5847,40.0,0.7,175.0,39.989,0.7,175.03,310172.60000000003,155.0863,17.1
5848,40.0,0.7,180.0,39.986,0.7,180.11,308069.8,154.0349,16.88
5861,40.0,1.0,0.0,39.989,1.0,0.12,267507.4,133.7537,17.01
5862,40.0,1.0,5.0,39.99,1.0,5.1,267553.4,133.7767,16.98
5863,40.0,1.0,10.0,39.986,1.0,10.09,267124.4,133.5622,16.71
5864,40.0,1.0,15.0,39.992,1.0,15.1,267097.4,133.5487,16.55
5865,40.0,1.0,20.0,39.989,1.0,20.1,267502.6,133.7513,16.46
5866,40.0,1.0,25.0,39.989,1.0,25.11,267922.4,133.9612,16.3
5867,40.0,1.0,30.0,39.99,1.0,30.11,268229.2,134.1146,15.94
5868,40.0,1.0,35.0,39.991,1.0,35.1,269129.6,134.5648,15.57
5869,40.0,1.0,40.0,39.988,1.0,40.09,271070.8,135.5354,15.3
5870,40.0,1.0,45.0,39.99,1.0,45.06,273758.39999999997,136.8792,14.98
5871,40.0,1.0,50.0,39.991,1.0,50.04,277409.6,138.7048,14.62
5872,40.0,1.0,55.0,39.989,1.0,55.02,282632.8,141.3164,14.32
5873,40.0,1.0,60.0,39.99,1.0,60.02,289311.6,144.6558,13.87
5874,40.0,1.0,65.0,39.988,1.0,65.01,298048.39999999997,149.0242,13.32
5875,40.0,1.0,70.0,39.987,1.0,70.01,311967.6,155.9838,13.13
5876,40.0,1.0,75.0,39.987,1.0,75.01,330825.0,165.4125,13.1
5877,40.0,1.0,77.0,39.986,1.0,77.0,339764.60000000003,169.8823,13.14
5878,40.0,1.0,79.0,39.983,1.0,79.03,350235.80000000005,175.1179,13.33
5879,40.0,1.0,81.0,39.983,1.0,81.06,361959.6,180.9798,13.65
5880,40.0,1.0,83.0,39.983,1.0,83.04,373561.0,186.7805,14.0
5881,40.0,1.0,85.0,39.983,1.0,85.07,385784.8,192.8924,14.48
5882,40.0,1.0,86.0,39.98,1.0,86.08,390918.8,195.4594,14.63
5883,40.0,1.0,87.0,39.98,1.0,87.09,396690.0,198.345,14.92
5884,40.0,1.0,88.0,39.98,1.0,88.07,401990.6,200.9953,15.24
5885,40.0,1.0,89.0,39.98,1.0,89.08,406788.2,203.3941,15.48
5886,40.0,1.0,90.0,39.982,1.0,90.11,411081.00000000006,205.5405,15.76
5887,40.0,1.0,91.0,39.979,1.0,91.12,415196.20000000007,207.5981,16.08
5888,40.0,1.0,92.0,39.978,1.0,92.13,417791.0,208.8955,16.24
5889,40.0,1.0,93.0,39.979,1.0,93.11,420034.8,210.0174,16.46
5890,40.0,1.0,94.0,39.979,1.0,94.1,421563.60000000003,210.7818,16.65
5891,40.0,1.0,95.0,39.977,1.0,95.11,422297.19999999995,211.1486,16.76
5892,40.0,1.0,97.0,39.976,1.0,97.14,421330.4,210.6652,16.95
5893,40.0,1.0,99.0,39.98,1.0,99.11,416529.8,208.2649,16.77
5894,40.0,1.0,101.0,39.98,1.0,101.13,410364.99999999994,205.1825,16.74
5895,40.0,1.0,103.0,39.982,1.0,103.14,401235.60000000003,200.6178,16.4
5896,40.0,1.0,105.0,39.982,1.0,105.09,391684.4,195.8422,16.15
5897,40.0,1.0,110.0,39.984,1.0,110.06,366508.80000000005,183.2544,15.68
5898,40.0,1.0,115.0,39.983,1.0,115.03,343604.8,171.8024,15.44
5899,40.0,1.0,120.0,39.985,1.0,119.99,324982.6,162.4913,15.31
5900,40.0,1.0,125.0,39.987,1.0,124.94,310709.0,155.3545,15.38
5901,40.0,1.0,130.0,39.987,1.0,129.89,300106.80000000005,150.0534,15.62
5902,40.0,1.0,135.0,39.988,1.0,134.86,292062.0,146.031,15.83
5903,40.0,1.0,140.0,39.99,1.0,139.84,286207.8,143.1039,16.11
5904,40.0,1.0,145.0,39.986,1.0,144.85,281463.4,140.7317,16.29
5905,40.0,1.0,150.0,39.987,1.0,149.86,278012.0,139.006,16.5
5906,40.0,1.0,155.0,39.989,1.0,154.89,275399.60000000003,137.6998,16.65
5907,40.0,1.0,160.0,39.986,1.0,159.92,273366.19999999995,136.6831,16.79
5908,40.0,1.0,165.0,39.988,1.0,164.96,271418.19999999995,135.7091,16.79
5909,40.0,1.0,170.0,39.989,1.0,170.01,270366.8,135.1834,16.97
5910,40.0,1.0,175.0,39.988,1.0,175.05,268906.0,134.453,16.91
5911,40.0,1.0,180.0,39.992,1.0,180.1,267729.6,133.8648,16.87
5924,40.0,1.5,0.0,39.989,1.5,0.13,227010.0,113.505,16.86
5925,40.0,1.5,5.0,39.992,1.5,5.06,227388.4,113.6942,16.99
5926,40.0,1.5,10.0,39.991,1.5,10.04,226823.99999999997,113.412,16.74
5927,40.0,1.5,15.0,39.992,1.5,15.02,227055.8,113.5279,16.78
5928,40.0,1.5,20.0,39.99,1.5,20.02,226536.8,113.2684,16.52
5929,40.0,1.5,25.0,39.995,1.5,25.02,226005.2,113.0026,16.19
5930,40.0,1.5,30.0,39.989,1.5,30.04,226013.8,113.0069,15.94
5931,40.0,1.5,35.0,39.992,1.5,35.05,226893.40000000002,113.4467,15.81
5932,40.0,1.5,40.0,39.992,1.5,40.07,227769.8,113.8849,15.43
5933,40.0,1.5,45.0,39.993,1.5,45.08,229004.0,114.502,14.94
5934,40.0,1.5,50.0,39.993,1.5,50.1,231600.19999999998,115.8001,14.61
5935,40.0,1.5,55.0,39.991,1.5,55.12,235439.0,117.7195,14.3
5936,40.0,1.5,60.0,39.992,1.5,60.14,239771.0,119.8855,13.75
5937,40.0,1.5,65.0,39.991,1.5,65.14,246067.6,123.0338,13.21
5938,40.0,1.5,70.0,39.991,1.5,70.14,254519.4,127.2597,12.55
5939,40.0,1.5,75.0,39.99,1.5,75.12,268399.0,134.1995,11.93
5940,40.0,1.5,77.0,39.989,1.5,77.09,276327.2,138.1636,11.73
5941,40.0,1.5,79.0,39.987,1.5,79.1,286859.6,143.4298,11.66
5942,40.0,1.5,81.0,39.986,1.5,81.1,300519.0,150.2595,11.78
5943,40.0,1.5,83.0,39.985,1.5,83.06,316214.8,158.1074,12.0
5944,40.0,1.5,85.0,39.985,1.5,85.07,335090.0,167.545,12.49
5945,40.0,1.5,86.0,39.985,1.5,86.07,344462.2,172.2311,12.73
5946,40.0,1.5,87.0,39.984,1.5,87.06,354617.8,177.3089,13.14
5947,40.0,1.5,88.0,39.981,1.5,88.03,364163.2,182.0816,13.56
5948,40.0,1.5,89.0,39.983,1.5,89.03,373186.6,186.5933,13.98
5949,40.0,1.5,90.0,39.981,1.5,90.04,381505.2,190.7526,14.46
5950,40.0,1.5,91.0,39.982,1.5,91.04,388248.39999999997,194.1242,14.88
5951,40.0,1.5,92.0,39.981,1.5,92.04,392565.0,196.2825,15.1
5952,40.0,1.5,93.0,39.98,1.5,93.01,395365.4,197.6827,15.33
5953,40.0,1.5,94.0,39.98,1.5,93.99,396869.0,198.4345,15.58
5954,40.0,1.5,95.0,39.979,1.5,95.0,396080.0,198.04,15.67
5955,40.0,1.5,97.0,39.983,1.5,97.0,388801.2,194.4006,15.52
5956,40.0,1.5,99.0,39.98,1.5,98.96,376152.6,188.0763,15.11
5957,40.0,1.5,101.0,39.982,1.5,100.97,360040.0,180.02,14.62
5958,40.0,1.5,103.0,39.986,1.5,102.97,344398.39999999997,172.1992,14.39
5959,40.0,1.5,105.0,39.986,1.5,104.92,328774.8,164.3874,14.03
5960,40.0,1.5,110.0,39.989,1.5,109.88,298995.60000000003,149.4978,14.05
5961,40.0,1.5,115.0,39.989,1.5,114.87,278092.6,139.0463,14.3
5962,40.0,1.5,120.0,39.992,1.5,119.87,264303.4,132.1517,14.76
5963,40.0,1.5,125.0,39.992,1.5,124.88,254146.59999999998,127.0733,15.06
5964,40.0,1.5,130.0,39.992,1.5,129.9,246868.80000000002,123.4344,15.45
5965,40.0,1.5,135.0,39.99,1.5,134.92,240920.40000000002,120.4602,15.59
5966,40.0,1.5,140.0,39.991,1.5,139.96,236669.0,118.3345,15.81
5967,40.0,1.5,145.0,39.992,1.5,145.0,233671.59999999998,116.8358,16.01
5968,40.0,1.5,150.0,39.995,1.5,150.05,232420.40000000002,116.2102,16.5
5969,40.0,1.5,155.0,39.988,1.5,155.09,230805.2,115.4026,16.61
5970,40.0,1.5,160.0,39.99,1.5,160.11,230049.2,115.0246,16.78
5971,40.0,1.5,165.0,39.99,1.5,165.12,229744.0,114.872,17.06
5972,40.0,1.5,170.0,39.99,1.5,170.11,228894.59999999998,114.4473,17.01
5973,40.0,1.5,175.0,39.99,1.5,175.09,228140.2,114.0701,16.96
5974,40.0,1.5,180.0,39.989,1.5,180.07,227416.40000000002,113.7082,16.93
5987,40.0,2.0,0.0,39.992,2.0,0.13,202881.4,101.4407,17.2
5988,40.0,2.0,5.0,39.992,2.0,5.04,202895.80000000002,101.4479,17.19
5989,40.0,2.0,10.0,39.993,2.0,9.99,202410.0,101.205,17.0
5990,40.0,2.0,15.0,39.995,2.0,14.96,202332.4,101.1662,17.04
5991,40.0,2.0,20.0,39.993,2.0,19.94,201398.4,100.6992,16.66
5992,40.0,2.0,25.0,39.995,2.0,24.95,201009.8,100.5049,16.45
5993,40.0,2.0,30.0,39.989,2.0,29.98,200775.0,100.3875,16.21
5994,40.0,2.0,35.0,39.995,2.0,35.01,201094.80000000002,100.5474,15.99
5995,40.0,2.0,40.0,39.998,2.0,40.06,201423.0,100.7115,15.53
5996,40.0,2.0,45.0,39.995,2.0,45.1,202499.4,101.2497,15.12
5997,40.0,2.0,50.0,39.994,2.0,50.14,204649.6,102.3248,14.87
5998,40.0,2.0,55.0,39.994,2.0,55.18,206694.2,103.3471,14.25
5999,40.0,2.0,60.0,39.993,2.0,60.22,210470.2,105.2351,13.84
6000,40.0,2.0,65.0,39.993,2.0,65.24,214481.59999999998,107.2408,13.1
6001,40.0,2.0,70.0,39.994,2.0,70.24,221398.59999999998,110.6993,12.56
6002,40.0,2.0,75.0,39.993,2.0,75.2,230808.80000000002,115.4044,11.71
6003,40.0,2.0,77.0,39.991,2.0,77.16,236172.2,118.0861,11.33
6004,40.0,2.0,79.0,39.99,2.0,79.15,243934.4,121.9672,10.99
6005,40.0,2.0,81.0,39.991,2.0,81.14,254924.2,127.4621,10.75
6006,40.0,2.0,83.0,39.989,2.0,83.08,270347.4,135.1737,10.72
6007,40.0,2.0,85.0,39.987,2.0,85.07,292767.6,146.3838,11.11
6008,40.0,2.0,86.0,39.985,2.0,86.06,305552.2,152.7761,11.41
6009,40.0,2.0,87.0,39.985,2.0,87.04,319156.2,159.5781,11.8
6010,40.0,2.0,88.0,39.984,2.0,88.0,334359.6,167.1798,12.48
6011,40.0,2.0,89.0,39.983,2.0,88.98,347057.6,173.5288,12.91
6012,40.0,2.0,90.0,39.983,2.0,89.99,359174.60000000003,179.5873,13.47
6013,40.0,2.0,91.0,39.981,2.0,90.98,369034.6,184.5173,14.01
6014,40.0,2.0,92.0,39.98,2.0,91.96,375614.8,187.8074,14.45
6015,40.0,2.0,93.0,39.981,2.0,92.93,378605.6,189.3028,14.72
6016,40.0,2.0,94.0,39.981,2.0,93.9,377403.0,188.7015,14.73
6017,40.0,2.0,95.0,39.982,2.0,94.9,372563.2,186.2816,14.53
6018,40.0,2.0,97.0,39.984,2.0,96.89,356530.0,178.265,14.12
6019,40.0,2.0,99.0,39.984,2.0,98.84,335502.2,167.7511,13.59
6020,40.0,2.0,101.0,39.986,2.0,100.85,314062.2,157.0311,13.23
6021,40.0,2.0,103.0,39.987,2.0,102.84,294663.4,147.3317,12.93
6022,40.0,2.0,105.0,39.989,2.0,104.78,281012.8,140.5064,13.21
6023,40.0,2.0,110.0,39.991,2.0,109.76,255473.4,127.7367,13.74
6024,40.0,2.0,115.0,39.992,2.0,114.78,238419.2,119.2096,13.99
6025,40.0,2.0,120.0,39.993,2.0,119.81,227873.2,113.9366,14.51
6026,40.0,2.0,125.0,39.994,2.0,124.87,220154.19999999998,110.0771,14.93
6027,40.0,2.0,130.0,39.992,2.0,129.94,214331.19999999998,107.1656,15.25
6028,40.0,2.0,135.0,39.993,2.0,135.01,210569.59999999998,105.2848,15.74
6029,40.0,2.0,140.0,39.993,2.0,140.08,207423.59999999998,103.7118,15.91
6030,40.0,2.0,145.0,39.992,2.0,145.16,205955.40000000002,102.9777,16.44
6031,40.0,2.0,150.0,39.991,2.0,150.23,203954.40000000002,101.9772,16.34
6032,40.0,2.0,155.0,39.992,2.0,155.27,203685.0,101.8425,16.73
6033,40.0,2.0,160.0,39.994,2.0,160.27,203654.6,101.8273,16.99
6034,40.0,2.0,165.0,39.992,2.0,165.26,203613.4,101.8067,17.13
6035,40.0,2.0,170.0,39.995,2.0,170.21,203813.2,101.9066,17.32
6036,40.0,2.0,175.0,39.992,2.0,175.12,203601.4,101.8007,17.31
6037,40.0,2.0,180.0,39.992,2.0,180.05,203295.80000000002,101.6479,17.3
6050,40.0,3.0,0.0,39.993,3.0,0.11,172232.8,86.1164,17.26
6051,40.0,3.0,5.0,39.994,3.0,5.01,172560.8,86.2804,17.4
6052,40.0,3.0,10.0,39.996,3.0,9.94,172303.19999999998,86.1516,17.35
6053,40.0,3.0,15.0,39.995,3.0,14.9,171853.19999999998,85.9266,17.27
6054,40.0,3.0,20.0,39.995,3.0,19.89,170990.6,85.4953,16.97
6055,40.0,3.0,25.0,39.996,3.0,24.9,170221.59999999998,85.1108,16.64
6056,40.0,3.0,30.0,39.993,3.0,29.94,170267.6,85.1338,16.55
6057,40.0,3.0,35.0,39.996,3.0,34.99,170403.19999999998,85.2016,16.34
6058,40.0,3.0,40.0,39.994,3.0,40.05,170392.2,85.1961,15.81
6059,40.0,3.0,45.0,39.997,3.0,45.1,171581.6,85.7908,15.66
6060,40.0,3.0,50.0,39.996,3.0,50.16,172475.80000000002,86.2379,15.13
6061,40.0,3.0,55.0,39.996,3.0,55.21,174304.0,87.152,14.75
6062,40.0,3.0,60.0,39.995,3.0,60.26,176480.0,88.24,14.25
6063,40.0,3.0,65.0,39.995,3.0,65.29,178800.80000000002,89.4004,13.46
6064,40.0,3.0,70.0,39.994,3.0,70.28,182625.80000000002,91.3129,12.75
6065,40.0,3.0,75.0,39.995,3.0,75.23,187067.80000000002,93.5339,11.62
6066,40.0,3.0,77.0,39.991,3.0,77.19,190460.8,95.2304,11.27
6067,40.0,3.0,79.0,39.992,3.0,79.16,194292.2,97.1461,10.71
6068,40.0,3.0,81.0,39.993,3.0,81.14,201134.2,100.5671,10.28
6069,40.0,3.0,83.0,39.992,3.0,83.07,211516.0,105.758,9.86
6070,40.0,3.0,85.0,39.989,3.0,85.04,230268.40000000002,115.1342,9.67
6071,40.0,3.0,86.0,39.989,3.0,86.02,243978.00000000003,121.989,9.73
6072,40.0,3.0,87.0,39.987,3.0,87.0,261444.2,130.7221,10.02
6073,40.0,3.0,88.0,39.987,3.0,87.94,282035.0,141.0175,10.56
6074,40.0,3.0,89.0,39.988,3.0,88.91,304048.0,152.024,11.24
6075,40.0,3.0,90.0,39.983,3.0,89.89,326546.6,163.2733,12.14
6076,40.0,3.0,91.0,39.982,3.0,90.88,343576.0,171.788,13.0
6077,40.0,3.0,92.0,39.979,3.0,91.86,353520.0,176.76,13.67
6078,40.0,3.0,93.0,39.981,3.0,92.82,351501.4,175.7507,13.46
6079,40.0,3.0,94.0,39.98,3.0,93.79,344406.2,172.2031,13.38
6080,40.0,3.0,95.0,39.981,3.0,94.78,329664.0,164.832,12.81
6081,40.0,3.0,97.0,39.982,3.0,96.75,295561.8,147.7809,12.03
6082,40.0,3.0,99.0,39.988,3.0,98.69,266753.6,133.3768,11.73
6083,40.0,3.0,101.0,39.99,3.0,100.7,245713.4,122.8567,11.9
6084,40.0,3.0,103.0,39.99,3.0,102.7,230873.0,115.4365,12.2
6085,40.0,3.0,105.0,39.99,3.0,104.64,220455.2,110.2276,12.54
6086,40.0,3.0,110.0,39.992,3.0,109.63,203570.2,101.7851,13.39
6087,40.0,3.0,115.0,39.994,3.0,114.68,192829.0,96.4145,14.0
6088,40.0,3.0,120.0,39.995,3.0,119.75,185738.4,92.8692,14.57
6089,40.0,3.0,125.0,39.994,3.0,124.84,181074.0,90.537,15.16
6090,40.0,3.0,130.0,39.995,3.0,129.94,176949.6,88.4748,15.4
6091,40.0,3.0,135.0,39.997,3.0,135.03,174943.4,87.4717,16.05
6092,40.0,3.0,140.0,39.994,3.0,140.13,171696.80000000002,85.8484,15.7
6093,40.0,3.0,145.0,39.996,3.0,145.24,171426.0,85.713,16.39
6094,40.0,3.0,150.0,39.994,3.0,150.32,170677.6,85.3388,16.54
6095,40.0,3.0,155.0,39.994,3.0,155.36,170645.4,85.3227,16.75
6096,40.0,3.0,160.0,39.995,3.0,160.37,171099.0,85.5495,17.05
6097,40.0,3.0,165.0,39.998,3.0,165.35,172304.8,86.1524,17.56
6098,40.0,3.0,170.0,39.995,3.0,170.28,171673.4,85.8367,17.07
6099,40.0,3.0,175.0,39.997,3.0,175.15,172248.80000000002,86.1244,17.23
6100,40.0,3.0,180.0,39.99,3.0,180.03,171472.0,85.736,16.76
6113,40.0,5.0,0.0,39.995,5.0,0.08,137566.2,68.7831,17.14
6114,40.0,5.0,5.0,39.995,5.0,4.97,138220.59999999998,69.1103,17.49
6115,40.0,5.0,10.0,39.994,5.0,9.91,137562.4,68.7812,17.21
6116,40.0,5.0,15.0,39.995,5.0,14.89,137059.2,68.5296,17.1
6117,40.0,5.0,20.0,39.995,5.0,19.9,136596.59999999998,68.2983,16.91
6118,40.0,5.0,25.0,39.995,5.0,24.92,136521.4,68.2607,16.79
6119,40.0,5.0,30.0,39.995,5.0,29.97,136675.0,68.3375,16.67
6120,40.0,5.0,35.0,39.995,5.0,35.01,137107.4,68.5537,16.47
6121,40.0,5.0,40.0,39.994,5.0,40.06,137968.6,68.9843,16.35
6122,40.0,5.0,45.0,39.996,5.0,45.11,138859.4,69.4297,16.03
6123,40.0,5.0,50.0,39.995,5.0,50.14,140091.4,70.0457,15.76
6124,40.0,5.0,55.0,39.995,5.0,55.18,141407.6,70.7038,15.37
6125,40.0,5.0,60.0,39.995,5.0,60.22,142653.8,71.3269,14.82
6126,40.0,5.0,65.0,39.996,5.0,65.24,144199.0,72.0995,14.29
6127,40.0,5.0,70.0,39.997,5.0,70.22,144743.0,72.3715,13.18
6128,40.0,5.0,75.0,39.996,5.0,75.18,145777.4,72.8887,12.03
6129,40.0,5.0,77.0,39.995,5.0,77.11,146530.19999999998,73.2651,11.52
6130,40.0,5.0,79.0,39.995,5.0,79.09,147414.0,73.707,10.83
6131,40.0,5.0,81.0,39.994,5.0,81.07,149760.2,74.8801,10.17
6132,40.0,5.0,83.0,39.994,5.0,82.98,154642.0,77.321,9.56
6133,40.0,5.0,85.0,39.996,5.0,84.95,164864.6,82.4323,8.94
6134,40.0,5.0,86.0,39.991,5.0,85.93,174470.2,87.2351,8.74
6135,40.0,5.0,87.0,39.99,5.0,86.89,187742.4,93.8712,8.55
6136,40.0,5.0,88.0,39.991,5.0,87.83,208316.80000000002,104.1584,8.67
6137,40.0,5.0,89.0,39.989,5.0,88.79,238216.0,119.108,9.16
6138,40.0,5.0,90.0,39.986,5.0,89.76,278221.2,139.1106,10.39
6139,40.0,5.0,91.0,39.984,5.0,90.74,313799.8,156.8999,11.9
6140,40.0,5.0,92.0,39.982,5.0,91.71,327078.4,163.5392,12.69
6141,40.0,5.0,93.0,39.981,5.0,92.67,313181.80000000005,156.5909,12.12
6142,40.0,5.0,94.0,39.984,5.0,93.63,284330.4,142.1652,11.17
6143,40.0,5.0,95.0,39.984,5.0,94.62,253367.6,126.6838,10.42
6144,40.0,5.0,97.0,39.988,5.0,96.6,211857.2,105.9286,10.31
6145,40.0,5.0,99.0,39.992,5.0,98.54,188551.6,94.2758,10.57
6146,40.0,5.0,101.0,39.993,5.0,100.55,176696.59999999998,88.3483,11.32
6147,40.0,5.0,103.0,39.994,5.0,102.57,168441.6,84.2208,11.95
6148,40.0,5.0,105.0,39.995,5.0,104.53,163045.0,81.5225,12.44
6149,40.0,5.0,110.0,39.995,5.0,109.53,154271.0,77.1355,13.53
6150,40.0,5.0,115.0,39.996,5.0,114.6,148953.8,74.4769,14.42
6151,40.0,5.0,120.0,39.995,5.0,119.7,144655.8,72.3279,14.81
6152,40.0,5.0,125.0,39.996,5.0,124.8,141644.80000000002,70.8224,15.25
6153,40.0,5.0,130.0,39.995,5.0,129.9,139702.0,69.851,15.82
6154,40.0,5.0,135.0,39.998,5.0,134.99,137662.4,68.8312,15.97
6155,40.0,5.0,140.0,39.997,5.0,140.09,136360.6,68.1803,16.23
6156,40.0,5.0,145.0,39.995,5.0,145.19,135640.0,67.82,16.55
6157,40.0,5.0,150.0,39.995,5.0,150.26,135529.40000000002,67.7647,17.0
6158,40.0,5.0,155.0,39.995,5.0,155.32,134195.4,67.0977,16.3
6159,40.0,5.0,160.0,39.994,5.0,160.36,133057.8,66.5289,15.66
6160,40.0,5.0,165.0,39.995,5.0,165.35,136378.19999999998,68.1891,17.46
6161,40.0,5.0,170.0,39.993,5.0,170.27,135983.2,67.9916,16.68
6162,40.0,5.0,175.0,39.995,5.0,175.11,137931.19999999998,68.9656,17.48
6163,40.0,5.0,180.0,39.992,5.0,179.96,137596.2,68.7981,16.96
6176,40.0,7.0,0.0,39.995,7.0,0.04,113894.8,56.9474,16.53
6177,40.0,7.0,5.0,39.995,7.0,4.94,114363.20000000001,57.1816,16.68
6178,40.0,7.0,10.0,39.995,7.0,9.91,113843.4,56.9217,16.5
6179,40.0,7.0,15.0,39.998,7.0,14.91,113410.20000000001,56.7051,16.31
6180,40.0,7.0,20.0,39.993,7.0,19.92,113460.79999999999,56.7304,16.32
6181,40.0,7.0,25.0,39.997,7.0,24.95,113670.0,56.835,16.22
6182,40.0,7.0,30.0,39.997,7.0,29.99,114320.2,57.1601,16.15
6183,40.0,7.0,35.0,39.998,7.0,35.02,115067.0,57.5335,15.96
6184,40.0,7.0,40.0,39.997,7.0,40.07,116736.6,58.3683,16.13
6185,40.0,7.0,45.0,39.997,7.0,45.1,118149.6,59.0748,15.95
6186,40.0,7.0,50.0,39.995,7.0,50.12,120010.6,60.0053,15.87
6187,40.0,7.0,55.0,39.996,7.0,55.14,121667.4,60.8337,15.52
6188,40.0,7.0,60.0,39.995,7.0,60.15,123436.6,61.7183,15.21
6189,40.0,7.0,65.0,39.995,7.0,65.14,124677.8,62.3389,14.6
6190,40.0,7.0,70.0,39.993,7.0,70.12,125602.4,62.8012,13.92
6191,40.0,7.0,75.0,39.996,7.0,75.06,124873.0,62.4365,12.51
6192,40.0,7.0,77.0,39.995,7.0,77.0,124676.6,62.3383,11.98
6193,40.0,7.0,79.0,39.995,7.0,78.98,124443.59999999999,62.2218,11.25
6194,40.0,7.0,81.0,39.995,7.0,80.96,125056.8,62.5284,10.53
6195,40.0,7.0,83.0,39.997,7.0,82.87,126857.0,63.4285,9.69
6196,40.0,7.0,85.0,39.995,7.0,84.83,132924.6,66.4623,8.86
6197,40.0,7.0,86.0,39.995,7.0,85.81,139308.2,69.6541,8.52
6198,40.0,7.0,87.0,39.994,7.0,86.77,148758.0,74.379,8.18
6199,40.0,7.0,88.0,39.993,7.0,87.69,165011.8,82.5059,8.11
6200,40.0,7.0,89.0,39.992,7.0,88.66,191536.8,95.7684,8.25
6201,40.0,7.0,90.0,39.985,7.0,89.63,235815.6,117.9078,9.08
6202,40.0,7.0,91.0,39.983,7.0,90.6,288600.2,144.3001,10.77
6203,40.0,7.0,92.0,39.983,7.0,91.56,311004.8,155.5024,12.06
6204,40.0,7.0,93.0,39.981,7.0,92.51,280543.8,140.2719,10.82
6205,40.0,7.0,94.0,39.985,7.0,93.47,238377.59999999998,119.1888,9.86
6206,40.0,7.0,95.0,39.984,7.0,94.47,203365.2,101.6826,9.35
6207,40.0,7.0,97.0,39.989,7.0,96.45,166086.0,83.043,9.54
6208,40.0,7.0,99.0,39.996,7.0,98.4,150679.0,75.3395,10.4
6209,40.0,7.0,101.0,39.994,7.0,100.42,141612.8,70.8064,11.02
6210,40.0,7.0,103.0,39.996,7.0,102.44,136049.0,68.0245,11.56
6211,40.0,7.0,105.0,39.994,7.0,104.43,133389.0,66.6945,12.32
6212,40.0,7.0,110.0,39.996,7.0,109.44,128510.20000000001,64.2551,13.57
6213,40.0,7.0,115.0,39.997,7.0,114.51,125119.2,62.5596,14.46
6214,40.0,7.0,120.0,39.997,7.0,119.59,122161.6,61.0808,15.0
6215,40.0,7.0,125.0,39.996,7.0,124.69,120405.6,60.2028,15.78
6216,40.0,7.0,130.0,39.998,7.0,129.78,116989.4,58.4947,15.37
6217,40.0,7.0,135.0,39.998,7.0,134.88,115875.4,57.9377,16.05
6218,40.0,7.0,140.0,39.998,7.0,139.97,113619.4,56.8097,15.69
6219,40.0,7.0,145.0,39.997,7.0,145.05,112617.80000000002,56.3089,15.92
6220,40.0,7.0,150.0,39.997,7.0,150.13,111603.0,55.8015,15.91
6221,40.0,7.0,155.0,39.994,7.0,155.19,110389.4,55.1947,15.47
6222,40.0,7.0,160.0,39.995,7.0,160.24,111957.19999999998,55.9786,16.72
6223,40.0,7.0,165.0,39.997,7.0,165.25,111760.6,55.8803,16.31
6224,40.0,7.0,170.0,39.998,7.0,170.2,111629.6,55.8148,15.78
6225,40.0,7.0,175.0,39.998,7.0,175.05,112976.2,56.4881,16.15
6226,40.0,7.0,180.0,39.995,7.0,179.9,114606.8,57.3034,16.85
6239,40.0,8.0,0.0,39.999,8.0,0.05,103813.59999999999,51.9068,16.03
6240,40.0,8.0,5.0,39.999,8.0,4.97,104234.99999999999,52.1175,16.19
6241,40.0,8.0,10.0,39.998,8.0,9.95,103952.8,51.9764,16.14
6242,40.0,8.0,15.0,39.999,8.0,14.97,103638.79999999999,51.8194,15.98
6243,40.0,8.0,20.0,39.998,8.0,19.99,103747.2,51.8736,15.95
6244,40.0,8.0,25.0,40.0,8.0,25.01,104057.19999999998,52.0286,15.77
6245,40.0,8.0,30.0,39.998,8.0,30.05,104892.2,52.4461,15.75
6246,40.0,8.0,35.0,39.998,8.0,35.08,106317.4,53.1587,15.88
6247,40.0,8.0,40.0,39.998,8.0,40.11,107678.0,53.839,15.75
6248,40.0,8.0,45.0,39.997,8.0,45.12,109663.20000000001,54.8316,15.81
6249,40.0,8.0,50.0,39.997,8.0,50.13,111694.2,55.8471,15.7
6250,40.0,8.0,55.0,39.995,8.0,55.14,113729.40000000001,56.8647,15.51
6251,40.0,8.0,60.0,39.998,8.0,60.16,115677.2,57.8386,15.18
6252,40.0,8.0,65.0,39.996,8.0,65.15,117413.4,58.7067,14.8
6253,40.0,8.0,70.0,39.997,8.0,70.11,118155.0,59.0775,14.0
6254,40.0,8.0,75.0,39.996,8.0,75.04,117901.0,58.9505,12.89
6255,40.0,8.0,77.0,39.998,8.0,76.99,117372.0,58.686,12.25
6256,40.0,8.0,79.0,39.998,8.0,78.96,116596.4,58.2982,11.43
6257,40.0,8.0,81.0,39.997,8.0,80.95,116304.6,58.1523,10.58
6258,40.0,8.0,83.0,39.996,8.0,82.85,117128.2,58.5641,9.63
6259,40.0,8.0,85.0,39.996,8.0,84.82,121980.0,60.99,8.78
6260,40.0,8.0,86.0,39.994,8.0,85.8,127741.2,63.8706,8.45
6261,40.0,8.0,87.0,39.995,8.0,86.75,136567.2,68.2836,8.13
6262,40.0,8.0,88.0,39.995,8.0,87.68,150431.19999999998,75.2156,7.9
6263,40.0,8.0,89.0,39.992,8.0,88.64,175242.6,87.6213,7.95
6264,40.0,8.0,90.0,39.99,8.0,89.61,217754.19999999998,108.8771,8.5
6265,40.0,8.0,91.0,39.989,8.0,90.58,280014.60000000003,140.0073,10.51
6266,40.0,8.0,92.0,39.978,8.0,91.53,303129.6,151.5648,11.61
6267,40.0,8.0,93.0,39.979,8.0,92.49,266936.6,133.4683,10.52
6268,40.0,8.0,94.0,39.984,8.0,93.46,218586.4,109.2932,9.41
6269,40.0,8.0,95.0,39.987,8.0,94.46,184248.0,92.124,8.98
6270,40.0,8.0,97.0,39.989,8.0,96.44,150981.6,75.4908,9.43
6271,40.0,8.0,99.0,39.995,8.0,98.4,136558.2,68.2791,10.13
6272,40.0,8.0,101.0,39.995,8.0,100.41,129616.4,64.8082,10.96
6273,40.0,8.0,103.0,39.996,8.0,102.44,126306.6,63.1533,11.9
6274,40.0,8.0,105.0,39.995,8.0,104.41,123308.8,61.6544,12.37
6275,40.0,8.0,110.0,39.995,8.0,109.44,119833.99999999999,59.917,13.79
6276,40.0,8.0,115.0,39.999,8.0,114.51,116538.20000000001,58.2691,14.49
6277,40.0,8.0,120.0,39.998,8.0,119.59,113992.0,56.996,15.13
6278,40.0,8.0,125.0,39.997,8.0,124.68,111260.79999999999,55.6304,15.44
6279,40.0,8.0,130.0,39.997,8.0,129.77,108787.40000000001,54.3937,15.51
6280,40.0,8.0,135.0,39.998,8.0,134.85,106588.4,53.2942,15.59
6281,40.0,8.0,140.0,39.997,8.0,139.94,104900.2,52.4501,15.74
6282,40.0,8.0,145.0,39.998,8.0,145.01,103094.59999999999,51.5473,15.55
6283,40.0,8.0,150.0,39.999,8.0,150.08,101736.0,50.868,15.27
6284,40.0,8.0,155.0,39.995,8.0,155.14,102158.4,51.0792,16.19
6285,40.0,8.0,160.0,39.998,8.0,160.2,101107.2,50.5536,15.51
6286,40.0,8.0,165.0,39.997,8.0,165.22,101678.0,50.839,15.86
6287,40.0,8.0,170.0,39.998,8.0,170.18,102021.2,51.0106,15.56
6288,40.0,8.0,175.0,39.998,8.0,175.05,103280.8,51.6404,15.9
6289,40.0,8.0,180.0,39.996,8.0,179.9,103616.2,51.8081,15.74
