source_row,nominal_temperature_k,nominal_field_t,nominal_angle_deg,temperature_k,applied_field_t,angle_from_normal_deg,ic_a_per_m,bridge_ic_a,n_value
800000,10.0,12.0,0.0,10.0,12.0,0.0,198248.83586556025,792.9953434622411,20.0
800001,10.0,12.0,2.0,10.0,12.0,2.0,197654.12396135612,790.6164958454245,20.0
800002,10.0,12.0,4.0,10.0,12.0,4.0,195919.63805330356,783.6785522132143,20.0
800003,10.0,12.0,6.0,10.0,12.0,6.0,193189.34842474424,772.757393698977,20.0
800004,10.0,12.0,8.0,10.0,12.0,8.0,189687.16091489972,758.7486436595989,20.0
800005,10.0,12.0,10.0,10.0,12.0,10.0,185694.73231314422,742.7789292525769,20.0
800006,10.0,12.0,12.0,10.0,12.0,12.0,181523.99232764452,726.0959693105781,20.0
800007,10.0,12.0,14.0,10.0,12.0,14.0,177487.52532566004,709.9501013026402,20.0
800008,10.0,12.0,16.0,10.0,12.0,16.0,173870.26737437802,695.4810694975121,20.0
800009,10.0,12.0,18.0,10.0,12.0,18.0,170905.85997334364,683.6234398933746,20.0
800010,10.0,12.0,20.0,10.0,12.0,20.0,168760.43582849947,675.0417433139979,20.0
800011,10.0,12.0,22.0,10.0,12.0,22.0,167525.6156156055,670.102462462422,20.0
800012,10.0,12.0,24.0,10.0,12.0,24.0,167221.16562127197,668.8846624850879,20.0
800013,10.0,12.0,26.0,10.0,12.0,26.0,167806.28784913107,671.2251513965243,20.0
800014,10.0,12.0,28.0,10.0,12.0,28.0,169197.1452733816,676.7885810935264,20.0
800015,10.0,12.0,30.0,10.0,12.0,30.0,171287.2594868348,685.1490379473393,20.0
800016,10.0,12.0,32.0,10.0,12.0,32.0,173967.11415216664,695.8684566086666,20.0
800017,10.0,12.0,34.0,10.0,12.0,34.0,177139.78626737016,708.5591450694807,20.0
800018,10.0,12.0,36.0,10.0,12.0,36.0,180730.63072774615,722.9225229109846,20.0
800019,10.0,12.0,38.0,10.0,12.0,38.0,184690.6495335941,738.7625981343765,20.0
800020,10.0,12.0,40.0,10.0,12.0,40.0,188994.7062276428,755.9788249105712,20.0
800021,10.0,12.0,42.0,10.0,12.0,42.0,193636.72107166683,774.5468842866674,20.0
800022,10.0,12.0,44.0,10.0,12.0,44.0,198624.13623578727,794.496544943149,20.0
800023,10.0,12.0,46.0,10.0,12.0,46.0,203973.35416807333,815.8934166722934,20.0
800024,10.0,12.0,48.0,10.0,12.0,48.0,209706.91455809397,838.8276582323758,20.0
800025,10.0,12.0,50.0,10.0,12.0,50.0,215852.3571042738,863.4094284170952,20.0
800026,10.0,12.0,52.0,10.0,12.0,52.0,222442.30592543524,889.769223701741,20.0
800027,10.0,12.0,54.0,10.0,12.0,54.0,229515.2938208586,918.0611752834345,20.0
800028,10.0,12.0,56.0,10.0,12.0,56.0,237117.01207073938,948.4680482829575,20.0
800029,10.0,12.0,58.0,10.0,12.0,58.0,245301.81949129808,981.2072779651924,20.0
800030,10.0,12.0,60.0,10.0,12.0,60.0,254134.381673938,1016.537526695752,20.0
800031,10.0,12.0,62.0,10.0,12.0,62.0,263691.2296673974,1054.7649186695896,20.0
800032,10.0,12.0,64.0,10.0,12.0,64.0,274061.8247012952,1096.2472988051807,20.0
800033,10.0,12.0,66.0,10.0,12.0,66.0,285348.3545417598,1141.3934181670393,20.0
800034,10.0,12.0,68.0,10.0,12.0,68.0,297662.89391037327,1190.651575641493,20.0
800035,10.0,12.0,70.0,10.0,12.0,70.0,311119.64583929454,1244.4785833571782,20.0
800036,10.0,12.0,72.0,10.0,12.0,72.0,325818.6926255213,1303.2747705020852,20.0
800037,10.0,12.0,74.0,10.0,12.0,74.0,341816.1662152834,1367.2646648611335,20.0
800038,10.0,12.0,76.0,10.0,12.0,76.0,359074.67761402985,1436.2987104561194,20.0
800039,10.0,12.0,78.0,10.0,12.0,78.0,377389.0498680244,1509.5561994720977,20.0
800040,10.0,12.0,80.0,10.0,12.0,80.0,396289.49991863855,1585.1579996745543,20.0
800041,10.0,12.0,82.0,10.0,12.0,82.0,414942.2789756783,1659.7691159027133,20.0
800042,10.0,12.0,84.0,10.0,12.0,84.0,432097.83333675534,1728.3913333470214,20.0
800043,10.0,12.0,86.0,10.0,12.0,86.0,446165.3780190835,1784.6615120763342,20.0
800044,10.0,12.0,88.0,10.0,12.0,88.0,455482.04936938797,1821.928197477552,20.0
800045,10.0,12.0,90.0,10.0,12.0,90.0,458752.1177204002,1835.008470881601,20.0
800046,10.0,12.0,92.0,10.0,12.0,92.0,455482.04936938797,1821.928197477552,20.0
800047,10.0,12.0,94.0,10.0,12.0,94.0,446165.3780190835,1784.6615120763342,20.0
800048,10.0,12.0,96.0,10.0,12.0,96.0,432097.83333675546,1728.3913333470218,20.0
800049,10.0,12.0,98.0,10.0,12.0,98.0,414942.27897567826,1659.769115902713,20.0
800050,10.0,12.0,100.0,10.0,12.0,100.0,396289.49991863855,1585.1579996745543,20.0
800051,10.0,12.0,102.0,10.0,12.0,102.0,377389.0498680244,1509.5561994720977,20.0
800052,10.0,12.0,104.0,10.0,12.0,104.0,359074.67761402985,1436.2987104561194,20.0
800053,10.0,12.0,106.0,10.0,12.0,106.0,341816.1662152834,1367.2646648611335,20.0
800054,10.0,12.0,108.0,10.0,12.0,108.0,325818.69262552133,1303.2747705020854,20.0
800055,10.0,12.0,110.0,10.0,12.0,110.0,311119.6458392946,1244.4785833571784,20.0
800056,10.0,12.0,112.0,10.0,12.0,112.0,297662.8939103733,1190.6515756414933,20.0
800057,10.0,12.0,114.0,10.0,12.0,114.0,285348.3545417599,1141.3934181670395,20.0
800058,10.0,12.0,116.0,10.0,12.0,116.0,274061.8247012951,1096.2472988051804,20.0
800059,10.0,12.0,118.0,10.0,12.0,118.0,263691.22966739733,1054.7649186695894,20.0
800060,10.0,12.0,120.0,10.0,12.0,120.0,254134.381673938,1016.537526695752,20.0
800061,10.0,12.0,122.0,10.0,12.0,122.0,245301.81949129808,981.2072779651924,20.0
800062,10.0,12.0,124.0,10.0,12.0,124.0,237117.01207073938,948.4680482829575,20.0
800063,10.0,12.0,126.0,10.0,12.0,126.0,229515.2938208586,918.0611752834345,20.0
800064,10.0,12.0,128.0,10.0,12.0,128.0,222442.3059254353,889.7692237017412,20.0
800065,10.0,12.0,130.0,10.0,12.0,130.0,215852.35710427386,863.4094284170955,20.0
800066,10.0,12.0,132.0,10.0,12.0,132.0,209706.91455809397,838.8276582323758,20.0
800067,10.0,12.0,134.0,10.0,12.0,134.0,203973.3541680733,815.8934166722933,20.0
800068,10.0,12.0,136.0,10.0,12.0,136.0,198624.13623578727,794.496544943149,20.0
800069,10.0,12.0,138.0,10.0,12.0,138.0,193636.72107166683,774.5468842866674,20.0
800070,10.0,12.0,140.0,10.0,12.0,140.0,188994.7062276428,755.9788249105712,20.0
800071,10.0,12.0,142.0,10.0,12.0,142.0,184690.6495335941,738.7625981343765,20.0
800072,10.0,12.0,144.0,10.0,12.0,144.0,180730.63072774615,722.9225229109846,20.0
800073,10.0,12.0,146.0,10.0,12.0,146.0,177139.78626737013,708.5591450694806,20.0
800074,10.0,12.0,148.0,10.0,12.0,148.0,173967.11415216664,695.8684566086666,20.0
800075,10.0,12.0,150.0,10.0,12.0,150.0,171287.25948683484,685.1490379473394,20.0
800076,10.0,12.0,152.0,10.0,12.0,152.0,169197.1452733816,676.7885810935264,20.0
800077,10.0,12.0,154.0,10.0,12.0,154.0,167806.28784913098,671.225151396524,20.0
800078,10.0,12.0,156.0,10.0,12.0,156.0,167221.16562127197,668.8846624850879,20.0
800079,10.0,12.0,158.0,10.0,12.0,158.0,167525.6156156055,670.102462462422,20.0
800080,10.0,12.0,160.0,10.0,12.0,160.0,168760.4358284995,675.041743313998,20.0
800081,10.0,12.0,162.0,10.0,12.0,162.0,170905.8599733437,683.6234398933748,20.0
800082,10.0,12.0,164.0,10.0,12.0,164.0,173870.267374378,695.481069497512,20.0
800083,10.0,12.0,166.0,10.0,12.0,166.0,177487.52532566004,709.9501013026402,20.0
800084,10.0,12.0,168.0,10.0,12.0,168.0,181523.9923276446,726.0959693105784,20.0
800085,10.0,12.0,170.0,10.0,12.0,170.0,185694.73231314422,742.7789292525769,20.0
800086,10.0,12.0,172.0,10.0,12.0,172.0,189687.16091489972,758.7486436595989,20.0
800087,10.0,12.0,174.0,10.0,12.0,174.0,193189.34842474424,772.757393698977,20.0
800088,10.0,12.0,176.0,10.0,12.0,176.0,195919.63805330356,783.6785522132143,20.0
800089,10.0,12.0,178.0,10.0,12.0,178.0,197654.12396135612,790.6164958454245,20.0
800090,10.0,12.0,180.0,10.0,12.0,180.0,198248.83586556025,792.9953434622411,20.0
800091,10.0,14.0,0.0,10.0,14.0,0.0,171878.34494701374,687.513379788055,20.0
800092,10.0,14.0,2.0,10.0,14.0,2.0,171381.63335837657,685.5265334335063,20.0
800093,10.0,14.0,4.0,10.0,14.0,4.0,169928.2060100319,679.7128240401275,20.0
800094,10.0,14.0,6.0,10.0,14.0,6.0,167625.13479760612,670.5005391904245,20.0
800095,10.0,14.0,8.0,10.0,14.0,8.0,164640.9649296029,658.5638597184115,20.0
800096,10.0,14.0,10.0,10.0,14.0,10.0,161191.74971100833,644.7669988440333,20.0
800097,10.0,14.0,12.0,10.0,14.0,12.0,157523.24409729204,630.0929763891681,20.0
800098,10.0,14.0,14.0,10.0,14.0,14.0,153890.88214828447,615.5635285931379,20.0
800099,10.0,14.0,16.0,10.0,14.0,16.0,150539.44241259043,602.1577696503617,20.0
800100,10.0,14.0,18.0,10.0,14.0,18.0,147684.4257962461,590.7377031849844,20.0
800101,10.0,14.0,20.0,10.0,14.0,20.0,145497.08766158158,581.9883506463264,20.0
800102,10.0,14.0,22.0,10.0,14.0,22.0,144094.7448264331,576.3789793057324,20.0
800103,10.0,14.0,24.0,10.0,14.0,24.0,143537.40819370403,574.1496327748162,20.0
800104,10.0,14.0,26.0,10.0,14.0,26.0,143831.00322690848,575.3240129076339,20.0
800105,10.0,14.0,28.0,10.0,14.0,28.0,144936.51871075772,579.7460748430309,20.0
800106,10.0,14.0,30.0,10.0,14.0,30.0,146783.51394358694,587.1340557743478,20.0
800107,10.0,14.0,32.0,10.0,14.0,32.0,149285.7058064426,597.1428232257704,20.0
800108,10.0,14.0,34.0,10.0,14.0,34.0,152356.0462008787,609.4241848035149,20.0
800109,10.0,14.0,36.0,10.0,14.0,36.0,155918.92595189143,623.6757038075657,20.0
800110,10.0,14.0,38.0,10.0,14.0,38.0,159917.91288318657,639.6716515327463,20.0
800111,10.0,14.0,40.0,10.0,14.0,40.0,164318.5811172358,657.2743244689432,20.0
800112,10.0,14.0,42.0,10.0,14.0,42.0,169107.18542734673,676.4287417093869,20.0
800113,10.0,14.0,44.0,10.0,14.0,44.0,174286.79072298756,697.1471628919502,20.0
800114,10.0,14.0,46.0,10.0,14.0,46.0,179872.70696380685,719.4908278552274,20.0
800115,10.0,14.0,48.0,10.0,14.0,48.0,185888.69165489572,743.5547666195829,20.0
800116,10.0,14.0,50.0,10.0,14.0,50.0,192364.63720772552,769.4585488309021,20.0
800117,10.0,14.0,52.0,10.0,14.0,52.0,199335.75782916276,797.343031316651,20.0
800118,10.0,14.0,54.0,10.0,14.0,54.0,206842.91332729286,827.3716533091715,20.0
800119,10.0,14.0,56.0,10.0,14.0,56.0,214933.67769280417,859.7347107712167,20.0
800120,10.0,14.0,58.0,10.0,14.0,58.0,223663.9027258818,894.6556109035273,20.0
800121,10.0,14.0,60.0,10.0,14.0,60.0,233099.64786601218,932.3985914640488,20.0
800122,10.0,14.0,62.0,10.0,14.0,62.0,243319.3481912702,973.2773927650808,20.0
800123,10.0,14.0,64.0,10.0,14.0,64.0,254415.94444310653,1017.6637777724262,20.0
800124,10.0,14.0,66.0,10.0,14.0,66.0,266498.36319587764,1065.9934527835105,20.0
800125,10.0,14.0,68.0,10.0,14.0,68.0,279691.11586357723,1118.764463454309,20.0
800126,10.0,14.0,70.0,10.0,14.0,70.0,294129.7224606817,1176.5188898427268,20.0
800127,10.0,14.0,72.0,10.0,14.0,72.0,309947.9688061128,1239.7918752244514,20.0
800128,10.0,14.0,74.0,10.0,14.0,74.0,327250.5839700269,1309.0023358801077,20.0
800129,10.0,14.0,76.0,10.0,14.0,76.0,346062.1850329292,1384.2487401317167,20.0
800130,10.0,14.0,78.0,10.0,14.0,78.0,366242.1042729989,1464.9684170919957,20.0
800131,10.0,14.0,80.0,10.0,14.0,80.0,387359.7886636089,1549.4391546544357,20.0
800132,10.0,14.0,82.0,10.0,14.0,82.0,408545.65725701966,1634.1826290280787,20.0
800133,10.0,14.0,84.0,10.0,14.0,84.0,428376.2030358379,1713.5048121433517,20.0
800134,10.0,14.0,86.0,10.0,14.0,86.0,444909.9123579116,1779.6396494316464,20.0
800135,10.0,14.0,88.0,10.0,14.0,88.0,456004.95711567166,1824.0198284626867,20.0
800136,10.0,14.0,90.0,10.0,14.0,90.0,459927.80393408384,1839.7112157363354,20.0
800137,10.0,14.0,92.0,10.0,14.0,92.0,456004.95711567166,1824.0198284626867,20.0
800138,10.0,14.0,94.0,10.0,14.0,94.0,444909.91235791164,1779.6396494316466,20.0
800139,10.0,14.0,96.0,10.0,14.0,96.0,428376.203035838,1713.5048121433522,20.0
800140,10.0,14.0,98.0,10.0,14.0,98.0,408545.6572570196,1634.1826290280785,20.0
800141,10.0,14.0,100.0,10.0,14.0,100.0,387359.78866360884,1549.4391546544355,20.0
800142,10.0,14.0,102.0,10.0,14.0,102.0,366242.1042729989,1464.9684170919957,20.0
800143,10.0,14.0,104.0,10.0,14.0,104.0,346062.1850329292,1384.2487401317167,20.0
800144,10.0,14.0,106.0,10.0,14.0,106.0,327250.5839700269,1309.0023358801077,20.0
800145,10.0,14.0,108.0,10.0,14.0,108.0,309947.9688061129,1239.7918752244516,20.0
800146,10.0,14.0,110.0,10.0,14.0,110.0,294129.7224606817,1176.5188898427268,20.0
800147,10.0,14.0,112.0,10.0,14.0,112.0,279691.1158635773,1118.7644634543092,20.0
800148,10.0,14.0,114.0,10.0,14.0,114.0,266498.36319587776,1065.993452783511,20.0
800149,10.0,14.0,116.0,10.0,14.0,116.0,254415.9444431065,1017.663777772426,20.0
800150,10.0,14.0,118.0,10.0,14.0,118.0,243319.34819127014,973.2773927650805,20.0
800151,10.0,14.0,120.0,10.0,14.0,120.0,233099.64786601218,932.3985914640488,20.0
800152,10.0,14.0,122.0,10.0,14.0,122.0,223663.9027258818,894.6556109035273,20.0
800153,10.0,14.0,124.0,10.0,14.0,124.0,214933.67769280417,859.7347107712167,20.0
800154,10.0,14.0,126.0,10.0,14.0,126.0,206842.91332729292,827.3716533091717,20.0
800155,10.0,14.0,128.0,10.0,14.0,128.0,199335.75782916282,797.3430313166513,20.0
800156,10.0,14.0,130.0,10.0,14.0,130.0,192364.63720772558,769.4585488309024,20.0
800157,10.0,14.0,132.0,10.0,14.0,132.0,185888.69165489572,743.5547666195829,20.0
800158,10.0,14.0,134.0,10.0,14.0,134.0,179872.7069638068,719.4908278552272,20.0
800159,10.0,14.0,136.0,10.0,14.0,136.0,174286.7907229876,697.1471628919503,20.0
800160,10.0,14.0,138.0,10.0,14.0,138.0,169107.18542734673,676.4287417093869,20.0
800161,10.0,14.0,140.0,10.0,14.0,140.0,164318.5811172358,657.2743244689432,20.0
800162,10.0,14.0,142.0,10.0,14.0,142.0,159917.91288318657,639.6716515327463,20.0
800163,10.0,14.0,144.0,10.0,14.0,144.0,155918.92595189143,623.6757038075657,20.0
800164,10.0,14.0,146.0,10.0,14.0,146.0,152356.04620087869,609.4241848035148,20.0
800165,10.0,14.0,148.0,10.0,14.0,148.0,149285.70580644262,597.1428232257705,20.0
800166,10.0,14.0,150.0,10.0,14.0,150.0,146783.51394358696,587.1340557743479,20.0
800167,10.0,14.0,152.0,10.0,14.0,152.0,144936.51871075772,579.7460748430309,20.0
800168,10.0,14.0,154.0,10.0,14.0,154.0,143831.00322690845,575.3240129076338,20.0
800169,10.0,14.0,156.0,10.0,14.0,156.0,143537.40819370403,574.1496327748162,20.0
800170,10.0,14.0,158.0,10.0,14.0,158.0,144094.7448264331,576.3789793057324,20.0
800171,10.0,14.0,160.0,10.0,14.0,160.0,145497.08766158164,581.9883506463266,20.0
800172,10.0,14.0,162.0,10.0,14.0,162.0,147684.42579624613,590.7377031849845,20.0
800173,10.0,14.0,164.0,10.0,14.0,164.0,150539.44241259043,602.1577696503617,20.0
800174,10.0,14.0,166.0,10.0,14.0,166.0,153890.88214828447,615.5635285931379,20.0
800175,10.0,14.0,168.0,10.0,14.0,168.0,157523.24409729207,630.0929763891683,20.0
800176,10.0,14.0,170.0,10.0,14.0,170.0,161191.74971100833,644.7669988440333,20.0
800177,10.0,14.0,172.0,10.0,14.0,172.0,164640.9649296029,658.5638597184115,20.0
800178,10.0,14.0,174.0,10.0,14.0,174.0,167625.13479760612,670.5005391904245,20.0
800179,10.0,14.0,176.0,10.0,14.0,176.0,169928.2060100319,679.7128240401275,20.0
800180,10.0,14.0,178.0,10.0,14.0,178.0,171381.63335837657,685.5265334335063,20.0
800181,10.0,14.0,180.0,10.0,14.0,180.0,171878.34494701374,687.513379788055,20.0
800182,15.0,10.0,0.0,15.0,10.0,0.0,192988.53960449388,771.9541584179756,20.0
800183,15.0,10.0,2.0,15.0,10.0,2.0,192295.03769719903,769.1801507887961,20.0
800184,15.0,10.0,4.0,15.0,10.0,4.0,190276.99822988827,761.1079929195531,20.0
800185,15.0,10.0,6.0,15.0,10.0,6.0,187114.642988994,748.458571955976,20.0
800186,15.0,10.0,8.0,15.0,10.0,8.0,183085.36762130912,732.3414704852365,20.0
800187,15.0,10.0,10.0,15.0,10.0,10.0,178532.484327299,714.129937309196,20.0
800188,15.0,10.0,12.0,15.0,10.0,12.0,173827.4502791288,695.3098011165152,20.0
800189,15.0,10.0,14.0,15.0,10.0,14.0,169330.6267476146,677.3225069904584,20.0
800190,15.0,10.0,16.0,15.0,10.0,16.0,165355.79825957026,661.423193038281,20.0
800191,15.0,10.0,18.0,15.0,10.0,18.0,162143.09340627553,648.5723736251022,20.0
800192,15.0,10.0,20.0,15.0,10.0,20.0,159843.62269725377,639.3744907890151,20.0
800193,15.0,10.0,22.0,15.0,10.0,22.0,158517.24588433266,634.0689835373306,20.0
800194,15.0,10.0,24.0,15.0,10.0,24.0,158142.69565902706,632.5707826361082,20.0
800195,15.0,10.0,26.0,15.0,10.0,26.0,158637.2163524311,634.5488654097244,20.0
800196,15.0,10.0,28.0,15.0,10.0,28.0,159881.3634205468,639.5254536821873,20.0
800197,15.0,10.0,30.0,15.0,10.0,30.0,161744.02266197064,646.9760906478825,20.0
800198,15.0,10.0,32.0,15.0,10.0,32.0,164103.2262451577,656.4129049806309,20.0
800199,15.0,10.0,34.0,15.0,10.0,34.0,166859.8534979123,667.4394139916492,20.0
800200,15.0,10.0,36.0,15.0,10.0,36.0,169943.3849381799,679.7735397527196,20.0
800201,15.0,10.0,38.0,15.0,10.0,38.0,173310.89734702322,693.2435893880929,20.0
800202,15.0,10.0,40.0,15.0,10.0,40.0,176941.82758997835,707.7673103599134,20.0
800203,15.0,10.0,42.0,15.0,10.0,42.0,180831.3461405819,723.3253845623277,20.0
800204,15.0,10.0,44.0,15.0,10.0,44.0,184984.5517653619,739.9382070614475,20.0
800205,15.0,10.0,46.0,15.0,10.0,46.0,189412.58735742274,757.650349429691,20.0
800206,15.0,10.0,48.0,15.0,10.0,48.0,194130.75672996097,776.5230269198439,20.0
800207,15.0,10.0,50.0,15.0,10.0,50.0,199158.16585312708,796.6326634125084,20.0
800208,15.0,10.0,52.0,15.0,10.0,52.0,204518.34440286228,818.0733776114491,20.0
800209,15.0,10.0,54.0,15.0,10.0,54.0,210240.505068807,840.9620202752279,20.0
800210,15.0,10.0,56.0,15.0,10.0,56.0,216361.33013978516,865.4453205591407,20.0
800211,15.0,10.0,58.0,15.0,10.0,58.0,222927.32259701152,891.709290388046,20.0
800212,15.0,10.0,60.0,15.0,10.0,60.0,229997.8185758231,919.9912743032924,20.0
800213,15.0,10.0,62.0,15.0,10.0,62.0,237648.75356450304,950.5950142580122,20.0
800214,15.0,10.0,64.0,15.0,10.0,64.0,245977.2001312324,983.9088005249297,20.0
800215,15.0,10.0,66.0,15.0,10.0,66.0,255106.49381754812,1020.4259752701926,20.0
800216,15.0,10.0,68.0,15.0,10.0,68.0,265191.3094792045,1060.7652379168178,20.0
800217,15.0,10.0,70.0,15.0,10.0,70.0,276421.10321455664,1105.6844128582266,20.0
800218,15.0,10.0,72.0,15.0,10.0,72.0,289018.4776263913,1156.0739105055652,20.0
800219,15.0,10.0,74.0,15.0,10.0,74.0,303225.6229774539,1212.9024919098158,20.0
800220,15.0,10.0,76.0,15.0,10.0,76.0,319266.34058941,1277.06536235764,20.0
800221,15.0,10.0,78.0,15.0,10.0,78.0,337263.44947746553,1349.0537979098622,20.0
800222,15.0,10.0,80.0,15.0,10.0,80.0,357085.6251706431,1428.3425006825723,20.0
800223,15.0,10.0,82.0,15.0,10.0,82.0,378108.1481709716,1512.4325926838865,20.0
800224,15.0,10.0,84.0,15.0,10.0,84.0,398929.16818041774,1595.7166727216709,20.0
800225,15.0,10.0,86.0,15.0,10.0,86.0,417215.37432701624,1668.861497308065,20.0
800226,15.0,10.0,88.0,15.0,10.0,88.0,429995.69134121033,1719.9827653648413,20.0
800227,15.0,10.0,90.0,15.0,10.0,90.0,434617.2567687536,1738.4690270750143,20.0
800228,15.0,10.0,92.0,15.0,10.0,92.0,429995.6913412104,1719.9827653648415,20.0
800229,15.0,10.0,94.0,15.0,10.0,94.0,417215.37432701635,1668.8614973080655,20.0
800230,15.0,10.0,96.0,15.0,10.0,96.0,398929.1681804179,1595.7166727216718,20.0
800231,15.0,10.0,98.0,15.0,10.0,98.0,378108.14817097154,1512.4325926838862,20.0
800232,15.0,10.0,100.0,15.0,10.0,100.0,357085.6251706431,1428.3425006825723,20.0
800233,15.0,10.0,102.0,15.0,10.0,102.0,337263.44947746553,1349.0537979098622,20.0
800234,15.0,10.0,104.0,15.0,10.0,104.0,319266.34058941,1277.06536235764,20.0
800235,15.0,10.0,106.0,15.0,10.0,106.0,303225.6229774539,1212.9024919098158,20.0
800236,15.0,10.0,108.0,15.0,10.0,108.0,289018.4776263914,1156.0739105055657,20.0
800237,15.0,10.0,110.0,15.0,10.0,110.0,276421.10321455664,1105.6844128582266,20.0
800238,15.0,10.0,112.0,15.0,10.0,112.0,265191.3094792045,1060.765237916818,20.0
800239,15.0,10.0,114.0,15.0,10.0,114.0,255106.49381754818,1020.4259752701928,20.0
800240,15.0,10.0,116.0,15.0,10.0,116.0,245977.20013123236,983.9088005249295,20.0
800241,15.0,10.0,118.0,15.0,10.0,118.0,237648.75356450304,950.5950142580122,20.0
800242,15.0,10.0,120.0,15.0,10.0,120.0,229997.8185758231,919.9912743032924,20.0
800243,15.0,10.0,122.0,15.0,10.0,122.0,222927.32259701152,891.709290388046,20.0
800244,15.0,10.0,124.0,15.0,10.0,124.0,216361.33013978516,865.4453205591407,20.0
800245,15.0,10.0,126.0,15.0,10.0,126.0,210240.50506880702,840.962020275228,20.0
800246,15.0,10.0,128.0,15.0,10.0,128.0,204518.34440286233,818.0733776114494,20.0
800247,15.0,10.0,130.0,15.0,10.0,130.0,199158.16585312708,796.6326634125084,20.0
800248,15.0,10.0,132.0,15.0,10.0,132.0,194130.756729961,776.523026919844,20.0
800249,15.0,10.0,134.0,15.0,10.0,134.0,189412.58735742272,757.6503494296909,20.0
800250,15.0,10.0,136.0,15.0,10.0,136.0,184984.55176536192,739.9382070614477,20.0
800251,15.0,10.0,138.0,15.0,10.0,138.0,180831.3461405819,723.3253845623277,20.0
800252,15.0,10.0,140.0,15.0,10.0,140.0,176941.82758997835,707.7673103599134,20.0
800253,15.0,10.0,142.0,15.0,10.0,142.0,173310.89734702322,693.2435893880929,20.0
800254,15.0,10.0,144.0,15.0,10.0,144.0,169943.38493817986,679.7735397527194,20.0
800255,15.0,10.0,146.0,15.0,10.0,146.0,166859.8534979123,667.4394139916492,20.0
800256,15.0,10.0,148.0,15.0,10.0,148.0,164103.22624515774,656.412904980631,20.0
800257,15.0,10.0,150.0,15.0,10.0,150.0,161744.02266197064,646.9760906478825,20.0
800258,15.0,10.0,152.0,15.0,10.0,152.0,159881.3634205468,639.5254536821873,20.0
800259,15.0,10.0,154.0,15.0,10.0,154.0,158637.21635243107,634.5488654097243,20.0
800260,15.0,10.0,156.0,15.0,10.0,156.0,158142.69565902706,632.5707826361082,20.0
800261,15.0,10.0,158.0,15.0,10.0,158.0,158517.24588433266,634.0689835373306,20.0
800262,15.0,10.0,160.0,15.0,10.0,160.0,159843.62269725383,639.3744907890153,20.0
800263,15.0,10.0,162.0,15.0,10.0,162.0,162143.09340627556,648.5723736251023,20.0
800264,15.0,10.0,164.0,15.0,10.0,164.0,165355.79825957026,661.423193038281,20.0
800265,15.0,10.0,166.0,15.0,10.0,166.0,169330.6267476146,677.3225069904584,20.0
800266,15.0,10.0,168.0,15.0,10.0,168.0,173827.45027912883,695.3098011165154,20.0
800267,15.0,10.0,170.0,15.0,10.0,170.0,178532.484327299,714.129937309196,20.0
800268,15.0,10.0,172.0,15.0,10.0,172.0,183085.36762130912,732.3414704852365,20.0
800269,15.0,10.0,174.0,15.0,10.0,174.0,187114.642988994,748.458571955976,20.0
800270,15.0,10.0,176.0,15.0,10.0,176.0,190276.99822988827,761.1079929195531,20.0
800271,15.0,10.0,178.0,15.0,10.0,178.0,192295.03769719903,769.1801507887961,20.0
800272,15.0,10.0,180.0,15.0,10.0,180.0,192988.53960449388,771.9541584179756,20.0
800273,15.0,12.0,0.0,15.0,12.0,0.0,166883.68400455557,667.5347360182224,20.0
800274,15.0,12.0,2.0,15.0,12.0,2.0,166306.7485219485,665.226994087794,20.0
800275,15.0,12.0,4.0,15.0,12.0,4.0,164621.63359900154,658.4865343960062,20.0
800276,15.0,12.0,6.0,15.0,12.0,6.0,161961.04588768122,647.8441835507249,20.0
800277,15.0,12.0,8.0,15.0,12.0,8.0,158532.0571408796,634.1282285635184,20.0
800278,15.0,12.0,10.0,15.0,12.0,10.0,154596.49625871592,618.3859850348637,20.0
800279,15.0,12.0,12.0,15.0,12.0,12.0,150446.46608804067,601.7858643521627,20.0
800280,15.0,12.0,14.0,15.0,12.0,14.0,146377.6381106108,585.5105524424432,20.0
800281,15.0,12.0,16.0,15.0,12.0,16.0,142663.28592688235,570.6531437075295,20.0
800282,15.0,12.0,18.0,15.0,12.0,18.0,139531.99795551118,558.1279918220447,20.0
800283,15.0,12.0,20.0,15.0,12.0,20.0,137151.61765869474,548.6064706347789,20.0
800284,15.0,12.0,22.0,15.0,12.0,22.0,135621.19256711975,542.484770268479,20.0
800285,15.0,12.0,24.0,15.0,12.0,24.0,134971.62740535493,539.8865096214197,20.0
800286,15.0,12.0,26.0,15.0,12.0,26.0,135174.4612730589,540.6978450922356,20.0
800287,15.0,12.0,28.0,15.0,12.0,28.0,136156.92754260878,544.6277101704352,20.0
800288,15.0,12.0,30.0,15.0,12.0,30.0,137820.4617326691,551.2818469306764,20.0
800289,15.0,12.0,32.0,15.0,12.0,32.0,140059.34823249152,560.2373929299661,20.0
800290,15.0,12.0,34.0,15.0,12.0,34.0,142776.41123763734,571.1056449505494,20.0
800291,15.0,12.0,36.0,15.0,12.0,36.0,145893.56395121576,583.5742558048631,20.0
800292,15.0,12.0,38.0,15.0,12.0,38.0,149356.4235601725,597.42569424069,20.0
800293,15.0,12.0,40.0,15.0,12.0,40.0,153133.6793257286,612.5347173029144,20.0
800294,15.0,12.0,42.0,15.0,12.0,42.0,157213.00425175487,628.8520170070195,20.0
800295,15.0,12.0,44.0,15.0,12.0,44.0,161595.6921930682,646.3827687722728,20.0
800296,15.0,12.0,46.0,15.0,12.0,46.0,166291.84345970658,665.1673738388263,20.0
800297,15.0,12.0,48.0,15.0,12.0,48.0,171317.09953585823,685.2683981434329,20.0
800298,15.0,12.0,50.0,15.0,12.0,50.0,176691.0916708264,706.7643666833056,20.0
800299,15.0,12.0,52.0,15.0,12.0,52.0,182437.2700362567,729.7490801450268,20.0
800300,15.0,12.0,54.0,15.0,12.0,54.0,188583.69676270985,754.3347870508394,20.0
800301,15.0,12.0,56.0,15.0,12.0,56.0,195164.5586324248,780.6582345296993,20.0
800302,15.0,12.0,58.0,15.0,12.0,58.0,202222.37499602023,808.8894999840809,20.0
800303,15.0,12.0,60.0,15.0,12.0,60.0,209811.031198952,839.244124795808,20.0
800304,15.0,12.0,62.0,15.0,12.0,62.0,217999.84519125367,871.9993807650147,20.0
800305,15.0,12.0,64.0,15.0,12.0,64.0,226878.8856263873,907.5155425055492,20.0
800306,15.0,12.0,66.0,15.0,12.0,66.0,236565.672371531,946.262689486124,20.0
800307,15.0,12.0,68.0,15.0,12.0,68.0,247213.09214004868,988.8523685601948,20.0
800308,15.0,12.0,70.0,15.0,12.0,70.0,259017.599935083,1036.070399740332,20.0
800309,15.0,12.0,72.0,15.0,12.0,72.0,272225.04129915126,1088.900165196605,20.0
800310,15.0,12.0,74.0,15.0,12.0,74.0,287127.77237802907,1148.5110895121163,20.0
800311,15.0,12.0,76.0,15.0,12.0,76.0,304039.6509169591,1216.1586036678364,20.0
800312,15.0,12.0,78.0,15.0,12.0,78.0,323223.30326258915,1292.8932130503567,20.0
800313,15.0,12.0,80.0,15.0,12.0,80.0,344728.14165894676,1378.912566635787,20.0
800314,15.0,12.0,82.0,15.0,12.0,82.0,368092.0156041275,1472.36806241651,20.0
800315,15.0,12.0,84.0,15.0,12.0,84.0,391910.46116823563,1567.6418446729426,20.0
800316,15.0,12.0,86.0,15.0,12.0,86.0,413465.56342603796,1653.862253704152,20.0
800317,15.0,12.0,88.0,15.0,12.0,88.0,428918.7280960529,1715.6749123842117,20.0
800318,15.0,12.0,90.0,15.0,12.0,90.0,434590.11697504896,1738.360467900196,20.0
800319,15.0,12.0,92.0,15.0,12.0,92.0,428918.728096053,1715.6749123842121,20.0
800320,15.0,12.0,94.0,15.0,12.0,94.0,413465.5634260381,1653.8622537041524,20.0
800321,15.0,12.0,96.0,15.0,12.0,96.0,391910.46116823575,1567.641844672943,20.0
800322,15.0,12.0,98.0,15.0,12.0,98.0,368092.0156041274,1472.3680624165095,20.0
800323,15.0,12.0,100.0,15.0,12.0,100.0,344728.1416589467,1378.9125666357868,20.0
800324,15.0,12.0,102.0,15.0,12.0,102.0,323223.30326258915,1292.8932130503567,20.0
800325,15.0,12.0,104.0,15.0,12.0,104.0,304039.6509169591,1216.1586036678364,20.0
800326,15.0,12.0,106.0,15.0,12.0,106.0,287127.7723780291,1148.5110895121165,20.0
800327,15.0,12.0,108.0,15.0,12.0,108.0,272225.0412991513,1088.9001651966053,20.0
800328,15.0,12.0,110.0,15.0,12.0,110.0,259017.59993508307,1036.0703997403323,20.0
800329,15.0,12.0,112.0,15.0,12.0,112.0,247213.09214004874,988.852368560195,20.0
800330,15.0,12.0,114.0,15.0,12.0,114.0,236565.67237153102,946.2626894861241,20.0
800331,15.0,12.0,116.0,15.0,12.0,116.0,226878.88562638723,907.515542505549,20.0
800332,15.0,12.0,118.0,15.0,12.0,118.0,217999.84519125367,871.9993807650147,20.0
800333,15.0,12.0,120.0,15.0,12.0,120.0,209811.031198952,839.244124795808,20.0
800334,15.0,12.0,122.0,15.0,12.0,122.0,202222.37499602023,808.8894999840809,20.0
800335,15.0,12.0,124.0,15.0,12.0,124.0,195164.5586324248,780.6582345296993,20.0
800336,15.0,12.0,126.0,15.0,12.0,126.0,188583.6967627099,754.3347870508396,20.0
800337,15.0,12.0,128.0,15.0,12.0,128.0,182437.27003625676,729.749080145027,20.0
800338,15.0,12.0,130.0,15.0,12.0,130.0,176691.09167082646,706.7643666833059,20.0
800339,15.0,12.0,132.0,15.0,12.0,132.0,171317.09953585823,685.2683981434329,20.0
800340,15.0,12.0,134.0,15.0,12.0,134.0,166291.84345970652,665.167373838826,20.0
800341,15.0,12.0,136.0,15.0,12.0,136.0,161595.69219306821,646.3827687722729,20.0
800342,15.0,12.0,138.0,15.0,12.0,138.0,157213.00425175487,628.8520170070195,20.0
800343,15.0,12.0,140.0,15.0,12.0,140.0,153133.6793257286,612.5347173029144,20.0
800344,15.0,12.0,142.0,15.0,12.0,142.0,149356.4235601725,597.42569424069,20.0
800345,15.0,12.0,144.0,15.0,12.0,144.0,145893.56395121576,583.5742558048631,20.0
800346,15.0,12.0,146.0,15.0,12.0,146.0,142776.41123763728,571.1056449505492,20.0
800347,15.0,12.0,148.0,15.0,12.0,148.0,140059.34823249158,560.2373929299663,20.0
800348,15.0,12.0,150.0,15.0,12.0,150.0,137820.46173266912,551.2818469306765,20.0
800349,15.0,12.0,152.0,15.0,12.0,152.0,136156.92754260878,544.6277101704352,20.0
800350,15.0,12.0,154.0,15.0,12.0,154.0,135174.46127305887,540.6978450922355,20.0
800351,15.0,12.0,156.0,15.0,12.0,156.0,134971.62740535493,539.8865096214197,20.0
800352,15.0,12.0,158.0,15.0,12.0,158.0,135621.19256711975,542.484770268479,20.0
800353,15.0,12.0,160.0,15.0,12.0,160.0,137151.61765869477,548.606470634779,20.0
800354,15.0,12.0,162.0,15.0,12.0,162.0,139531.9979555112,558.1279918220448,20.0
800355,15.0,12.0,164.0,15.0,12.0,164.0,142663.28592688235,570.6531437075295,20.0
800356,15.0,12.0,166.0,15.0,12.0,166.0,146377.6381106108,585.5105524424432,20.0
800357,15.0,12.0,168.0,15.0,12.0,168.0,150446.46608804073,601.7858643521629,20.0
800358,15.0,12.0,170.0,15.0,12.0,170.0,154596.49625871592,618.3859850348637,20.0
800359,15.0,12.0,172.0,15.0,12.0,172.0,158532.0571408796,634.1282285635184,20.0
800360,15.0,12.0,174.0,15.0,12.0,174.0,161961.04588768122,647.8441835507249,20.0
800361,15.0,12.0,176.0,15.0,12.0,176.0,164621.63359900154,658.4865343960062,20.0
800362,15.0,12.0,178.0,15.0,12.0,178.0,166306.7485219485,665.226994087794,20.0
800363,15.0,12.0,180.0,15.0,12.0,180.0,166883.68400455557,667.5347360182224,20.0
800364,15.0,14.0,0.0,15.0,14.0,0.0,143264.45188802478,573.0578075520991,20.0
800365,15.0,14.0,2.0,15.0,14.0,2.0,142776.78584578258,571.1071433831303,20.0
800366,15.0,14.0,4.0,15.0,14.0,4.0,141347.66075995695,565.3906430398279,20.0
800367,15.0,14.0,6.0,15.0,14.0,6.0,139076.01531924636,556.3040612769854,20.0
800368,15.0,14.0,8.0,15.0,14.0,8.0,136118.02410707506,544.4720964283002,20.0
800369,15.0,14.0,10.0,15.0,14.0,10.0,132674.7450887291,530.6989803549164,20.0
800370,15.0,14.0,12.0,15.0,14.0,12.0,128976.259753724,515.905039014896,20.0
800371,15.0,14.0,14.0,15.0,14.0,14.0,125263.66070035809,501.05464280143235,20.0
800372,15.0,14.0,16.0,15.0,14.0,16.0,121770.50066097833,487.0820026439133,20.0
800373,15.0,14.0,18.0,15.0,14.0,18.0,118705.45816594454,474.8218326637782,20.0
800374,15.0,14.0,20.0,15.0,14.0,20.0,116237.95665977368,464.95182663909475,20.0
800375,15.0,14.0,22.0,15.0,14.0,22.0,114488.2582176266,457.95303287050643,20.0
800376,15.0,14.0,24.0,15.0,14.0,24.0,113523.11820353703,454.09247281414815,20.0
800377,15.0,14.0,26.0,15.0,14.0,26.0,113357.44245686133,453.42976982744534,20.0
800378,15.0,14.0,28.0,15.0,14.0,28.0,113961.58935374614,455.84635741498454,20.0
800379,15.0,14.0,30.0,15.0,14.0,30.0,115273.11637672759,461.09246550691034,20.0
800380,15.0,14.0,32.0,15.0,14.0,32.0,117211.04637448814,468.8441854979526,20.0
800381,15.0,14.0,34.0,15.0,14.0,34.0,119690.30802743333,478.7612321097333,20.0
800382,15.0,14.0,36.0,15.0,14.0,36.0,122634.0453989918,490.5361815959672,20.0
800383,15.0,14.0,38.0,15.0,14.0,38.0,125982.0532825313,503.9282131301252,20.0
800384,15.0,14.0,40.0,15.0,14.0,40.0,129694.58220539505,518.7783288215802,20.0
800385,15.0,14.0,42.0,15.0,14.0,42.0,133751.90428933417,535.0076171573367,20.0
800386,15.0,14.0,44.0,15.0,14.0,44.0,138150.9735214021,552.6038940856084,20.0
800387,15.0,14.0,46.0,15.0,14.0,46.0,142900.9347716429,571.6037390865716,20.0
800388,15.0,14.0,48.0,15.0,14.0,48.0,148019.03256249963,592.0761302499985,20.0
800389,15.0,14.0,50.0,15.0,14.0,50.0,153527.82799405316,614.1113119762126,20.0
800390,15.0,14.0,52.0,15.0,14.0,52.0,159453.92378858468,637.8156951543388,20.0
800391,15.0,14.0,54.0,15.0,14.0,54.0,165827.95633111868,663.3118253244747,20.0
800392,15.0,14.0,56.0,15.0,14.0,56.0,172685.54298390614,690.7421719356246,20.0
800393,15.0,14.0,58.0,15.0,14.0,58.0,180069.0480547503,720.2761922190012,20.0
800394,15.0,14.0,60.0,15.0,14.0,60.0,188030.26381439876,752.121055257595,20.0
800395,15.0,14.0,62.0,15.0,14.0,62.0,196634.28931373486,786.5371572549394,20.0
800396,15.0,14.0,64.0,15.0,14.0,64.0,205965.01613327165,823.8600645330866,20.0
800397,15.0,14.0,66.0,15.0,14.0,66.0,216132.69372867444,864.5307749146978,20.0
800398,15.0,14.0,68.0,15.0,14.0,68.0,227283.97569011882,909.1359027604753,20.0
800399,15.0,14.0,70.0,15.0,14.0,70.0,239614.4210340303,958.4576841361212,20.0
800400,15.0,14.0,72.0,15.0,14.0,72.0,253382.11713883354,1013.5284685553341,20.0
800401,15.0,14.0,74.0,15.0,14.0,74.0,268917.7551166204,1075.6710204664817,20.0
800402,15.0,14.0,76.0,15.0,14.0,76.0,286618.814309684,1146.4752572387358,20.0
800403,15.0,14.0,78.0,15.0,14.0,78.0,306899.57370532816,1227.5982948213127,20.0
800404,15.0,14.0,80.0,15.0,14.0,80.0,330040.54860211443,1320.1621944084577,20.0
800405,15.0,14.0,82.0,15.0,14.0,82.0,355847.8436117936,1423.3913744471745,20.0
800406,15.0,14.0,84.0,15.0,14.0,84.0,383049.60140841693,1532.1984056336678,20.0
800407,15.0,14.0,86.0,15.0,14.0,86.0,408580.4681876039,1634.3218727504157,20.0
800408,15.0,14.0,88.0,15.0,14.0,88.0,427483.9302147941,1709.9357208591766,20.0
800409,15.0,14.0,90.0,15.0,14.0,90.0,434556.5812191309,1738.2263248765237,20.0
800410,15.0,14.0,92.0,15.0,14.0,92.0,427483.9302147942,1709.9357208591769,20.0
800411,15.0,14.0,94.0,15.0,14.0,94.0,408580.46818760416,1634.3218727504166,20.0
800412,15.0,14.0,96.0,15.0,14.0,96.0,383049.6014084171,1532.1984056336685,20.0
800413,15.0,14.0,98.0,15.0,14.0,98.0,355847.84361179353,1423.3913744471743,20.0
800414,15.0,14.0,100.0,15.0,14.0,100.0,330040.54860211443,1320.1621944084577,20.0
800415,15.0,14.0,102.0,15.0,14.0,102.0,306899.57370532816,1227.5982948213127,20.0
800416,15.0,14.0,104.0,15.0,14.0,104.0,286618.814309684,1146.4752572387358,20.0
800417,15.0,14.0,106.0,15.0,14.0,106.0,268917.75511662045,1075.6710204664819,20.0
800418,15.0,14.0,108.0,15.0,14.0,108.0,253382.1171388336,1013.5284685553344,20.0
800419,15.0,14.0,110.0,15.0,14.0,110.0,239614.4210340303,958.4576841361212,20.0
800420,15.0,14.0,112.0,15.0,14.0,112.0,227283.97569011885,909.1359027604755,20.0
800421,15.0,14.0,114.0,15.0,14.0,114.0,216132.69372867458,864.5307749146983,20.0
800422,15.0,14.0,116.0,15.0,14.0,116.0,205965.0161332716,823.8600645330864,20.0
800423,15.0,14.0,118.0,15.0,14.0,118.0,196634.2893137348,786.5371572549392,20.0
800424,15.0,14.0,120.0,15.0,14.0,120.0,188030.26381439876,752.121055257595,20.0
800425,15.0,14.0,122.0,15.0,14.0,122.0,180069.0480547503,720.2761922190012,20.0
800426,15.0,14.0,124.0,15.0,14.0,124.0,172685.54298390614,690.7421719356246,20.0
800427,15.0,14.0,126.0,15.0,14.0,126.0,165827.95633111868,663.3118253244747,20.0
800428,15.0,14.0,128.0,15.0,14.0,128.0,159453.9237885847,637.8156951543389,20.0
800429,15.0,14.0,130.0,15.0,14.0,130.0,153527.8279940532,614.1113119762128,20.0
800430,15.0,14.0,132.0,15.0,14.0,132.0,148019.03256249966,592.0761302499986,20.0
800431,15.0,14.0,134.0,15.0,14.0,134.0,142900.93477164287,571.6037390865715,20.0
800432,15.0,14.0,136.0,15.0,14.0,136.0,138150.97352140213,552.6038940856085,20.0
800433,15.0,14.0,138.0,15.0,14.0,138.0,133751.90428933417,535.0076171573367,20.0
800434,15.0,14.0,140.0,15.0,14.0,140.0,129694.58220539505,518.7783288215802,20.0
800435,15.0,14.0,142.0,15.0,14.0,142.0,125982.0532825313,503.9282131301252,20.0
800436,15.0,14.0,144.0,15.0,14.0,144.0,122634.0453989918,490.5361815959672,20.0
800437,15.0,14.0,146.0,15.0,14.0,146.0,119690.30802743333,478.7612321097333,20.0
800438,15.0,14.0,148.0,15.0,14.0,148.0,117211.04637448819,468.84418549795276,20.0
800439,15.0,14.0,150.0,15.0,14.0,150.0,115273.1163767276,461.0924655069104,20.0
800440,15.0,14.0,152.0,15.0,14.0,152.0,113961.58935374614,455.84635741498454,20.0
800441,15.0,14.0,154.0,15.0,14.0,154.0,113357.44245686132,453.4297698274453,20.0
800442,15.0,14.0,156.0,15.0,14.0,156.0,113523.11820353703,454.09247281414815,20.0
800443,15.0,14.0,158.0,15.0,14.0,158.0,114488.2582176266,457.95303287050643,20.0
800444,15.0,14.0,160.0,15.0,14.0,160.0,116237.9566597737,464.9518266390948,20.0
800445,15.0,14.0,162.0,15.0,14.0,162.0,118705.45816594457,474.8218326637783,20.0
800446,15.0,14.0,164.0,15.0,14.0,164.0,121770.50066097833,487.0820026439133,20.0
800447,15.0,14.0,166.0,15.0,14.0,166.0,125263.66070035809,501.05464280143235,20.0
800448,15.0,14.0,168.0,15.0,14.0,168.0,128976.25975372407,515.9050390148963,20.0
800449,15.0,14.0,170.0,15.0,14.0,170.0,132674.7450887291,530.6989803549164,20.0
800450,15.0,14.0,172.0,15.0,14.0,172.0,136118.02410707506,544.4720964283002,20.0
800451,15.0,14.0,174.0,15.0,14.0,174.0,139076.01531924636,556.3040612769854,20.0
800452,15.0,14.0,176.0,15.0,14.0,176.0,141347.66075995695,565.3906430398279,20.0
800453,15.0,14.0,178.0,15.0,14.0,178.0,142776.78584578258,571.1071433831303,20.0
800454,15.0,14.0,180.0,15.0,14.0,180.0,143264.45188802478,573.0578075520991,20.0
800455,15.0,16.0,0.0,15.0,16.0,0.0,122101.40900293991,488.40563601175967,20.0
800456,15.0,16.0,2.0,15.0,16.0,2.0,121682.46509077548,486.7298603631019,20.0
800457,15.0,16.0,4.0,15.0,16.0,4.0,120451.01788845724,481.804071553829,20.0
800458,15.0,16.0,6.0,15.0,16.0,6.0,118481.5723195354,473.9262892781416,20.0
800459,15.0,16.0,8.0,15.0,16.0,8.0,115892.90056606595,463.5716022642638,20.0
800460,15.0,16.0,10.0,15.0,16.0,10.0,112840.2643043743,451.3610572174972,20.0
800461,15.0,16.0,12.0,15.0,16.0,12.0,109505.1810478547,438.0207241914188,20.0
800462,15.0,16.0,14.0,15.0,16.0,14.0,106083.39137251164,424.33356549004657,20.0
800463,15.0,16.0,16.0,15.0,16.0,16.0,102771.86199658112,411.0874479863245,20.0
800464,15.0,16.0,18.0,15.0,16.0,18.0,99755.81137946591,399.02324551786364,20.0
800465,15.0,16.0,20.0,15.0,16.0,20.0,97196.84483332912,388.7873793333165,20.0
800466,15.0,16.0,22.0,15.0,16.0,22.0,95223.30349480879,380.89321397923516,20.0
800467,15.0,16.0,24.0,15.0,16.0,24.0,93923.83186476718,375.6953274590687,20.0
800468,15.0,16.0,26.0,15.0,16.0,26.0,93344.92353182676,373.37969412730706,20.0
800469,15.0,16.0,28.0,15.0,16.0,28.0,93492.80291927322,373.97121167709287,20.0
800470,15.0,16.0,30.0,15.0,16.0,30.0,94339.46233506722,377.3578493402689,20.0
800471,15.0,16.0,32.0,15.0,16.0,32.0,95832.0616049797,383.3282464199188,20.0
800472,15.0,16.0,34.0,15.0,16.0,34.0,97904.32304352324,391.617292174093,20.0
800473,15.0,16.0,36.0,15.0,16.0,36.0,100488.16354616413,401.9526541846565,20.0
800474,15.0,16.0,38.0,15.0,16.0,38.0,103523.74385528735,414.0949754211494,20.0
800475,15.0,16.0,40.0,15.0,16.0,40.0,106966.47055276894,427.86588221107576,20.0
800476,15.0,16.0,42.0,15.0,16.0,42.0,110790.22692855942,443.1609077142377,20.0
800477,15.0,16.0,44.0,15.0,16.0,44.0,114987.0487366771,459.9481949467084,20.0
800478,15.0,16.0,46.0,15.0,16.0,46.0,119564.29564213687,478.2571825685475,20.0
800479,15.0,16.0,48.0,15.0,16.0,48.0,124540.79621816438,498.16318487265755,20.0
800480,15.0,16.0,50.0,15.0,16.0,50.0,129943.32549812751,519.77330199251,20.0
800481,15.0,16.0,52.0,15.0,16.0,52.0,135804.23686881686,543.2169474752675,20.0
800482,15.0,16.0,54.0,15.0,16.0,54.0,142160.4463604936,568.6417854419744,20.0
800483,15.0,16.0,56.0,15.0,16.0,56.0,149053.5809847803,596.2143239391212,20.0
800484,15.0,16.0,58.0,15.0,16.0,58.0,156531.06826693867,626.1242730677548,20.0
800485,15.0,16.0,60.0,15.0,16.0,60.0,164648.15228856297,658.5926091542519,20.0
800486,15.0,16.0,62.0,15.0,16.0,62.0,173471.10069029438,693.8844027611775,20.0
800487,15.0,16.0,64.0,15.0,16.0,64.0,183082.129771167,732.3285190846681,20.0
800488,15.0,16.0,66.0,15.0,16.0,66.0,193586.81847287697,774.3472738915079,20.0
800489,15.0,16.0,68.0,15.0,16.0,68.0,205124.99361799797,820.4999744719919,20.0
800490,15.0,16.0,70.0,15.0,16.0,70.0,217886.11331601464,871.5444532640586,20.0
800491,15.0,16.0,72.0,15.0,16.0,72.0,232129.6218250949,928.5184873003795,20.0
800492,15.0,16.0,74.0,15.0,16.0,74.0,248208.4620160274,992.8338480641096,20.0
800493,15.0,16.0,76.0,15.0,16.0,76.0,266587.14783487795,1066.3485913395118,20.0
800494,15.0,16.0,78.0,15.0,16.0,78.0,287828.40325058217,1151.3136130023288,20.0
800495,15.0,16.0,80.0,15.0,16.0,80.0,312483.2915708244,1249.9331662832976,20.0
800496,15.0,16.0,82.0,15.0,16.0,82.0,340749.55917407526,1362.998236696301,20.0
800497,15.0,16.0,84.0,15.0,16.0,84.0,371701.2298973966,1486.8049195895865,20.0
800498,15.0,16.0,86.0,15.0,16.0,86.0,402074.0202856735,1608.296081142694,20.0
800499,15.0,16.0,88.0,15.0,16.0,88.0,425515.5357664348,1702.0621430657393,20.0
800500,15.0,16.0,90.0,15.0,16.0,90.0,434514.1440583134,1738.0565762332535,20.0
800501,15.0,16.0,92.0,15.0,16.0,92.0,425515.5357664349,1702.0621430657397,20.0
800502,15.0,16.0,94.0,15.0,16.0,94.0,402074.02028567373,1608.296081142695,20.0
800503,15.0,16.0,96.0,15.0,16.0,96.0,371701.2298973969,1486.8049195895876,20.0
800504,15.0,16.0,98.0,15.0,16.0,98.0,340749.55917407514,1362.9982366963006,20.0
800505,15.0,16.0,100.0,15.0,16.0,100.0,312483.2915708243,1249.9331662832972,20.0
800506,15.0,16.0,102.0,15.0,16.0,102.0,287828.40325058217,1151.3136130023288,20.0
800507,15.0,16.0,104.0,15.0,16.0,104.0,266587.14783487795,1066.3485913395118,20.0
800508,15.0,16.0,106.0,15.0,16.0,106.0,248208.46201602748,992.8338480641099,20.0
800509,15.0,16.0,108.0,15.0,16.0,108.0,232129.62182509495,928.5184873003798,20.0
800510,15.0,16.0,110.0,15.0,16.0,110.0,217886.1133160147,871.5444532640588,20.0
800511,15.0,16.0,112.0,15.0,16.0,112.0,205124.99361799803,820.4999744719921,20.0
800512,15.0,16.0,114.0,15.0,16.0,114.0,193586.81847287706,774.3472738915083,20.0
800513,15.0,16.0,116.0,15.0,16.0,116.0,183082.12977116695,732.3285190846678,20.0
800514,15.0,16.0,118.0,15.0,16.0,118.0,173471.10069029438,693.8844027611775,20.0
800515,15.0,16.0,120.0,15.0,16.0,120.0,164648.15228856297,658.5926091542519,20.0
800516,15.0,16.0,122.0,15.0,16.0,122.0,156531.06826693867,626.1242730677548,20.0
800517,15.0,16.0,124.0,15.0,16.0,124.0,149053.5809847803,596.2143239391212,20.0
800518,15.0,16.0,126.0,15.0,16.0,126.0,142160.44636049363,568.6417854419745,20.0
800519,15.0,16.0,128.0,15.0,16.0,128.0,135804.23686881686,543.2169474752675,20.0
800520,15.0,16.0,130.0,15.0,16.0,130.0,129943.32549812757,519.7733019925103,20.0
800521,15.0,16.0,132.0,15.0,16.0,132.0,124540.7962181644,498.1631848726576,20.0
800522,15.0,16.0,134.0,15.0,16.0,134.0,119564.29564213681,478.25718256854725,20.0
800523,15.0,16.0,136.0,15.0,16.0,136.0,114987.0487366771,459.9481949467084,20.0
800524,15.0,16.0,138.0,15.0,16.0,138.0,110790.22692855942,443.1609077142377,20.0
800525,15.0,16.0,140.0,15.0,16.0,140.0,106966.47055276894,427.86588221107576,20.0
800526,15.0,16.0,142.0,15.0,16.0,142.0,103523.74385528735,414.0949754211494,20.0
800527,15.0,16.0,144.0,15.0,16.0,144.0,100488.16354616413,401.9526541846565,20.0
800528,15.0,16.0,146.0,15.0,16.0,146.0,97904.32304352324,391.617292174093,20.0
800529,15.0,16.0,148.0,15.0,16.0,148.0,95832.06160497972,383.3282464199189,20.0
800530,15.0,16.0,150.0,15.0,16.0,150.0,94339.46233506725,377.357849340269,20.0
800531,15.0,16.0,152.0,15.0,16.0,152.0,93492.80291927322,373.97121167709287,20.0
800532,15.0,16.0,154.0,15.0,16.0,154.0,93344.92353182673,373.37969412730695,20.0
800533,15.0,16.0,156.0,15.0,16.0,156.0,93923.83186476718,375.6953274590687,20.0
800534,15.0,16.0,158.0,15.0,16.0,158.0,95223.30349480879,380.89321397923516,20.0
800535,15.0,16.0,160.0,15.0,16.0,160.0,97196.84483332915,388.7873793333166,20.0
800536,15.0,16.0,162.0,15.0,16.0,162.0,99755.81137946593,399.0232455178637,20.0
800537,15.0,16.0,164.0,15.0,16.0,164.0,102771.86199658112,411.0874479863245,20.0
800538,15.0,16.0,166.0,15.0,16.0,166.0,106083.39137251164,424.33356549004657,20.0
800539,15.0,16.0,168.0,15.0,16.0,168.0,109505.18104785473,438.02072419141894,20.0
800540,15.0,16.0,170.0,15.0,16.0,170.0,112840.2643043743,451.3610572174972,20.0
800541,15.0,16.0,172.0,15.0,16.0,172.0,115892.90056606595,463.5716022642638,20.0
800542,15.0,16.0,174.0,15.0,16.0,174.0,118481.5723195354,473.9262892781416,20.0
800543,15.0,16.0,176.0,15.0,16.0,176.0,120451.01788845724,481.804071553829,20.0
800544,15.0,16.0,178.0,15.0,16.0,178.0,121682.46509077548,486.7298603631019,20.0
800545,15.0,16.0,180.0,15.0,16.0,180.0,122101.40900293991,488.40563601175967,20.0
800546,15.0,17.0,0.0,15.0,17.0,0.0,112433.43065316392,449.7337226126557,20.0
800547,15.0,17.0,2.0,15.0,17.0,2.0,112042.79285530682,448.1711714212273,20.0
800548,15.0,17.0,4.0,15.0,17.0,4.0,110892.92550125181,443.57170200500724,20.0
800549,15.0,17.0,6.0,15.0,17.0,6.0,109048.67535676387,436.19470142705546,20.0
800550,15.0,17.0,8.0,15.0,17.0,8.0,106613.87479489077,426.4554991795631,20.0
800551,15.0,17.0,10.0,15.0,17.0,10.0,103725.18233827408,414.9007293530963,20.0
800552,15.0,17.0,12.0,15.0,17.0,12.0,100543.88566706526,402.1755426682611,20.0
800553,15.0,17.0,14.0,15.0,17.0,14.0,97246.10961786707,388.9844384714683,20.0
800554,15.0,17.0,16.0,15.0,17.0,16.0,94012.01253026167,376.0480501210467,20.0
800555,15.0,17.0,18.0,15.0,17.0,18.0,91014.69061411917,364.0587624564767,20.0
800556,15.0,17.0,20.0,15.0,17.0,20.0,88409.62460232459,353.6384984092984,20.0
800557,15.0,17.0,22.0,15.0,17.0,22.0,86325.57092327083,345.3022836930833,20.0
800558,15.0,17.0,24.0,15.0,17.0,24.0,84857.79022781673,339.43116091126694,20.0
800559,15.0,17.0,26.0,15.0,17.0,26.0,84064.38746592937,336.2575498637175,20.0
800560,15.0,17.0,28.0,15.0,17.0,28.0,83966.2851985841,335.8651407943364,20.0
800561,15.0,17.0,30.0,15.0,17.0,30.0,84550.95995839259,338.2038398335704,20.0
800562,15.0,17.0,32.0,15.0,17.0,32.0,85779.5674893737,343.1182699574948,20.0
800563,15.0,17.0,34.0,15.0,17.0,34.0,87596.53746560862,350.3861498624345,20.0
800564,15.0,17.0,36.0,15.0,17.0,36.0,89940.24712147446,359.7609884858978,20.0
800565,15.0,17.0,38.0,15.0,17.0,38.0,92753.12808045205,371.01251232180823,20.0
800566,15.0,17.0,40.0,15.0,17.0,40.0,95989.64825933862,383.9585930373545,20.0
800567,15.0,17.0,42.0,15.0,17.0,42.0,99621.09163166572,398.4843665266629,20.0
800568,15.0,17.0,44.0,15.0,17.0,44.0,103636.85016561086,414.5474006624434,20.0
800569,15.0,17.0,46.0,15.0,17.0,46.0,108042.81449897765,432.1712579959106,20.0
800570,15.0,17.0,48.0,15.0,17.0,48.0,112858.09251586552,451.4323700634621,20.0
800571,15.0,17.0,50.0,15.0,17.0,50.0,118111.45320199734,472.4458128079894,20.0
800572,15.0,17.0,52.0,15.0,17.0,52.0,123838.56153813594,495.35424615254374,20.0
800573,15.0,17.0,54.0,15.0,17.0,54.0,130080.47359573786,520.3218943829514,20.0
800574,15.0,17.0,56.0,15.0,17.0,56.0,136883.35331873153,547.5334132749261,20.0
800575,15.0,17.0,58.0,15.0,17.0,58.0,144299.19014932332,577.1967605972933,20.0
800576,15.0,17.0,60.0,15.0,17.0,60.0,152387.4318674758,609.5497274699032,20.0
800577,15.0,17.0,62.0,15.0,17.0,62.0,161217.74026231212,644.8709610492484,20.0
800578,15.0,17.0,64.0,15.0,17.0,64.0,170874.40186618167,683.4976074647267,20.0
800579,15.0,17.0,66.0,15.0,17.0,66.0,181463.26157053682,725.8530462821473,20.0
800580,15.0,17.0,68.0,15.0,17.0,68.0,193122.40863767912,772.4896345507165,20.0
800581,15.0,17.0,70.0,15.0,17.0,70.0,206038.16020742228,824.1526408296892,20.0
800582,15.0,17.0,72.0,15.0,17.0,72.0,220467.81884567204,881.8712753826882,20.0
800583,15.0,17.0,74.0,15.0,17.0,74.0,236769.20397801572,947.0768159120629,20.0
800584,15.0,17.0,76.0,15.0,17.0,76.0,255431.30500932122,1021.7252200372849,20.0
800585,15.0,17.0,78.0,15.0,17.0,78.0,277083.7106193671,1108.3348424774683,20.0
800586,15.0,17.0,80.0,15.0,17.0,80.0,302419.97638181766,1209.6799055272706,20.0
800587,15.0,17.0,82.0,15.0,17.0,82.0,331880.449103075,1327.5217964123,20.0
800588,15.0,17.0,84.0,15.0,17.0,84.0,364820.21464396565,1459.2808585758626,20.0
800589,15.0,17.0,86.0,15.0,17.0,86.0,397990.3024843892,1591.961209937557,20.0
800590,15.0,17.0,88.0,15.0,17.0,88.0,424245.7771443698,1696.9831085774792,20.0
800591,15.0,17.0,90.0,15.0,17.0,90.0,434488.4289983537,1737.953715993415,20.0
800592,15.0,17.0,92.0,15.0,17.0,92.0,424245.7771443699,1696.9831085774797,20.0
800593,15.0,17.0,94.0,15.0,17.0,94.0,397990.3024843894,1591.9612099375577,20.0
800594,15.0,17.0,96.0,15.0,17.0,96.0,364820.214643966,1459.280858575864,20.0
800595,15.0,17.0,98.0,15.0,17.0,98.0,331880.4491030749,1327.5217964122996,20.0
800596,15.0,17.0,100.0,15.0,17.0,100.0,302419.9763818176,1209.6799055272704,20.0
800597,15.0,17.0,102.0,15.0,17.0,102.0,277083.7106193671,1108.3348424774683,20.0
800598,15.0,17.0,104.0,15.0,17.0,104.0,255431.30500932122,1021.7252200372849,20.0
800599,15.0,17.0,106.0,15.0,17.0,106.0,236769.20397801572,947.0768159120629,20.0
800600,15.0,17.0,108.0,15.0,17.0,108.0,220467.8188456721,881.8712753826884,20.0
800601,15.0,17.0,110.0,15.0,17.0,110.0,206038.16020742233,824.1526408296894,20.0
800602,15.0,17.0,112.0,15.0,17.0,112.0,193122.40863767918,772.4896345507167,20.0
800603,15.0,17.0,114.0,15.0,17.0,114.0,181463.26157053694,725.8530462821477,20.0
800604,15.0,17.0,116.0,15.0,17.0,116.0,170874.4018661816,683.4976074647265,20.0
800605,15.0,17.0,118.0,15.0,17.0,118.0,161217.7402623121,644.8709610492483,20.0
800606,15.0,17.0,120.0,15.0,17.0,120.0,152387.4318674758,609.5497274699032,20.0
800607,15.0,17.0,122.0,15.0,17.0,122.0,144299.19014932332,577.1967605972933,20.0
800608,15.0,17.0,124.0,15.0,17.0,124.0,136883.35331873153,547.5334132749261,20.0
800609,15.0,17.0,126.0,15.0,17.0,126.0,130080.47359573789,520.3218943829515,20.0
800610,15.0,17.0,128.0,15.0,17.0,128.0,123838.56153813595,495.35424615254385,20.0
800611,15.0,17.0,130.0,15.0,17.0,130.0,118111.45320199736,472.44581280798945,20.0
800612,15.0,17.0,132.0,15.0,17.0,132.0,112858.09251586553,451.43237006346214,20.0
800613,15.0,17.0,134.0,15.0,17.0,134.0,108042.8144989776,432.1712579959104,20.0
800614,15.0,17.0,136.0,15.0,17.0,136.0,103636.85016561087,414.54740066244347,20.0
800615,15.0,17.0,138.0,15.0,17.0,138.0,99621.09163166572,398.4843665266629,20.0
800616,15.0,17.0,140.0,15.0,17.0,140.0,95989.64825933862,383.9585930373545,20.0
800617,15.0,17.0,142.0,15.0,17.0,142.0,92753.12808045205,371.01251232180823,20.0
800618,15.0,17.0,144.0,15.0,17.0,144.0,89940.24712147446,359.7609884858978,20.0
800619,15.0,17.0,146.0,15.0,17.0,146.0,87596.53746560862,350.3861498624345,20.0
800620,15.0,17.0,148.0,15.0,17.0,148.0,85779.56748937373,343.11826995749493,20.0
800621,15.0,17.0,150.0,15.0,17.0,150.0,84550.9599583926,338.20383983357044,20.0
800622,15.0,17.0,152.0,15.0,17.0,152.0,83966.2851985841,335.8651407943364,20.0
800623,15.0,17.0,154.0,15.0,17.0,154.0,84064.38746592934,336.2575498637174,20.0
800624,15.0,17.0,156.0,15.0,17.0,156.0,84857.79022781673,339.43116091126694,20.0
800625,15.0,17.0,158.0,15.0,17.0,158.0,86325.57092327083,345.3022836930833,20.0
800626,15.0,17.0,160.0,15.0,17.0,160.0,88409.6246023246,353.63849840929845,20.0
800627,15.0,17.0,162.0,15.0,17.0,162.0,91014.6906141192,364.0587624564768,20.0
800628,15.0,17.0,164.0,15.0,17.0,164.0,94012.01253026167,376.0480501210467,20.0
800629,15.0,17.0,166.0,15.0,17.0,166.0,97246.10961786707,388.9844384714683,20.0
800630,15.0,17.0,168.0,15.0,17.0,168.0,100543.88566706529,402.1755426682612,20.0
800631,15.0,17.0,170.0,15.0,17.0,170.0,103725.18233827408,414.9007293530963,20.0
800632,15.0,17.0,172.0,15.0,17.0,172.0,106613.87479489077,426.4554991795631,20.0
800633,15.0,17.0,174.0,15.0,17.0,174.0,109048.67535676387,436.19470142705546,20.0
800634,15.0,17.0,176.0,15.0,17.0,176.0,110892.92550125181,443.57170200500724,20.0
800635,15.0,17.0,178.0,15.0,17.0,178.0,112042.79285530682,448.1711714212273,20.0
800636,15.0,17.0,180.0,15.0,17.0,180.0,112433.43065316392,449.7337226126557,20.0
800637,17.5,10.0,0.0,17.5,10.0,0.0,177734.08876799978,710.9363550719992,20.0
800638,17.5,10.0,2.0,17.5,10.0,2.0,177053.84961769226,708.2153984707691,20.0
800639,17.5,10.0,4.0,17.5,10.0,4.0,175072.96860017243,700.2918744006897,20.0
800640,17.5,10.0,6.0,17.5,10.0,6.0,171964.2410622911,687.8569642491644,20.0
800641,17.5,10.0,8.0,17.5,10.0,8.0,167994.1408261591,671.9765633046364,20.0
800642,17.5,10.0,10.0,17.5,10.0,10.0,163493.45480862496,653.9738192344998,20.0
800643,17.5,10.0,12.0,17.5,10.0,12.0,158821.6326047973,635.2865304191893,20.0
800644,17.5,10.0,14.0,17.5,10.0,14.0,154329.4893712763,617.3179574851051,20.0
800645,17.5,10.0,16.0,17.5,10.0,16.0,150325.12019918987,601.3004807967595,20.0
800646,17.5,10.0,18.0,17.5,10.0,18.0,147047.41003403033,588.1896401361213,20.0
800647,17.5,10.0,20.0,17.5,10.0,20.0,144650.36930796484,578.6014772318593,20.0
800648,17.5,10.0,22.0,17.5,10.0,22.0,143199.8185789033,572.7992743156133,20.0
800649,17.5,10.0,24.0,17.5,10.0,24.0,142681.93414313777,570.7277365725511,20.0
800650,17.5,10.0,26.0,17.5,10.0,26.0,143021.20408867832,572.0848163547133,20.0
800651,17.5,10.0,28.0,17.5,10.0,28.0,144103.83494651367,576.4153397860547,20.0
800652,17.5,10.0,30.0,17.5,10.0,30.0,145801.95635425733,583.2078254170293,20.0
800653,17.5,10.0,32.0,17.5,10.0,32.0,147994.3018986919,591.9772075947676,20.0
800654,17.5,10.0,34.0,17.5,10.0,34.0,150580.34628741237,602.3213851496495,20.0
800655,17.5,10.0,36.0,17.5,10.0,36.0,153486.80255986,613.94721023944,20.0
800656,17.5,10.0,38.0,17.5,10.0,38.0,156667.3540779826,626.6694163119304,20.0
800657,17.5,10.0,40.0,17.5,10.0,40.0,160097.9075088508,640.3916300354032,20.0
800658,17.5,10.0,42.0,17.5,10.0,42.0,163770.11382828257,655.0804553131303,20.0
800659,17.5,10.0,44.0,17.5,10.0,44.0,167685.42103573185,670.7416841429274,20.0
800660,17.5,10.0,46.0,17.5,10.0,46.0,171850.888970037,687.403555880148,20.0
800661,17.5,10.0,48.0,17.5,10.0,48.0,176276.96947979738,705.1078779191895,20.0
800662,17.5,10.0,50.0,17.5,10.0,50.0,180976.84211047128,723.9073684418851,20.0
800663,17.5,10.0,52.0,17.5,10.0,52.0,185966.7746458743,743.8670985834972,20.0
800664,17.5,10.0,54.0,17.5,10.0,54.0,191267.1613024513,765.0686452098053,20.0
800665,17.5,10.0,56.0,17.5,10.0,56.0,196904.1396409756,787.6165585639025,20.0
800666,17.5,10.0,58.0,17.5,10.0,58.0,202911.87208235307,811.6474883294123,20.0
800667,17.5,10.0,60.0,17.5,10.0,60.0,209335.69166966362,837.3427666786545,20.0
800668,17.5,10.0,62.0,17.5,10.0,62.0,216236.3900379723,864.9455601518893,20.0
800669,17.5,10.0,64.0,17.5,10.0,64.0,223695.98618469853,894.7839447387942,20.0
800670,17.5,10.0,66.0,17.5,10.0,66.0,231825.33484386734,927.3013393754694,20.0
800671,17.5,10.0,68.0,17.5,10.0,68.0,240773.82776757848,963.095311070314,20.0
800672,17.5,10.0,70.0,17.5,10.0,70.0,250740.99912094828,1002.9639964837932,20.0
800673,17.5,10.0,72.0,17.5,10.0,72.0,261988.58524134062,1047.9543409653625,20.0
800674,17.5,10.0,74.0,17.5,10.0,74.0,274848.4674580907,1099.3938698323627,20.0
800675,17.5,10.0,76.0,17.5,10.0,76.0,289714.8810566444,1158.8595242265776,20.0
800676,17.5,10.0,78.0,17.5,10.0,78.0,306994.89252030785,1227.9795700812315,20.0
800677,17.5,10.0,80.0,17.5,10.0,80.0,326966.34877639206,1307.8653951055683,20.0
800678,17.5,10.0,82.0,17.5,10.0,82.0,349464.80348800926,1397.859213952037,20.0
800679,17.5,10.0,84.0,17.5,10.0,84.0,373340.62686245335,1493.3625074498134,20.0
800680,17.5,10.0,86.0,17.5,10.0,86.0,395832.2949113795,1583.329179645518,20.0
800681,17.5,10.0,88.0,17.5,10.0,88.0,412508.67827843165,1650.0347131137266,20.0
800682,17.5,10.0,90.0,17.5,10.0,90.0,418749.7638349417,1674.999055339767,20.0
800683,17.5,10.0,92.0,17.5,10.0,92.0,412508.6782784317,1650.0347131137269,20.0
800684,17.5,10.0,94.0,17.5,10.0,94.0,395832.2949113797,1583.3291796455187,20.0
800685,17.5,10.0,96.0,17.5,10.0,96.0,373340.62686245353,1493.362507449814,20.0
800686,17.5,10.0,98.0,17.5,10.0,98.0,349464.8034880091,1397.8592139520363,20.0
800687,17.5,10.0,100.0,17.5,10.0,100.0,326966.348776392,1307.865395105568,20.0
800688,17.5,10.0,102.0,17.5,10.0,102.0,306994.89252030785,1227.9795700812315,20.0
800689,17.5,10.0,104.0,17.5,10.0,104.0,289714.8810566444,1158.8595242265776,20.0
800690,17.5,10.0,106.0,17.5,10.0,106.0,274848.4674580907,1099.3938698323627,20.0
800691,17.5,10.0,108.0,17.5,10.0,108.0,261988.58524134062,1047.9543409653625,20.0
800692,17.5,10.0,110.0,17.5,10.0,110.0,250740.9991209483,1002.9639964837933,20.0
800693,17.5,10.0,112.0,17.5,10.0,112.0,240773.82776757854,963.0953110703142,20.0
800694,17.5,10.0,114.0,17.5,10.0,114.0,231825.33484386737,927.3013393754695,20.0
800695,17.5,10.0,116.0,17.5,10.0,116.0,223695.98618469847,894.7839447387939,20.0
800696,17.5,10.0,118.0,17.5,10.0,118.0,216236.39003797225,864.945560151889,20.0
800697,17.5,10.0,120.0,17.5,10.0,120.0,209335.69166966362,837.3427666786545,20.0
800698,17.5,10.0,122.0,17.5,10.0,122.0,202911.87208235307,811.6474883294123,20.0
800699,17.5,10.0,124.0,17.5,10.0,124.0,196904.1396409756,787.6165585639025,20.0
800700,17.5,10.0,126.0,17.5,10.0,126.0,191267.16130245134,765.0686452098054,20.0
800701,17.5,10.0,128.0,17.5,10.0,128.0,185966.7746458743,743.8670985834973,20.0
800702,17.5,10.0,130.0,17.5,10.0,130.0,180976.84211047133,723.9073684418854,20.0
800703,17.5,10.0,132.0,17.5,10.0,132.0,176276.96947979738,705.1078779191895,20.0
800704,17.5,10.0,134.0,17.5,10.0,134.0,171850.88897003696,687.4035558801479,20.0
800705,17.5,10.0,136.0,17.5,10.0,136.0,167685.42103573185,670.7416841429274,20.0
800706,17.5,10.0,138.0,17.5,10.0,138.0,163770.11382828257,655.0804553131303,20.0
800707,17.5,10.0,140.0,17.5,10.0,140.0,160097.9075088508,640.3916300354032,20.0
800708,17.5,10.0,142.0,17.5,10.0,142.0,156667.3540779826,626.6694163119304,20.0
800709,17.5,10.0,144.0,17.5,10.0,144.0,153486.80255986,613.94721023944,20.0
800710,17.5,10.0,146.0,17.5,10.0,146.0,150580.34628741234,602.3213851496494,20.0
800711,17.5,10.0,148.0,17.5,10.0,148.0,147994.3018986919,591.9772075947676,20.0
800712,17.5,10.0,150.0,17.5,10.0,150.0,145801.95635425733,583.2078254170293,20.0
800713,17.5,10.0,152.0,17.5,10.0,152.0,144103.83494651367,576.4153397860547,20.0
800714,17.5,10.0,154.0,17.5,10.0,154.0,143021.2040886783,572.0848163547132,20.0
800715,17.5,10.0,156.0,17.5,10.0,156.0,142681.93414313777,570.7277365725511,20.0
800716,17.5,10.0,158.0,17.5,10.0,158.0,143199.8185789033,572.7992743156133,20.0
800717,17.5,10.0,160.0,17.5,10.0,160.0,144650.3693079649,578.6014772318596,20.0
800718,17.5,10.0,162.0,17.5,10.0,162.0,147047.41003403036,588.1896401361214,20.0
800719,17.5,10.0,164.0,17.5,10.0,164.0,150325.12019918987,601.3004807967595,20.0
800720,17.5,10.0,166.0,17.5,10.0,166.0,154329.4893712763,617.3179574851051,20.0
800721,17.5,10.0,168.0,17.5,10.0,168.0,158821.63260479737,635.2865304191895,20.0
800722,17.5,10.0,170.0,17.5,10.0,170.0,163493.45480862496,653.9738192344998,20.0
800723,17.5,10.0,172.0,17.5,10.0,172.0,167994.1408261591,671.9765633046364,20.0
800724,17.5,10.0,174.0,17.5,10.0,174.0,171964.2410622911,687.8569642491644,20.0
800725,17.5,10.0,176.0,17.5,10.0,176.0,175072.96860017243,700.2918744006897,20.0
800726,17.5,10.0,178.0,17.5,10.0,178.0,177053.84961769226,708.2153984707691,20.0
800727,17.5,10.0,180.0,17.5,10.0,180.0,177734.08876799978,710.9363550719992,20.0
800728,17.5,12.0,0.0,17.5,12.0,0.0,153008.57856266608,612.0343142506644,20.0
800729,17.5,12.0,2.0,17.5,12.0,2.0,152439.67113890493,609.7586845556198,20.0
800730,17.5,12.0,4.0,17.5,12.0,4.0,150776.79322045165,603.1071728818066,20.0
800731,17.5,12.0,6.0,17.5,12.0,6.0,148147.3858951924,592.5895435807696,20.0
800732,17.5,12.0,8.0,17.5,12.0,8.0,144750.62204049548,579.0024881619819,20.0
800733,17.5,12.0,10.0,17.5,12.0,10.0,140838.97004030444,563.3558801612178,20.0
800734,17.5,12.0,12.0,17.5,12.0,12.0,136695.08352307792,546.7803340923117,20.0
800735,17.5,12.0,14.0,17.5,12.0,14.0,132606.44905124113,530.4257962049645,20.0
800736,17.5,12.0,16.0,17.5,12.0,16.0,128840.52997741131,515.3621199096452,20.0
800737,17.5,12.0,18.0,17.5,12.0,18.0,125623.16066699779,502.49264266799116,20.0
800738,17.5,12.0,20.0,17.5,12.0,20.0,123122.62555035015,492.4905022014006,20.0
800739,17.5,12.0,22.0,17.5,12.0,22.0,121441.18958351223,485.7647583340489,20.0
800740,17.5,12.0,24.0,17.5,12.0,24.0,120614.8699693359,482.4594798773436,20.0
800741,17.5,12.0,26.0,17.5,12.0,26.0,120621.06010055442,482.48424040221767,20.0
800742,17.5,12.0,28.0,17.5,12.0,28.0,121392.41397886588,485.56965591546356,20.0
800743,17.5,12.0,30.0,17.5,12.0,30.0,122834.40618613776,491.337624744551,20.0
800744,17.5,12.0,32.0,17.5,12.0,32.0,124843.44241161994,499.37376964647973,20.0
800745,17.5,12.0,34.0,17.5,12.0,34.0,127322.49085518347,509.2899634207339,20.0
800746,17.5,12.0,36.0,17.5,12.0,36.0,130191.97464083735,520.7678985633494,20.0
800747,17.5,12.0,38.0,17.5,12.0,38.0,133394.9471732988,533.5797886931953,20.0
800748,17.5,12.0,40.0,17.5,12.0,40.0,136897.00981232358,547.5880392492943,20.0
800749,17.5,12.0,42.0,17.5,12.0,42.0,140682.5768332227,562.7303073328908,20.0
800750,17.5,12.0,44.0,17.5,12.0,44.0,144749.58798680603,578.9983519472241,20.0
800751,17.5,12.0,46.0,17.5,12.0,46.0,149104.52195058673,596.4180878023469,20.0
800752,17.5,12.0,48.0,17.5,12.0,48.0,153758.80741819204,615.0352296727682,20.0
800753,17.5,12.0,50.0,17.5,12.0,50.0,158726.89230196507,634.9075692078603,20.0
800754,17.5,12.0,52.0,17.5,12.0,52.0,164025.68980770273,656.1027592308109,20.0
800755,17.5,12.0,54.0,17.5,12.0,54.0,169674.9935478048,678.6999741912192,20.0
800756,17.5,12.0,56.0,17.5,12.0,56.0,175698.61361535804,702.7944544614322,20.0
800757,17.5,12.0,58.0,17.5,12.0,58.0,182126.22673692091,728.5049069476837,20.0
800758,17.5,12.0,60.0,17.5,12.0,60.0,188996.13682020473,755.9845472808189,20.0
800759,17.5,12.0,62.0,17.5,12.0,62.0,196359.29933583876,785.437197343355,20.0
800760,17.5,12.0,64.0,17.5,12.0,64.0,204285.10941172863,817.1404376469145,20.0
800761,17.5,12.0,66.0,17.5,12.0,66.0,212869.6056559883,851.4784226239532,20.0
800762,17.5,12.0,68.0,17.5,12.0,68.0,222246.86295314674,888.987451812587,20.0
800763,17.5,12.0,70.0,17.5,12.0,70.0,232604.29330154747,930.4171732061899,20.0
800764,17.5,12.0,72.0,17.5,12.0,72.0,244201.9399195711,976.8077596782845,20.0
800765,17.5,12.0,74.0,17.5,12.0,74.0,257393.59922839332,1029.5743969135733,20.0
800766,17.5,12.0,76.0,17.5,12.0,76.0,272641.2492697379,1090.5649970789516,20.0
800767,17.5,12.0,78.0,17.5,12.0,78.0,290498.3922775184,1161.9935691100736,20.0
800768,17.5,12.0,80.0,17.5,12.0,80.0,311503.0597942728,1246.0122391770913,20.0
800769,17.5,12.0,82.0,17.5,12.0,82.0,335860.516986317,1343.442067945268,20.0
800770,17.5,12.0,84.0,17.5,12.0,84.0,362747.8845472286,1450.9915381889143,20.0
800771,17.5,12.0,86.0,17.5,12.0,86.0,389247.17182837887,1556.9886873135156,20.0
800772,17.5,12.0,88.0,17.5,12.0,88.0,409728.29954239307,1638.9131981695723,20.0
800773,17.5,12.0,90.0,17.5,12.0,90.0,417591.0357297409,1670.3641429189638,20.0
800774,17.5,12.0,92.0,17.5,12.0,92.0,409728.2995423931,1638.9131981695725,20.0
800775,17.5,12.0,94.0,17.5,12.0,94.0,389247.1718283791,1556.9886873135165,20.0
800776,17.5,12.0,96.0,17.5,12.0,96.0,362747.8845472288,1450.9915381889152,20.0
800777,17.5,12.0,98.0,17.5,12.0,98.0,335860.51698631694,1343.4420679452678,20.0
800778,17.5,12.0,100.0,17.5,12.0,100.0,311503.0597942728,1246.0122391770913,20.0
800779,17.5,12.0,102.0,17.5,12.0,102.0,290498.3922775184,1161.9935691100736,20.0
800780,17.5,12.0,104.0,17.5,12.0,104.0,272641.2492697379,1090.5649970789516,20.0
800781,17.5,12.0,106.0,17.5,12.0,106.0,257393.59922839343,1029.5743969135738,20.0
800782,17.5,12.0,108.0,17.5,12.0,108.0,244201.9399195711,976.8077596782845,20.0
800783,17.5,12.0,110.0,17.5,12.0,110.0,232604.2933015475,930.41717320619,20.0
800784,17.5,12.0,112.0,17.5,12.0,112.0,222246.8629531468,888.9874518125872,20.0
800785,17.5,12.0,114.0,17.5,12.0,114.0,212869.6056559884,851.4784226239535,20.0
800786,17.5,12.0,116.0,17.5,12.0,116.0,204285.10941172854,817.1404376469142,20.0
800787,17.5,12.0,118.0,17.5,12.0,118.0,196359.2993358387,785.4371973433548,20.0
800788,17.5,12.0,120.0,17.5,12.0,120.0,188996.13682020473,755.9845472808189,20.0
800789,17.5,12.0,122.0,17.5,12.0,122.0,182126.22673692091,728.5049069476837,20.0
800790,17.5,12.0,124.0,17.5,12.0,124.0,175698.61361535804,702.7944544614322,20.0
800791,17.5,12.0,126.0,17.5,12.0,126.0,169674.9935478049,678.6999741912196,20.0
800792,17.5,12.0,128.0,17.5,12.0,128.0,164025.68980770276,656.1027592308111,20.0
800793,17.5,12.0,130.0,17.5,12.0,130.0,158726.89230196513,634.9075692078605,20.0
800794,17.5,12.0,132.0,17.5,12.0,132.0,153758.80741819204,615.0352296727682,20.0
800795,17.5,12.0,134.0,17.5,12.0,134.0,149104.5219505867,596.4180878023468,20.0
800796,17.5,12.0,136.0,17.5,12.0,136.0,144749.58798680606,578.9983519472243,20.0
800797,17.5,12.0,138.0,17.5,12.0,138.0,140682.5768332227,562.7303073328908,20.0
800798,17.5,12.0,140.0,17.5,12.0,140.0,136897.00981232358,547.5880392492943,20.0
800799,17.5,12.0,142.0,17.5,12.0,142.0,133394.9471732988,533.5797886931953,20.0
800800,17.5,12.0,144.0,17.5,12.0,144.0,130191.97464083735,520.7678985633494,20.0
800801,17.5,12.0,146.0,17.5,12.0,146.0,127322.49085518344,509.2899634207338,20.0
800802,17.5,12.0,148.0,17.5,12.0,148.0,124843.44241161994,499.37376964647973,20.0
800803,17.5,12.0,150.0,17.5,12.0,150.0,122834.40618613778,491.33762474455114,20.0
800804,17.5,12.0,152.0,17.5,12.0,152.0,121392.41397886588,485.56965591546356,20.0
800805,17.5,12.0,154.0,17.5,12.0,154.0,120621.06010055439,482.48424040221755,20.0
800806,17.5,12.0,156.0,17.5,12.0,156.0,120614.8699693359,482.4594798773436,20.0
800807,17.5,12.0,158.0,17.5,12.0,158.0,121441.18958351223,485.7647583340489,20.0
800808,17.5,12.0,160.0,17.5,12.0,160.0,123122.62555035015,492.4905022014006,20.0
800809,17.5,12.0,162.0,17.5,12.0,162.0,125623.16066699785,502.4926426679914,20.0
800810,17.5,12.0,164.0,17.5,12.0,164.0,128840.52997741131,515.3621199096452,20.0
800811,17.5,12.0,166.0,17.5,12.0,166.0,132606.44905124113,530.4257962049645,20.0
800812,17.5,12.0,168.0,17.5,12.0,168.0,136695.08352307792,546.7803340923117,20.0
800813,17.5,12.0,170.0,17.5,12.0,170.0,140838.97004030444,563.3558801612178,20.0
800814,17.5,12.0,172.0,17.5,12.0,172.0,144750.62204049548,579.0024881619819,20.0
800815,17.5,12.0,174.0,17.5,12.0,174.0,148147.3858951924,592.5895435807696,20.0
800816,17.5,12.0,176.0,17.5,12.0,176.0,150776.79322045165,603.1071728818066,20.0
800817,17.5,12.0,178.0,17.5,12.0,178.0,152439.67113890493,609.7586845556198,20.0
800818,17.5,12.0,180.0,17.5,12.0,180.0,153008.57856266608,612.0343142506644,20.0
800819,17.5,14.0,0.0,17.5,14.0,0.0,130764.08532328412,523.0563412931365,20.0
800820,17.5,14.0,2.0,17.5,14.0,2.0,130280.65801903898,521.1226320761559,20.0
800821,17.5,14.0,4.0,17.5,14.0,4.0,128862.91947005157,515.4516778802063,20.0
800822,17.5,14.0,6.0,17.5,14.0,6.0,126605.98689763366,506.4239475905346,20.0
800823,17.5,14.0,8.0,17.5,14.0,8.0,123660.20335948023,494.64081343792094,20.0
800824,17.5,14.0,10.0,17.5,14.0,10.0,120219.52019285415,480.8780807714166,20.0
800825,17.5,14.0,12.0,17.5,14.0,12.0,116506.53026608961,466.02612106435845,20.0
800826,17.5,14.0,14.0,17.5,14.0,14.0,112755.38746939145,451.0215498775658,20.0
800827,17.5,14.0,16.0,17.5,14.0,16.0,109194.09653720315,436.7763861488126,20.0
800828,17.5,14.0,18.0,17.5,14.0,18.0,106027.80502663487,424.1112201065395,20.0
800829,17.5,14.0,20.0,17.5,14.0,20.0,103424.736526129,413.698946104516,20.0
800830,17.5,14.0,22.0,17.5,14.0,22.0,101506.23285055078,406.0249314022031,20.0
800831,17.5,14.0,24.0,17.5,14.0,24.0,100341.99727191892,401.3679890876757,20.0
800832,17.5,14.0,26.0,17.5,14.0,26.0,99951.05155083133,399.8042062033253,20.0
800833,17.5,14.0,28.0,17.5,14.0,28.0,100308.1794107796,401.2327176431184,20.0
800834,17.5,14.0,30.0,17.5,14.0,30.0,101354.82376956467,405.4192950782587,20.0
800835,17.5,14.0,32.0,17.5,14.0,32.0,103012.6819785323,412.0507279141292,20.0
800836,17.5,14.0,34.0,17.5,14.0,34.0,105197.78044285903,420.7911217714361,20.0
800837,17.5,14.0,36.0,17.5,14.0,36.0,107832.76941101301,431.3310776440521,20.0
800838,17.5,14.0,38.0,17.5,14.0,38.0,110855.64122276686,443.42256489106745,20.0
800839,17.5,14.0,40.0,17.5,14.0,40.0,114223.97729196455,456.8959091678582,20.0
800840,17.5,14.0,42.0,17.5,14.0,42.0,117914.93859108587,471.6597543643435,20.0
800841,17.5,14.0,44.0,17.5,14.0,44.0,121922.18303780354,487.68873215121414,20.0
800842,17.5,14.0,46.0,17.5,14.0,46.0,126251.39162287717,505.0055664915087,20.0
800843,17.5,14.0,48.0,17.5,14.0,48.0,130915.9707355335,523.663882942134,20.0
800844,17.5,14.0,50.0,17.5,14.0,50.0,135933.9103814504,543.7356415258016,20.0
800845,17.5,14.0,52.0,17.5,14.0,52.0,141326.06934023,565.30427736092,20.0
800846,17.5,14.0,54.0,17.5,14.0,54.0,147115.67894053846,588.4627157621538,20.0
800847,17.5,14.0,56.0,17.5,14.0,56.0,153328.74847494825,613.3149938997931,20.0
800848,17.5,14.0,58.0,17.5,14.0,58.0,159995.22152402264,639.9808860960906,20.0
800849,17.5,14.0,60.0,17.5,14.0,60.0,167150.99273568258,668.6039709427304,20.0
800850,17.5,14.0,62.0,17.5,14.0,62.0,174841.14486479593,699.3645794591838,20.0
800851,17.5,14.0,64.0,17.5,14.0,64.0,183125.01107775833,732.5000443110333,20.0
800852,17.5,14.0,66.0,17.5,14.0,66.0,192083.95663282514,768.3358265313005,20.0
800853,17.5,14.0,68.0,17.5,14.0,68.0,201833.13623730026,807.3325449492011,20.0
800854,17.5,14.0,70.0,17.5,14.0,70.0,212538.87805577088,850.1555122230835,20.0
800855,17.5,14.0,72.0,17.5,14.0,72.0,224443.54176507844,897.7741670603137,20.0
800856,17.5,14.0,74.0,17.5,14.0,74.0,237898.91034913543,951.5956413965417,20.0
800857,17.5,14.0,76.0,17.5,14.0,76.0,253405.0547933321,1013.6202191733283,20.0
800858,17.5,14.0,78.0,17.5,14.0,78.0,271637.7198497621,1086.5508793990484,20.0
800859,17.5,14.0,80.0,17.5,14.0,80.0,293407.92988379236,1173.6317195351694,20.0
800860,17.5,14.0,82.0,17.5,14.0,82.0,319403.55249578,1277.61420998312,20.0
800861,17.5,14.0,84.0,17.5,14.0,84.0,349403.9986629357,1397.6159946517428,20.0
800862,17.5,14.0,86.0,17.5,14.0,86.0,380655.67636413156,1522.6227054565263,20.0
800863,17.5,14.0,88.0,17.5,14.0,88.0,406158.2245766692,1624.632898306677,20.0
800864,17.5,14.0,90.0,17.5,14.0,90.0,416295.10191267444,1665.1804076506978,20.0
800865,17.5,14.0,92.0,17.5,14.0,92.0,406158.22457666934,1624.6328983066774,20.0
800866,17.5,14.0,94.0,17.5,14.0,94.0,380655.6763641318,1522.6227054565272,20.0
800867,17.5,14.0,96.0,17.5,14.0,96.0,349403.998662936,1397.615994651744,20.0
800868,17.5,14.0,98.0,17.5,14.0,98.0,319403.55249577994,1277.6142099831197,20.0
800869,17.5,14.0,100.0,17.5,14.0,100.0,293407.9298837923,1173.6317195351692,20.0
800870,17.5,14.0,102.0,17.5,14.0,102.0,271637.7198497621,1086.5508793990484,20.0
800871,17.5,14.0,104.0,17.5,14.0,104.0,253405.0547933321,1013.6202191733283,20.0
800872,17.5,14.0,106.0,17.5,14.0,106.0,237898.91034913543,951.5956413965417,20.0
800873,17.5,14.0,108.0,17.5,14.0,108.0,224443.5417650785,897.774167060314,20.0
800874,17.5,14.0,110.0,17.5,14.0,110.0,212538.8780557709,850.1555122230836,20.0
800875,17.5,14.0,112.0,17.5,14.0,112.0,201833.13623730032,807.3325449492013,20.0
800876,17.5,14.0,114.0,17.5,14.0,114.0,192083.95663282525,768.335826531301,20.0
800877,17.5,14.0,116.0,17.5,14.0,116.0,183125.01107775833,732.5000443110333,20.0
800878,17.5,14.0,118.0,17.5,14.0,118.0,174841.1448647959,699.3645794591837,20.0
800879,17.5,14.0,120.0,17.5,14.0,120.0,167150.99273568258,668.6039709427304,20.0
800880,17.5,14.0,122.0,17.5,14.0,122.0,159995.22152402264,639.9808860960906,20.0
800881,17.5,14.0,124.0,17.5,14.0,124.0,153328.74847494825,613.3149938997931,20.0
800882,17.5,14.0,126.0,17.5,14.0,126.0,147115.6789405385,588.462715762154,20.0
800883,17.5,14.0,128.0,17.5,14.0,128.0,141326.06934023002,565.3042773609201,20.0
800884,17.5,14.0,130.0,17.5,14.0,130.0,135933.91038145043,543.7356415258017,20.0
800885,17.5,14.0,132.0,17.5,14.0,132.0,130915.9707355335,523.663882942134,20.0
800886,17.5,14.0,134.0,17.5,14.0,134.0,126251.39162287714,505.0055664915086,20.0
800887,17.5,14.0,136.0,17.5,14.0,136.0,121922.18303780357,487.68873215121425,20.0
800888,17.5,14.0,138.0,17.5,14.0,138.0,117914.93859108587,471.6597543643435,20.0
800889,17.5,14.0,140.0,17.5,14.0,140.0,114223.97729196455,456.8959091678582,20.0
800890,17.5,14.0,142.0,17.5,14.0,142.0,110855.64122276686,443.42256489106745,20.0
800891,17.5,14.0,144.0,17.5,14.0,144.0,107832.76941101301,431.3310776440521,20.0
800892,17.5,14.0,146.0,17.5,14.0,146.0,105197.78044285903,420.7911217714361,20.0
800893,17.5,14.0,148.0,17.5,14.0,148.0,103012.68197853233,412.0507279141293,20.0
800894,17.5,14.0,150.0,17.5,14.0,150.0,101354.82376956471,405.41929507825887,20.0
800895,17.5,14.0,152.0,17.5,14.0,152.0,100308.1794107796,401.2327176431184,20.0
800896,17.5,14.0,154.0,17.5,14.0,154.0,99951.05155083131,399.80420620332524,20.0
800897,17.5,14.0,156.0,17.5,14.0,156.0,100341.99727191892,401.3679890876757,20.0
800898,17.5,14.0,158.0,17.5,14.0,158.0,101506.23285055078,406.0249314022031,20.0
800899,17.5,14.0,160.0,17.5,14.0,160.0,103424.73652612905,413.6989461045162,20.0
800900,17.5,14.0,162.0,17.5,14.0,162.0,106027.80502663492,424.1112201065397,20.0
800901,17.5,14.0,164.0,17.5,14.0,164.0,109194.09653720315,436.7763861488126,20.0
800902,17.5,14.0,166.0,17.5,14.0,166.0,112755.38746939145,451.0215498775658,20.0
800903,17.5,14.0,168.0,17.5,14.0,168.0,116506.53026608964,466.02612106435856,20.0
800904,17.5,14.0,170.0,17.5,14.0,170.0,120219.52019285415,480.8780807714166,20.0
800905,17.5,14.0,172.0,17.5,14.0,172.0,123660.20335948023,494.64081343792094,20.0
800906,17.5,14.0,174.0,17.5,14.0,174.0,126605.98689763366,506.4239475905346,20.0
800907,17.5,14.0,176.0,17.5,14.0,176.0,128862.91947005157,515.4516778802063,20.0
800908,17.5,14.0,178.0,17.5,14.0,178.0,130280.65801903898,521.1226320761559,20.0
800909,17.5,14.0,180.0,17.5,14.0,180.0,130764.08532328412,523.0563412931365,20.0
800910,17.5,16.0,0.0,17.5,16.0,0.0,110972.10969661428,443.88843878645713,20.0
800911,17.5,16.0,2.0,17.5,16.0,2.0,110554.76526030085,442.2190610412034,20.0
800912,17.5,16.0,4.0,17.5,16.0,4.0,109327.13642371012,437.3085456948405,20.0
800913,17.5,16.0,6.0,17.5,16.0,6.0,107360.89109796946,429.4435643918779,20.0
800914,17.5,16.0,8.0,17.5,16.0,8.0,104770.40681126773,419.08162724507093,20.0
800915,17.5,16.0,10.0,17.5,16.0,10.0,101705.45828026587,406.8218331210635,20.0
800916,17.5,16.0,12.0,17.5,16.0,12.0,98341.56676366413,393.36626705465653,20.0
800917,17.5,16.0,14.0,17.5,16.0,14.0,94868.60444064716,379.47441776258864,20.0
800918,17.5,16.0,16.0,17.5,16.0,16.0,91478.41488957,365.91365955828,20.0
800919,17.5,16.0,18.0,17.5,16.0,18.0,88352.35896184061,353.40943584736243,20.0
800920,17.5,16.0,20.0,17.5,16.0,20.0,85649.80122797287,342.5992049118915,20.0
800921,17.5,16.0,22.0,17.5,16.0,22.0,83498.5858278435,333.994343311374,20.0
800922,17.5,16.0,24.0,17.5,16.0,24.0,81988.47851744863,327.9539140697945,20.0
800923,17.5,16.0,26.0,17.5,16.0,26.0,81168.34397585582,324.6733759034233,20.0
800924,17.5,16.0,28.0,17.5,16.0,28.0,81047.4683016796,324.1898732067184,20.0
800925,17.5,16.0,30.0,17.5,16.0,30.0,81600.93816260056,326.4037526504023,20.0
800926,17.5,16.0,32.0,17.5,16.0,32.0,82778.40309560392,331.1136123824157,20.0
800927,17.5,16.0,34.0,17.5,16.0,34.0,84514.97595027469,338.05990380109876,20.0
800928,17.5,16.0,36.0,17.5,16.0,36.0,86742.60708318694,346.97042833274776,20.0
800929,17.5,16.0,38.0,17.5,16.0,38.0,89400.1473499554,357.6005893998216,20.0
800930,17.5,16.0,40.0,17.5,16.0,40.0,92440.59430164805,369.7623772065922,20.0
800931,17.5,16.0,42.0,17.5,16.0,42.0,95834.68751220735,383.3387500488294,20.0
800932,17.5,16.0,44.0,17.5,16.0,44.0,99570.92449415568,398.28369797662276,20.0
800933,17.5,16.0,46.0,17.5,16.0,46.0,103652.92070478312,414.61168281913245,20.0
800934,17.5,16.0,48.0,17.5,16.0,48.0,108095.5257042137,432.3821028168548,20.0
800935,17.5,16.0,50.0,17.5,16.0,50.0,112921.06168071345,451.6842467228538,20.0
800936,17.5,16.0,52.0,17.5,16.0,52.0,118156.55732054044,472.6262292821618,20.0
800937,17.5,16.0,54.0,17.5,16.0,54.0,123832.22075121402,495.3288830048561,20.0
800938,17.5,16.0,56.0,17.5,16.0,56.0,129980.96846544482,519.9238738617793,20.0
800939,17.5,16.0,58.0,17.5,16.0,58.0,136638.75305754176,546.5550122301671,20.0
800940,17.5,16.0,60.0,17.5,16.0,60.0,143845.63017423087,575.3825206969235,20.0
800941,17.5,16.0,62.0,17.5,16.0,62.0,151647.81249519467,606.5912499807787,20.0
800942,17.5,16.0,64.0,17.5,16.0,64.0,160101.29967080653,640.4051986832261,20.0
800943,17.5,16.0,66.0,17.5,16.0,66.0,169278.08892980294,677.1123557192118,20.0
800944,17.5,16.0,68.0,17.5,16.0,68.0,179276.55564356135,717.1062225742454,20.0
800945,17.5,16.0,70.0,17.5,16.0,70.0,190238.43486944985,760.9537394777994,20.0
800946,17.5,16.0,72.0,17.5,16.0,72.0,202375.94838957876,809.503793558315,20.0
800947,17.5,16.0,74.0,17.5,16.0,74.0,216013.7019326544,864.0548077306177,20.0
800948,17.5,16.0,76.0,17.5,16.0,76.0,231649.51168528345,926.5980467411338,20.0
800949,17.5,16.0,78.0,17.5,16.0,78.0,250030.68336392503,1000.1227334557001,20.0
800950,17.5,16.0,80.0,17.5,16.0,80.0,272209.09372444655,1088.8363748977863,20.0
800951,17.5,16.0,82.0,17.5,16.0,82.0,299428.0239596299,1197.7120958385196,20.0
800952,17.5,16.0,84.0,17.5,16.0,84.0,332405.20346831955,1329.6208138732782,20.0
800953,17.5,16.0,86.0,17.5,16.0,86.0,369163.29209116934,1476.6531683646774,20.0
800954,17.5,16.0,88.0,17.5,16.0,88.0,401406.671256747,1605.6266850269878,20.0
800955,17.5,16.0,90.0,17.5,16.0,90.0,414866.0405309507,1659.464162123803,20.0
800956,17.5,16.0,92.0,17.5,16.0,92.0,401406.67125674704,1605.6266850269883,20.0
800957,17.5,16.0,94.0,17.5,16.0,94.0,369163.2920911696,1476.6531683646785,20.0
800958,17.5,16.0,96.0,17.5,16.0,96.0,332405.2034683199,1329.6208138732795,20.0
800959,17.5,16.0,98.0,17.5,16.0,98.0,299428.0239596298,1197.7120958385194,20.0
800960,17.5,16.0,100.0,17.5,16.0,100.0,272209.0937244465,1088.836374897786,20.0
800961,17.5,16.0,102.0,17.5,16.0,102.0,250030.683363925,1000.1227334557,20.0
800962,17.5,16.0,104.0,17.5,16.0,104.0,231649.51168528345,926.5980467411338,20.0
800963,17.5,16.0,106.0,17.5,16.0,106.0,216013.7019326544,864.0548077306177,20.0
800964,17.5,16.0,108.0,17.5,16.0,108.0,202375.9483895788,809.5037935583152,20.0
800965,17.5,16.0,110.0,17.5,16.0,110.0,190238.43486944993,760.9537394777998,20.0
800966,17.5,16.0,112.0,17.5,16.0,112.0,179276.55564356144,717.1062225742457,20.0
800967,17.5,16.0,114.0,17.5,16.0,114.0,169278.08892980302,677.1123557192121,20.0
800968,17.5,16.0,116.0,17.5,16.0,116.0,160101.29967080647,640.4051986832259,20.0
800969,17.5,16.0,118.0,17.5,16.0,118.0,151647.8124951946,606.5912499807785,20.0
800970,17.5,16.0,120.0,17.5,16.0,120.0,143845.63017423087,575.3825206969235,20.0
800971,17.5,16.0,122.0,17.5,16.0,122.0,136638.75305754176,546.5550122301671,20.0
800972,17.5,16.0,124.0,17.5,16.0,124.0,129980.96846544482,519.9238738617793,20.0
800973,17.5,16.0,126.0,17.5,16.0,126.0,123832.22075121407,495.3288830048563,20.0
800974,17.5,16.0,128.0,17.5,16.0,128.0,118156.55732054048,472.62622928216194,20.0
800975,17.5,16.0,130.0,17.5,16.0,130.0,112921.0616807135,451.68424672285397,20.0
800976,17.5,16.0,132.0,17.5,16.0,132.0,108095.5257042137,432.3821028168548,20.0
800977,17.5,16.0,134.0,17.5,16.0,134.0,103652.92070478309,414.61168281913234,20.0
800978,17.5,16.0,136.0,17.5,16.0,136.0,99570.92449415568,398.28369797662276,20.0
800979,17.5,16.0,138.0,17.5,16.0,138.0,95834.68751220735,383.3387500488294,20.0
800980,17.5,16.0,140.0,17.5,16.0,140.0,92440.59430164805,369.7623772065922,20.0
800981,17.5,16.0,142.0,17.5,16.0,142.0,89400.1473499554,357.6005893998216,20.0
800982,17.5,16.0,144.0,17.5,16.0,144.0,86742.60708318694,346.97042833274776,20.0
800983,17.5,16.0,146.0,17.5,16.0,146.0,84514.97595027466,338.05990380109864,20.0
800984,17.5,16.0,148.0,17.5,16.0,148.0,82778.40309560392,331.1136123824157,20.0
800985,17.5,16.0,150.0,17.5,16.0,150.0,81600.93816260058,326.40375265040234,20.0
800986,17.5,16.0,152.0,17.5,16.0,152.0,81047.4683016796,324.1898732067184,20.0
800987,17.5,16.0,154.0,17.5,16.0,154.0,81168.3439758558,324.67337590342316,20.0
800988,17.5,16.0,156.0,17.5,16.0,156.0,81988.47851744863,327.9539140697945,20.0
800989,17.5,16.0,158.0,17.5,16.0,158.0,83498.5858278435,333.994343311374,20.0
800990,17.5,16.0,160.0,17.5,16.0,160.0,85649.80122797289,342.59920491189155,20.0
800991,17.5,16.0,162.0,17.5,16.0,162.0,88352.35896184064,353.40943584736254,20.0
800992,17.5,16.0,164.0,17.5,16.0,164.0,91478.41488957,365.91365955828,20.0
800993,17.5,16.0,166.0,17.5,16.0,166.0,94868.60444064716,379.47441776258864,20.0
800994,17.5,16.0,168.0,17.5,16.0,168.0,98341.56676366414,393.3662670546566,20.0
800995,17.5,16.0,170.0,17.5,16.0,170.0,101705.45828026587,406.8218331210635,20.0
800996,17.5,16.0,172.0,17.5,16.0,172.0,104770.40681126773,419.08162724507093,20.0
800997,17.5,16.0,174.0,17.5,16.0,174.0,107360.89109796946,429.4435643918779,20.0
800998,17.5,16.0,176.0,17.5,16.0,176.0,109327.13642371012,437.3085456948405,20.0
800999,17.5,16.0,178.0,17.5,16.0,178.0,110554.76526030085,442.2190610412034,20.0
801000,17.5,16.0,180.0,17.5,16.0,180.0,110972.10969661428,443.88843878645713,20.0
801001,17.5,17.0,0.0,17.5,17.0,0.0,101988.51630707865,407.9540652283146,20.0
801002,17.5,17.0,2.0,17.5,17.0,2.0,101598.51846145898,406.3940738458359,20.0
801003,17.5,17.0,4.0,17.5,17.0,4.0,100449.72251946018,401.7988900778407,20.0
801004,17.5,17.0,6.0,17.5,17.0,6.0,98604.51116223229,394.41804464892914,20.0
801005,17.5,17.0,8.0,17.5,17.0,8.0,96162.87371220911,384.6514948488365,20.0
801006,17.5,17.0,10.0,17.5,17.0,10.0,93256.61776201929,373.02647104807716,20.0
801007,17.5,17.0,12.0,17.5,17.0,12.0,90041.64344846077,360.1665737938431,20.0
801008,17.5,17.0,14.0,17.5,17.0,14.0,86688.67690934145,346.7547076373658,20.0
801009,17.5,17.0,16.0,17.5,17.0,16.0,83372.99111377278,333.49196445509114,20.0
801010,17.5,17.0,18.0,17.5,17.0,18.0,80263.7734732568,321.0550938930272,20.0
801011,17.5,17.0,20.0,17.5,17.0,20.0,77513.91500941024,310.05566003764096,20.0
801012,17.5,17.0,22.0,17.5,17.0,22.0,75251.07228949187,301.0042891579675,20.0
801013,17.5,17.0,24.0,17.5,17.0,24.0,73570.86140873894,294.2834456349558,20.0
801014,17.5,17.0,26.0,17.5,17.0,26.0,72532.95120748742,290.1318048299497,20.0
801015,17.5,17.0,28.0,17.5,17.0,28.0,72160.60401701568,288.64241606806274,20.0
801016,17.5,17.0,30.0,17.5,17.0,30.0,72443.85620784467,289.7754248313787,20.0
801017,17.5,17.0,32.0,17.5,17.0,32.0,73346.05712369527,293.3842284947811,20.0
801018,17.5,17.0,34.0,17.5,17.0,34.0,74812.95472439862,299.2518188975945,20.0
801019,17.5,17.0,36.0,17.5,17.0,36.0,76783.03562653031,307.1321425061213,20.0
801020,17.5,17.0,38.0,17.5,17.0,38.0,79197.53386179241,316.79013544716963,20.0
801021,17.5,17.0,40.0,17.5,17.0,40.0,82008.54828325153,328.0341931330061,20.0
801022,17.5,17.0,42.0,17.5,17.0,42.0,85184.12034737036,340.73648138948147,20.0
801023,17.5,17.0,44.0,17.5,17.0,44.0,88709.8643759338,354.8394575037352,20.0
801024,17.5,17.0,46.0,17.5,17.0,46.0,92587.60459181179,370.3504183672472,20.0
801025,17.5,17.0,48.0,17.5,17.0,48.0,96832.1535324089,387.32861412963564,20.0
801026,17.5,17.0,50.0,17.5,17.0,50.0,101467.60098989235,405.8704039595694,20.0
801027,17.5,17.0,52.0,17.5,17.0,52.0,106524.20783896108,426.09683135584436,20.0
801028,17.5,17.0,54.0,17.5,17.0,54.0,112036.4168725433,448.1456674901732,20.0
801029,17.5,17.0,56.0,17.5,17.0,56.0,118041.95383090958,472.1678153236383,20.0
801030,17.5,17.0,58.0,17.5,17.0,58.0,124581.76062653278,498.32704250613114,20.0
801031,17.5,17.0,60.0,17.5,17.0,60.0,131700.60574104422,526.8024229641769,20.0
801032,17.5,17.0,62.0,17.5,17.0,62.0,139448.51252183417,557.7940500873367,20.0
801033,17.5,17.0,64.0,17.5,17.0,64.0,147883.51837382122,591.5340734952849,20.0
801034,17.5,17.0,66.0,17.5,17.0,66.0,157076.74189883622,628.3069675953449,20.0
801035,17.5,17.0,68.0,17.5,17.0,68.0,167121.40678169616,668.4856271267846,20.0
801036,17.5,17.0,70.0,17.5,17.0,70.0,178148.50655577445,712.5940262230978,20.0
801037,17.5,17.0,72.0,17.5,17.0,72.0,190353.34587161365,761.4133834864547,20.0
801038,17.5,17.0,74.0,17.5,17.0,74.0,204039.25671560722,816.1570268624289,20.0
801039,17.5,17.0,76.0,17.5,17.0,76.0,219686.50240204806,878.7460096081923,20.0
801040,17.5,17.0,78.0,17.5,17.0,78.0,238051.3534117397,952.2054136469587,20.0
801041,17.5,17.0,80.0,17.5,17.0,80.0,260275.26201631507,1041.1010480652603,20.0
801042,17.5,17.0,82.0,17.5,17.0,82.0,287878.4968294012,1151.5139873176047,20.0
801043,17.5,17.0,84.0,17.5,17.0,84.0,322172.5283059963,1288.6901132239852,20.0
801044,17.5,17.0,86.0,17.5,17.0,86.0,361918.3125527751,1447.6732502111004,20.0
801045,17.5,17.0,88.0,17.5,17.0,88.0,398390.14738247625,1593.560589529905,20.0
801046,17.5,17.0,90.0,17.5,17.0,90.0,414113.0528354339,1656.4522113417356,20.0
801047,17.5,17.0,92.0,17.5,17.0,92.0,398390.1473824764,1593.5605895299057,20.0
801048,17.5,17.0,94.0,17.5,17.0,94.0,361918.31255277543,1447.6732502111017,20.0
801049,17.5,17.0,96.0,17.5,17.0,96.0,322172.52830599656,1288.6901132239861,20.0
801050,17.5,17.0,98.0,17.5,17.0,98.0,287878.49682940106,1151.5139873176042,20.0
801051,17.5,17.0,100.0,17.5,17.0,100.0,260275.26201631507,1041.1010480652603,20.0
801052,17.5,17.0,102.0,17.5,17.0,102.0,238051.3534117397,952.2054136469587,20.0
801053,17.5,17.0,104.0,17.5,17.0,104.0,219686.50240204806,878.7460096081923,20.0
801054,17.5,17.0,106.0,17.5,17.0,106.0,204039.25671560722,816.1570268624289,20.0
801055,17.5,17.0,108.0,17.5,17.0,108.0,190353.3458716137,761.4133834864549,20.0
801056,17.5,17.0,110.0,17.5,17.0,110.0,178148.5065557745,712.594026223098,20.0
801057,17.5,17.0,112.0,17.5,17.0,112.0,167121.4067816962,668.4856271267848,20.0
801058,17.5,17.0,114.0,17.5,17.0,114.0,157076.74189883625,628.306967595345,20.0
801059,17.5,17.0,116.0,17.5,17.0,116.0,147883.51837382116,591.5340734952847,20.0
801060,17.5,17.0,118.0,17.5,17.0,118.0,139448.51252183417,557.7940500873367,20.0
801061,17.5,17.0,120.0,17.5,17.0,120.0,131700.60574104422,526.8024229641769,20.0
801062,17.5,17.0,122.0,17.5,17.0,122.0,124581.76062653278,498.32704250613114,20.0
801063,17.5,17.0,124.0,17.5,17.0,124.0,118041.95383090958,472.1678153236383,20.0
801064,17.5,17.0,126.0,17.5,17.0,126.0,112036.41687254333,448.1456674901733,20.0
801065,17.5,17.0,128.0,17.5,17.0,128.0,106524.20783896113,426.09683135584453,20.0
801066,17.5,17.0,130.0,17.5,17.0,130.0,101467.60098989238,405.87040395956956,20.0
801067,17.5,17.0,132.0,17.5,17.0,132.0,96832.15353240893,387.32861412963575,20.0
801068,17.5,17.0,134.0,17.5,17.0,134.0,92587.60459181177,370.35041836724713,20.0
801069,17.5,17.0,136.0,17.5,17.0,136.0,88709.8643759338,354.8394575037352,20.0
801070,17.5,17.0,138.0,17.5,17.0,138.0,85184.12034737036,340.73648138948147,20.0
801071,17.5,17.0,140.0,17.5,17.0,140.0,82008.54828325153,328.0341931330061,20.0
801072,17.5,17.0,142.0,17.5,17.0,142.0,79197.53386179241,316.79013544716963,20.0
801073,17.5,17.0,144.0,17.5,17.0,144.0,76783.03562653031,307.1321425061213,20.0
801074,17.5,17.0,146.0,17.5,17.0,146.0,74812.9547243986,299.25181889759443,20.0
801075,17.5,17.0,148.0,17.5,17.0,148.0,73346.0571236953,293.3842284947812,20.0
801076,17.5,17.0,150.0,17.5,17.0,150.0,72443.85620784467,289.7754248313787,20.0
801077,17.5,17.0,152.0,17.5,17.0,152.0,72160.60401701568,288.64241606806274,20.0
801078,17.5,17.0,154.0,17.5,17.0,154.0,72532.95120748738,290.13180482994954,20.0
801079,17.5,17.0,156.0,17.5,17.0,156.0,73570.86140873894,294.2834456349558,20.0
801080,17.5,17.0,158.0,17.5,17.0,158.0,75251.07228949187,301.0042891579675,20.0
801081,17.5,17.0,160.0,17.5,17.0,160.0,77513.91500941025,310.055660037641,20.0
801082,17.5,17.0,162.0,17.5,17.0,162.0,80263.77347325682,321.0550938930273,20.0
801083,17.5,17.0,164.0,17.5,17.0,164.0,83372.99111377278,333.49196445509114,20.0
801084,17.5,17.0,166.0,17.5,17.0,166.0,86688.67690934145,346.7547076373658,20.0
801085,17.5,17.0,168.0,17.5,17.0,168.0,90041.64344846077,360.1665737938431,20.0
801086,17.5,17.0,170.0,17.5,17.0,170.0,93256.61776201929,373.02647104807716,20.0
801087,17.5,17.0,172.0,17.5,17.0,172.0,96162.87371220911,384.6514948488365,20.0
801088,17.5,17.0,174.0,17.5,17.0,174.0,98604.51116223229,394.41804464892914,20.0
801089,17.5,17.0,176.0,17.5,17.0,176.0,100449.72251946018,401.7988900778407,20.0
801090,17.5,17.0,178.0,17.5,17.0,178.0,101598.51846145898,406.3940738458359,20.0
801091,17.5,17.0,180.0,17.5,17.0,180.0,101988.51630707865,407.9540652283146,20.0
801092,17.5,18.0,0.0,17.5,18.0,0.0,93609.87947217334,374.4395178886934,20.0
801093,17.5,18.0,2.0,17.5,18.0,2.0,93244.12160224436,372.97648640897745,20.0
801094,17.5,18.0,4.0,17.5,18.0,4.0,92165.28912380323,368.66115649521294,20.0
801095,17.5,18.0,6.0,17.5,18.0,6.0,90427.76027254038,361.71104109016153,20.0
801096,17.5,18.0,8.0,17.5,18.0,8.0,88119.04550842491,352.4761820336997,20.0
801097,17.5,18.0,10.0,17.5,18.0,10.0,85355.21788137396,341.42087152549584,20.0
801098,17.5,18.0,12.0,17.5,18.0,12.0,82274.7469620286,329.0989878481144,20.0
801099,17.5,18.0,14.0,17.5,18.0,14.0,79030.99102970683,316.1239641188273,20.0
801100,17.5,18.0,16.0,17.5,18.0,16.0,75783.70257225588,303.1348102890235,20.0
801101,17.5,18.0,18.0,17.5,18.0,18.0,72690.01295457504,290.76005181830016,20.0
801102,17.5,18.0,20.0,17.5,18.0,20.0,69895.47384096913,279.5818953638765,20.0
801103,17.5,18.0,22.0,17.5,18.0,22.0,67525.82903961827,270.1033161584731,20.0
801104,17.5,18.0,24.0,17.5,18.0,24.0,65680.24710130907,262.72098840523626,20.0
801105,17.5,18.0,26.0,17.5,18.0,26.0,64426.73295614195,257.7069318245678,20.0
801106,17.5,18.0,28.0,17.5,18.0,28.0,63800.32583260321,255.20130333041283,20.0
801107,17.5,18.0,30.0,17.5,18.0,30.0,63804.457613677696,255.2178304547108,20.0
801108,17.5,18.0,32.0,17.5,18.0,32.0,64415.486627738974,257.6619465109559,20.0
801109,17.5,18.0,34.0,17.5,18.0,34.0,65589.96520823272,262.3598608329309,20.0
801110,17.5,18.0,36.0,17.5,18.0,36.0,67273.71680451269,269.09486721805075,20.0
801111,17.5,18.0,38.0,17.5,18.0,38.0,69411.40422789939,277.64561691159753,20.0
801112,17.5,18.0,40.0,17.5,18.0,40.0,71955.10116113216,287.82040464452865,20.0
801113,17.5,18.0,42.0,17.5,18.0,42.0,74870.54727293711,299.48218909174847,20.0
801114,17.5,18.0,44.0,17.5,18.0,44.0,78140.29935648544,312.56119742594177,20.0
801115,17.5,18.0,46.0,17.5,18.0,46.0,81763.77292956239,327.05509171824957,20.0
801116,17.5,18.0,48.0,17.5,18.0,48.0,85754.94734487937,343.0197893795175,20.0
801117,17.5,18.0,50.0,17.5,18.0,50.0,90138.98010086938,360.5559204034775,20.0
801118,17.5,18.0,52.0,17.5,18.0,52.0,94948.95348262825,379.795813930513,20.0
801119,17.5,18.0,54.0,17.5,18.0,54.0,100223.52116583865,400.89408466335465,20.0
801120,17.5,18.0,56.0,17.5,18.0,56.0,106005.63323715892,424.0225329486357,20.0
801121,17.5,18.0,58.0,17.5,18.0,58.0,112342.13346367306,449.36853385469226,20.0
801122,17.5,18.0,60.0,17.5,18.0,60.0,119283.99208863264,477.1359683545306,20.0
801123,17.5,18.0,62.0,17.5,18.0,62.0,126887.18102979758,507.5487241191903,20.0
801124,17.5,18.0,64.0,17.5,18.0,64.0,135214.57708383593,540.8583083353437,20.0
801125,17.5,18.0,66.0,17.5,18.0,66.0,144339.77049342473,577.359081973699,20.0
801126,17.5,18.0,68.0,17.5,18.0,68.0,154354.3847639651,617.4175390558604,20.0
801127,17.5,18.0,70.0,17.5,18.0,70.0,165381.6986778074,661.5267947112296,20.0
801128,17.5,18.0,72.0,17.5,18.0,72.0,177601.29679736815,710.4051871894726,20.0
801129,17.5,18.0,74.0,17.5,18.0,74.0,191292.47586384494,765.1699034553798,20.0
801130,17.5,18.0,76.0,17.5,18.0,76.0,206908.10327063585,827.6324130825434,20.0
801131,17.5,18.0,78.0,17.5,18.0,78.0,225192.89698182934,900.7715879273173,20.0
801132,17.5,18.0,80.0,17.5,18.0,80.0,247346.4316383066,989.3857265532264,20.0
801133,17.5,18.0,82.0,17.5,18.0,82.0,275142.1986463014,1100.5687945852058,20.0
801134,17.5,18.0,84.0,17.5,18.0,84.0,310548.64061809244,1242.1945624723699,20.0
801135,17.5,18.0,86.0,17.5,18.0,86.0,353367.04448471824,1413.468177938873,20.0
801136,17.5,18.0,88.0,17.5,18.0,88.0,394781.2762821758,1579.1251051287031,20.0
801137,17.5,18.0,90.0,17.5,18.0,90.0,413350.8991954448,1653.4035967817792,20.0
801138,17.5,18.0,92.0,17.5,18.0,92.0,394781.27628217597,1579.1251051287038,20.0
801139,17.5,18.0,94.0,17.5,18.0,94.0,353367.0444847185,1413.468177938874,20.0
801140,17.5,18.0,96.0,17.5,18.0,96.0,310548.6406180928,1242.1945624723712,20.0
801141,17.5,18.0,98.0,17.5,18.0,98.0,275142.19864630135,1100.5687945852053,20.0
801142,17.5,18.0,100.0,17.5,18.0,100.0,247346.4316383066,989.3857265532264,20.0
801143,17.5,18.0,102.0,17.5,18.0,102.0,225192.89698182928,900.7715879273171,20.0
801144,17.5,18.0,104.0,17.5,18.0,104.0,206908.10327063585,827.6324130825434,20.0
801145,17.5,18.0,106.0,17.5,18.0,106.0,191292.47586384497,765.1699034553799,20.0
801146,17.5,18.0,108.0,17.5,18.0,108.0,177601.2967973682,710.4051871894728,20.0
801147,17.5,18.0,110.0,17.5,18.0,110.0,165381.69867780744,661.5267947112297,20.0
801148,17.5,18.0,112.0,17.5,18.0,112.0,154354.38476396518,617.4175390558607,20.0
801149,17.5,18.0,114.0,17.5,18.0,114.0,144339.77049342482,577.3590819736993,20.0
801150,17.5,18.0,116.0,17.5,18.0,116.0,135214.57708383587,540.8583083353435,20.0
801151,17.5,18.0,118.0,17.5,18.0,118.0,126887.18102979758,507.5487241191903,20.0
801152,17.5,18.0,120.0,17.5,18.0,120.0,119283.99208863264,477.1359683545306,20.0
801153,17.5,18.0,122.0,17.5,18.0,122.0,112342.13346367306,449.36853385469226,20.0
801154,17.5,18.0,124.0,17.5,18.0,124.0,106005.63323715892,424.0225329486357,20.0
801155,17.5,18.0,126.0,17.5,18.0,126.0,100223.52116583867,400.8940846633547,20.0
801156,17.5,18.0,128.0,17.5,18.0,128.0,94948.95348262829,379.7958139305132,20.0
801157,17.5,18.0,130.0,17.5,18.0,130.0,90138.9801008694,360.5559204034776,20.0
801158,17.5,18.0,132.0,17.5,18.0,132.0,85754.94734487939,343.01978937951753,20.0
801159,17.5,18.0,134.0,17.5,18.0,134.0,81763.77292956237,327.0550917182495,20.0
801160,17.5,18.0,136.0,17.5,18.0,136.0,78140.29935648544,312.56119742594177,20.0
801161,17.5,18.0,138.0,17.5,18.0,138.0,74870.54727293711,299.48218909174847,20.0
801162,17.5,18.0,140.0,17.5,18.0,140.0,71955.10116113216,287.82040464452865,20.0
801163,17.5,18.0,142.0,17.5,18.0,142.0,69411.40422789939,277.64561691159753,20.0
801164,17.5,18.0,144.0,17.5,18.0,144.0,67273.71680451269,269.09486721805075,20.0
801165,17.5,18.0,146.0,17.5,18.0,146.0,65589.96520823272,262.3598608329309,20.0
801166,17.5,18.0,148.0,17.5,18.0,148.0,64415.486627738974,257.6619465109559,20.0
801167,17.5,18.0,150.0,17.5,18.0,150.0,63804.457613677725,255.2178304547109,20.0
801168,17.5,18.0,152.0,17.5,18.0,152.0,63800.32583260321,255.20130333041283,20.0
801169,17.5,18.0,154.0,17.5,18.0,154.0,64426.73295614193,257.70693182456773,20.0
801170,17.5,18.0,156.0,17.5,18.0,156.0,65680.24710130907,262.72098840523626,20.0
801171,17.5,18.0,158.0,17.5,18.0,158.0,67525.82903961827,270.1033161584731,20.0
801172,17.5,18.0,160.0,17.5,18.0,160.0,69895.47384096915,279.5818953638766,20.0
801173,17.5,18.0,162.0,17.5,18.0,162.0,72690.01295457504,290.76005181830016,20.0
801174,17.5,18.0,164.0,17.5,18.0,164.0,75783.70257225588,303.1348102890235,20.0
801175,17.5,18.0,166.0,17.5,18.0,166.0,79030.99102970683,316.1239641188273,20.0
801176,17.5,18.0,168.0,17.5,18.0,168.0,82274.74696202863,329.0989878481145,20.0
801177,17.5,18.0,170.0,17.5,18.0,170.0,85355.21788137396,341.42087152549584,20.0
801178,17.5,18.0,172.0,17.5,18.0,172.0,88119.04550842491,352.4761820336997,20.0
801179,17.5,18.0,174.0,17.5,18.0,174.0,90427.76027254038,361.71104109016153,20.0
801180,17.5,18.0,176.0,17.5,18.0,176.0,92165.28912380323,368.66115649521294,20.0
801181,17.5,18.0,178.0,17.5,18.0,178.0,93244.12160224436,372.97648640897745,20.0
801182,17.5,18.0,180.0,17.5,18.0,180.0,93609.87947217334,374.4395178886934,20.0
801183,20.0,8.0,0.0,20.0,8.0,0.0,189543.59295736233,758.1743718294493,20.0
801184,20.0,8.0,2.0,20.0,8.0,2.0,188736.6077224158,754.9464308896631,20.0
801185,20.0,8.0,4.0,20.0,8.0,4.0,186394.95410861773,745.5798164344709,20.0
801186,20.0,8.0,6.0,20.0,8.0,6.0,182746.11675197518,730.9844670079007,20.0
801187,20.0,8.0,8.0,20.0,8.0,8.0,178136.12457479074,712.5444982991629,20.0
801188,20.0,8.0,10.0,20.0,8.0,10.0,172985.31684781788,691.9412673912716,20.0
801189,20.0,8.0,12.0,20.0,8.0,12.0,167736.38518762248,670.94554075049,20.0
801190,20.0,8.0,14.0,20.0,8.0,14.0,162802.68534148543,651.2107413659418,20.0
801191,20.0,8.0,16.0,20.0,8.0,16.0,158524.58469989977,634.0983387995991,20.0
801192,20.0,8.0,18.0,20.0,8.0,18.0,155140.02834796265,620.5601133918507,20.0
801193,20.0,8.0,20.0,20.0,8.0,20.0,152772.81127796794,611.0912451118718,20.0
801194,20.0,8.0,22.0,20.0,8.0,22.0,151438.72152876484,605.7548861150594,20.0
801195,20.0,8.0,24.0,20.0,8.0,24.0,151066.43219874142,604.2657287949656,20.0
801196,20.0,8.0,26.0,20.0,8.0,26.0,151527.48782626804,606.1099513050722,20.0
801197,20.0,8.0,28.0,20.0,8.0,28.0,152668.54938637605,610.6741975455042,20.0
801198,20.0,8.0,30.0,20.0,8.0,30.0,154339.51904161618,617.3580761664647,20.0
801199,20.0,8.0,32.0,20.0,8.0,32.0,156413.10302644287,625.6524121057715,20.0
801200,20.0,8.0,34.0,20.0,8.0,34.0,158794.17975484888,635.1767190193956,20.0
801201,20.0,8.0,36.0,20.0,8.0,36.0,161420.12879670854,645.6805151868342,20.0
801202,20.0,8.0,38.0,20.0,8.0,38.0,164255.1873038279,657.0207492153116,20.0
801203,20.0,8.0,40.0,20.0,8.0,40.0,167282.45573697094,669.1298229478838,20.0
801204,20.0,8.0,42.0,20.0,8.0,42.0,170496.47168763514,681.9858867505405,20.0
801205,20.0,8.0,44.0,20.0,8.0,44.0,173897.89561070848,695.5915824428339,20.0
801206,20.0,8.0,46.0,20.0,8.0,46.0,177490.53841739087,709.9621536695635,20.0
801207,20.0,8.0,48.0,20.0,8.0,48.0,181280.19717262898,725.120788690516,20.0
801208,20.0,8.0,50.0,20.0,8.0,50.0,185274.6133068187,741.0984532272748,20.0
801209,20.0,8.0,52.0,20.0,8.0,52.0,189484.07921879055,757.9363168751622,20.0
801210,20.0,8.0,54.0,20.0,8.0,54.0,193922.5030178454,775.6900120713816,20.0
801211,20.0,8.0,56.0,20.0,8.0,56.0,198608.94697027194,794.4357878810878,20.0
801212,20.0,8.0,58.0,20.0,8.0,58.0,203569.77624598393,814.2791049839358,20.0
801213,20.0,8.0,60.0,20.0,8.0,60.0,208841.6392454433,835.3665569817732,20.0
801214,20.0,8.0,62.0,20.0,8.0,62.0,214475.58811195812,857.9023524478325,20.0
801215,20.0,8.0,64.0,20.0,8.0,64.0,220542.7533089078,882.1710132356312,20.0
801216,20.0,8.0,66.0,20.0,8.0,66.0,227142.10249241436,908.5684099696574,20.0
801217,20.0,8.0,68.0,20.0,8.0,68.0,234410.89702487504,937.6435880995002,20.0
801218,20.0,8.0,70.0,20.0,8.0,70.0,242538.37159741405,970.1534863896562,20.0
801219,20.0,8.0,72.0,20.0,8.0,72.0,251782.52933672108,1007.1301173468844,20.0
801220,20.0,8.0,74.0,20.0,8.0,74.0,262487.8205640741,1049.9512822562965,20.0
801221,20.0,8.0,76.0,20.0,8.0,76.0,275095.6238619749,1100.3824954478996,20.0
801222,20.0,8.0,78.0,20.0,8.0,78.0,290125.1169464925,1160.5004677859702,20.0
801223,20.0,8.0,80.0,20.0,8.0,80.0,308071.28396835073,1232.2851358734029,20.0
801224,20.0,8.0,82.0,20.0,8.0,82.0,329114.73902313295,1316.458956092532,20.0
801225,20.0,8.0,84.0,20.0,8.0,84.0,352501.90798777406,1410.0076319510963,20.0
801226,20.0,8.0,86.0,20.0,8.0,86.0,375618.48665704136,1502.4739466281655,20.0
801227,20.0,8.0,88.0,20.0,8.0,88.0,393491.0930902276,1573.9643723609104,20.0
801228,20.0,8.0,90.0,20.0,8.0,90.0,400349.0758018848,1601.3963032075392,20.0
801229,20.0,8.0,92.0,20.0,8.0,92.0,393491.09309022763,1573.9643723609106,20.0
801230,20.0,8.0,94.0,20.0,8.0,94.0,375618.48665704153,1502.4739466281662,20.0
801231,20.0,8.0,96.0,20.0,8.0,96.0,352501.9079877743,1410.0076319510972,20.0
801232,20.0,8.0,98.0,20.0,8.0,98.0,329114.73902313295,1316.458956092532,20.0
801233,20.0,8.0,100.0,20.0,8.0,100.0,308071.2839683507,1232.2851358734026,20.0
801234,20.0,8.0,102.0,20.0,8.0,102.0,290125.1169464925,1160.5004677859702,20.0
801235,20.0,8.0,104.0,20.0,8.0,104.0,275095.6238619749,1100.3824954478996,20.0
801236,20.0,8.0,106.0,20.0,8.0,106.0,262487.82056407415,1049.9512822562967,20.0
801237,20.0,8.0,108.0,20.0,8.0,108.0,251782.52933672114,1007.1301173468846,20.0
801238,20.0,8.0,110.0,20.0,8.0,110.0,242538.37159741405,970.1534863896562,20.0
801239,20.0,8.0,112.0,20.0,8.0,112.0,234410.89702487507,937.6435880995003,20.0
801240,20.0,8.0,114.0,20.0,8.0,114.0,227142.1024924144,908.5684099696575,20.0
801241,20.0,8.0,116.0,20.0,8.0,116.0,220542.75330890776,882.1710132356311,20.0
801242,20.0,8.0,118.0,20.0,8.0,118.0,214475.5881119581,857.9023524478324,20.0
801243,20.0,8.0,120.0,20.0,8.0,120.0,208841.6392454433,835.3665569817732,20.0
801244,20.0,8.0,122.0,20.0,8.0,122.0,203569.77624598393,814.2791049839358,20.0
801245,20.0,8.0,124.0,20.0,8.0,124.0,198608.94697027194,794.4357878810878,20.0
801246,20.0,8.0,126.0,20.0,8.0,126.0,193922.50301784542,775.6900120713817,20.0
801247,20.0,8.0,128.0,20.0,8.0,128.0,189484.07921879063,757.9363168751626,20.0
801248,20.0,8.0,130.0,20.0,8.0,130.0,185274.61330681873,741.098453227275,20.0
801249,20.0,8.0,132.0,20.0,8.0,132.0,181280.19717262898,725.120788690516,20.0
801250,20.0,8.0,134.0,20.0,8.0,134.0,177490.53841739087,709.9621536695635,20.0
801251,20.0,8.0,136.0,20.0,8.0,136.0,173897.8956107085,695.591582442834,20.0
801252,20.0,8.0,138.0,20.0,8.0,138.0,170496.47168763514,681.9858867505405,20.0
801253,20.0,8.0,140.0,20.0,8.0,140.0,167282.45573697094,669.1298229478838,20.0
801254,20.0,8.0,142.0,20.0,8.0,142.0,164255.1873038279,657.0207492153116,20.0
801255,20.0,8.0,144.0,20.0,8.0,144.0,161420.12879670848,645.680515186834,20.0
801256,20.0,8.0,146.0,20.0,8.0,146.0,158794.17975484888,635.1767190193956,20.0
801257,20.0,8.0,148.0,20.0,8.0,148.0,156413.10302644287,625.6524121057715,20.0
801258,20.0,8.0,150.0,20.0,8.0,150.0,154339.51904161618,617.3580761664647,20.0
801259,20.0,8.0,152.0,20.0,8.0,152.0,152668.54938637605,610.6741975455042,20.0
801260,20.0,8.0,154.0,20.0,8.0,154.0,151527.48782626798,606.109951305072,20.0
801261,20.0,8.0,156.0,20.0,8.0,156.0,151066.43219874142,604.2657287949656,20.0
801262,20.0,8.0,158.0,20.0,8.0,158.0,151438.72152876484,605.7548861150594,20.0
801263,20.0,8.0,160.0,20.0,8.0,160.0,152772.81127796796,611.0912451118719,20.0
801264,20.0,8.0,162.0,20.0,8.0,162.0,155140.02834796265,620.5601133918507,20.0
801265,20.0,8.0,164.0,20.0,8.0,164.0,158524.58469989977,634.0983387995991,20.0
801266,20.0,8.0,166.0,20.0,8.0,166.0,162802.68534148543,651.2107413659418,20.0
801267,20.0,8.0,168.0,20.0,8.0,168.0,167736.38518762248,670.94554075049,20.0
801268,20.0,8.0,170.0,20.0,8.0,170.0,172985.31684781788,691.9412673912716,20.0
801269,20.0,8.0,172.0,20.0,8.0,172.0,178136.12457479074,712.5444982991629,20.0
801270,20.0,8.0,174.0,20.0,8.0,174.0,182746.11675197518,730.9844670079007,20.0
801271,20.0,8.0,176.0,20.0,8.0,176.0,186394.95410861773,745.5798164344709,20.0
801272,20.0,8.0,178.0,20.0,8.0,178.0,188736.6077224158,754.9464308896631,20.0
801273,20.0,8.0,180.0,20.0,8.0,180.0,189543.59295736233,758.1743718294493,20.0
801274,20.0,10.0,0.0,20.0,10.0,0.0,163685.21244393333,654.7408497757333,20.0
801275,20.0,10.0,2.0,20.0,10.0,2.0,163017.5056067352,652.0700224269409,20.0
801276,20.0,10.0,4.0,20.0,10.0,4.0,161071.71843525424,644.286873741017,20.0
801277,20.0,10.0,6.0,20.0,10.0,6.0,158013.56878034864,632.0542751213945,20.0
801278,20.0,10.0,8.0,20.0,10.0,8.0,154099.09412133705,616.3963764853482,20.0
801279,20.0,10.0,10.0,20.0,10.0,10.0,149647.06014718625,598.588240588745,20.0
801280,20.0,10.0,12.0,20.0,10.0,12.0,145005.3119897979,580.0212479591916,20.0
801281,20.0,10.0,14.0,20.0,10.0,14.0,140515.33124043111,562.0613249617245,20.0
801282,20.0,10.0,16.0,20.0,10.0,16.0,136479.50954062282,545.9180381624913,20.0
801283,20.0,10.0,18.0,20.0,10.0,18.0,133135.27445156322,532.5410978062529,20.0
801284,20.0,10.0,20.0,20.0,10.0,20.0,130639.20407217875,522.556816288715,20.0
801285,20.0,10.0,22.0,20.0,10.0,22.0,129062.7402909248,516.2509611636992,20.0
801286,20.0,10.0,24.0,20.0,10.0,24.0,128399.26458390107,513.5970583356043,20.0
801287,20.0,10.0,26.0,20.0,10.0,26.0,128580.4451731694,514.3217806926776,20.0
801288,20.0,10.0,28.0,20.0,10.0,28.0,129498.27092653385,517.9930837061354,20.0
801289,20.0,10.0,30.0,20.0,10.0,30.0,131028.40795569804,524.1136318227922,20.0
801290,20.0,10.0,32.0,20.0,10.0,32.0,133050.67716972428,532.2027086788971,20.0
801291,20.0,10.0,34.0,20.0,10.0,34.0,135463.55480787772,541.8542192315109,20.0
801292,20.0,10.0,36.0,20.0,10.0,36.0,138191.36204179574,552.765448167183,20.0
801293,20.0,10.0,38.0,20.0,10.0,38.0,141184.7179162117,564.7388716648468,20.0
801294,20.0,10.0,40.0,20.0,10.0,40.0,144416.29382850198,577.6651753140079,20.0
801295,20.0,10.0,42.0,20.0,10.0,42.0,147874.50239328036,591.4980095731214,20.0
801296,20.0,10.0,44.0,20.0,10.0,44.0,151557.41411622838,606.2296564649135,20.0
801297,20.0,10.0,46.0,20.0,10.0,46.0,155468.24758686192,621.8729903474477,20.0
801298,20.0,10.0,48.0,20.0,10.0,48.0,159612.75370010672,638.451014800427,20.0
801299,20.0,10.0,50.0,20.0,10.0,50.0,163998.1470357306,655.9925881429224,20.0
801300,20.0,10.0,52.0,20.0,10.0,52.0,168633.0574724686,674.5322298898743,20.0
801301,20.0,10.0,54.0,20.0,10.0,54.0,173528.12904071558,694.1125161628623,20.0
801302,20.0,10.0,56.0,20.0,10.0,56.0,178697.14369396347,714.7885747758539,20.0
801303,20.0,10.0,58.0,20.0,10.0,58.0,184158.75294879248,736.6350117951699,20.0
801304,20.0,10.0,60.0,20.0,10.0,60.0,189939.04583869898,759.7561833547959,20.0
801305,20.0,10.0,62.0,20.0,10.0,62.0,196075.31278750725,784.301251150029,20.0
801306,20.0,10.0,64.0,20.0,10.0,64.0,202621.52611959432,810.4861044783772,20.0
801307,20.0,10.0,66.0,20.0,10.0,66.0,209656.27533949973,838.6251013579989,20.0
801308,20.0,10.0,68.0,20.0,10.0,68.0,217294.17380559797,869.1766952223919,20.0
801309,20.0,10.0,70.0,20.0,10.0,70.0,225702.04358139672,902.808174325587,20.0
801310,20.0,10.0,72.0,20.0,10.0,72.0,235121.26695815497,940.4850678326198,20.0
801311,20.0,10.0,74.0,20.0,10.0,74.0,245896.84025005353,983.5873610002142,20.0
801312,20.0,10.0,76.0,20.0,10.0,76.0,258509.74762107397,1034.038990484296,20.0
801313,20.0,10.0,78.0,20.0,10.0,78.0,273596.5610051372,1094.386244020549,20.0
801314,20.0,10.0,80.0,20.0,10.0,80.0,291905.0501164846,1167.6202004659383,20.0
801315,20.0,10.0,82.0,20.0,10.0,82.0,314052.9080451081,1256.2116321804324,20.0
801316,20.0,10.0,84.0,20.0,10.0,84.0,339825.04297754855,1359.3001719101942,20.0
801317,20.0,10.0,86.0,20.0,10.0,86.0,366763.582337724,1467.054329350896,20.0
801318,20.0,10.0,88.0,20.0,10.0,88.0,388744.9665271972,1554.9798661087889,20.0
801319,20.0,10.0,90.0,20.0,10.0,90.0,397472.91529523744,1589.8916611809498,20.0
801320,20.0,10.0,92.0,20.0,10.0,92.0,388744.96652719734,1554.9798661087893,20.0
801321,20.0,10.0,94.0,20.0,10.0,94.0,366763.5823377243,1467.0543293508972,20.0
801322,20.0,10.0,96.0,20.0,10.0,96.0,339825.0429775487,1359.3001719101949,20.0
801323,20.0,10.0,98.0,20.0,10.0,98.0,314052.90804510796,1256.211632180432,20.0
801324,20.0,10.0,100.0,20.0,10.0,100.0,291905.0501164845,1167.620200465938,20.0
801325,20.0,10.0,102.0,20.0,10.0,102.0,273596.5610051371,1094.3862440205485,20.0
801326,20.0,10.0,104.0,20.0,10.0,104.0,258509.74762107397,1034.038990484296,20.0
801327,20.0,10.0,106.0,20.0,10.0,106.0,245896.8402500536,983.5873610002144,20.0
801328,20.0,10.0,108.0,20.0,10.0,108.0,235121.26695815503,940.4850678326202,20.0
801329,20.0,10.0,110.0,20.0,10.0,110.0,225702.04358139675,902.8081743255871,20.0
801330,20.0,10.0,112.0,20.0,10.0,112.0,217294.173805598,869.176695222392,20.0
801331,20.0,10.0,114.0,20.0,10.0,114.0,209656.27533949984,838.6251013579994,20.0
801332,20.0,10.0,116.0,20.0,10.0,116.0,202621.5261195943,810.4861044783771,20.0
801333,20.0,10.0,118.0,20.0,10.0,118.0,196075.31278750725,784.301251150029,20.0
801334,20.0,10.0,120.0,20.0,10.0,120.0,189939.04583869898,759.7561833547959,20.0
801335,20.0,10.0,122.0,20.0,10.0,122.0,184158.75294879248,736.6350117951699,20.0
801336,20.0,10.0,124.0,20.0,10.0,124.0,178697.14369396347,714.7885747758539,20.0
801337,20.0,10.0,126.0,20.0,10.0,126.0,173528.1290407156,694.1125161628624,20.0
801338,20.0,10.0,128.0,20.0,10.0,128.0,168633.05747246862,674.5322298898744,20.0
801339,20.0,10.0,130.0,20.0,10.0,130.0,163998.14703573068,655.9925881429227,20.0
801340,20.0,10.0,132.0,20.0,10.0,132.0,159612.75370010672,638.451014800427,20.0
801341,20.0,10.0,134.0,20.0,10.0,134.0,155468.2475868619,621.8729903474476,20.0
801342,20.0,10.0,136.0,20.0,10.0,136.0,151557.4141162284,606.2296564649137,20.0
801343,20.0,10.0,138.0,20.0,10.0,138.0,147874.50239328036,591.4980095731214,20.0
801344,20.0,10.0,140.0,20.0,10.0,140.0,144416.29382850198,577.6651753140079,20.0
801345,20.0,10.0,142.0,20.0,10.0,142.0,141184.7179162117,564.7388716648468,20.0
801346,20.0,10.0,144.0,20.0,10.0,144.0,138191.36204179574,552.765448167183,20.0
801347,20.0,10.0,146.0,20.0,10.0,146.0,135463.5548078777,541.8542192315108,20.0
801348,20.0,10.0,148.0,20.0,10.0,148.0,133050.67716972428,532.2027086788971,20.0
801349,20.0,10.0,150.0,20.0,10.0,150.0,131028.40795569804,524.1136318227922,20.0
801350,20.0,10.0,152.0,20.0,10.0,152.0,129498.27092653385,517.9930837061354,20.0
801351,20.0,10.0,154.0,20.0,10.0,154.0,128580.44517316938,514.3217806926775,20.0
801352,20.0,10.0,156.0,20.0,10.0,156.0,128399.26458390107,513.5970583356043,20.0
801353,20.0,10.0,158.0,20.0,10.0,158.0,129062.7402909248,516.2509611636992,20.0
801354,20.0,10.0,160.0,20.0,10.0,160.0,130639.20407217878,522.5568162887151,20.0
801355,20.0,10.0,162.0,20.0,10.0,162.0,133135.27445156325,532.541097806253,20.0
801356,20.0,10.0,164.0,20.0,10.0,164.0,136479.50954062282,545.9180381624913,20.0
801357,20.0,10.0,166.0,20.0,10.0,166.0,140515.33124043111,562.0613249617245,20.0
801358,20.0,10.0,168.0,20.0,10.0,168.0,145005.31198979792,580.0212479591917,20.0
801359,20.0,10.0,170.0,20.0,10.0,170.0,149647.06014718625,598.588240588745,20.0
801360,20.0,10.0,172.0,20.0,10.0,172.0,154099.09412133705,616.3963764853482,20.0
801361,20.0,10.0,174.0,20.0,10.0,174.0,158013.56878034864,632.0542751213945,20.0
801362,20.0,10.0,176.0,20.0,10.0,176.0,161071.71843525424,644.286873741017,20.0
801363,20.0,10.0,178.0,20.0,10.0,178.0,163017.5056067352,652.0700224269409,20.0
801364,20.0,10.0,180.0,20.0,10.0,180.0,163685.21244393333,654.7408497757333,20.0
801365,20.0,12.0,0.0,20.0,12.0,0.0,140338.33165687296,561.3533266274918,20.0
801366,20.0,12.0,2.0,20.0,12.0,2.0,139777.1423068739,559.1085692274955,20.0
801367,20.0,12.0,4.0,20.0,12.0,4.0,138135.65446500783,552.5426178600313,20.0
801368,20.0,12.0,6.0,20.0,12.0,6.0,135536.27483416477,542.1450993366591,20.0
801369,20.0,12.0,8.0,20.0,12.0,8.0,132170.60690134275,528.682427605371,20.0
801370,20.0,12.0,10.0,20.0,12.0,10.0,128282.1153790243,513.1284615160972,20.0
801371,20.0,12.0,12.0,20.0,12.0,12.0,124144.31251383522,496.57725005534087,20.0
801372,20.0,12.0,14.0,20.0,12.0,14.0,120036.69428082864,480.14677712331456,20.0
801373,20.0,12.0,16.0,20.0,12.0,16.0,116220.95710251755,464.88382841007024,20.0
801374,20.0,12.0,18.0,20.0,12.0,18.0,112920.07236733858,451.6802894693543,20.0
801375,20.0,12.0,20.0,20.0,12.0,20.0,110302.54018214188,441.21016072856753,20.0
801376,20.0,12.0,22.0,20.0,12.0,22.0,108473.56573947908,433.89426295791634,20.0
801377,20.0,12.0,24.0,20.0,12.0,24.0,107474.02643181781,429.8961057272712,20.0
801378,20.0,12.0,26.0,20.0,12.0,26.0,107287.01165943503,429.1480466377401,20.0
801379,20.0,12.0,28.0,20.0,12.0,28.0,107850.57516206063,431.40230064824254,20.0
801380,20.0,12.0,30.0,20.0,12.0,30.0,109074.35465635985,436.29741862543943,20.0
801381,20.0,12.0,32.0,20.0,12.0,32.0,110857.11958650807,443.42847834603225,20.0
801382,20.0,12.0,34.0,20.0,12.0,34.0,113102.29556613896,452.40918226455585,20.0
801383,20.0,12.0,36.0,20.0,12.0,36.0,115729.15168295654,462.91660673182616,20.0
801384,20.0,12.0,38.0,20.0,12.0,38.0,118678.5052731668,474.71402109266717,20.0
801385,20.0,12.0,40.0,20.0,12.0,40.0,121913.18395668248,487.6527358267299,20.0
801386,20.0,12.0,42.0,20.0,12.0,42.0,125414.6592194203,501.6586368776812,20.0
801387,20.0,12.0,44.0,20.0,12.0,44.0,129177.85456690384,516.7114182676154,20.0
801388,20.0,12.0,46.0,20.0,12.0,46.0,133205.99325081063,532.8239730032425,20.0
801389,20.0,12.0,48.0,20.0,12.0,48.0,137506.66410529907,550.0266564211963,20.0
801390,20.0,12.0,50.0,20.0,12.0,50.0,142089.4524847837,568.3578099391348,20.0
801391,20.0,12.0,52.0,20.0,12.0,52.0,146964.89733194222,587.859589327769,20.0
801392,20.0,12.0,54.0,20.0,12.0,54.0,152144.3566150535,608.5774264602139,20.0
801393,20.0,12.0,56.0,20.0,12.0,56.0,157640.4943813676,630.5619775254704,20.0
801394,20.0,12.0,58.0,20.0,12.0,58.0,163468.34315514448,653.8733726205779,20.0
801395,20.0,12.0,60.0,20.0,12.0,60.0,169647.11604819255,678.5884641927702,20.0
801396,20.0,12.0,62.0,20.0,12.0,62.0,176203.13372630937,704.8125349052375,20.0
801397,20.0,12.0,64.0,20.0,12.0,64.0,183174.44607248637,732.6977842899455,20.0
801398,20.0,12.0,66.0,20.0,12.0,66.0,190618.0295797986,762.4721183191945,20.0
801399,20.0,12.0,68.0,20.0,12.0,68.0,198620.8879598447,794.4835518393788,20.0
801400,20.0,12.0,70.0,20.0,12.0,70.0,207317.02702350385,829.2681080940154,20.0
801401,20.0,12.0,72.0,20.0,12.0,72.0,216913.10637535778,867.6524255014311,20.0
801402,20.0,12.0,74.0,20.0,12.0,74.0,227726.28655424342,910.9051462169737,20.0
801403,20.0,12.0,76.0,20.0,12.0,76.0,240236.98690425666,960.9479476170267,20.0
801404,20.0,12.0,78.0,20.0,12.0,78.0,255151.87037020325,1020.607481480813,20.0
801405,20.0,12.0,80.0,20.0,12.0,80.0,273442.20325312024,1093.768813012481,20.0
801406,20.0,12.0,82.0,20.0,12.0,82.0,296225.6895529766,1184.9027582119063,20.0
801407,20.0,12.0,84.0,20.0,12.0,84.0,324115.2110932117,1296.4608443728469,20.0
801408,20.0,12.0,86.0,20.0,12.0,86.0,355335.02837667806,1421.3401135067122,20.0
801409,20.0,12.0,88.0,20.0,12.0,88.0,382702.4389505993,1530.8097558023971,20.0
801410,20.0,12.0,90.0,20.0,12.0,90.0,394103.0900081139,1576.4123600324556,20.0
801411,20.0,12.0,92.0,20.0,12.0,92.0,382702.43895059935,1530.8097558023974,20.0
801412,20.0,12.0,94.0,20.0,12.0,94.0,355335.02837667824,1421.340113506713,20.0
801413,20.0,12.0,96.0,20.0,12.0,96.0,324115.2110932119,1296.4608443728475,20.0
801414,20.0,12.0,98.0,20.0,12.0,98.0,296225.6895529764,1184.9027582119056,20.0
801415,20.0,12.0,100.0,20.0,12.0,100.0,273442.2032531202,1093.7688130124807,20.0
801416,20.0,12.0,102.0,20.0,12.0,102.0,255151.87037020325,1020.607481480813,20.0
801417,20.0,12.0,104.0,20.0,12.0,104.0,240236.98690425666,960.9479476170267,20.0
801418,20.0,12.0,106.0,20.0,12.0,106.0,227726.2865542435,910.905146216974,20.0
801419,20.0,12.0,108.0,20.0,12.0,108.0,216913.10637535786,867.6524255014315,20.0
801420,20.0,12.0,110.0,20.0,12.0,110.0,207317.02702350385,829.2681080940154,20.0
801421,20.0,12.0,112.0,20.0,12.0,112.0,198620.88795984478,794.4835518393792,20.0
801422,20.0,12.0,114.0,20.0,12.0,114.0,190618.0295797987,762.4721183191948,20.0
801423,20.0,12.0,116.0,20.0,12.0,116.0,183174.44607248635,732.6977842899454,20.0
801424,20.0,12.0,118.0,20.0,12.0,118.0,176203.13372630932,704.8125349052373,20.0
801425,20.0,12.0,120.0,20.0,12.0,120.0,169647.11604819255,678.5884641927702,20.0
801426,20.0,12.0,122.0,20.0,12.0,122.0,163468.34315514448,653.8733726205779,20.0
801427,20.0,12.0,124.0,20.0,12.0,124.0,157640.4943813676,630.5619775254704,20.0
801428,20.0,12.0,126.0,20.0,12.0,126.0,152144.35661505352,608.577426460214,20.0
801429,20.0,12.0,128.0,20.0,12.0,128.0,146964.89733194222,587.859589327769,20.0
801430,20.0,12.0,130.0,20.0,12.0,130.0,142089.45248478375,568.357809939135,20.0
801431,20.0,12.0,132.0,20.0,12.0,132.0,137506.6641052991,550.0266564211964,20.0
801432,20.0,12.0,134.0,20.0,12.0,134.0,133205.99325081063,532.8239730032425,20.0
801433,20.0,12.0,136.0,20.0,12.0,136.0,129177.85456690387,516.7114182676155,20.0
801434,20.0,12.0,138.0,20.0,12.0,138.0,125414.6592194203,501.6586368776812,20.0
801435,20.0,12.0,140.0,20.0,12.0,140.0,121913.18395668248,487.6527358267299,20.0
801436,20.0,12.0,142.0,20.0,12.0,142.0,118678.5052731668,474.71402109266717,20.0
801437,20.0,12.0,144.0,20.0,12.0,144.0,115729.15168295654,462.91660673182616,20.0
801438,20.0,12.0,146.0,20.0,12.0,146.0,113102.29556613896,452.40918226455585,20.0
801439,20.0,12.0,148.0,20.0,12.0,148.0,110857.11958650808,443.4284783460323,20.0
801440,20.0,12.0,150.0,20.0,12.0,150.0,109074.35465635985,436.29741862543943,20.0
801441,20.0,12.0,152.0,20.0,12.0,152.0,107850.57516206063,431.40230064824254,20.0
801442,20.0,12.0,154.0,20.0,12.0,154.0,107287.01165943503,429.1480466377401,20.0
801443,20.0,12.0,156.0,20.0,12.0,156.0,107474.02643181781,429.8961057272712,20.0
801444,20.0,12.0,158.0,20.0,12.0,158.0,108473.56573947908,433.89426295791634,20.0
801445,20.0,12.0,160.0,20.0,12.0,160.0,110302.54018214191,441.21016072856764,20.0
801446,20.0,12.0,162.0,20.0,12.0,162.0,112920.0723673386,451.68028946935436,20.0
801447,20.0,12.0,164.0,20.0,12.0,164.0,116220.95710251755,464.88382841007024,20.0
801448,20.0,12.0,166.0,20.0,12.0,166.0,120036.69428082864,480.14677712331456,20.0
801449,20.0,12.0,168.0,20.0,12.0,168.0,124144.31251383525,496.577250055341,20.0
801450,20.0,12.0,170.0,20.0,12.0,170.0,128282.1153790243,513.1284615160972,20.0
801451,20.0,12.0,172.0,20.0,12.0,172.0,132170.60690134275,528.682427605371,20.0
801452,20.0,12.0,174.0,20.0,12.0,174.0,135536.27483416477,542.1450993366591,20.0
801453,20.0,12.0,176.0,20.0,12.0,176.0,138135.65446500783,552.5426178600313,20.0
801454,20.0,12.0,178.0,20.0,12.0,178.0,139777.1423068739,559.1085692274955,20.0
801455,20.0,12.0,180.0,20.0,12.0,180.0,140338.33165687296,561.3533266274918,20.0
801456,20.0,14.0,0.0,20.0,14.0,0.0,119468.0076070265,477.87203042810603,20.0
801457,20.0,14.0,2.0,20.0,14.0,2.0,118988.86439078837,475.95545756315346,20.0
801458,20.0,14.0,4.0,20.0,14.0,4.0,117582.70468536964,470.33081874147854,20.0
801459,20.0,14.0,6.0,20.0,14.0,6.0,115340.98247750777,461.3639299100311,20.0
801460,20.0,14.0,8.0,20.0,14.0,8.0,112408.43979014667,449.6337591605867,20.0
801461,20.0,14.0,10.0,20.0,14.0,10.0,108972.18058627777,435.8887223451111,20.0
801462,20.0,14.0,12.0,20.0,14.0,12.0,105247.54795151568,420.99019180606274,20.0
801463,20.0,14.0,14.0,20.0,14.0,14.0,101461.93011998913,405.84772047995654,20.0
801464,20.0,14.0,16.0,20.0,14.0,16.0,97837.85875764288,391.35143503057157,20.0
801465,20.0,14.0,18.0,20.0,14.0,18.0,94576.91510466726,378.30766041866906,20.0
801466,20.0,14.0,20.0,20.0,14.0,20.0,91845.98870461204,367.38395481844816,20.0
801467,20.0,14.0,22.0,20.0,14.0,22.0,89767.30155328533,359.06920621314134,20.0
801468,20.0,14.0,24.0,20.0,14.0,24.0,88413.2887314125,353.65315492564997,20.0
801469,20.0,14.0,26.0,20.0,14.0,26.0,87806.90863566534,351.22763454266135,20.0
801470,20.0,14.0,28.0,20.0,14.0,28.0,87927.27316756149,351.709092670246,20.0
801471,20.0,14.0,30.0,20.0,14.0,30.0,88719.72197270796,354.8788878908319,20.0
801472,20.0,14.0,32.0,20.0,14.0,32.0,90108.74842792859,360.43499371171436,20.0
801473,20.0,14.0,34.0,20.0,14.0,34.0,92011.68774716077,368.0467509886431,20.0
801474,20.0,14.0,36.0,20.0,14.0,36.0,94350.96379786152,377.4038551914461,20.0
801475,20.0,14.0,38.0,20.0,14.0,38.0,97063.0589322376,388.25223572895044,20.0
801476,20.0,14.0,40.0,20.0,14.0,40.0,100103.18674446689,400.4127469778676,20.0
801477,20.0,14.0,42.0,20.0,14.0,42.0,103445.71210816047,413.7828484326419,20.0
801478,20.0,14.0,44.0,20.0,14.0,44.0,107081.34746269457,428.32538985077827,20.0
801479,20.0,14.0,46.0,20.0,14.0,46.0,111012.72189077055,444.0508875630822,20.0
801480,20.0,14.0,48.0,20.0,14.0,48.0,115249.89109756902,460.9995643902761,20.0
801481,20.0,14.0,50.0,20.0,14.0,50.0,119806.82549010306,479.22730196041226,20.0
801482,20.0,14.0,52.0,20.0,14.0,52.0,124699.20662880952,498.7968265152381,20.0
801483,20.0,14.0,54.0,20.0,14.0,54.0,129943.34029755591,519.7733611902237,20.0
801484,20.0,14.0,56.0,20.0,14.0,56.0,135555.8336245003,542.2233344980011,20.0
801485,20.0,14.0,58.0,20.0,14.0,58.0,141553.81652610685,566.2152661044274,20.0
801486,20.0,14.0,60.0,20.0,14.0,60.0,147955.7378549801,591.8229514199204,20.0
801487,20.0,14.0,62.0,20.0,14.0,62.0,154783.02226940315,619.1320890776126,20.0
801488,20.0,14.0,64.0,20.0,14.0,64.0,162063.14328841827,648.2525731536731,20.0
801489,20.0,14.0,66.0,20.0,14.0,66.0,169835.03138183587,679.3401255273435,20.0
801490,20.0,14.0,68.0,20.0,14.0,68.0,178158.30257351813,712.6332102940726,20.0
801491,20.0,14.0,70.0,20.0,14.0,70.0,187128.7090342808,748.5148361371232,20.0
801492,20.0,14.0,72.0,20.0,14.0,72.0,196903.6839430583,787.6147357722332,20.0
801493,20.0,14.0,74.0,20.0,14.0,74.0,207744.09356979054,830.9763742791622,20.0
801494,20.0,14.0,76.0,20.0,14.0,76.0,220081.1311748292,880.3245246993168,20.0
801495,20.0,14.0,78.0,20.0,14.0,78.0,234618.14605349724,938.472584213989,20.0
801496,20.0,14.0,80.0,20.0,14.0,80.0,252463.26861641064,1009.8530744656426,20.0
801497,20.0,14.0,82.0,20.0,14.0,82.0,275208.35885748453,1100.8334354299382,20.0
801498,20.0,14.0,84.0,20.0,14.0,84.0,304555.41655995534,1218.2216662398214,20.0
801499,20.0,14.0,86.0,20.0,14.0,86.0,340249.53787015204,1360.9981514806082,20.0
801500,20.0,14.0,88.0,20.0,14.0,88.0,374721.3721924738,1498.8854887698951,20.0
801501,20.0,14.0,90.0,20.0,14.0,90.0,390120.0444082743,1560.4801776330971,20.0
801502,20.0,14.0,92.0,20.0,14.0,92.0,374721.3721924739,1498.8854887698956,20.0
801503,20.0,14.0,94.0,20.0,14.0,94.0,340249.5378701523,1360.998151480609,20.0
801504,20.0,14.0,96.0,20.0,14.0,96.0,304555.4165599556,1218.2216662398225,20.0
801505,20.0,14.0,98.0,20.0,14.0,98.0,275208.3588574845,1100.833435429938,20.0
801506,20.0,14.0,100.0,20.0,14.0,100.0,252463.26861641053,1009.8530744656422,20.0
801507,20.0,14.0,102.0,20.0,14.0,102.0,234618.14605349724,938.472584213989,20.0
801508,20.0,14.0,104.0,20.0,14.0,104.0,220081.1311748292,880.3245246993168,20.0
801509,20.0,14.0,106.0,20.0,14.0,106.0,207744.09356979054,830.9763742791622,20.0
801510,20.0,14.0,108.0,20.0,14.0,108.0,196903.68394305833,787.6147357722333,20.0
801511,20.0,14.0,110.0,20.0,14.0,110.0,187128.7090342808,748.5148361371232,20.0
801512,20.0,14.0,112.0,20.0,14.0,112.0,178158.3025735182,712.6332102940728,20.0
801513,20.0,14.0,114.0,20.0,14.0,114.0,169835.03138183593,679.3401255273437,20.0
801514,20.0,14.0,116.0,20.0,14.0,116.0,162063.14328841824,648.252573153673,20.0
801515,20.0,14.0,118.0,20.0,14.0,118.0,154783.02226940313,619.1320890776125,20.0
801516,20.0,14.0,120.0,20.0,14.0,120.0,147955.7378549801,591.8229514199204,20.0
801517,20.0,14.0,122.0,20.0,14.0,122.0,141553.81652610685,566.2152661044274,20.0
801518,20.0,14.0,124.0,20.0,14.0,124.0,135555.8336245003,542.2233344980011,20.0
801519,20.0,14.0,126.0,20.0,14.0,126.0,129943.34029755594,519.7733611902238,20.0
801520,20.0,14.0,128.0,20.0,14.0,128.0,124699.20662880955,498.7968265152382,20.0
801521,20.0,14.0,130.0,20.0,14.0,130.0,119806.82549010309,479.2273019604124,20.0
801522,20.0,14.0,132.0,20.0,14.0,132.0,115249.89109756904,460.99956439027613,20.0
801523,20.0,14.0,134.0,20.0,14.0,134.0,111012.72189077052,444.0508875630821,20.0
801524,20.0,14.0,136.0,20.0,14.0,136.0,107081.34746269461,428.32538985077844,20.0
801525,20.0,14.0,138.0,20.0,14.0,138.0,103445.71210816047,413.7828484326419,20.0
801526,20.0,14.0,140.0,20.0,14.0,140.0,100103.18674446689,400.4127469778676,20.0
801527,20.0,14.0,142.0,20.0,14.0,142.0,97063.0589322376,388.25223572895044,20.0
801528,20.0,14.0,144.0,20.0,14.0,144.0,94350.96379786152,377.4038551914461,20.0
801529,20.0,14.0,146.0,20.0,14.0,146.0,92011.68774716076,368.04675098864305,20.0
801530,20.0,14.0,148.0,20.0,14.0,148.0,90108.74842792861,360.43499371171447,20.0
801531,20.0,14.0,150.0,20.0,14.0,150.0,88719.721972708,354.878887890832,20.0
801532,20.0,14.0,152.0,20.0,14.0,152.0,87927.27316756149,351.709092670246,20.0
801533,20.0,14.0,154.0,20.0,14.0,154.0,87806.90863566533,351.2276345426613,20.0
801534,20.0,14.0,156.0,20.0,14.0,156.0,88413.2887314125,353.65315492564997,20.0
801535,20.0,14.0,158.0,20.0,14.0,158.0,89767.30155328533,359.06920621314134,20.0
801536,20.0,14.0,160.0,20.0,14.0,160.0,91845.98870461206,367.3839548184482,20.0
801537,20.0,14.0,162.0,20.0,14.0,162.0,94576.91510466729,378.3076604186692,20.0
801538,20.0,14.0,164.0,20.0,14.0,164.0,97837.85875764288,391.35143503057157,20.0
801539,20.0,14.0,166.0,20.0,14.0,166.0,101461.93011998913,405.84772047995654,20.0
801540,20.0,14.0,168.0,20.0,14.0,168.0,105247.54795151569,420.9901918060628,20.0
801541,20.0,14.0,170.0,20.0,14.0,170.0,108972.18058627777,435.8887223451111,20.0
801542,20.0,14.0,172.0,20.0,14.0,172.0,112408.43979014667,449.6337591605867,20.0
801543,20.0,14.0,174.0,20.0,14.0,174.0,115340.98247750777,461.3639299100311,20.0
801544,20.0,14.0,176.0,20.0,14.0,176.0,117582.70468536964,470.33081874147854,20.0
801545,20.0,14.0,178.0,20.0,14.0,178.0,118988.86439078837,475.95545756315346,20.0
801546,20.0,14.0,180.0,20.0,14.0,180.0,119468.0076070265,477.87203042810603,20.0
801547,20.0,16.0,0.0,20.0,16.0,0.0,101046.63992209718,404.18655968838874,20.0
801548,20.0,16.0,2.0,20.0,16.0,2.0,100631.24251431563,402.5249700572625,20.0
801549,20.0,16.0,4.0,20.0,16.0,4.0,99408.51465326104,397.63405861304415,20.0
801550,20.0,16.0,6.0,20.0,16.0,6.0,97447.40075042295,389.78960300169183,20.0
801551,20.0,16.0,8.0,20.0,16.0,8.0,94858.05266686447,379.4322106674579,20.0
801552,20.0,16.0,10.0,20.0,16.0,10.0,91784.95551152622,367.1398220461049,20.0
801553,20.0,16.0,12.0,20.0,16.0,12.0,88397.8280827237,353.5913123308948,20.0
801554,20.0,16.0,14.0,20.0,16.0,14.0,84880.8328560731,339.5233314242924,20.0
801555,20.0,16.0,16.0,20.0,16.0,16.0,81420.78818542357,325.6831527416943,20.0
801556,20.0,16.0,18.0,20.0,16.0,18.0,78195.21957076462,312.7808782830585,20.0
801557,20.0,16.0,20.0,20.0,16.0,20.0,75361.19679297999,301.4447871719199,20.0
801558,20.0,16.0,22.0,20.0,16.0,22.0,73045.9513085323,292.1838052341292,20.0
801559,20.0,16.0,24.0,20.0,16.0,24.0,71340.2208858461,285.3608835433844,20.0
801560,20.0,16.0,26.0,20.0,16.0,26.0,70295.09503289706,281.18038013158827,20.0
801561,20.0,16.0,28.0,20.0,16.0,28.0,69922.8158553238,279.6912634212952,20.0
801562,20.0,16.0,30.0,20.0,16.0,30.0,70201.52970279114,280.8061188111646,20.0
801563,20.0,16.0,32.0,20.0,16.0,32.0,71083.42834484285,284.3337133793714,20.0
801564,20.0,16.0,34.0,20.0,16.0,34.0,72505.15368370518,290.02061473482075,20.0
801565,20.0,16.0,36.0,20.0,16.0,36.0,74398.89774099794,297.59559096399175,20.0
801566,20.0,16.0,38.0,20.0,16.0,38.0,76702.4558914386,306.8098235657544,20.0
801567,20.0,16.0,40.0,20.0,16.0,40.0,79366.6979280457,317.46679171218284,20.0
801568,20.0,16.0,42.0,20.0,16.0,42.0,82359.52311323259,329.43809245293033,20.0
801569,20.0,16.0,44.0,20.0,16.0,44.0,85666.23102860547,342.66492411442186,20.0
801570,20.0,16.0,46.0,20.0,16.0,46.0,89287.10117695718,357.1484047078287,20.0
801571,20.0,16.0,48.0,20.0,16.0,48.0,93233.51737209625,372.934069488385,20.0
801572,20.0,16.0,50.0,20.0,16.0,50.0,97523.99731092906,390.09598924371625,20.0
801573,20.0,16.0,52.0,20.0,16.0,52.0,102181.03914632002,408.72415658528007,20.0
801574,20.0,16.0,54.0,20.0,16.0,54.0,107229.06130280561,428.9162452112225,20.0
801575,20.0,16.0,56.0,20.0,16.0,56.0,112693.23573423477,450.7729429369391,20.0
801576,20.0,16.0,58.0,20.0,16.0,58.0,118598.8795707608,474.3955182830432,20.0
801577,20.0,16.0,60.0,20.0,16.0,60.0,124971.21860320863,499.88487441283456,20.0
801578,20.0,16.0,62.0,20.0,16.0,62.0,131835.60744620764,527.3424297848305,20.0
801579,20.0,16.0,64.0,20.0,16.0,64.0,139218.6003307875,556.87440132315,20.0
801580,20.0,16.0,66.0,20.0,16.0,66.0,147150.66046476868,588.6026418590748,20.0
801581,20.0,16.0,68.0,20.0,16.0,68.0,155671.91381729938,622.6876552691975,20.0
801582,20.0,16.0,70.0,20.0,16.0,70.0,164843.4141556856,659.3736566227425,20.0
801583,20.0,16.0,72.0,20.0,16.0,72.0,174768.26150253584,699.0730460101433,20.0
801584,20.0,16.0,74.0,20.0,16.0,74.0,185630.2739517863,742.5210958071452,20.0
801585,20.0,16.0,76.0,20.0,16.0,76.0,197763.86316835336,791.0554526734135,20.0
801586,20.0,16.0,78.0,20.0,16.0,78.0,211778.44250163902,847.1137700065561,20.0
801587,20.0,16.0,80.0,20.0,16.0,80.0,228770.84620857396,915.0833848342959,20.0
801588,20.0,16.0,82.0,20.0,16.0,82.0,250635.75064681665,1002.5430025872666,20.0
801589,20.0,16.0,84.0,20.0,16.0,84.0,280232.82758903684,1120.9313103561474,20.0
801590,20.0,16.0,86.0,20.0,16.0,86.0,319903.3285134523,1279.6133140538093,20.0
801591,20.0,16.0,88.0,20.0,16.0,88.0,363653.87342997815,1454.6154937199126,20.0
801592,20.0,16.0,90.0,20.0,16.0,90.0,385384.75915731996,1541.53903662928,20.0
801593,20.0,16.0,92.0,20.0,16.0,92.0,363653.8734299784,1454.6154937199135,20.0
801594,20.0,16.0,94.0,20.0,16.0,94.0,319903.32851345255,1279.6133140538102,20.0
801595,20.0,16.0,96.0,20.0,16.0,96.0,280232.82758903713,1120.9313103561485,20.0
801596,20.0,16.0,98.0,20.0,16.0,98.0,250635.75064681657,1002.5430025872663,20.0
801597,20.0,16.0,100.0,20.0,16.0,100.0,228770.84620857393,915.0833848342958,20.0
801598,20.0,16.0,102.0,20.0,16.0,102.0,211778.44250163902,847.1137700065561,20.0
801599,20.0,16.0,104.0,20.0,16.0,104.0,197763.86316835336,791.0554526734135,20.0
801600,20.0,16.0,106.0,20.0,16.0,106.0,185630.27395178634,742.5210958071453,20.0
801601,20.0,16.0,108.0,20.0,16.0,108.0,174768.2615025359,699.0730460101436,20.0
801602,20.0,16.0,110.0,20.0,16.0,110.0,164843.41415568563,659.3736566227426,20.0
801603,20.0,16.0,112.0,20.0,16.0,112.0,155671.9138172994,622.6876552691976,20.0
801604,20.0,16.0,114.0,20.0,16.0,114.0,147150.6604647687,588.6026418590749,20.0
801605,20.0,16.0,116.0,20.0,16.0,116.0,139218.60033078745,556.8744013231498,20.0
801606,20.0,16.0,118.0,20.0,16.0,118.0,131835.60744620764,527.3424297848305,20.0
801607,20.0,16.0,120.0,20.0,16.0,120.0,124971.21860320863,499.88487441283456,20.0
801608,20.0,16.0,122.0,20.0,16.0,122.0,118598.8795707608,474.3955182830432,20.0
801609,20.0,16.0,124.0,20.0,16.0,124.0,112693.23573423477,450.7729429369391,20.0
801610,20.0,16.0,126.0,20.0,16.0,126.0,107229.06130280567,428.9162452112227,20.0
801611,20.0,16.0,128.0,20.0,16.0,128.0,102181.03914632008,408.7241565852803,20.0
801612,20.0,16.0,130.0,20.0,16.0,130.0,97523.9973109291,390.0959892437164,20.0
801613,20.0,16.0,132.0,20.0,16.0,132.0,93233.51737209625,372.934069488385,20.0
801614,20.0,16.0,134.0,20.0,16.0,134.0,89287.10117695715,357.1484047078286,20.0
801615,20.0,16.0,136.0,20.0,16.0,136.0,85666.23102860549,342.6649241144219,20.0
801616,20.0,16.0,138.0,20.0,16.0,138.0,82359.52311323259,329.43809245293033,20.0
801617,20.0,16.0,140.0,20.0,16.0,140.0,79366.6979280457,317.46679171218284,20.0
801618,20.0,16.0,142.0,20.0,16.0,142.0,76702.4558914386,306.8098235657544,20.0
801619,20.0,16.0,144.0,20.0,16.0,144.0,74398.89774099794,297.59559096399175,20.0
801620,20.0,16.0,146.0,20.0,16.0,146.0,72505.15368370518,290.02061473482075,20.0
801621,20.0,16.0,148.0,20.0,16.0,148.0,71083.42834484286,284.33371337937143,20.0
801622,20.0,16.0,150.0,20.0,16.0,150.0,70201.52970279114,280.8061188111646,20.0
801623,20.0,16.0,152.0,20.0,16.0,152.0,69922.8158553238,279.6912634212952,20.0
801624,20.0,16.0,154.0,20.0,16.0,154.0,70295.09503289704,281.18038013158815,20.0
801625,20.0,16.0,156.0,20.0,16.0,156.0,71340.2208858461,285.3608835433844,20.0
801626,20.0,16.0,158.0,20.0,16.0,158.0,73045.9513085323,292.1838052341292,20.0
801627,20.0,16.0,160.0,20.0,16.0,160.0,75361.19679298,301.44478717192,20.0
801628,20.0,16.0,162.0,20.0,16.0,162.0,78195.21957076462,312.7808782830585,20.0
801629,20.0,16.0,164.0,20.0,16.0,164.0,81420.78818542357,325.6831527416943,20.0
801630,20.0,16.0,166.0,20.0,16.0,166.0,84880.8328560731,339.5233314242924,20.0
801631,20.0,16.0,168.0,20.0,16.0,168.0,88397.82808272372,353.5913123308949,20.0
801632,20.0,16.0,170.0,20.0,16.0,170.0,91784.95551152622,367.1398220461049,20.0
801633,20.0,16.0,172.0,20.0,16.0,172.0,94858.05266686447,379.4322106674579,20.0
801634,20.0,16.0,174.0,20.0,16.0,174.0,97447.40075042295,389.78960300169183,20.0
801635,20.0,16.0,176.0,20.0,16.0,176.0,99408.51465326104,397.63405861304415,20.0
801636,20.0,16.0,178.0,20.0,16.0,178.0,100631.24251431563,402.5249700572625,20.0
801637,20.0,16.0,180.0,20.0,16.0,180.0,101046.63992209718,404.18655968838874,20.0
801638,20.0,17.0,0.0,20.0,17.0,0.0,92747.23486777832,370.98893947111327,20.0
801639,20.0,17.0,2.0,20.0,17.0,2.0,92358.35825177252,369.43343300709006,20.0
801640,20.0,17.0,4.0,20.0,17.0,4.0,91212.11199637625,364.848447985505,20.0
801641,20.0,17.0,6.0,20.0,17.0,6.0,89368.51307299257,357.4740522919703,20.0
801642,20.0,17.0,8.0,20.0,17.0,8.0,86923.8558677888,347.6954234711552,20.0
801643,20.0,17.0,10.0,20.0,17.0,10.0,84005.2733999121,336.0210935996484,20.0
801644,20.0,17.0,12.0,20.0,17.0,12.0,80763.45709532034,323.05382838128133,20.0
801645,20.0,17.0,14.0,20.0,17.0,14.0,77363.88950123082,309.45555800492326,20.0
801646,20.0,17.0,16.0,20.0,17.0,16.0,73977.06716432184,295.90826865728735,20.0
801647,20.0,17.0,18.0,20.0,17.0,18.0,70768.31680818816,283.07326723275264,20.0
801648,20.0,17.0,20.0,20.0,17.0,20.0,67887.9232170484,271.55169286819364,20.0
801649,20.0,17.0,22.0,20.0,17.0,22.0,65462.37056387754,261.84948225551017,20.0
801650,20.0,17.0,24.0,20.0,17.0,24.0,63587.52229589636,254.35008918358542,20.0
801651,20.0,17.0,26.0,20.0,17.0,26.0,62324.496686163024,249.2979867446521,20.0
801652,20.0,17.0,28.0,20.0,17.0,28.0,61698.8076196825,246.79523047873,20.0
801653,20.0,17.0,30.0,20.0,17.0,30.0,61703.018624375945,246.81207449750377,20.0
801654,20.0,17.0,32.0,20.0,17.0,32.0,62302.71494251594,249.21085977006376,20.0
801655,20.0,17.0,34.0,20.0,17.0,34.0,63445.08537061144,253.78034148244578,20.0
801656,20.0,17.0,36.0,20.0,17.0,36.0,65068.91964154097,260.2756785661639,20.0
801657,20.0,17.0,38.0,20.0,17.0,38.0,67114.50063746684,268.4580025498674,20.0
801658,20.0,17.0,40.0,20.0,17.0,40.0,69531.83861428394,278.12735445713577,20.0
801659,20.0,17.0,42.0,20.0,17.0,42.0,72286.03863545482,289.1441545418193,20.0
801660,20.0,17.0,44.0,20.0,17.0,44.0,75359.27874077836,301.43711496311346,20.0
801661,20.0,17.0,46.0,20.0,17.0,46.0,78749.72204742643,314.9988881897057,20.0
801662,20.0,17.0,48.0,20.0,17.0,48.0,82468.39679347721,329.87358717390885,20.0
801663,20.0,17.0,50.0,20.0,17.0,50.0,86535.37471872894,346.1414988749158,20.0
801664,20.0,17.0,52.0,20.0,17.0,52.0,90976.35962740639,363.9054385096256,20.0
801665,20.0,17.0,54.0,20.0,17.0,54.0,95820.23024892891,383.2809209957157,20.0
801666,20.0,17.0,56.0,20.0,17.0,56.0,101097.50574762284,404.3900229904914,20.0
801667,20.0,17.0,58.0,20.0,17.0,58.0,106839.40434043386,427.35761736173544,20.0
801668,20.0,17.0,60.0,20.0,17.0,60.0,113077.20044504206,452.30880178016827,20.0
801669,20.0,17.0,62.0,20.0,17.0,62.0,119841.82091313241,479.36728365252964,20.0
801670,20.0,17.0,64.0,20.0,17.0,64.0,127163.92878831037,508.6557151532415,20.0
801671,20.0,17.0,66.0,20.0,17.0,66.0,135075.1312841508,540.3005251366031,20.0
801672,20.0,17.0,68.0,20.0,17.0,68.0,143611.55441191813,574.4462176476725,20.0
801673,20.0,17.0,70.0,20.0,17.0,70.0,152822.09438887588,611.2883775555035,20.0
801674,20.0,17.0,72.0,20.0,17.0,72.0,162785.61330931872,651.1424532372749,20.0
801675,20.0,17.0,74.0,20.0,17.0,74.0,173645.0206113651,694.5800824454603,20.0
801676,20.0,17.0,76.0,20.0,17.0,76.0,185673.20443508597,742.6928177403439,20.0
801677,20.0,17.0,78.0,20.0,17.0,78.0,199399.06271658544,797.5962508663417,20.0
801678,20.0,17.0,80.0,20.0,17.0,80.0,215844.17954900977,863.3767181960391,20.0
801679,20.0,17.0,82.0,20.0,17.0,82.0,236936.27606726676,947.745104269067,20.0
801680,20.0,17.0,84.0,20.0,17.0,84.0,266014.31704190397,1064.0572681676158,20.0
801681,20.0,17.0,86.0,20.0,17.0,86.0,307076.5685587214,1228.3062742348857,20.0
801682,20.0,17.0,88.0,20.0,17.0,88.0,356337.3605051732,1425.349442020693,20.0
801683,20.0,17.0,90.0,20.0,17.0,90.0,382694.79933295876,1530.7791973318351,20.0
801684,20.0,17.0,92.0,20.0,17.0,92.0,356337.36050517345,1425.349442020694,20.0
801685,20.0,17.0,94.0,20.0,17.0,94.0,307076.56855872174,1228.306274234887,20.0
801686,20.0,17.0,96.0,20.0,17.0,96.0,266014.31704190426,1064.057268167617,20.0
801687,20.0,17.0,98.0,20.0,17.0,98.0,236936.2760672667,947.7451042690668,20.0
801688,20.0,17.0,100.0,20.0,17.0,100.0,215844.17954900974,863.376718196039,20.0
801689,20.0,17.0,102.0,20.0,17.0,102.0,199399.0627165854,797.5962508663416,20.0
801690,20.0,17.0,104.0,20.0,17.0,104.0,185673.20443508597,742.6928177403439,20.0
801691,20.0,17.0,106.0,20.0,17.0,106.0,173645.0206113651,694.5800824454603,20.0
801692,20.0,17.0,108.0,20.0,17.0,108.0,162785.6133093188,651.1424532372753,20.0
801693,20.0,17.0,110.0,20.0,17.0,110.0,152822.09438887594,611.2883775555038,20.0
801694,20.0,17.0,112.0,20.0,17.0,112.0,143611.5544119182,574.4462176476727,20.0
801695,20.0,17.0,114.0,20.0,17.0,114.0,135075.13128415085,540.3005251366034,20.0
801696,20.0,17.0,116.0,20.0,17.0,116.0,127163.92878831034,508.6557151532414,20.0
801697,20.0,17.0,118.0,20.0,17.0,118.0,119841.82091313238,479.3672836525295,20.0
801698,20.0,17.0,120.0,20.0,17.0,120.0,113077.20044504206,452.30880178016827,20.0
801699,20.0,17.0,122.0,20.0,17.0,122.0,106839.40434043386,427.35761736173544,20.0
801700,20.0,17.0,124.0,20.0,17.0,124.0,101097.50574762284,404.3900229904914,20.0
801701,20.0,17.0,126.0,20.0,17.0,126.0,95820.23024892893,383.28092099571575,20.0
801702,20.0,17.0,128.0,20.0,17.0,128.0,90976.35962740645,363.9054385096258,20.0
801703,20.0,17.0,130.0,20.0,17.0,130.0,86535.37471872898,346.14149887491595,20.0
801704,20.0,17.0,132.0,20.0,17.0,132.0,82468.39679347722,329.8735871739089,20.0
801705,20.0,17.0,134.0,20.0,17.0,134.0,78749.7220474264,314.9988881897056,20.0
801706,20.0,17.0,136.0,20.0,17.0,136.0,75359.27874077836,301.43711496311346,20.0
801707,20.0,17.0,138.0,20.0,17.0,138.0,72286.03863545482,289.1441545418193,20.0
801708,20.0,17.0,140.0,20.0,17.0,140.0,69531.83861428394,278.12735445713577,20.0
801709,20.0,17.0,142.0,20.0,17.0,142.0,67114.50063746684,268.4580025498674,20.0
801710,20.0,17.0,144.0,20.0,17.0,144.0,65068.91964154097,260.2756785661639,20.0
801711,20.0,17.0,146.0,20.0,17.0,146.0,63445.08537061144,253.78034148244578,20.0
801712,20.0,17.0,148.0,20.0,17.0,148.0,62302.71494251595,249.21085977006382,20.0
801713,20.0,17.0,150.0,20.0,17.0,150.0,61703.01862437595,246.81207449750383,20.0
801714,20.0,17.0,152.0,20.0,17.0,152.0,61698.8076196825,246.79523047873,20.0
801715,20.0,17.0,154.0,20.0,17.0,154.0,62324.49668616301,249.29798674465204,20.0
801716,20.0,17.0,156.0,20.0,17.0,156.0,63587.52229589636,254.35008918358542,20.0
801717,20.0,17.0,158.0,20.0,17.0,158.0,65462.37056387754,261.84948225551017,20.0
801718,20.0,17.0,160.0,20.0,17.0,160.0,67887.92321704842,271.5516928681937,20.0
801719,20.0,17.0,162.0,20.0,17.0,162.0,70768.31680818819,283.07326723275276,20.0
801720,20.0,17.0,164.0,20.0,17.0,164.0,73977.06716432184,295.90826865728735,20.0
801721,20.0,17.0,166.0,20.0,17.0,166.0,77363.88950123082,309.45555800492326,20.0
801722,20.0,17.0,168.0,20.0,17.0,168.0,80763.45709532037,323.05382838128145,20.0
801723,20.0,17.0,170.0,20.0,17.0,170.0,84005.2733999121,336.0210935996484,20.0
801724,20.0,17.0,172.0,20.0,17.0,172.0,86923.8558677888,347.6954234711552,20.0
801725,20.0,17.0,174.0,20.0,17.0,174.0,89368.51307299257,357.4740522919703,20.0
801726,20.0,17.0,176.0,20.0,17.0,176.0,91212.11199637625,364.848447985505,20.0
801727,20.0,17.0,178.0,20.0,17.0,178.0,92358.35825177252,369.43343300709006,20.0
801728,20.0,17.0,180.0,20.0,17.0,180.0,92747.23486777832,370.98893947111327,20.0
801729,20.0,18.0,0.0,20.0,18.0,0.0,85052.13846454267,340.2085538581707,20.0
801730,20.0,18.0,2.0,20.0,18.0,2.0,84686.87435502617,338.7474974201047,20.0
801731,20.0,18.0,4.0,20.0,18.0,4.0,83608.81513628308,334.43526054513234,20.0
801732,20.0,18.0,6.0,20.0,18.0,6.0,81870.27517989211,327.4811007195684,20.0
801733,20.0,18.0,8.0,20.0,18.0,8.0,79555.52145051502,318.2220858020601,20.0
801734,20.0,18.0,10.0,20.0,18.0,10.0,76776.4829284131,307.1059317136524,20.0
801735,20.0,18.0,12.0,20.0,18.0,12.0,73666.94458154473,294.6677783261789,20.0
801736,20.0,18.0,14.0,20.0,18.0,14.0,70375.4503665061,281.5018014660244,20.0
801737,20.0,18.0,16.0,20.0,18.0,16.0,67057.23265508746,268.22893062034984,20.0
801738,20.0,18.0,18.0,20.0,18.0,18.0,63865.59068227607,255.46236272910429,20.0
801739,20.0,18.0,20.0,20.0,18.0,20.0,60943.249893256514,243.77299957302606,20.0
801740,20.0,18.0,22.0,20.0,18.0,22.0,58414.332445079315,233.65732978031727,20.0
801741,20.0,18.0,24.0,20.0,18.0,24.0,56377.63440156449,225.51053760625797,20.0
801742,20.0,18.0,26.0,20.0,18.0,26.0,54901.909150579915,219.60763660231967,20.0
801743,20.0,18.0,28.0,20.0,18.0,28.0,54023.768912370055,216.09507564948024,20.0
801744,20.0,18.0,30.0,20.0,18.0,30.0,53748.61178634209,214.99444714536835,20.0
801745,20.0,18.0,32.0,20.0,18.0,32.0,54054.65192535256,216.21860770141026,20.0
801746,20.0,18.0,34.0,20.0,18.0,34.0,54899.696386061594,219.59878554424637,20.0
801747,20.0,18.0,36.0,20.0,18.0,36.0,56229.83678040958,224.91934712163834,20.0
801748,20.0,18.0,38.0,20.0,18.0,38.0,57988.81368431482,231.95525473725928,20.0
801749,20.0,18.0,40.0,20.0,18.0,40.0,60126.60098111865,240.50640392447463,20.0
801750,20.0,18.0,42.0,20.0,18.0,42.0,62605.86608452814,250.42346433811258,20.0
801751,20.0,18.0,44.0,20.0,18.0,44.0,65405.43450173878,261.6217380069551,20.0
801752,20.0,18.0,46.0,20.0,18.0,46.0,68520.63353329942,274.08253413319767,20.0
801753,20.0,18.0,48.0,20.0,18.0,48.0,71961.17484071602,287.8446993628641,20.0
801754,20.0,18.0,50.0,20.0,18.0,50.0,75747.75475803533,302.9910190321413,20.0
801755,20.0,18.0,52.0,20.0,18.0,52.0,79908.5881431395,319.634352572558,20.0
801756,20.0,18.0,54.0,20.0,18.0,54.0,84476.6689019264,337.9066756077056,20.0
801757,20.0,18.0,56.0,20.0,18.0,56.0,89487.94205027662,357.95176820110646,20.0
801758,20.0,18.0,58.0,20.0,18.0,58.0,94980.12335497874,379.920493419915,20.0
801759,20.0,18.0,60.0,20.0,18.0,60.0,100991.78958202143,403.96715832808576,20.0
801760,20.0,18.0,62.0,20.0,18.0,62.0,107561.52102491487,430.24608409965947,20.0
801761,20.0,18.0,64.0,20.0,18.0,64.0,114727.15899002244,458.9086359600897,20.0
801762,20.0,18.0,66.0,20.0,18.0,66.0,122525.60140496439,490.10240561985756,20.0
801763,20.0,18.0,68.0,20.0,18.0,68.0,130994.11780339405,523.9764712135762,20.0
801764,20.0,18.0,70.0,20.0,18.0,70.0,140175.17971683398,560.7007188673359,20.0
801765,20.0,18.0,72.0,20.0,18.0,72.0,150128.740292324,600.5149611692959,20.0
801766,20.0,18.0,74.0,20.0,18.0,74.0,160959.68951298794,643.8387580519518,20.0
801767,20.0,18.0,76.0,20.0,18.0,76.0,172875.86153602775,691.503446144111,20.0
801768,20.0,18.0,78.0,20.0,18.0,78.0,186307.83296246707,745.2313318498683,20.0
801769,20.0,18.0,80.0,20.0,18.0,80.0,202154.27828437445,808.6171131374978,20.0
801770,20.0,18.0,82.0,20.0,18.0,82.0,222272.04347310762,889.0881738924305,20.0
801771,20.0,18.0,84.0,20.0,18.0,84.0,250317.75491006044,1001.2710196402418,20.0
801772,20.0,18.0,86.0,20.0,18.0,86.0,292038.0845548401,1168.1523382193604,20.0
801773,20.0,18.0,88.0,20.0,18.0,88.0,347271.30891704117,1389.0852356681646,20.0
801774,20.0,18.0,90.0,20.0,18.0,90.0,379782.3062889894,1519.1292251559576,20.0
801775,20.0,18.0,92.0,20.0,18.0,92.0,347271.3089170414,1389.0852356681658,20.0
801776,20.0,18.0,94.0,20.0,18.0,94.0,292038.0845548404,1168.1523382193616,20.0
801777,20.0,18.0,96.0,20.0,18.0,96.0,250317.75491006064,1001.2710196402426,20.0
801778,20.0,18.0,98.0,20.0,18.0,98.0,222272.04347310754,889.0881738924302,20.0
801779,20.0,18.0,100.0,20.0,18.0,100.0,202154.27828437442,808.6171131374977,20.0
801780,20.0,18.0,102.0,20.0,18.0,102.0,186307.83296246704,745.2313318498682,20.0
801781,20.0,18.0,104.0,20.0,18.0,104.0,172875.86153602775,691.503446144111,20.0
801782,20.0,18.0,106.0,20.0,18.0,106.0,160959.68951298797,643.8387580519519,20.0
801783,20.0,18.0,108.0,20.0,18.0,108.0,150128.74029232404,600.5149611692962,20.0
801784,20.0,18.0,110.0,20.0,18.0,110.0,140175.179716834,560.700718867336,20.0
801785,20.0,18.0,112.0,20.0,18.0,112.0,130994.11780339411,523.9764712135765,20.0
801786,20.0,18.0,114.0,20.0,18.0,114.0,122525.60140496444,490.1024056198578,20.0
801787,20.0,18.0,116.0,20.0,18.0,116.0,114727.15899002239,458.90863596008955,20.0
801788,20.0,18.0,118.0,20.0,18.0,118.0,107561.52102491484,430.24608409965936,20.0
801789,20.0,18.0,120.0,20.0,18.0,120.0,100991.78958202143,403.96715832808576,20.0
801790,20.0,18.0,122.0,20.0,18.0,122.0,94980.12335497874,379.920493419915,20.0
801791,20.0,18.0,124.0,20.0,18.0,124.0,89487.94205027662,357.95176820110646,20.0
801792,20.0,18.0,126.0,20.0,18.0,126.0,84476.66890192642,337.90667560770567,20.0
801793,20.0,18.0,128.0,20.0,18.0,128.0,79908.58814313952,319.6343525725581,20.0
801794,20.0,18.0,130.0,20.0,18.0,130.0,75747.75475803537,302.9910190321415,20.0
801795,20.0,18.0,132.0,20.0,18.0,132.0,71961.17484071603,287.84469936286416,20.0
801796,20.0,18.0,134.0,20.0,18.0,134.0,68520.6335332994,274.0825341331976,20.0
801797,20.0,18.0,136.0,20.0,18.0,136.0,65405.43450173878,261.6217380069551,20.0
801798,20.0,18.0,138.0,20.0,18.0,138.0,62605.86608452814,250.42346433811258,20.0
801799,20.0,18.0,140.0,20.0,18.0,140.0,60126.60098111865,240.50640392447463,20.0
801800,20.0,18.0,142.0,20.0,18.0,142.0,57988.81368431482,231.95525473725928,20.0
801801,20.0,18.0,144.0,20.0,18.0,144.0,56229.83678040958,224.91934712163834,20.0
801802,20.0,18.0,146.0,20.0,18.0,146.0,54899.696386061594,219.59878554424637,20.0
801803,20.0,18.0,148.0,20.0,18.0,148.0,54054.65192535257,216.2186077014103,20.0
801804,20.0,18.0,150.0,20.0,18.0,150.0,53748.6117863421,214.9944471453684,20.0
801805,20.0,18.0,152.0,20.0,18.0,152.0,54023.768912370055,216.09507564948024,20.0
801806,20.0,18.0,154.0,20.0,18.0,154.0,54901.9091505799,219.60763660231962,20.0
801807,20.0,18.0,156.0,20.0,18.0,156.0,56377.63440156449,225.51053760625797,20.0
801808,20.0,18.0,158.0,20.0,18.0,158.0,58414.332445079315,233.65732978031727,20.0
801809,20.0,18.0,160.0,20.0,18.0,160.0,60943.249893256514,243.77299957302606,20.0
801810,20.0,18.0,162.0,20.0,18.0,162.0,63865.590682276095,255.4623627291044,20.0
801811,20.0,18.0,164.0,20.0,18.0,164.0,67057.23265508746,268.22893062034984,20.0
801812,20.0,18.0,166.0,20.0,18.0,166.0,70375.4503665061,281.5018014660244,20.0
801813,20.0,18.0,168.0,20.0,18.0,168.0,73666.94458154473,294.6677783261789,20.0
801814,20.0,18.0,170.0,20.0,18.0,170.0,76776.4829284131,307.1059317136524,20.0
801815,20.0,18.0,172.0,20.0,18.0,172.0,79555.52145051502,318.2220858020601,20.0
801816,20.0,18.0,174.0,20.0,18.0,174.0,81870.27517989211,327.4811007195684,20.0
801817,20.0,18.0,176.0,20.0,18.0,176.0,83608.81513628308,334.43526054513234,20.0
801818,20.0,18.0,178.0,20.0,18.0,178.0,84686.87435502617,338.7474974201047,20.0
801819,20.0,18.0,180.0,20.0,18.0,180.0,85052.13846454267,340.2085538581707,20.0
801820,20.0,19.0,0.0,20.0,19.0,0.0,77959.23594298336,311.8369437719334,20.0
801821,20.0,19.0,2.0,20.0,19.0,2.0,77615.09773361128,310.4603909344452,20.0
801822,20.0,19.0,4.0,20.0,19.0,4.0,76598.12788979533,306.39251155918134,20.0
801823,20.0,19.0,6.0,20.0,19.0,6.0,74953.97282498381,299.81589129993523,20.0
801824,20.0,19.0,8.0,20.0,19.0,8.0,72756.42988114538,291.0257195245815,20.0
801825,20.0,19.0,10.0,20.0,19.0,10.0,70104.07623643984,280.41630494575935,20.0
801826,20.0,19.0,12.0,20.0,19.0,12.0,67115.65779304001,268.46263117216006,20.0
801827,20.0,19.0,14.0,20.0,19.0,14.0,63924.369947796724,255.6974797911869,20.0
801828,20.0,19.0,16.0,20.0,19.0,16.0,60671.23019711706,242.68492078846825,20.0
801829,20.0,19.0,18.0,20.0,19.0,18.0,57497.82721738451,229.99130886953805,20.0
801830,20.0,19.0,20.0,20.0,19.0,20.0,54538.828336802675,218.1553133472107,20.0
801831,20.0,19.0,22.0,20.0,19.0,22.0,51914.7275342719,207.65891013708762,20.0
801832,20.0,19.0,24.0,20.0,19.0,24.0,49725.402913239755,198.90161165295902,20.0
801833,20.0,19.0,26.0,20.0,19.0,26.0,48045.102720896175,192.1804108835847,20.0
801834,20.0,19.0,28.0,20.0,19.0,28.0,46919.4638375443,187.67785535017723,20.0
801835,20.0,19.0,30.0,20.0,19.0,30.0,46365.05696983544,185.46022787934174,20.0
801836,20.0,19.0,32.0,20.0,19.0,32.0,46371.72702380656,185.48690809522625,20.0
801837,20.0,19.0,34.0,20.0,19.0,34.0,46907.65378652221,187.63061514608884,20.0
801838,20.0,19.0,36.0,20.0,19.0,36.0,47926.62943433509,191.70651773734036,20.0
801839,20.0,19.0,38.0,20.0,19.0,38.0,49376.61172699426,197.50644690797705,20.0
801840,20.0,19.0,40.0,20.0,19.0,40.0,51208.282541715125,204.8331301668605,20.0
801841,20.0,19.0,42.0,20.0,19.0,42.0,53382.25435752973,213.52901743011893,20.0
801842,20.0,19.0,44.0,20.0,19.0,44.0,55873.820562104425,223.4952822484177,20.0
801843,20.0,19.0,46.0,20.0,19.0,46.0,58674.7347016322,234.69893880652882,20.0
801844,20.0,19.0,48.0,20.0,19.0,48.0,61792.275022869704,247.1691000914788,20.0
801845,20.0,19.0,50.0,20.0,19.0,50.0,65246.52246898893,260.9860898759557,20.0
801846,20.0,19.0,52.0,20.0,19.0,52.0,69067.06499858444,276.26825999433777,20.0
801847,20.0,19.0,54.0,20.0,19.0,54.0,73290.12189946933,293.16048759787736,20.0
801848,20.0,19.0,56.0,20.0,19.0,56.0,77956.5181663311,311.8260726653244,20.0
801849,20.0,19.0,58.0,20.0,19.0,58.0,83110.37659641907,332.4415063856763,20.0
801850,20.0,19.0,60.0,20.0,19.0,60.0,88798.11629068351,355.19246516273404,20.0
801851,20.0,19.0,62.0,20.0,19.0,62.0,95067.38742098634,380.2695496839454,20.0
801852,20.0,19.0,64.0,20.0,19.0,64.0,101965.79351900004,407.8631740760002,20.0
801853,20.0,19.0,66.0,20.0,19.0,66.0,109539.55782233104,438.1582312893242,20.0
801854,20.0,19.0,68.0,20.0,19.0,68.0,117832.7575924614,471.3310303698456,20.0
801855,20.0,19.0,70.0,20.0,19.0,70.0,126888.6368118048,507.5545472472192,20.0
801856,20.0,19.0,72.0,20.0,19.0,72.0,136756.29975785024,547.0251990314009,20.0
801857,20.0,19.0,74.0,20.0,19.0,74.0,147509.7702338294,590.0390809353175,20.0
801858,20.0,19.0,76.0,20.0,19.0,76.0,159294.17987670083,637.1767195068034,20.0
801859,20.0,19.0,78.0,20.0,19.0,78.0,172431.0146467856,689.7240585871424,20.0
801860,20.0,19.0,80.0,20.0,19.0,80.0,187653.84698119026,750.6153879247611,20.0
801861,20.0,19.0,82.0,20.0,19.0,82.0,206635.48261658475,826.541930466339,20.0
801862,20.0,19.0,84.0,20.0,19.0,84.0,233111.70900067312,932.4468360026925,20.0
801863,20.0,19.0,86.0,20.0,19.0,86.0,274436.8267909221,1097.7473071636884,20.0
801864,20.0,19.0,88.0,20.0,19.0,88.0,335782.14260108536,1343.1285704043414,20.0
801865,20.0,19.0,90.0,20.0,19.0,90.0,376670.2762934473,1506.6811051737893,20.0
801866,20.0,19.0,92.0,20.0,19.0,92.0,335782.14260108565,1343.1285704043426,20.0
801867,20.0,19.0,94.0,20.0,19.0,94.0,274436.82679092244,1097.7473071636898,20.0
801868,20.0,19.0,96.0,20.0,19.0,96.0,233111.70900067335,932.4468360026934,20.0
801869,20.0,19.0,98.0,20.0,19.0,98.0,206635.48261658466,826.5419304663386,20.0
801870,20.0,19.0,100.0,20.0,19.0,100.0,187653.84698119026,750.6153879247611,20.0
801871,20.0,19.0,102.0,20.0,19.0,102.0,172431.0146467856,689.7240585871424,20.0
801872,20.0,19.0,104.0,20.0,19.0,104.0,159294.17987670083,637.1767195068034,20.0
801873,20.0,19.0,106.0,20.0,19.0,106.0,147509.77023382942,590.0390809353177,20.0
801874,20.0,19.0,108.0,20.0,19.0,108.0,136756.29975785027,547.025199031401,20.0
801875,20.0,19.0,110.0,20.0,19.0,110.0,126888.63681180484,507.5545472472194,20.0
801876,20.0,19.0,112.0,20.0,19.0,112.0,117832.75759246145,471.3310303698458,20.0
801877,20.0,19.0,114.0,20.0,19.0,114.0,109539.55782233112,438.1582312893245,20.0
801878,20.0,19.0,116.0,20.0,19.0,116.0,101965.79351899998,407.86317407599995,20.0
801879,20.0,19.0,118.0,20.0,19.0,118.0,95067.38742098634,380.2695496839454,20.0
801880,20.0,19.0,120.0,20.0,19.0,120.0,88798.11629068351,355.19246516273404,20.0
801881,20.0,19.0,122.0,20.0,19.0,122.0,83110.37659641907,332.4415063856763,20.0
801882,20.0,19.0,124.0,20.0,19.0,124.0,77956.5181663311,311.8260726653244,20.0
801883,20.0,19.0,126.0,20.0,19.0,126.0,73290.12189946936,293.1604875978775,20.0
801884,20.0,19.0,128.0,20.0,19.0,128.0,69067.06499858445,276.2682599943378,20.0
801885,20.0,19.0,130.0,20.0,19.0,130.0,65246.52246898897,260.9860898759559,20.0
801886,20.0,19.0,132.0,20.0,19.0,132.0,61792.27502286972,247.16910009147887,20.0
801887,20.0,19.0,134.0,20.0,19.0,134.0,58674.73470163219,234.69893880652876,20.0
801888,20.0,19.0,136.0,20.0,19.0,136.0,55873.820562104425,223.4952822484177,20.0
801889,20.0,19.0,138.0,20.0,19.0,138.0,53382.25435752973,213.52901743011893,20.0
801890,20.0,19.0,140.0,20.0,19.0,140.0,51208.282541715125,204.8331301668605,20.0
801891,20.0,19.0,142.0,20.0,19.0,142.0,49376.61172699426,197.50644690797705,20.0
801892,20.0,19.0,144.0,20.0,19.0,144.0,47926.62943433509,191.70651773734036,20.0
801893,20.0,19.0,146.0,20.0,19.0,146.0,46907.65378652221,187.63061514608884,20.0
801894,20.0,19.0,148.0,20.0,19.0,148.0,46371.72702380657,185.48690809522628,20.0
801895,20.0,19.0,150.0,20.0,19.0,150.0,46365.056969835445,185.46022787934177,20.0
801896,20.0,19.0,152.0,20.0,19.0,152.0,46919.4638375443,187.67785535017723,20.0
801897,20.0,19.0,154.0,20.0,19.0,154.0,48045.10272089617,192.18041088358467,20.0
801898,20.0,19.0,156.0,20.0,19.0,156.0,49725.40291323977,198.90161165295908,20.0
801899,20.0,19.0,158.0,20.0,19.0,158.0,51914.72753427191,207.65891013708764,20.0
801900,20.0,19.0,160.0,20.0,19.0,160.0,54538.82833680268,218.15531334721072,20.0
801901,20.0,19.0,162.0,20.0,19.0,162.0,57497.82721738451,229.99130886953805,20.0
801902,20.0,19.0,164.0,20.0,19.0,164.0,60671.23019711706,242.68492078846825,20.0
801903,20.0,19.0,166.0,20.0,19.0,166.0,63924.369947796724,255.6974797911869,20.0
801904,20.0,19.0,168.0,20.0,19.0,168.0,67115.65779304002,268.4626311721601,20.0
801905,20.0,19.0,170.0,20.0,19.0,170.0,70104.07623643984,280.41630494575935,20.0
801906,20.0,19.0,172.0,20.0,19.0,172.0,72756.42988114538,291.0257195245815,20.0
801907,20.0,19.0,174.0,20.0,19.0,174.0,74953.97282498381,299.81589129993523,20.0
801908,20.0,19.0,176.0,20.0,19.0,176.0,76598.12788979533,306.39251155918134,20.0
801909,20.0,19.0,178.0,20.0,19.0,178.0,77615.09773361128,310.4603909344452,20.0
801910,20.0,19.0,180.0,20.0,19.0,180.0,77959.23594298336,311.8369437719334,20.0
801911,22.5,8.0,0.0,22.5,8.0,0.0,177336.22829972883,709.3449131989154,20.0
801912,22.5,8.0,2.0,22.5,8.0,2.0,176746.07123930237,706.9842849572095,20.0
801913,22.5,8.0,4.0,22.5,8.0,4.0,175024.753752857,700.099015011428,20.0
801914,22.5,8.0,6.0,22.5,8.0,6.0,172314.53374433395,689.2581349773358,20.0
801915,22.5,8.0,8.0,22.5,8.0,8.0,168835.7808241316,675.3431232965264,20.0
801916,22.5,8.0,10.0,22.5,8.0,10.0,164863.9810041294,659.4559240165177,20.0
801917,22.5,8.0,12.0,22.5,8.0,12.0,160701.5029871959,642.8060119487836,20.0
801918,22.5,8.0,14.0,22.5,8.0,14.0,156647.55765806654,626.5902306322662,20.0
801919,22.5,8.0,16.0,22.5,8.0,16.0,152970.03735574242,611.8801494229697,20.0
801920,22.5,8.0,18.0,22.5,8.0,18.0,149882.6948655883,599.5307794623532,20.0
801921,22.5,8.0,20.0,22.5,8.0,20.0,147530.39592596985,590.1215837038794,20.0
801922,22.5,8.0,22.0,22.5,8.0,22.0,145984.0076257225,583.93603050289,20.0
801923,22.5,8.0,24.0,22.5,8.0,24.0,145245.01009778748,580.9800403911499,20.0
801924,22.5,8.0,26.0,22.5,8.0,26.0,145258.3703236128,581.0334812944511,20.0
801925,22.5,8.0,28.0,22.5,8.0,28.0,145930.88862152136,583.7235544860854,20.0
801926,22.5,8.0,30.0,22.5,8.0,30.0,147151.42287167918,588.6056914867168,20.0
801927,22.5,8.0,32.0,22.5,8.0,32.0,148809.33988129837,595.2373595251935,20.0
801928,22.5,8.0,34.0,22.5,8.0,34.0,150808.29748460514,603.2331899384205,20.0
801929,22.5,8.0,36.0,22.5,8.0,36.0,153073.8544325185,612.2954177300741,20.0
801930,22.5,8.0,38.0,22.5,8.0,38.0,155555.04631463572,622.2201852585429,20.0
801931,22.5,8.0,40.0,22.5,8.0,40.0,158221.45247606307,632.8858099042523,20.0
801932,22.5,8.0,42.0,22.5,8.0,42.0,161057.99018431638,644.2319607372656,20.0
801933,22.5,8.0,44.0,22.5,8.0,44.0,164059.56041748973,656.2382416699589,20.0
801934,22.5,8.0,46.0,22.5,8.0,46.0,167226.93625232478,668.9077450092991,20.0
801935,22.5,8.0,48.0,22.5,8.0,48.0,170564.3684431204,682.2574737724816,20.0
801936,22.5,8.0,50.0,22.5,8.0,50.0,174078.7070236641,696.3148280946564,20.0
801937,22.5,8.0,52.0,22.5,8.0,52.0,177779.5883892966,711.1183535571864,20.0
801938,22.5,8.0,54.0,22.5,8.0,54.0,181680.32679418425,726.721307176737,20.0
801939,22.5,8.0,56.0,22.5,8.0,56.0,185799.36808408512,743.1974723363405,20.0
801940,22.5,8.0,58.0,22.5,8.0,58.0,190162.3589636787,760.6494358547149,20.0
801941,22.5,8.0,60.0,22.5,8.0,60.0,194805.02183061253,779.2200873224501,20.0
801942,22.5,8.0,62.0,22.5,8.0,62.0,199777.13516295722,799.1085406518289,20.0
801943,22.5,8.0,64.0,22.5,8.0,64.0,205148.0376287624,820.5921505150496,20.0
801944,22.5,8.0,66.0,22.5,8.0,66.0,211014.21075373187,844.0568430149275,20.0
801945,22.5,8.0,68.0,22.5,8.0,68.0,217509.62141451027,870.038485658041,20.0
801946,22.5,8.0,70.0,22.5,8.0,70.0,224819.5081587471,899.2780326349884,20.0
801947,22.5,8.0,72.0,22.5,8.0,72.0,233197.8433206901,932.7913732827604,20.0
801948,22.5,8.0,74.0,22.5,8.0,74.0,242986.91693837696,971.9476677535079,20.0
801949,22.5,8.0,76.0,22.5,8.0,76.0,254632.19184323592,1018.5287673729437,20.0
801950,22.5,8.0,78.0,22.5,8.0,78.0,268671.86558168265,1074.6874623267306,20.0
801951,22.5,8.0,80.0,22.5,8.0,80.0,285649.32819228363,1142.5973127691345,20.0
801952,22.5,8.0,82.0,22.5,8.0,82.0,305839.38878018106,1223.3575551207243,20.0
801953,22.5,8.0,84.0,22.5,8.0,84.0,328625.3831871464,1314.5015327485855,20.0
801954,22.5,8.0,86.0,22.5,8.0,86.0,351502.5240480008,1406.0100961920032,20.0
801955,22.5,8.0,88.0,22.5,8.0,88.0,369431.79780530505,1477.7271912212202,20.0
801956,22.5,8.0,90.0,22.5,8.0,90.0,376367.7752679524,1505.4711010718097,20.0
801957,22.5,8.0,92.0,22.5,8.0,92.0,369431.79780530505,1477.7271912212202,20.0
801958,22.5,8.0,94.0,22.5,8.0,94.0,351502.5240480009,1406.0100961920036,20.0
801959,22.5,8.0,96.0,22.5,8.0,96.0,328625.38318714657,1314.5015327485862,20.0
801960,22.5,8.0,98.0,22.5,8.0,98.0,305839.38878018095,1223.3575551207239,20.0
801961,22.5,8.0,100.0,22.5,8.0,100.0,285649.32819228363,1142.5973127691345,20.0
801962,22.5,8.0,102.0,22.5,8.0,102.0,268671.86558168265,1074.6874623267306,20.0
801963,22.5,8.0,104.0,22.5,8.0,104.0,254632.19184323592,1018.5287673729437,20.0
801964,22.5,8.0,106.0,22.5,8.0,106.0,242986.91693837696,971.9476677535079,20.0
801965,22.5,8.0,108.0,22.5,8.0,108.0,233197.84332069012,932.7913732827606,20.0
801966,22.5,8.0,110.0,22.5,8.0,110.0,224819.5081587471,899.2780326349884,20.0
801967,22.5,8.0,112.0,22.5,8.0,112.0,217509.62141451027,870.038485658041,20.0
801968,22.5,8.0,114.0,22.5,8.0,114.0,211014.2107537319,844.0568430149276,20.0
801969,22.5,8.0,116.0,22.5,8.0,116.0,205148.0376287624,820.5921505150496,20.0
801970,22.5,8.0,118.0,22.5,8.0,118.0,199777.13516295716,799.1085406518287,20.0
801971,22.5,8.0,120.0,22.5,8.0,120.0,194805.02183061253,779.2200873224501,20.0
801972,22.5,8.0,122.0,22.5,8.0,122.0,190162.3589636787,760.6494358547149,20.0
801973,22.5,8.0,124.0,22.5,8.0,124.0,185799.36808408512,743.1974723363405,20.0
801974,22.5,8.0,126.0,22.5,8.0,126.0,181680.32679418428,726.7213071767371,20.0
801975,22.5,8.0,128.0,22.5,8.0,128.0,177779.58838929664,711.1183535571865,20.0
801976,22.5,8.0,130.0,22.5,8.0,130.0,174078.70702366414,696.3148280946566,20.0
801977,22.5,8.0,132.0,22.5,8.0,132.0,170564.36844312042,682.2574737724817,20.0
801978,22.5,8.0,134.0,22.5,8.0,134.0,167226.93625232473,668.9077450092989,20.0
801979,22.5,8.0,136.0,22.5,8.0,136.0,164059.56041748976,656.238241669959,20.0
801980,22.5,8.0,138.0,22.5,8.0,138.0,161057.99018431638,644.2319607372656,20.0
801981,22.5,8.0,140.0,22.5,8.0,140.0,158221.45247606307,632.8858099042523,20.0
801982,22.5,8.0,142.0,22.5,8.0,142.0,155555.04631463572,622.2201852585429,20.0
801983,22.5,8.0,144.0,22.5,8.0,144.0,153073.85443251848,612.295417730074,20.0
801984,22.5,8.0,146.0,22.5,8.0,146.0,150808.2974846051,603.2331899384204,20.0
801985,22.5,8.0,148.0,22.5,8.0,148.0,148809.3398812984,595.2373595251936,20.0
801986,22.5,8.0,150.0,22.5,8.0,150.0,147151.4228716792,588.6056914867169,20.0
801987,22.5,8.0,152.0,22.5,8.0,152.0,145930.88862152136,583.7235544860854,20.0
801988,22.5,8.0,154.0,22.5,8.0,154.0,145258.37032361273,581.0334812944509,20.0
801989,22.5,8.0,156.0,22.5,8.0,156.0,145245.01009778748,580.9800403911499,20.0
801990,22.5,8.0,158.0,22.5,8.0,158.0,145984.0076257225,583.93603050289,20.0
801991,22.5,8.0,160.0,22.5,8.0,160.0,147530.39592596987,590.1215837038795,20.0
801992,22.5,8.0,162.0,22.5,8.0,162.0,149882.6948655883,599.5307794623532,20.0
801993,22.5,8.0,164.0,22.5,8.0,164.0,152970.03735574242,611.8801494229697,20.0
801994,22.5,8.0,166.0,22.5,8.0,166.0,156647.55765806654,626.5902306322662,20.0
801995,22.5,8.0,168.0,22.5,8.0,168.0,160701.5029871959,642.8060119487836,20.0
801996,22.5,8.0,170.0,22.5,8.0,170.0,164863.9810041294,659.4559240165177,20.0
801997,22.5,8.0,172.0,22.5,8.0,172.0,168835.7808241316,675.3431232965264,20.0
801998,22.5,8.0,174.0,22.5,8.0,174.0,172314.53374433395,689.2581349773358,20.0
801999,22.5,8.0,176.0,22.5,8.0,176.0,175024.753752857,700.099015011428,20.0
802000,22.5,8.0,178.0,22.5,8.0,178.0,176746.07123930237,706.9842849572095,20.0
802001,22.5,8.0,180.0,22.5,8.0,180.0,177336.22829972883,709.3449131989154,20.0
802002,22.5,10.0,0.0,22.5,10.0,0.0,152416.21890726718,609.6648756290687,20.0
802003,22.5,10.0,2.0,22.5,10.0,2.0,151922.5305191082,607.6901220764328,20.0
802004,22.5,10.0,4.0,22.5,10.0,4.0,150477.7282386853,601.9109129547412,20.0
802005,22.5,10.0,6.0,22.5,10.0,6.0,148187.410212632,592.7496408505281,20.0
802006,22.5,10.0,8.0,22.5,10.0,8.0,145217.23154117673,580.868926164707,20.0
802007,22.5,10.0,10.0,22.5,10.0,10.0,141778.39966390977,567.1135986556391,20.0
802008,22.5,10.0,12.0,22.5,10.0,12.0,138109.3172634517,552.4372690538067,20.0
802009,22.5,10.0,14.0,22.5,10.0,14.0,134455.16093307923,537.820643732317,20.0
802010,22.5,10.0,16.0,22.5,10.0,16.0,131047.45387178769,524.1898154871508,20.0
802011,22.5,10.0,18.0,22.5,10.0,18.0,128085.76824618486,512.3430729847395,20.0
802012,22.5,10.0,20.0,22.5,10.0,20.0,125723.53475365051,502.89413901460205,20.0
802013,22.5,10.0,22.0,22.5,10.0,22.0,124059.51759836225,496.238070393449,20.0
802014,22.5,10.0,24.0,22.5,10.0,24.0,123135.83913351301,492.54335653405207,20.0
802015,22.5,10.0,26.0,22.5,10.0,26.0,122942.56431487662,491.77025725950654,20.0
802016,22.5,10.0,28.0,22.5,10.0,28.0,123427.89348872557,493.7115739549023,20.0
802017,22.5,10.0,30.0,22.5,10.0,30.0,124512.13073330105,498.0485229332042,20.0
802018,22.5,10.0,32.0,22.5,10.0,32.0,126102.99290674724,504.411971626989,20.0
802019,22.5,10.0,34.0,22.5,10.0,34.0,128109.68272364419,512.4387308945768,20.0
802020,22.5,10.0,36.0,22.5,10.0,36.0,130453.56321217184,521.8142528486874,20.0
802021,22.5,10.0,38.0,22.5,10.0,38.0,133074.18672788277,532.296746911531,20.0
802022,22.5,10.0,40.0,22.5,10.0,40.0,135930.6195878009,543.7224783512037,20.0
802023,22.5,10.0,42.0,22.5,10.0,42.0,138999.10538388827,555.996421535553,20.0
802024,22.5,10.0,44.0,22.5,10.0,44.0,142268.7691958914,569.0750767835656,20.0
802025,22.5,10.0,46.0,22.5,10.0,46.0,145737.0919953568,582.9483679814273,20.0
802026,22.5,10.0,48.0,22.5,10.0,48.0,149406.36712568067,597.6254685027227,20.0
802027,22.5,10.0,50.0,22.5,10.0,50.0,153281.61349754577,613.1264539901831,20.0
802028,22.5,10.0,52.0,22.5,10.0,52.0,157369.83397595823,629.479335903833,20.0
802029,22.5,10.0,54.0,22.5,10.0,54.0,161680.2737259195,646.721094903678,20.0
802030,22.5,10.0,56.0,22.5,10.0,56.0,166225.40936383742,664.9016374553497,20.0
802031,22.5,10.0,58.0,22.5,10.0,58.0,171022.61064983392,684.0904425993357,20.0
802032,22.5,10.0,60.0,22.5,10.0,60.0,176096.62375233395,704.3864950093358,20.0
802033,22.5,10.0,62.0,22.5,10.0,62.0,181483.19871701242,725.9327948680497,20.0
802034,22.5,10.0,64.0,22.5,10.0,64.0,187234.36198183958,748.9374479273583,20.0
802035,22.5,10.0,66.0,22.5,10.0,66.0,193426.06398000094,773.7042559200038,20.0
802036,22.5,10.0,68.0,22.5,10.0,68.0,200169.23790845578,800.6769516338231,20.0
802037,22.5,10.0,70.0,22.5,10.0,70.0,207625.6674903803,830.5026699615212,20.0
802038,22.5,10.0,72.0,22.5,10.0,72.0,216030.314803636,864.121259214544,20.0
802039,22.5,10.0,74.0,22.5,10.0,74.0,225721.291937257,902.885167749028,20.0
802040,22.5,10.0,76.0,22.5,10.0,76.0,237175.54687942305,948.7021875176922,20.0
802041,22.5,10.0,78.0,22.5,10.0,78.0,251037.07756741735,1004.1483102696694,20.0
802042,22.5,10.0,80.0,22.5,10.0,80.0,268091.0796058409,1072.3643184233636,20.0
802043,22.5,10.0,82.0,22.5,10.0,82.0,289053.81827015616,1156.2152730806247,20.0
802044,22.5,10.0,84.0,22.5,10.0,84.0,313896.00810074736,1255.5840324029896,20.0
802045,22.5,10.0,86.0,22.5,10.0,86.0,340375.58541425463,1361.5023416570186,20.0
802046,22.5,10.0,88.0,22.5,10.0,88.0,362373.4085758998,1449.4936343035993,20.0
802047,22.5,10.0,90.0,22.5,10.0,90.0,371206.3299807537,1484.8253199230148,20.0
802048,22.5,10.0,92.0,22.5,10.0,92.0,362373.40857589984,1449.4936343035995,20.0
802049,22.5,10.0,94.0,22.5,10.0,94.0,340375.58541425475,1361.502341657019,20.0
802050,22.5,10.0,96.0,22.5,10.0,96.0,313896.0081007476,1255.5840324029905,20.0
802051,22.5,10.0,98.0,22.5,10.0,98.0,289053.81827015604,1156.2152730806242,20.0
802052,22.5,10.0,100.0,22.5,10.0,100.0,268091.07960584085,1072.3643184233633,20.0
802053,22.5,10.0,102.0,22.5,10.0,102.0,251037.0775674173,1004.1483102696692,20.0
802054,22.5,10.0,104.0,22.5,10.0,104.0,237175.54687942305,948.7021875176922,20.0
802055,22.5,10.0,106.0,22.5,10.0,106.0,225721.29193725702,902.8851677490281,20.0
802056,22.5,10.0,108.0,22.5,10.0,108.0,216030.31480363602,864.1212592145441,20.0
802057,22.5,10.0,110.0,22.5,10.0,110.0,207625.66749038032,830.5026699615213,20.0
802058,22.5,10.0,112.0,22.5,10.0,112.0,200169.2379084558,800.6769516338233,20.0
802059,22.5,10.0,114.0,22.5,10.0,114.0,193426.06398000097,773.7042559200039,20.0
802060,22.5,10.0,116.0,22.5,10.0,116.0,187234.36198183958,748.9374479273583,20.0
802061,22.5,10.0,118.0,22.5,10.0,118.0,181483.1987170124,725.9327948680495,20.0
802062,22.5,10.0,120.0,22.5,10.0,120.0,176096.62375233395,704.3864950093358,20.0
802063,22.5,10.0,122.0,22.5,10.0,122.0,171022.61064983392,684.0904425993357,20.0
802064,22.5,10.0,124.0,22.5,10.0,124.0,166225.40936383742,664.9016374553497,20.0
802065,22.5,10.0,126.0,22.5,10.0,126.0,161680.27372591954,646.7210949036781,20.0
802066,22.5,10.0,128.0,22.5,10.0,128.0,157369.83397595826,629.4793359038331,20.0
802067,22.5,10.0,130.0,22.5,10.0,130.0,153281.6134975458,613.1264539901832,20.0
802068,22.5,10.0,132.0,22.5,10.0,132.0,149406.36712568067,597.6254685027227,20.0
802069,22.5,10.0,134.0,22.5,10.0,134.0,145737.09199535675,582.948367981427,20.0
802070,22.5,10.0,136.0,22.5,10.0,136.0,142268.76919589142,569.0750767835657,20.0
802071,22.5,10.0,138.0,22.5,10.0,138.0,138999.10538388827,555.996421535553,20.0
802072,22.5,10.0,140.0,22.5,10.0,140.0,135930.6195878009,543.7224783512037,20.0
802073,22.5,10.0,142.0,22.5,10.0,142.0,133074.18672788277,532.296746911531,20.0
802074,22.5,10.0,144.0,22.5,10.0,144.0,130453.56321217181,521.8142528486873,20.0
802075,22.5,10.0,146.0,22.5,10.0,146.0,128109.68272364419,512.4387308945768,20.0
802076,22.5,10.0,148.0,22.5,10.0,148.0,126102.99290674724,504.411971626989,20.0
802077,22.5,10.0,150.0,22.5,10.0,150.0,124512.1307333011,498.0485229332044,20.0
802078,22.5,10.0,152.0,22.5,10.0,152.0,123427.89348872557,493.7115739549023,20.0
802079,22.5,10.0,154.0,22.5,10.0,154.0,122942.56431487661,491.7702572595064,20.0
802080,22.5,10.0,156.0,22.5,10.0,156.0,123135.83913351301,492.54335653405207,20.0
802081,22.5,10.0,158.0,22.5,10.0,158.0,124059.51759836225,496.238070393449,20.0
802082,22.5,10.0,160.0,22.5,10.0,160.0,125723.53475365054,502.89413901460216,20.0
802083,22.5,10.0,162.0,22.5,10.0,162.0,128085.76824618489,512.3430729847396,20.0
802084,22.5,10.0,164.0,22.5,10.0,164.0,131047.45387178769,524.1898154871508,20.0
802085,22.5,10.0,166.0,22.5,10.0,166.0,134455.16093307923,537.820643732317,20.0
802086,22.5,10.0,168.0,22.5,10.0,168.0,138109.31726345173,552.4372690538069,20.0
802087,22.5,10.0,170.0,22.5,10.0,170.0,141778.39966390977,567.1135986556391,20.0
802088,22.5,10.0,172.0,22.5,10.0,172.0,145217.23154117673,580.868926164707,20.0
802089,22.5,10.0,174.0,22.5,10.0,174.0,148187.410212632,592.7496408505281,20.0
802090,22.5,10.0,176.0,22.5,10.0,176.0,150477.7282386853,601.9109129547412,20.0
802091,22.5,10.0,178.0,22.5,10.0,178.0,151922.5305191082,607.6901220764328,20.0
802092,22.5,10.0,180.0,22.5,10.0,180.0,152416.21890726718,609.6648756290687,20.0
802093,22.5,12.0,0.0,22.5,12.0,0.0,129939.80327563031,519.7592131025212,20.0
802094,22.5,12.0,2.0,22.5,12.0,2.0,129520.07514244814,518.0803005697926,20.0
802095,22.5,12.0,4.0,22.5,12.0,4.0,128287.97615781374,513.151904631255,20.0
802096,22.5,12.0,6.0,22.5,12.0,6.0,126322.7952289152,505.2911809156608,20.0
802097,22.5,12.0,8.0,22.5,12.0,8.0,123750.2568000018,495.0010272000072,20.0
802098,22.5,12.0,10.0,22.5,12.0,10.0,120733.35223776467,482.9334089510587,20.0
802099,22.5,12.0,12.0,22.5,12.0,12.0,117460.42823913007,469.84171295652027,20.0
802100,22.5,12.0,14.0,22.5,12.0,14.0,114131.4291188157,456.52571647526275,20.0
802101,22.5,12.0,16.0,22.5,12.0,16.0,110943.39345704147,443.7735738281659,20.0
802102,22.5,12.0,18.0,22.5,12.0,18.0,108076.44902690241,432.30579610760964,20.0
802103,22.5,12.0,20.0,22.5,12.0,20.0,105681.60191478729,422.7264076591492,20.0
802104,22.5,12.0,22.0,22.5,12.0,22.0,103871.54224446989,415.4861689778796,20.0
802105,22.5,12.0,24.0,22.5,12.0,24.0,102715.46045758468,410.86184183033873,20.0
802106,22.5,12.0,26.0,22.5,12.0,26.0,102238.47082642531,408.95388330570125,20.0
802107,22.5,12.0,28.0,22.5,12.0,28.0,102425.68788863186,409.7027515545274,20.0
802108,22.5,12.0,30.0,22.5,12.0,30.0,103230.35331621287,412.9214132648515,20.0
802109,22.5,12.0,32.0,22.5,12.0,32.0,104584.76899723457,418.3390759889383,20.0
802110,22.5,12.0,34.0,22.5,12.0,34.0,106412.2989854696,425.6491959418784,20.0
802111,22.5,12.0,36.0,22.5,12.0,36.0,108638.5096881316,434.5540387525264,20.0
802112,22.5,12.0,38.0,22.5,12.0,38.0,111199.73360390049,444.79893441560193,20.0
802113,22.5,12.0,40.0,22.5,12.0,40.0,114047.97419953685,456.1918967981474,20.0
802114,22.5,12.0,42.0,22.5,12.0,42.0,117151.98048560346,468.60792194241384,20.0
802115,22.5,12.0,44.0,22.5,12.0,44.0,120495.2391302817,481.9809565211268,20.0
802116,22.5,12.0,46.0,22.5,12.0,46.0,124072.24635830884,496.2889854332354,20.0
802117,22.5,12.0,48.0,22.5,12.0,48.0,127884.52300256072,511.53809201024285,20.0
802118,22.5,12.0,50.0,22.5,12.0,50.0,131937.44652017427,527.749786080697,20.0
802119,22.5,12.0,52.0,22.5,12.0,52.0,136238.35100087454,544.9534040034981,20.0
802120,22.5,12.0,54.0,22.5,12.0,54.0,140795.82878966676,563.183315158667,20.0
802121,22.5,12.0,56.0,22.5,12.0,56.0,145619.96289094051,582.479851563762,20.0
802122,22.5,12.0,58.0,22.5,12.0,58.0,150723.3075594786,602.8932302379144,20.0
802123,22.5,12.0,60.0,22.5,12.0,60.0,156122.6604352613,624.4906417410452,20.0
802124,22.5,12.0,62.0,22.5,12.0,62.0,161841.91084140335,647.3676433656134,20.0
802125,22.5,12.0,64.0,22.5,12.0,64.0,167916.49225919755,671.6659690367902,20.0
802126,22.5,12.0,66.0,22.5,12.0,66.0,174400.2728671897,697.6010914687588,20.0
802127,22.5,12.0,68.0,22.5,12.0,68.0,181376.1670692165,725.504668276866,20.0
802128,22.5,12.0,70.0,22.5,12.0,70.0,188972.4237469636,755.8896949878545,20.0
802129,22.5,12.0,72.0,22.5,12.0,72.0,197387.48965486986,789.5499586194794,20.0
802130,22.5,12.0,74.0,22.5,12.0,74.0,206927.38926811804,827.7095570724722,20.0
802131,22.5,12.0,76.0,22.5,12.0,76.0,218059.61980868585,872.2384792347434,20.0
802132,22.5,12.0,78.0,22.5,12.0,78.0,231482.2318616537,925.9289274466148,20.0
802133,22.5,12.0,80.0,22.5,12.0,80.0,248180.85120690928,992.7234048276372,20.0
802134,22.5,12.0,82.0,22.5,12.0,82.0,269354.5919970141,1077.4183679880566,20.0
802135,22.5,12.0,84.0,22.5,12.0,84.0,295836.3452706889,1183.3453810827555,20.0
802136,22.5,12.0,86.0,22.5,12.0,86.0,326217.8917107867,1304.8715668431466,20.0
802137,22.5,12.0,88.0,22.5,12.0,88.0,353501.04666082544,1414.0041866433019,20.0
802138,22.5,12.0,90.0,22.5,12.0,90.0,365049.2201604131,1460.1968806416526,20.0
802139,22.5,12.0,92.0,22.5,12.0,92.0,353501.0466608256,1414.0041866433025,20.0
802140,22.5,12.0,94.0,22.5,12.0,94.0,326217.8917107868,1304.871566843147,20.0
802141,22.5,12.0,96.0,22.5,12.0,96.0,295836.3452706891,1183.3453810827564,20.0
802142,22.5,12.0,98.0,22.5,12.0,98.0,269354.59199701407,1077.4183679880564,20.0
802143,22.5,12.0,100.0,22.5,12.0,100.0,248180.85120690922,992.723404827637,20.0
802144,22.5,12.0,102.0,22.5,12.0,102.0,231482.2318616537,925.9289274466148,20.0
802145,22.5,12.0,104.0,22.5,12.0,104.0,218059.61980868585,872.2384792347434,20.0
802146,22.5,12.0,106.0,22.5,12.0,106.0,206927.38926811807,827.7095570724723,20.0
802147,22.5,12.0,108.0,22.5,12.0,108.0,197387.4896548699,789.5499586194795,20.0
802148,22.5,12.0,110.0,22.5,12.0,110.0,188972.42374696364,755.8896949878546,20.0
802149,22.5,12.0,112.0,22.5,12.0,112.0,181376.16706921652,725.5046682768661,20.0
802150,22.5,12.0,114.0,22.5,12.0,114.0,174400.27286718975,697.601091468759,20.0
802151,22.5,12.0,116.0,22.5,12.0,116.0,167916.49225919752,671.6659690367901,20.0
802152,22.5,12.0,118.0,22.5,12.0,118.0,161841.9108414033,647.3676433656132,20.0
802153,22.5,12.0,120.0,22.5,12.0,120.0,156122.6604352613,624.4906417410452,20.0
802154,22.5,12.0,122.0,22.5,12.0,122.0,150723.3075594786,602.8932302379144,20.0
802155,22.5,12.0,124.0,22.5,12.0,124.0,145619.96289094051,582.479851563762,20.0
802156,22.5,12.0,126.0,22.5,12.0,126.0,140795.8287896668,563.1833151586671,20.0
802157,22.5,12.0,128.0,22.5,12.0,128.0,136238.35100087457,544.9534040034982,20.0
802158,22.5,12.0,130.0,22.5,12.0,130.0,131937.4465201743,527.7497860806972,20.0
802159,22.5,12.0,132.0,22.5,12.0,132.0,127884.52300256072,511.53809201024285,20.0
802160,22.5,12.0,134.0,22.5,12.0,134.0,124072.24635830881,496.28898543323527,20.0
802161,22.5,12.0,136.0,22.5,12.0,136.0,120495.2391302817,481.9809565211268,20.0
802162,22.5,12.0,138.0,22.5,12.0,138.0,117151.98048560346,468.60792194241384,20.0
802163,22.5,12.0,140.0,22.5,12.0,140.0,114047.97419953685,456.1918967981474,20.0
802164,22.5,12.0,142.0,22.5,12.0,142.0,111199.73360390049,444.79893441560193,20.0
802165,22.5,12.0,144.0,22.5,12.0,144.0,108638.5096881316,434.5540387525264,20.0
802166,22.5,12.0,146.0,22.5,12.0,146.0,106412.2989854696,425.6491959418784,20.0
802167,22.5,12.0,148.0,22.5,12.0,148.0,104584.7689972346,418.3390759889384,20.0
802168,22.5,12.0,150.0,22.5,12.0,150.0,103230.35331621289,412.92141326485154,20.0
802169,22.5,12.0,152.0,22.5,12.0,152.0,102425.68788863187,409.7027515545275,20.0
802170,22.5,12.0,154.0,22.5,12.0,154.0,102238.4708264253,408.9538833057012,20.0
802171,22.5,12.0,156.0,22.5,12.0,156.0,102715.46045758468,410.86184183033873,20.0
802172,22.5,12.0,158.0,22.5,12.0,158.0,103871.54224446989,415.4861689778796,20.0
802173,22.5,12.0,160.0,22.5,12.0,160.0,105681.60191478732,422.7264076591493,20.0
802174,22.5,12.0,162.0,22.5,12.0,162.0,108076.44902690244,432.30579610760975,20.0
802175,22.5,12.0,164.0,22.5,12.0,164.0,110943.39345704147,443.7735738281659,20.0
802176,22.5,12.0,166.0,22.5,12.0,166.0,114131.4291188157,456.52571647526275,20.0
802177,22.5,12.0,168.0,22.5,12.0,168.0,117460.42823913008,469.8417129565203,20.0
802178,22.5,12.0,170.0,22.5,12.0,170.0,120733.35223776467,482.9334089510587,20.0
802179,22.5,12.0,172.0,22.5,12.0,172.0,123750.2568000018,495.0010272000072,20.0
802180,22.5,12.0,174.0,22.5,12.0,174.0,126322.7952289152,505.2911809156608,20.0
802181,22.5,12.0,176.0,22.5,12.0,176.0,128287.97615781374,513.151904631255,20.0
802182,22.5,12.0,178.0,22.5,12.0,178.0,129520.07514244814,518.0803005697926,20.0
802183,22.5,12.0,180.0,22.5,12.0,180.0,129939.80327563031,519.7592131025212,20.0
802184,22.5,14.0,0.0,22.5,14.0,0.0,109884.81066912728,439.53924267650916,20.0
802185,22.5,14.0,2.0,22.5,14.0,2.0,109521.99021124456,438.0879608449782,20.0
802186,22.5,14.0,4.0,22.5,14.0,4.0,108453.95861618355,433.8158344647342,20.0
802187,22.5,14.0,6.0,22.5,14.0,6.0,106740.79312141422,426.96317248565686,20.0
802188,22.5,14.0,8.0,22.5,14.0,8.0,104478.63825151452,417.9145530060581,20.0
802189,22.5,14.0,10.0,22.5,14.0,10.0,101793.92827774715,407.1757131109886,20.0
802190,22.5,14.0,12.0,22.5,14.0,12.0,98835.70371524776,395.34281486099104,20.0
802191,22.5,14.0,14.0,22.5,14.0,14.0,95766.4412062413,383.06576482496524,20.0
802192,22.5,14.0,16.0,22.5,14.0,16.0,92751.94803242231,371.0077921296893,20.0
802193,22.5,14.0,18.0,22.5,14.0,18.0,89950.9990780554,359.8039963122216,20.0
802194,22.5,14.0,20.0,22.5,14.0,20.0,87505.49900752037,350.0219960300815,20.0
802195,22.5,14.0,22.0,22.5,14.0,22.0,85532.01234463694,342.12804937854776,20.0
802196,22.5,14.0,24.0,22.5,14.0,24.0,84115.49043108315,336.4619617243326,20.0
802197,22.5,14.0,26.0,22.5,14.0,26.0,83305.90759905611,333.22363039622445,20.0
802198,22.5,14.0,28.0,22.5,14.0,28.0,83118.27725743553,332.47310902974215,20.0
802199,22.5,14.0,30.0,22.5,14.0,30.0,83536.14826357765,334.1445930543106,20.0
802200,22.5,14.0,32.0,22.5,14.0,32.0,84518.21013335245,338.0728405334098,20.0
802201,22.5,14.0,34.0,22.5,14.0,34.0,86007.13012362887,344.0285204945155,20.0
802202,22.5,14.0,36.0,22.5,14.0,36.0,87939.31443184633,351.7572577273853,20.0
802203,22.5,14.0,38.0,22.5,14.0,38.0,90254.06126435935,361.0162450574374,20.0
802204,22.5,14.0,40.0,22.5,14.0,40.0,92900.67033425132,371.60268133700527,20.0
802205,22.5,14.0,42.0,22.5,14.0,42.0,95842.53337172861,383.3701334869145,20.0
802206,22.5,14.0,44.0,22.5,14.0,44.0,99057.97069097283,396.2318827638913,20.0
802207,22.5,14.0,46.0,22.5,14.0,46.0,102538.38230311072,410.1535292124429,20.0
802208,22.5,14.0,48.0,22.5,14.0,48.0,106284.86153171572,425.1394461268629,20.0
802209,22.5,14.0,50.0,22.5,14.0,50.0,110304.55461193342,441.2182184477337,20.0
802210,22.5,14.0,52.0,22.5,14.0,52.0,114607.72755863745,458.4309102345498,20.0
802211,22.5,14.0,54.0,22.5,14.0,54.0,119205.94532453605,476.8237812981442,20.0
802212,22.5,14.0,56.0,22.5,14.0,56.0,124111.30308797144,496.44521235188574,20.0
802213,22.5,14.0,58.0,22.5,14.0,58.0,129336.485185188,517.345940740752,20.0
802214,22.5,14.0,60.0,22.5,14.0,60.0,134895.54939508077,539.582197580323,20.0
802215,22.5,14.0,62.0,22.5,14.0,62.0,140805.59824608045,563.2223929843218,20.0
802216,22.5,14.0,64.0,22.5,14.0,64.0,147089.80440238828,588.3592176095532,20.0
802217,22.5,14.0,66.0,22.5,14.0,66.0,153782.62543439056,615.1305017375622,20.0
802218,22.5,14.0,68.0,22.5,14.0,68.0,160938.58500243933,643.7543400097574,20.0
802219,22.5,14.0,70.0,22.5,14.0,70.0,168646.88094663701,674.5875237865481,20.0
802220,22.5,14.0,72.0,22.5,14.0,72.0,177055.55067632522,708.2222027053009,20.0
802221,22.5,14.0,74.0,22.5,14.0,74.0,186411.30396866845,745.6452158746738,20.0
802222,22.5,14.0,76.0,22.5,14.0,76.0,197124.5597683562,788.4982390734249,20.0
802223,22.5,14.0,78.0,22.5,14.0,78.0,209872.09429031197,839.4883771612479,20.0
802224,22.5,14.0,80.0,22.5,14.0,80.0,225741.6453273999,902.9665813095996,20.0
802225,22.5,14.0,82.0,22.5,14.0,82.0,246356.70694354366,985.4268277741746,20.0
802226,22.5,14.0,84.0,22.5,14.0,84.0,273623.1232207057,1094.492492882823,20.0
802227,22.5,14.0,86.0,22.5,14.0,86.0,307823.58615052915,1231.2943446021166,20.0
802228,22.5,14.0,88.0,22.5,14.0,88.0,341964.78283535026,1367.859131341401,20.0
802229,22.5,14.0,90.0,22.5,14.0,90.0,357579.66921653185,1430.3186768661274,20.0
802230,22.5,14.0,92.0,22.5,14.0,92.0,341964.78283535043,1367.8591313414017,20.0
802231,22.5,14.0,94.0,22.5,14.0,94.0,307823.5861505294,1231.2943446021175,20.0
802232,22.5,14.0,96.0,22.5,14.0,96.0,273623.12322070595,1094.4924928828239,20.0
802233,22.5,14.0,98.0,22.5,14.0,98.0,246356.7069435436,985.4268277741744,20.0
802234,22.5,14.0,100.0,22.5,14.0,100.0,225741.64532739983,902.9665813095994,20.0
802235,22.5,14.0,102.0,22.5,14.0,102.0,209872.09429031197,839.4883771612479,20.0
802236,22.5,14.0,104.0,22.5,14.0,104.0,197124.5597683562,788.4982390734249,20.0
802237,22.5,14.0,106.0,22.5,14.0,106.0,186411.30396866854,745.6452158746741,20.0
802238,22.5,14.0,108.0,22.5,14.0,108.0,177055.55067632525,708.222202705301,20.0
802239,22.5,14.0,110.0,22.5,14.0,110.0,168646.88094663704,674.5875237865482,20.0
802240,22.5,14.0,112.0,22.5,14.0,112.0,160938.5850024394,643.7543400097576,20.0
802241,22.5,14.0,114.0,22.5,14.0,114.0,153782.6254343906,615.1305017375623,20.0
802242,22.5,14.0,116.0,22.5,14.0,116.0,147089.80440238825,588.3592176095531,20.0
802243,22.5,14.0,118.0,22.5,14.0,118.0,140805.59824608045,563.2223929843218,20.0
802244,22.5,14.0,120.0,22.5,14.0,120.0,134895.54939508077,539.582197580323,20.0
802245,22.5,14.0,122.0,22.5,14.0,122.0,129336.485185188,517.345940740752,20.0
802246,22.5,14.0,124.0,22.5,14.0,124.0,124111.30308797144,496.44521235188574,20.0
802247,22.5,14.0,126.0,22.5,14.0,126.0,119205.94532453608,476.8237812981443,20.0
802248,22.5,14.0,128.0,22.5,14.0,128.0,114607.72755863749,458.43091023454997,20.0
802249,22.5,14.0,130.0,22.5,14.0,130.0,110304.55461193346,441.2182184477339,20.0
802250,22.5,14.0,132.0,22.5,14.0,132.0,106284.86153171574,425.13944612686294,20.0
802251,22.5,14.0,134.0,22.5,14.0,134.0,102538.38230311072,410.1535292124429,20.0
802252,22.5,14.0,136.0,22.5,14.0,136.0,99057.97069097284,396.23188276389135,20.0
802253,22.5,14.0,138.0,22.5,14.0,138.0,95842.53337172861,383.3701334869145,20.0
802254,22.5,14.0,140.0,22.5,14.0,140.0,92900.67033425132,371.60268133700527,20.0
802255,22.5,14.0,142.0,22.5,14.0,142.0,90254.06126435935,361.0162450574374,20.0
802256,22.5,14.0,144.0,22.5,14.0,144.0,87939.31443184633,351.7572577273853,20.0
802257,22.5,14.0,146.0,22.5,14.0,146.0,86007.13012362887,344.0285204945155,20.0
802258,22.5,14.0,148.0,22.5,14.0,148.0,84518.21013335248,338.07284053340993,20.0
802259,22.5,14.0,150.0,22.5,14.0,150.0,83536.14826357766,334.14459305431063,20.0
802260,22.5,14.0,152.0,22.5,14.0,152.0,83118.27725743553,332.47310902974215,20.0
802261,22.5,14.0,154.0,22.5,14.0,154.0,83305.9075990561,333.2236303962244,20.0
802262,22.5,14.0,156.0,22.5,14.0,156.0,84115.49043108315,336.4619617243326,20.0
802263,22.5,14.0,158.0,22.5,14.0,158.0,85532.01234463694,342.12804937854776,20.0
802264,22.5,14.0,160.0,22.5,14.0,160.0,87505.49900752038,350.02199603008154,20.0
802265,22.5,14.0,162.0,22.5,14.0,162.0,89950.99907805542,359.80399631222167,20.0
802266,22.5,14.0,164.0,22.5,14.0,164.0,92751.94803242231,371.0077921296893,20.0
802267,22.5,14.0,166.0,22.5,14.0,166.0,95766.4412062413,383.06576482496524,20.0
802268,22.5,14.0,168.0,22.5,14.0,168.0,98835.70371524779,395.34281486099115,20.0
802269,22.5,14.0,170.0,22.5,14.0,170.0,101793.92827774715,407.1757131109886,20.0
802270,22.5,14.0,172.0,22.5,14.0,172.0,104478.63825151452,417.9145530060581,20.0
802271,22.5,14.0,174.0,22.5,14.0,174.0,106740.79312141422,426.96317248565686,20.0
802272,22.5,14.0,176.0,22.5,14.0,176.0,108453.95861618355,433.8158344647342,20.0
802273,22.5,14.0,178.0,22.5,14.0,178.0,109521.99021124456,438.0879608449782,20.0
802274,22.5,14.0,180.0,22.5,14.0,180.0,109884.81066912728,439.53924267650916,20.0
802275,22.5,16.0,0.0,22.5,16.0,0.0,92233.45251689319,368.9338100675728,20.0
802276,22.5,16.0,2.0,22.5,16.0,2.0,91914.70807671375,367.658832306855,20.0
802277,22.5,16.0,4.0,22.5,16.0,4.0,90973.9945989367,363.8959783957468,20.0
802278,22.5,16.0,6.0,22.5,16.0,6.0,89457.13136401917,357.82852545607665,20.0
802279,22.5,16.0,8.0,22.5,16.0,8.0,87438.03506980638,349.75214027922556,20.0
802280,22.5,16.0,10.0,22.5,16.0,10.0,85015.11511916106,340.0604604766442,20.0
802281,22.5,16.0,12.0,22.5,16.0,12.0,82306.37400368579,329.22549601474316,20.0
802282,22.5,16.0,14.0,22.5,16.0,14.0,79443.38186776929,317.77352747107716,20.0
802283,22.5,16.0,16.0,22.5,16.0,16.0,76564.37028869615,306.2574811547846,20.0
802284,22.5,16.0,18.0,22.5,16.0,18.0,73806.77965069357,295.2271186027743,20.0
802285,22.5,16.0,20.0,22.5,16.0,20.0,71299.6913290616,285.1987653162464,20.0
802286,22.5,16.0,22.0,22.5,16.0,22.0,69156.66849052753,276.62667396211015,20.0
802287,22.5,16.0,24.0,22.5,16.0,24.0,67469.59935744015,269.8783974297606,20.0
802288,22.5,16.0,26.0,22.5,16.0,26.0,66304.15993115846,265.2166397246338,20.0
802289,22.5,16.0,28.0,22.5,16.0,28.0,65697.46169259098,262.7898467703639,20.0
802290,22.5,16.0,30.0,22.5,16.0,30.0,65658.29834020585,262.6331933608234,20.0
802291,22.5,16.0,32.0,22.5,16.0,32.0,66170.14057512494,264.6805623004998,20.0
802292,22.5,16.0,34.0,22.5,16.0,34.0,67196.65962132899,268.78663848531596,20.0
802293,22.5,16.0,36.0,22.5,16.0,36.0,68689.13475723207,274.7565390289283,20.0
802294,22.5,16.0,38.0,22.5,16.0,38.0,70594.70515544689,282.37882062178755,20.0
802295,22.5,16.0,40.0,22.5,16.0,40.0,72864.18106096759,291.4567242438704,20.0
802296,22.5,16.0,42.0,22.5,16.0,42.0,75458.15257488338,301.83261029953354,20.0
802297,22.5,16.0,44.0,22.5,16.0,44.0,78350.49007784709,313.4019603113884,20.0
802298,22.5,16.0,46.0,22.5,16.0,46.0,81528.9692825964,326.1158771303856,20.0
802299,22.5,16.0,48.0,22.5,16.0,48.0,84993.48797731935,339.97395190927745,20.0
802300,22.5,16.0,50.0,22.5,16.0,50.0,88752.89411905197,355.0115764762079,20.0
802301,22.5,16.0,52.0,22.5,16.0,52.0,92821.5853855101,371.2863415420404,20.0
802302,22.5,16.0,54.0,22.5,16.0,54.0,97216.73762085436,388.86695048341744,20.0
802303,22.5,16.0,56.0,22.5,16.0,56.0,101956.49080956345,407.8259632382538,20.0
802304,22.5,16.0,58.0,22.5,16.0,58.0,107058.99477025842,428.2359790810337,20.0
802305,22.5,16.0,60.0,22.5,16.0,60.0,112542.10071505437,450.1684028602175,20.0
802306,22.5,16.0,62.0,22.5,16.0,62.0,118423.65648848412,473.6946259539365,20.0
802307,22.5,16.0,64.0,22.5,16.0,64.0,124722.6843257844,498.8907373031376,20.0
802308,22.5,16.0,66.0,22.5,16.0,66.0,131462.12671831218,525.8485068732488,20.0
802309,22.5,16.0,68.0,22.5,16.0,68.0,138674.42398408434,554.6976959363374,20.0
802310,22.5,16.0,70.0,22.5,16.0,70.0,146412.15170769615,585.6486068307846,20.0
802311,22.5,16.0,72.0,22.5,16.0,72.0,154767.67609268375,619.070704370735,20.0
802312,22.5,16.0,74.0,22.5,16.0,74.0,163908.98375607468,655.6359350242988,20.0
802313,22.5,16.0,76.0,22.5,16.0,76.0,174144.804287966,696.579217151864,20.0
802314,22.5,16.0,78.0,22.5,16.0,78.0,186042.78008297514,744.1711203319005,20.0
802315,22.5,16.0,80.0,22.5,16.0,80.0,200639.43351470344,802.5577340588138,20.0
802316,22.5,16.0,82.0,22.5,16.0,82.0,219775.95315651433,879.1038126260573,20.0
802317,22.5,16.0,84.0,22.5,16.0,84.0,246399.45043313678,985.5978017325472,20.0
802318,22.5,16.0,86.0,22.5,16.0,86.0,283465.613618927,1133.862454475708,20.0
802319,22.5,16.0,88.0,22.5,16.0,88.0,326276.4223186562,1305.1056892746246,20.0
802320,22.5,16.0,90.0,22.5,16.0,90.0,348332.7980046678,1393.3311920186711,20.0
802321,22.5,16.0,92.0,22.5,16.0,92.0,326276.4223186563,1305.105689274625,20.0
802322,22.5,16.0,94.0,22.5,16.0,94.0,283465.61361892725,1133.862454475709,20.0
802323,22.5,16.0,96.0,22.5,16.0,96.0,246399.45043313704,985.5978017325482,20.0
802324,22.5,16.0,98.0,22.5,16.0,98.0,219775.95315651427,879.1038126260571,20.0
802325,22.5,16.0,100.0,22.5,16.0,100.0,200639.4335147034,802.5577340588137,20.0
802326,22.5,16.0,102.0,22.5,16.0,102.0,186042.78008297514,744.1711203319005,20.0
802327,22.5,16.0,104.0,22.5,16.0,104.0,174144.804287966,696.579217151864,20.0
802328,22.5,16.0,106.0,22.5,16.0,106.0,163908.9837560747,655.6359350242989,20.0
802329,22.5,16.0,108.0,22.5,16.0,108.0,154767.67609268375,619.070704370735,20.0
802330,22.5,16.0,110.0,22.5,16.0,110.0,146412.15170769618,585.6486068307847,20.0
802331,22.5,16.0,112.0,22.5,16.0,112.0,138674.42398408437,554.6976959363375,20.0
802332,22.5,16.0,114.0,22.5,16.0,114.0,131462.12671831224,525.848506873249,20.0
802333,22.5,16.0,116.0,22.5,16.0,116.0,124722.68432578437,498.8907373031375,20.0
802334,22.5,16.0,118.0,22.5,16.0,118.0,118423.6564884841,473.69462595393645,20.0
802335,22.5,16.0,120.0,22.5,16.0,120.0,112542.10071505437,450.1684028602175,20.0
802336,22.5,16.0,122.0,22.5,16.0,122.0,107058.99477025842,428.2359790810337,20.0
802337,22.5,16.0,124.0,22.5,16.0,124.0,101956.49080956345,407.8259632382538,20.0
802338,22.5,16.0,126.0,22.5,16.0,126.0,97216.73762085437,388.8669504834175,20.0
802339,22.5,16.0,128.0,22.5,16.0,128.0,92821.58538551014,371.2863415420406,20.0
802340,22.5,16.0,130.0,22.5,16.0,130.0,88752.894119052,355.011576476208,20.0
802341,22.5,16.0,132.0,22.5,16.0,132.0,84993.48797731937,339.9739519092775,20.0
802342,22.5,16.0,134.0,22.5,16.0,134.0,81528.96928259634,326.1158771303854,20.0
802343,22.5,16.0,136.0,22.5,16.0,136.0,78350.4900778471,313.40196031138845,20.0
802344,22.5,16.0,138.0,22.5,16.0,138.0,75458.15257488338,301.83261029953354,20.0
802345,22.5,16.0,140.0,22.5,16.0,140.0,72864.18106096759,291.4567242438704,20.0
802346,22.5,16.0,142.0,22.5,16.0,142.0,70594.70515544689,282.37882062178755,20.0
802347,22.5,16.0,144.0,22.5,16.0,144.0,68689.13475723207,274.7565390289283,20.0
802348,22.5,16.0,146.0,22.5,16.0,146.0,67196.65962132899,268.78663848531596,20.0
802349,22.5,16.0,148.0,22.5,16.0,148.0,66170.14057512495,264.68056230049984,20.0
802350,22.5,16.0,150.0,22.5,16.0,150.0,65658.29834020586,262.63319336082344,20.0
802351,22.5,16.0,152.0,22.5,16.0,152.0,65697.46169259098,262.7898467703639,20.0
802352,22.5,16.0,154.0,22.5,16.0,154.0,66304.15993115843,265.2166397246337,20.0
802353,22.5,16.0,156.0,22.5,16.0,156.0,67469.59935744015,269.8783974297606,20.0
802354,22.5,16.0,158.0,22.5,16.0,158.0,69156.66849052753,276.62667396211015,20.0
802355,22.5,16.0,160.0,22.5,16.0,160.0,71299.69132906162,285.19876531624647,20.0
802356,22.5,16.0,162.0,22.5,16.0,162.0,73806.77965069358,295.22711860277434,20.0
802357,22.5,16.0,164.0,22.5,16.0,164.0,76564.37028869615,306.2574811547846,20.0
802358,22.5,16.0,166.0,22.5,16.0,166.0,79443.38186776929,317.77352747107716,20.0
802359,22.5,16.0,168.0,22.5,16.0,168.0,82306.3740036858,329.2254960147432,20.0
802360,22.5,16.0,170.0,22.5,16.0,170.0,85015.11511916106,340.0604604766442,20.0
802361,22.5,16.0,172.0,22.5,16.0,172.0,87438.03506980638,349.75214027922556,20.0
802362,22.5,16.0,174.0,22.5,16.0,174.0,89457.13136401917,357.82852545607665,20.0
802363,22.5,16.0,176.0,22.5,16.0,176.0,90973.9945989367,363.8959783957468,20.0
802364,22.5,16.0,178.0,22.5,16.0,178.0,91914.70807671375,367.658832306855,20.0
802365,22.5,16.0,180.0,22.5,16.0,180.0,92233.45251689319,368.9338100675728,20.0
802366,22.5,17.0,0.0,22.5,17.0,0.0,84304.51566003615,337.21806264014464,20.0
802367,22.5,17.0,2.0,22.5,17.0,2.0,84004.06289453022,336.0162515781209,20.0
802368,22.5,17.0,4.0,22.5,17.0,4.0,83116.25599581574,332.46502398326294,20.0
802369,22.5,17.0,6.0,22.5,17.0,6.0,81681.17443393313,326.72469773573255,20.0
802370,22.5,17.0,8.0,22.5,17.0,8.0,79763.7100135382,319.0548400541528,20.0
802371,22.5,17.0,10.0,22.5,17.0,10.0,77450.7380884067,309.8029523536268,20.0
802372,22.5,17.0,12.0,22.5,17.0,12.0,74847.23102044087,299.3889240817635,20.0
802373,22.5,17.0,14.0,22.5,17.0,14.0,72071.40871629243,288.2856348651697,20.0
802374,22.5,17.0,16.0,22.5,17.0,16.0,69249.07590449837,276.9963036179935,20.0
802375,22.5,17.0,18.0,22.5,17.0,18.0,66507.36677431857,266.0294670972743,20.0
802376,22.5,17.0,20.0,22.5,17.0,20.0,63968.20214691181,255.87280858764726,20.0
802377,22.5,17.0,22.0,22.5,17.0,22.0,61741.85527149141,246.96742108596564,20.0
802378,22.5,17.0,24.0,22.5,17.0,24.0,59921.106536276806,239.68442614510724,20.0
802379,22.5,17.0,26.0,22.5,17.0,26.0,58576.525307097014,234.30610122838806,20.0
802380,22.5,17.0,28.0,22.5,17.0,28.0,57753.42361133082,231.0136944453233,20.0
802381,22.5,17.0,30.0,22.5,17.0,30.0,57470.9540519772,229.8838162079088,20.0
802382,22.5,17.0,32.0,22.5,17.0,32.0,57723.65023420133,230.89460093680532,20.0
802383,22.5,17.0,34.0,22.5,17.0,34.0,58485.424193726285,233.94169677490515,20.0
802384,22.5,17.0,36.0,22.5,17.0,36.0,59715.66185505464,238.86264742021856,20.0
802385,22.5,17.0,38.0,22.5,17.0,38.0,61366.65353463351,245.46661413853403,20.0
802386,22.5,17.0,40.0,22.5,17.0,40.0,63391.261909080444,253.5650476363218,20.0
802387,22.5,17.0,42.0,22.5,17.0,42.0,65749.58829597534,262.9983531839014,20.0
802388,22.5,17.0,44.0,22.5,17.0,44.0,68413.55427288475,273.654217091539,20.0
802389,22.5,17.0,46.0,22.5,17.0,46.0,71368.79385094912,285.47517540379647,20.0
802390,22.5,17.0,48.0,22.5,17.0,48.0,74613.94242498126,298.45576969992504,20.0
802391,22.5,17.0,50.0,22.5,17.0,50.0,78158.07182401682,312.63228729606726,20.0
802392,22.5,17.0,52.0,22.5,17.0,52.0,82017.37763890279,328.0695105556112,20.0
802393,22.5,17.0,54.0,22.5,17.0,54.0,86212.12360654326,344.84849442617303,20.0
802394,22.5,17.0,56.0,22.5,17.0,56.0,90764.3883620098,363.05755344803924,20.0
802395,22.5,17.0,58.0,22.5,17.0,58.0,95696.6506930031,382.78660277201243,20.0
802396,22.5,17.0,60.0,22.5,17.0,60.0,101030.98770739097,404.1239508295639,20.0
802397,22.5,17.0,62.0,22.5,17.0,62.0,106788.72908091263,427.1549163236505,20.0
802398,22.5,17.0,64.0,22.5,17.0,64.0,112990.69937346048,451.9627974938419,20.0
802399,22.5,17.0,66.0,22.5,17.0,66.0,119658.58520393267,478.6343408157307,20.0
802400,22.5,17.0,68.0,22.5,17.0,68.0,126818.5337335467,507.2741349341868,20.0
802401,22.5,17.0,70.0,22.5,17.0,70.0,134509.03923777526,538.036156951101,20.0
802402,22.5,17.0,72.0,22.5,17.0,72.0,142796.9179160149,571.1876716640596,20.0
802403,22.5,17.0,74.0,22.5,17.0,74.0,151808.5186142807,607.2340744571228,20.0
802404,22.5,17.0,76.0,22.5,17.0,76.0,161789.9620238645,647.159848095458,20.0
802405,22.5,17.0,78.0,22.5,17.0,78.0,173223.55607225213,692.8942242890085,20.0
802406,22.5,17.0,80.0,22.5,17.0,80.0,187052.838822978,748.211355291912,20.0
802407,22.5,17.0,82.0,22.5,17.0,82.0,205101.08354645444,820.4043341858178,20.0
802408,22.5,17.0,84.0,22.5,17.0,84.0,230686.74500380605,922.7469800152243,20.0
802409,22.5,17.0,86.0,22.5,17.0,86.0,268351.80272747966,1073.4072109099186,20.0
802410,22.5,17.0,88.0,22.5,17.0,88.0,316081.11472495156,1264.3244588998064,20.0
802411,22.5,17.0,90.0,22.5,17.0,90.0,342835.2133694267,1371.340853477707,20.0
802412,22.5,17.0,92.0,22.5,17.0,92.0,316081.1147249518,1264.3244588998073,20.0
802413,22.5,17.0,94.0,22.5,17.0,94.0,268351.80272747995,1073.4072109099197,20.0
802414,22.5,17.0,96.0,22.5,17.0,96.0,230686.7450038063,922.7469800152253,20.0
802415,22.5,17.0,98.0,22.5,17.0,98.0,205101.08354645438,820.4043341858176,20.0
802416,22.5,17.0,100.0,22.5,17.0,100.0,187052.838822978,748.211355291912,20.0
802417,22.5,17.0,102.0,22.5,17.0,102.0,173223.55607225213,692.8942242890085,20.0
802418,22.5,17.0,104.0,22.5,17.0,104.0,161789.9620238645,647.159848095458,20.0
802419,22.5,17.0,106.0,22.5,17.0,106.0,151808.51861428074,607.2340744571229,20.0
802420,22.5,17.0,108.0,22.5,17.0,108.0,142796.91791601494,571.1876716640597,20.0
802421,22.5,17.0,110.0,22.5,17.0,110.0,134509.03923777532,538.0361569511012,20.0
802422,22.5,17.0,112.0,22.5,17.0,112.0,126818.53373354675,507.27413493418703,20.0
802423,22.5,17.0,114.0,22.5,17.0,114.0,119658.58520393273,478.6343408157309,20.0
802424,22.5,17.0,116.0,22.5,17.0,116.0,112990.69937346045,451.9627974938418,20.0
802425,22.5,17.0,118.0,22.5,17.0,118.0,106788.7290809126,427.1549163236504,20.0
802426,22.5,17.0,120.0,22.5,17.0,120.0,101030.98770739097,404.1239508295639,20.0
802427,22.5,17.0,122.0,22.5,17.0,122.0,95696.6506930031,382.78660277201243,20.0
802428,22.5,17.0,124.0,22.5,17.0,124.0,90764.3883620098,363.05755344803924,20.0
802429,22.5,17.0,126.0,22.5,17.0,126.0,86212.12360654327,344.8484944261731,20.0
802430,22.5,17.0,128.0,22.5,17.0,128.0,82017.3776389028,328.06951055561126,20.0
802431,22.5,17.0,130.0,22.5,17.0,130.0,78158.07182401686,312.6322872960675,20.0
802432,22.5,17.0,132.0,22.5,17.0,132.0,74613.94242498127,298.4557696999251,20.0
802433,22.5,17.0,134.0,22.5,17.0,134.0,71368.79385094909,285.47517540379636,20.0
802434,22.5,17.0,136.0,22.5,17.0,136.0,68413.55427288475,273.654217091539,20.0
802435,22.5,17.0,138.0,22.5,17.0,138.0,65749.58829597534,262.9983531839014,20.0
802436,22.5,17.0,140.0,22.5,17.0,140.0,63391.261909080444,253.5650476363218,20.0
802437,22.5,17.0,142.0,22.5,17.0,142.0,61366.65353463351,245.46661413853403,20.0
802438,22.5,17.0,144.0,22.5,17.0,144.0,59715.66185505464,238.86264742021856,20.0
802439,22.5,17.0,146.0,22.5,17.0,146.0,58485.424193726285,233.94169677490515,20.0
802440,22.5,17.0,148.0,22.5,17.0,148.0,57723.65023420134,230.89460093680538,20.0
802441,22.5,17.0,150.0,22.5,17.0,150.0,57470.954051977205,229.88381620790884,20.0
802442,22.5,17.0,152.0,22.5,17.0,152.0,57753.42361133082,231.0136944453233,20.0
802443,22.5,17.0,154.0,22.5,17.0,154.0,58576.52530709701,234.30610122838803,20.0
802444,22.5,17.0,156.0,22.5,17.0,156.0,59921.106536276806,239.68442614510724,20.0
802445,22.5,17.0,158.0,22.5,17.0,158.0,61741.85527149141,246.96742108596564,20.0
802446,22.5,17.0,160.0,22.5,17.0,160.0,63968.202146911826,255.8728085876473,20.0
802447,22.5,17.0,162.0,22.5,17.0,162.0,66507.36677431858,266.02946709727433,20.0
802448,22.5,17.0,164.0,22.5,17.0,164.0,69249.07590449837,276.9963036179935,20.0
802449,22.5,17.0,166.0,22.5,17.0,166.0,72071.40871629243,288.2856348651697,20.0
802450,22.5,17.0,168.0,22.5,17.0,168.0,74847.23102044089,299.38892408176355,20.0
802451,22.5,17.0,170.0,22.5,17.0,170.0,77450.7380884067,309.8029523536268,20.0
802452,22.5,17.0,172.0,22.5,17.0,172.0,79763.7100135382,319.0548400541528,20.0
802453,22.5,17.0,174.0,22.5,17.0,174.0,81681.17443393313,326.72469773573255,20.0
802454,22.5,17.0,176.0,22.5,17.0,176.0,83116.25599581574,332.46502398326294,20.0
802455,22.5,17.0,178.0,22.5,17.0,178.0,84004.06289453022,336.0162515781209,20.0
802456,22.5,17.0,180.0,22.5,17.0,180.0,84304.51566003615,337.21806264014464,20.0
802457,22.5,18.0,0.0,22.5,18.0,0.0,76971.29069600483,307.8851627840193,20.0
802458,22.5,18.0,2.0,22.5,18.0,2.0,76687.10866584779,306.74843466339115,20.0
802459,22.5,18.0,4.0,22.5,18.0,4.0,75846.40387806809,303.38561551227235,20.0
802460,22.5,18.0,6.0,22.5,18.0,6.0,74484.2569941244,297.93702797649763,20.0
802461,22.5,18.0,8.0,22.5,18.0,8.0,72657.65991551986,290.6306396620795,20.0
802462,22.5,18.0,10.0,22.5,18.0,10.0,70443.30996175004,281.7732398470002,20.0
802463,22.5,18.0,12.0,22.5,18.0,12.0,67934.54588253332,271.73818353013326,20.0
802464,22.5,18.0,14.0,22.5,18.0,14.0,65237.46861154936,260.94987444619744,20.0
802465,22.5,18.0,16.0,22.5,18.0,16.0,62466.327491110016,249.86530996444006,20.0
802466,22.5,18.0,18.0,22.5,18.0,18.0,59738.30706554293,238.95322826217173,20.0
802467,22.5,18.0,20.0,22.5,18.0,20.0,57167.92026372047,228.6716810548819,20.0
802468,22.5,18.0,22.0,22.5,18.0,22.0,54861.29717539851,219.44518870159405,20.0
802469,22.5,18.0,24.0,22.5,18.0,24.0,52910.74610831849,211.64298443327397,20.0
802470,22.5,18.0,26.0,22.5,18.0,26.0,51390.04057177542,205.5601622871017,20.0
802471,22.5,18.0,28.0,22.5,18.0,28.0,50350.93120437305,201.40372481749222,20.0
802472,22.5,18.0,30.0,22.5,18.0,30.0,49821.36930271951,199.28547721087804,20.0
802473,22.5,18.0,32.0,22.5,18.0,32.0,49805.83153376538,199.2233261350615,20.0
802474,22.5,18.0,34.0,22.5,18.0,34.0,50287.93392505517,201.15173570022068,20.0
802475,22.5,18.0,36.0,22.5,18.0,36.0,51235.21686771512,204.9408674708605,20.0
802476,22.5,18.0,38.0,22.5,18.0,38.0,52605.604015744626,210.4224160629785,20.0
802477,22.5,18.0,40.0,22.5,18.0,40.0,54354.661339433886,217.41864535773556,20.0
802478,22.5,18.0,42.0,22.5,18.0,42.0,56442.5212858494,225.7700851433976,20.0
802479,22.5,18.0,44.0,22.5,18.0,44.0,58839.31489684873,235.35725958739494,20.0
802480,22.5,18.0,46.0,22.5,18.0,46.0,61528.25202574998,246.1130081029999,20.0
802481,22.5,18.0,48.0,22.5,18.0,48.0,64506.076716445634,258.02430686578253,20.0
802482,22.5,18.0,50.0,22.5,18.0,50.0,67781.32401644776,271.1252960657911,20.0
802483,22.5,18.0,52.0,22.5,18.0,52.0,71371.33425792183,285.4853370316873,20.0
802484,22.5,18.0,54.0,22.5,18.0,54.0,75299.09782928646,301.19639131714587,20.0
802485,22.5,18.0,56.0,22.5,18.0,56.0,79590.67595276154,318.3627038110462,20.0
802486,22.5,18.0,58.0,22.5,18.0,58.0,84273.40638086514,337.09362552346056,20.0
802487,22.5,18.0,60.0,22.5,18.0,60.0,89374.70188041298,357.49880752165194,20.0
802488,22.5,18.0,62.0,22.5,18.0,62.0,94921.1808345268,379.6847233381072,20.0
802489,22.5,18.0,64.0,22.5,18.0,64.0,100938.08759453618,403.75235037814474,20.0
802490,22.5,18.0,66.0,22.5,18.0,66.0,107449.33766601235,429.7973506640494,20.0
802491,22.5,18.0,68.0,22.5,18.0,68.0,114479.05938626132,457.9162375450453,20.0
802492,22.5,18.0,70.0,22.5,18.0,70.0,122056.39718638531,488.22558874554124,20.0
802493,22.5,18.0,72.0,22.5,18.0,72.0,130227.01500713993,520.9080600285597,20.0
802494,22.5,18.0,74.0,22.5,18.0,74.0,139078.05016899967,556.3122006759987,20.0
802495,22.5,18.0,76.0,22.5,18.0,76.0,148790.13400081298,595.1605360032519,20.0
802496,22.5,18.0,78.0,22.5,18.0,78.0,159744.98187521027,638.9799275008411,20.0
802497,22.5,18.0,80.0,22.5,18.0,80.0,172749.94331597004,690.9997732638802,20.0
802498,22.5,18.0,82.0,22.5,18.0,82.0,189507.42949395798,758.029717975832,20.0
802499,22.5,18.0,84.0,22.5,18.0,84.0,213514.66735280232,854.0586694112093,20.0
802500,22.5,18.0,86.0,22.5,18.0,86.0,250861.57745278665,1003.4463098111466,20.0
802501,22.5,18.0,88.0,22.5,18.0,88.0,303622.1580808911,1214.4886323235646,20.0
802502,22.5,18.0,90.0,22.5,18.0,90.0,336601.4986304971,1346.4059945219883,20.0
802503,22.5,18.0,92.0,22.5,18.0,92.0,303622.15808089136,1214.4886323235655,20.0
802504,22.5,18.0,94.0,22.5,18.0,94.0,250861.577452787,1003.446309811148,20.0
802505,22.5,18.0,96.0,22.5,18.0,96.0,213514.66735280256,854.0586694112102,20.0
802506,22.5,18.0,98.0,22.5,18.0,98.0,189507.4294939579,758.0297179758317,20.0
802507,22.5,18.0,100.0,22.5,18.0,100.0,172749.94331597,690.9997732638801,20.0
802508,22.5,18.0,102.0,22.5,18.0,102.0,159744.98187521027,638.9799275008411,20.0
802509,22.5,18.0,104.0,22.5,18.0,104.0,148790.13400081298,595.1605360032519,20.0
802510,22.5,18.0,106.0,22.5,18.0,106.0,139078.0501689997,556.3122006759988,20.0
802511,22.5,18.0,108.0,22.5,18.0,108.0,130227.01500713998,520.9080600285599,20.0
802512,22.5,18.0,110.0,22.5,18.0,110.0,122056.39718638537,488.2255887455415,20.0
802513,22.5,18.0,112.0,22.5,18.0,112.0,114479.05938626138,457.91623754504553,20.0
802514,22.5,18.0,114.0,22.5,18.0,114.0,107449.3376660124,429.79735066404965,20.0
802515,22.5,18.0,116.0,22.5,18.0,116.0,100938.08759453616,403.7523503781447,20.0
802516,22.5,18.0,118.0,22.5,18.0,118.0,94921.18083452676,379.68472333810706,20.0
802517,22.5,18.0,120.0,22.5,18.0,120.0,89374.70188041298,357.49880752165194,20.0
802518,22.5,18.0,122.0,22.5,18.0,122.0,84273.40638086514,337.09362552346056,20.0
802519,22.5,18.0,124.0,22.5,18.0,124.0,79590.67595276154,318.3627038110462,20.0
802520,22.5,18.0,126.0,22.5,18.0,126.0,75299.09782928649,301.196391317146,20.0
802521,22.5,18.0,128.0,22.5,18.0,128.0,71371.33425792186,285.48533703168744,20.0
802522,22.5,18.0,130.0,22.5,18.0,130.0,67781.32401644779,271.1252960657912,20.0
802523,22.5,18.0,132.0,22.5,18.0,132.0,64506.076716445634,258.02430686578253,20.0
802524,22.5,18.0,134.0,22.5,18.0,134.0,61528.25202574997,246.11300810299988,20.0
802525,22.5,18.0,136.0,22.5,18.0,136.0,58839.31489684873,235.35725958739494,20.0
802526,22.5,18.0,138.0,22.5,18.0,138.0,56442.5212858494,225.7700851433976,20.0
802527,22.5,18.0,140.0,22.5,18.0,140.0,54354.661339433886,217.41864535773556,20.0
802528,22.5,18.0,142.0,22.5,18.0,142.0,52605.604015744626,210.4224160629785,20.0
802529,22.5,18.0,144.0,22.5,18.0,144.0,51235.21686771512,204.9408674708605,20.0
802530,22.5,18.0,146.0,22.5,18.0,146.0,50287.93392505517,201.15173570022068,20.0
802531,22.5,18.0,148.0,22.5,18.0,148.0,49805.8315337654,199.2233261350616,20.0
802532,22.5,18.0,150.0,22.5,18.0,150.0,49821.369302719526,199.2854772108781,20.0
802533,22.5,18.0,152.0,22.5,18.0,152.0,50350.93120437305,201.40372481749222,20.0
802534,22.5,18.0,154.0,22.5,18.0,154.0,51390.04057177541,205.56016228710166,20.0
802535,22.5,18.0,156.0,22.5,18.0,156.0,52910.74610831849,211.64298443327397,20.0
802536,22.5,18.0,158.0,22.5,18.0,158.0,54861.29717539851,219.44518870159405,20.0
802537,22.5,18.0,160.0,22.5,18.0,160.0,57167.92026372049,228.67168105488196,20.0
802538,22.5,18.0,162.0,22.5,18.0,162.0,59738.30706554293,238.95322826217173,20.0
802539,22.5,18.0,164.0,22.5,18.0,164.0,62466.327491110016,249.86530996444006,20.0
802540,22.5,18.0,166.0,22.5,18.0,166.0,65237.46861154936,260.94987444619744,20.0
802541,22.5,18.0,168.0,22.5,18.0,168.0,67934.54588253333,271.7381835301333,20.0
802542,22.5,18.0,170.0,22.5,18.0,170.0,70443.30996175004,281.7732398470002,20.0
802543,22.5,18.0,172.0,22.5,18.0,172.0,72657.65991551986,290.6306396620795,20.0
802544,22.5,18.0,174.0,22.5,18.0,174.0,74484.2569941244,297.93702797649763,20.0
802545,22.5,18.0,176.0,22.5,18.0,176.0,75846.40387806809,303.38561551227235,20.0
802546,22.5,18.0,178.0,22.5,18.0,178.0,76687.10866584779,306.74843466339115,20.0
802547,22.5,18.0,180.0,22.5,18.0,180.0,76971.29069600483,307.8851627840193,20.0
802548,25.0,8.0,0.0,25.0,8.0,0.0,165700.92775872318,662.8037110348927,20.0
802549,25.0,8.0,2.0,25.0,8.0,2.0,165264.70630356862,661.0588252142745,20.0
802550,25.0,8.0,4.0,25.0,8.0,4.0,163987.06537327133,655.9482614930853,20.0
802551,25.0,8.0,6.0,25.0,8.0,6.0,161958.43850541045,647.8337540216418,20.0
802552,25.0,8.0,8.0,25.0,8.0,8.0,159320.98820003663,637.2839528001465,20.0
802553,25.0,8.0,10.0,25.0,8.0,10.0,156256.55573899156,625.0262229559663,20.0
802554,25.0,8.0,12.0,25.0,8.0,12.0,152971.32541614748,611.8853016645899,20.0
802555,25.0,8.0,14.0,25.0,8.0,14.0,149678.62662303488,598.7145064921395,20.0
802556,25.0,8.0,16.0,25.0,8.0,16.0,146581.5337319139,586.3261349276556,20.0
802557,25.0,8.0,18.0,25.0,8.0,18.0,143857.0175381142,575.4280701524567,20.0
802558,25.0,8.0,20.0,25.0,8.0,20.0,141643.3151215522,566.5732604862088,20.0
802559,25.0,8.0,22.0,25.0,8.0,22.0,140031.8893900495,560.127557560198,20.0
802560,25.0,8.0,24.0,25.0,8.0,24.0,139064.83984476986,556.2593593790795,20.0
802561,25.0,8.0,26.0,25.0,8.0,26.0,138737.93336263666,554.9517334505466,20.0
802562,25.0,8.0,28.0,25.0,8.0,28.0,139008.62695363615,556.0345078145447,20.0
802563,25.0,8.0,30.0,25.0,8.0,30.0,139807.68249366895,559.2307299746758,20.0
802564,25.0,8.0,32.0,25.0,8.0,32.0,141052.3911303091,564.2095645212363,20.0
802565,25.0,8.0,34.0,25.0,8.0,34.0,142659.19715261462,570.6367886104586,20.0
802566,25.0,8.0,36.0,25.0,8.0,36.0,144553.74701304338,578.2149880521736,20.0
802567,25.0,8.0,38.0,25.0,8.0,38.0,146677.08282875887,586.7083313150355,20.0
802568,25.0,8.0,40.0,25.0,8.0,40.0,148987.6929825088,595.9507719300352,20.0
802569,25.0,8.0,42.0,25.0,8.0,42.0,151460.13587006132,605.8405434802453,20.0
802570,25.0,8.0,44.0,25.0,8.0,44.0,154081.64080118324,616.326563204733,20.0
802571,25.0,8.0,46.0,25.0,8.0,46.0,156848.24635720006,627.3929854288002,20.0
802572,25.0,8.0,48.0,25.0,8.0,48.0,159761.67449712832,639.0466979885133,20.0
802573,25.0,8.0,50.0,25.0,8.0,50.0,162827.5051367989,651.3100205471956,20.0
802574,25.0,8.0,52.0,25.0,8.0,52.0,166054.64830219408,664.2185932087764,20.0
802575,25.0,8.0,54.0,25.0,8.0,54.0,169455.83507742695,677.8233403097078,20.0
802576,25.0,8.0,56.0,25.0,8.0,56.0,173048.87160606845,692.1954864242738,20.0
802577,25.0,8.0,58.0,25.0,8.0,58.0,176858.57819379086,707.4343127751634,20.0
802578,25.0,8.0,60.0,25.0,8.0,60.0,180919.52718193212,723.6781087277285,20.0
802579,25.0,8.0,62.0,25.0,8.0,62.0,185279.85017514453,741.1194007005781,20.0
802580,25.0,8.0,64.0,25.0,8.0,64.0,190006.52844282624,760.026113771305,20.0
802581,25.0,8.0,66.0,25.0,8.0,66.0,195192.738201689,780.770952806756,20.0
802582,25.0,8.0,68.0,25.0,8.0,68.0,200967.98822770533,803.8719529108213,20.0
802583,25.0,8.0,70.0,25.0,8.0,70.0,207511.87458494748,830.04749833979,20.0
802584,25.0,8.0,72.0,25.0,8.0,72.0,215072.00168787866,860.2880067515147,20.0
802585,25.0,8.0,74.0,25.0,8.0,74.0,223985.17990602241,895.9407196240896,20.0
802586,25.0,8.0,76.0,25.0,8.0,76.0,234696.3252048352,938.7853008193408,20.0
802587,25.0,8.0,78.0,25.0,8.0,78.0,247756.5933970399,991.0263735881596,20.0
802588,25.0,8.0,80.0,25.0,8.0,80.0,263751.1422092806,1055.0045688371224,20.0
802589,25.0,8.0,82.0,25.0,8.0,82.0,283045.15747241274,1132.180629889651,20.0
802590,25.0,8.0,84.0,25.0,8.0,84.0,305165.02011478104,1220.6600804591242,20.0
802591,25.0,8.0,86.0,25.0,8.0,86.0,327737.26441803254,1310.9490576721303,20.0
802592,25.0,8.0,88.0,25.0,8.0,88.0,345682.91927414906,1382.7316770965963,20.0
802593,25.0,8.0,90.0,25.0,8.0,90.0,352685.812616964,1410.743250467856,20.0
802594,25.0,8.0,92.0,25.0,8.0,92.0,345682.9192741491,1382.7316770965965,20.0
802595,25.0,8.0,94.0,25.0,8.0,94.0,327737.2644180327,1310.949057672131,20.0
802596,25.0,8.0,96.0,25.0,8.0,96.0,305165.0201147813,1220.660080459125,20.0
802597,25.0,8.0,98.0,25.0,8.0,98.0,283045.1574724126,1132.1806298896506,20.0
802598,25.0,8.0,100.0,25.0,8.0,100.0,263751.1422092805,1055.0045688371222,20.0
802599,25.0,8.0,102.0,25.0,8.0,102.0,247756.5933970399,991.0263735881596,20.0
802600,25.0,8.0,104.0,25.0,8.0,104.0,234696.3252048352,938.7853008193408,20.0
802601,25.0,8.0,106.0,25.0,8.0,106.0,223985.17990602241,895.9407196240896,20.0
802602,25.0,8.0,108.0,25.0,8.0,108.0,215072.0016878787,860.2880067515149,20.0
802603,25.0,8.0,110.0,25.0,8.0,110.0,207511.87458494748,830.04749833979,20.0
802604,25.0,8.0,112.0,25.0,8.0,112.0,200967.98822770535,803.8719529108214,20.0
802605,25.0,8.0,114.0,25.0,8.0,114.0,195192.73820168903,780.7709528067561,20.0
802606,25.0,8.0,116.0,25.0,8.0,116.0,190006.52844282624,760.026113771305,20.0
802607,25.0,8.0,118.0,25.0,8.0,118.0,185279.85017514453,741.1194007005781,20.0
802608,25.0,8.0,120.0,25.0,8.0,120.0,180919.52718193212,723.6781087277285,20.0
802609,25.0,8.0,122.0,25.0,8.0,122.0,176858.57819379086,707.4343127751634,20.0
802610,25.0,8.0,124.0,25.0,8.0,124.0,173048.87160606845,692.1954864242738,20.0
802611,25.0,8.0,126.0,25.0,8.0,126.0,169455.83507742695,677.8233403097078,20.0
802612,25.0,8.0,128.0,25.0,8.0,128.0,166054.64830219408,664.2185932087764,20.0
802613,25.0,8.0,130.0,25.0,8.0,130.0,162827.50513679892,651.3100205471957,20.0
802614,25.0,8.0,132.0,25.0,8.0,132.0,159761.67449712832,639.0466979885133,20.0
802615,25.0,8.0,134.0,25.0,8.0,134.0,156848.2463572,627.3929854288,20.0
802616,25.0,8.0,136.0,25.0,8.0,136.0,154081.64080118324,616.326563204733,20.0
802617,25.0,8.0,138.0,25.0,8.0,138.0,151460.13587006132,605.8405434802453,20.0
802618,25.0,8.0,140.0,25.0,8.0,140.0,148987.6929825088,595.9507719300352,20.0
802619,25.0,8.0,142.0,25.0,8.0,142.0,146677.08282875887,586.7083313150355,20.0
802620,25.0,8.0,144.0,25.0,8.0,144.0,144553.74701304335,578.2149880521735,20.0
802621,25.0,8.0,146.0,25.0,8.0,146.0,142659.1971526146,570.6367886104584,20.0
802622,25.0,8.0,148.0,25.0,8.0,148.0,141052.3911303091,564.2095645212363,20.0
802623,25.0,8.0,150.0,25.0,8.0,150.0,139807.68249366895,559.2307299746758,20.0
802624,25.0,8.0,152.0,25.0,8.0,152.0,139008.62695363615,556.0345078145447,20.0
802625,25.0,8.0,154.0,25.0,8.0,154.0,138737.9333626366,554.9517334505464,20.0
802626,25.0,8.0,156.0,25.0,8.0,156.0,139064.83984476986,556.2593593790795,20.0
802627,25.0,8.0,158.0,25.0,8.0,158.0,140031.8893900495,560.127557560198,20.0
802628,25.0,8.0,160.0,25.0,8.0,160.0,141643.3151215522,566.5732604862088,20.0
802629,25.0,8.0,162.0,25.0,8.0,162.0,143857.01753811422,575.4280701524569,20.0
802630,25.0,8.0,164.0,25.0,8.0,164.0,146581.5337319139,586.3261349276556,20.0
802631,25.0,8.0,166.0,25.0,8.0,166.0,149678.62662303488,598.7145064921395,20.0
802632,25.0,8.0,168.0,25.0,8.0,168.0,152971.3254161475,611.8853016645901,20.0
802633,25.0,8.0,170.0,25.0,8.0,170.0,156256.55573899156,625.0262229559663,20.0
802634,25.0,8.0,172.0,25.0,8.0,172.0,159320.98820003663,637.2839528001465,20.0
802635,25.0,8.0,174.0,25.0,8.0,174.0,161958.43850541045,647.8337540216418,20.0
802636,25.0,8.0,176.0,25.0,8.0,176.0,163987.06537327133,655.9482614930853,20.0
802637,25.0,8.0,178.0,25.0,8.0,178.0,165264.70630356862,661.0588252142745,20.0
802638,25.0,8.0,180.0,25.0,8.0,180.0,165700.92775872318,662.8037110348927,20.0
802639,25.0,10.0,0.0,25.0,10.0,0.0,141607.59681055893,566.4303872422357,20.0
802640,25.0,10.0,2.0,25.0,10.0,2.0,141239.47704308914,564.9579081723566,20.0
802641,25.0,10.0,4.0,25.0,10.0,4.0,140158.40061672745,560.6336024669098,20.0
802642,25.0,10.0,6.0,25.0,10.0,6.0,138432.58403615715,553.7303361446286,20.0
802643,25.0,10.0,8.0,25.0,10.0,8.0,136170.38483514547,544.6815393405818,20.0
802644,25.0,10.0,10.0,25.0,10.0,10.0,133512.6591522788,534.0506366091151,20.0
802645,25.0,10.0,12.0,25.0,10.0,12.0,130622.7837418734,522.4911349674936,20.0
802646,25.0,10.0,14.0,25.0,10.0,14.0,127675.0506665953,510.7002026663812,20.0
802647,25.0,10.0,16.0,25.0,10.0,16.0,124842.31517349025,499.369260693961,20.0
802648,25.0,10.0,18.0,25.0,10.0,18.0,122283.90874980782,489.1356349992313,20.0
802649,25.0,10.0,20.0,25.0,10.0,20.0,120134.89445044624,480.53957780178496,20.0
802650,25.0,10.0,22.0,25.0,10.0,22.0,118497.71056651026,473.99084226604106,20.0
802651,25.0,10.0,24.0,25.0,10.0,24.0,117437.09324436758,469.74837297747035,20.0
802652,25.0,10.0,26.0,25.0,10.0,26.0,116978.87061811253,467.91548247245015,20.0
802653,25.0,10.0,28.0,25.0,10.0,28.0,117112.78386262637,468.4511354505055,20.0
802654,25.0,10.0,30.0,25.0,10.0,30.0,117798.95126356136,471.19580505424545,20.0
802655,25.0,10.0,32.0,25.0,10.0,32.0,118977.0281065194,475.9081124260776,20.0
802656,25.0,10.0,34.0,25.0,10.0,34.0,120576.64440991399,482.306577639656,20.0
802657,25.0,10.0,36.0,25.0,10.0,36.0,122527.45884782872,490.1098353913149,20.0
802658,25.0,10.0,38.0,25.0,10.0,38.0,124767.26284889145,499.0690513955658,20.0
802659,25.0,10.0,40.0,25.0,10.0,40.0,127247.03984906292,508.98815939625166,20.0
802660,25.0,10.0,42.0,25.0,10.0,42.0,129932.64474279436,519.7305789711775,20.0
802661,25.0,10.0,44.0,25.0,10.0,44.0,132803.6032274483,531.2144129097932,20.0
802662,25.0,10.0,46.0,25.0,10.0,46.0,135850.15935254947,543.4006374101979,20.0
802663,25.0,10.0,48.0,25.0,10.0,48.0,139069.90032559552,556.279601302382,20.0
802664,25.0,10.0,50.0,25.0,10.0,50.0,142465.02586209134,569.8601034483654,20.0
802665,25.0,10.0,52.0,25.0,10.0,52.0,146040.7951869011,584.1631807476043,20.0
802666,25.0,10.0,54.0,25.0,10.0,54.0,149805.183709836,599.220734839344,20.0
802667,25.0,10.0,56.0,25.0,10.0,56.0,153769.53943301356,615.0781577320543,20.0
802668,25.0,10.0,58.0,25.0,10.0,58.0,157950.0695067077,631.8002780268308,20.0
802669,25.0,10.0,60.0,25.0,10.0,60.0,162370.181834107,649.480727336428,20.0
802670,25.0,10.0,62.0,25.0,10.0,62.0,167063.9284127619,668.2557136510476,20.0
802671,25.0,10.0,64.0,25.0,10.0,64.0,172081.01314343183,688.3240525737274,20.0
802672,25.0,10.0,66.0,25.0,10.0,66.0,177494.07565117726,709.9763026047091,20.0
802673,25.0,10.0,68.0,25.0,10.0,68.0,183409.2927010115,733.637170804046,20.0
802674,25.0,10.0,70.0,25.0,10.0,70.0,189981.7613784209,759.9270455136837,20.0
802675,25.0,10.0,72.0,25.0,10.0,72.0,197437.535789844,789.750143159376,20.0
802676,25.0,10.0,74.0,25.0,10.0,74.0,206104.08823671995,824.4163529468798,20.0
802677,25.0,10.0,76.0,25.0,10.0,76.0,216448.66466535983,865.7946586614394,20.0
802678,25.0,10.0,78.0,25.0,10.0,78.0,229114.3494364646,916.4573977458584,20.0
802679,25.0,10.0,80.0,25.0,10.0,80.0,244912.57631063065,979.6503052425227,20.0
802680,25.0,10.0,82.0,25.0,10.0,82.0,264646.9734502399,1058.5878938009598,20.0
802681,25.0,10.0,84.0,25.0,10.0,84.0,288473.32444038,1153.89329776152,20.0
802682,25.0,10.0,86.0,25.0,10.0,86.0,314392.2525319098,1257.569010127639,20.0
802683,25.0,10.0,88.0,25.0,10.0,88.0,336337.4172540218,1345.3496690160873,20.0
802684,25.0,10.0,90.0,25.0,10.0,90.0,345255.9894169596,1381.0239576678384,20.0
802685,25.0,10.0,92.0,25.0,10.0,92.0,336337.4172540219,1345.3496690160878,20.0
802686,25.0,10.0,94.0,25.0,10.0,94.0,314392.25253191,1257.56901012764,20.0
802687,25.0,10.0,96.0,25.0,10.0,96.0,288473.32444038015,1153.8932977615207,20.0
802688,25.0,10.0,98.0,25.0,10.0,98.0,264646.97345023986,1058.5878938009594,20.0
802689,25.0,10.0,100.0,25.0,10.0,100.0,244912.57631063063,979.6503052425226,20.0
802690,25.0,10.0,102.0,25.0,10.0,102.0,229114.3494364646,916.4573977458584,20.0
802691,25.0,10.0,104.0,25.0,10.0,104.0,216448.66466535983,865.7946586614394,20.0
802692,25.0,10.0,106.0,25.0,10.0,106.0,206104.08823671998,824.4163529468799,20.0
802693,25.0,10.0,108.0,25.0,10.0,108.0,197437.53578984403,789.7501431593761,20.0
802694,25.0,10.0,110.0,25.0,10.0,110.0,189981.76137842092,759.9270455136838,20.0
802695,25.0,10.0,112.0,25.0,10.0,112.0,183409.2927010115,733.637170804046,20.0
802696,25.0,10.0,114.0,25.0,10.0,114.0,177494.07565117732,709.9763026047093,20.0
802697,25.0,10.0,116.0,25.0,10.0,116.0,172081.0131434318,688.3240525737273,20.0
802698,25.0,10.0,118.0,25.0,10.0,118.0,167063.92841276186,668.2557136510475,20.0
802699,25.0,10.0,120.0,25.0,10.0,120.0,162370.181834107,649.480727336428,20.0
802700,25.0,10.0,122.0,25.0,10.0,122.0,157950.0695067077,631.8002780268308,20.0
802701,25.0,10.0,124.0,25.0,10.0,124.0,153769.53943301356,615.0781577320543,20.0
802702,25.0,10.0,126.0,25.0,10.0,126.0,149805.183709836,599.2207348393441,20.0
802703,25.0,10.0,128.0,25.0,10.0,128.0,146040.79518690112,584.1631807476044,20.0
802704,25.0,10.0,130.0,25.0,10.0,130.0,142465.02586209137,569.8601034483655,20.0
802705,25.0,10.0,132.0,25.0,10.0,132.0,139069.90032559552,556.279601302382,20.0
802706,25.0,10.0,134.0,25.0,10.0,134.0,135850.15935254944,543.4006374101978,20.0
802707,25.0,10.0,136.0,25.0,10.0,136.0,132803.6032274483,531.2144129097932,20.0
802708,25.0,10.0,138.0,25.0,10.0,138.0,129932.64474279436,519.7305789711775,20.0
802709,25.0,10.0,140.0,25.0,10.0,140.0,127247.03984906292,508.98815939625166,20.0
802710,25.0,10.0,142.0,25.0,10.0,142.0,124767.26284889145,499.0690513955658,20.0
802711,25.0,10.0,144.0,25.0,10.0,144.0,122527.45884782872,490.1098353913149,20.0
802712,25.0,10.0,146.0,25.0,10.0,146.0,120576.64440991396,482.30657763965587,20.0
802713,25.0,10.0,148.0,25.0,10.0,148.0,118977.02810651943,475.9081124260777,20.0
802714,25.0,10.0,150.0,25.0,10.0,150.0,117798.95126356138,471.1958050542455,20.0
802715,25.0,10.0,152.0,25.0,10.0,152.0,117112.78386262637,468.4511354505055,20.0
802716,25.0,10.0,154.0,25.0,10.0,154.0,116978.87061811252,467.9154824724501,20.0
802717,25.0,10.0,156.0,25.0,10.0,156.0,117437.09324436758,469.74837297747035,20.0
802718,25.0,10.0,158.0,25.0,10.0,158.0,118497.71056651026,473.99084226604106,20.0
802719,25.0,10.0,160.0,25.0,10.0,160.0,120134.89445044627,480.5395778017851,20.0
802720,25.0,10.0,162.0,25.0,10.0,162.0,122283.90874980784,489.1356349992314,20.0
802721,25.0,10.0,164.0,25.0,10.0,164.0,124842.31517349025,499.369260693961,20.0
802722,25.0,10.0,166.0,25.0,10.0,166.0,127675.0506665953,510.7002026663812,20.0
802723,25.0,10.0,168.0,25.0,10.0,168.0,130622.78374187343,522.4911349674937,20.0
802724,25.0,10.0,170.0,25.0,10.0,170.0,133512.6591522788,534.0506366091151,20.0
802725,25.0,10.0,172.0,25.0,10.0,172.0,136170.38483514547,544.6815393405818,20.0
802726,25.0,10.0,174.0,25.0,10.0,174.0,138432.58403615715,553.7303361446286,20.0
802727,25.0,10.0,176.0,25.0,10.0,176.0,140158.40061672745,560.6336024669098,20.0
802728,25.0,10.0,178.0,25.0,10.0,178.0,141239.47704308914,564.9579081723566,20.0
802729,25.0,10.0,180.0,25.0,10.0,180.0,141607.59681055893,566.4303872422357,20.0
802730,25.0,12.0,0.0,25.0,12.0,0.0,119909.84007211801,479.63936028847206,20.0
802731,25.0,12.0,2.0,25.0,12.0,2.0,119593.65736254516,478.37462945018063,20.0
802732,25.0,12.0,4.0,25.0,12.0,4.0,118662.75957854185,474.6510383141674,20.0
802733,25.0,12.0,6.0,25.0,12.0,6.0,117169.08981685435,468.6763592674174,20.0
802734,25.0,12.0,8.0,25.0,12.0,8.0,115195.90241055573,460.7836096422229,20.0
802735,25.0,12.0,10.0,25.0,12.0,10.0,112852.9371447604,451.4117485790416,20.0
802736,25.0,12.0,12.0,25.0,12.0,12.0,110269.97208485732,441.07988833942926,20.0
802737,25.0,12.0,14.0,25.0,12.0,14.0,107589.08003870977,430.35632015483907,20.0
802738,25.0,12.0,16.0,25.0,12.0,16.0,104956.02281477679,419.82409125910715,20.0
802739,25.0,12.0,18.0,25.0,12.0,18.0,102511.32703199492,410.0453081279797,20.0
802740,25.0,12.0,20.0,25.0,12.0,20.0,100381.68265106794,401.52673060427173,20.0
802741,25.0,12.0,22.0,25.0,12.0,22.0,98672.37153224982,394.68948612899925,20.0
802742,25.0,12.0,24.0,25.0,12.0,24.0,97461.44363346916,389.84577453387664,20.0
802743,25.0,12.0,26.0,25.0,12.0,26.0,96796.28616665825,387.185144666633,20.0
802744,25.0,12.0,28.0,25.0,12.0,28.0,96693.05327830027,386.7722131132011,20.0
802745,25.0,12.0,30.0,25.0,12.0,30.0,97139.13096563079,388.55652386252314,20.0
802746,25.0,12.0,32.0,25.0,12.0,32.0,98098.41885958632,392.3936754383453,20.0
802747,25.0,12.0,34.0,25.0,12.0,34.0,99518.76681022876,398.075067240915,20.0
802748,25.0,12.0,36.0,25.0,12.0,36.0,101340.49768804647,405.3619907521859,20.0
802749,25.0,12.0,38.0,25.0,12.0,38.0,103504.69377886818,414.01877511547275,20.0
802750,25.0,12.0,40.0,25.0,12.0,40.0,105959.93486798667,423.8397394719467,20.0
802751,25.0,12.0,42.0,25.0,12.0,42.0,108666.51190398098,434.6660476159239,20.0
802752,25.0,12.0,44.0,25.0,12.0,44.0,111597.75788538161,446.39103154152644,20.0
802753,25.0,12.0,46.0,25.0,12.0,46.0,114738.86806529586,458.95547226118344,20.0
802754,25.0,12.0,48.0,25.0,12.0,48.0,118084.17024905267,472.33668099621065,20.0
802755,25.0,12.0,50.0,25.0,12.0,50.0,121634.02637353865,486.53610549415464,20.0
802756,25.0,12.0,52.0,25.0,12.0,52.0,125392.33677584151,501.56934710336606,20.0
802757,25.0,12.0,54.0,25.0,12.0,54.0,129365.14110209887,517.4605644083955,20.0
802758,25.0,12.0,56.0,25.0,12.0,56.0,133560.35847174202,534.241433886968,20.0
802759,25.0,12.0,58.0,25.0,12.0,58.0,137988.51103121712,551.9540441248685,20.0
802760,25.0,12.0,60.0,25.0,12.0,60.0,142664.3549461663,570.6574197846652,20.0
802761,25.0,12.0,62.0,25.0,12.0,62.0,147609.57843540376,590.438313741615,20.0
802762,25.0,12.0,64.0,25.0,12.0,64.0,152857.00881808327,611.4280352723331,20.0
802763,25.0,12.0,66.0,25.0,12.0,66.0,158457.09810236085,633.8283924094434,20.0
802764,25.0,12.0,68.0,25.0,12.0,68.0,164487.9103303282,657.9516413213128,20.0
802765,25.0,12.0,70.0,25.0,12.0,70.0,171070.52402390182,684.2820960956072,20.0
802766,25.0,12.0,72.0,25.0,12.0,72.0,178392.78954996623,713.571158199865,20.0
802767,25.0,12.0,74.0,25.0,12.0,74.0,186745.70063172115,746.9828025268846,20.0
802768,25.0,12.0,76.0,25.0,12.0,76.0,196577.48451701767,786.3099380680707,20.0
802769,25.0,12.0,78.0,25.0,12.0,78.0,208567.23140972096,834.2689256388838,20.0
802770,25.0,12.0,80.0,25.0,12.0,80.0,223698.62042114118,894.7944816845647,20.0
802771,25.0,12.0,82.0,25.0,12.0,82.0,243229.9199949147,972.9196799796588,20.0
802772,25.0,12.0,84.0,25.0,12.0,84.0,268196.7184286904,1072.7868737147617,20.0
802773,25.0,12.0,86.0,25.0,12.0,86.0,297580.9414589554,1190.3237658358216,20.0
802774,25.0,12.0,88.0,25.0,12.0,88.0,324654.9314809522,1298.6197259238088,20.0
802775,25.0,12.0,90.0,25.0,12.0,90.0,336314.3771178064,1345.2575084712257,20.0
802776,25.0,12.0,92.0,25.0,12.0,92.0,324654.93148095225,1298.619725923809,20.0
802777,25.0,12.0,94.0,25.0,12.0,94.0,297580.94145895564,1190.3237658358225,20.0
802778,25.0,12.0,96.0,25.0,12.0,96.0,268196.71842869057,1072.7868737147624,20.0
802779,25.0,12.0,98.0,25.0,12.0,98.0,243229.91999491464,972.9196799796586,20.0
802780,25.0,12.0,100.0,25.0,12.0,100.0,223698.62042114115,894.7944816845646,20.0
802781,25.0,12.0,102.0,25.0,12.0,102.0,208567.23140972093,834.2689256388837,20.0
802782,25.0,12.0,104.0,25.0,12.0,104.0,196577.48451701767,786.3099380680707,20.0
802783,25.0,12.0,106.0,25.0,12.0,106.0,186745.70063172118,746.9828025268847,20.0
802784,25.0,12.0,108.0,25.0,12.0,108.0,178392.78954996626,713.5711581998651,20.0
802785,25.0,12.0,110.0,25.0,12.0,110.0,171070.52402390185,684.2820960956074,20.0
802786,25.0,12.0,112.0,25.0,12.0,112.0,164487.91033032825,657.951641321313,20.0
802787,25.0,12.0,114.0,25.0,12.0,114.0,158457.09810236088,633.8283924094435,20.0
802788,25.0,12.0,116.0,25.0,12.0,116.0,152857.00881808324,611.428035272333,20.0
802789,25.0,12.0,118.0,25.0,12.0,118.0,147609.57843540373,590.4383137416149,20.0
802790,25.0,12.0,120.0,25.0,12.0,120.0,142664.3549461663,570.6574197846652,20.0
802791,25.0,12.0,122.0,25.0,12.0,122.0,137988.51103121712,551.9540441248685,20.0
802792,25.0,12.0,124.0,25.0,12.0,124.0,133560.35847174202,534.241433886968,20.0
802793,25.0,12.0,126.0,25.0,12.0,126.0,129365.1411020989,517.4605644083956,20.0
802794,25.0,12.0,128.0,25.0,12.0,128.0,125392.33677584157,501.5693471033663,20.0
802795,25.0,12.0,130.0,25.0,12.0,130.0,121634.02637353868,486.53610549415475,20.0
802796,25.0,12.0,132.0,25.0,12.0,132.0,118084.17024905267,472.33668099621065,20.0
802797,25.0,12.0,134.0,25.0,12.0,134.0,114738.86806529583,458.95547226118333,20.0
802798,25.0,12.0,136.0,25.0,12.0,136.0,111597.75788538164,446.39103154152656,20.0
802799,25.0,12.0,138.0,25.0,12.0,138.0,108666.51190398098,434.6660476159239,20.0
802800,25.0,12.0,140.0,25.0,12.0,140.0,105959.93486798667,423.8397394719467,20.0
802801,25.0,12.0,142.0,25.0,12.0,142.0,103504.69377886818,414.01877511547275,20.0
802802,25.0,12.0,144.0,25.0,12.0,144.0,101340.49768804645,405.3619907521858,20.0
802803,25.0,12.0,146.0,25.0,12.0,146.0,99518.76681022874,398.07506724091496,20.0
802804,25.0,12.0,148.0,25.0,12.0,148.0,98098.41885958634,392.3936754383454,20.0
802805,25.0,12.0,150.0,25.0,12.0,150.0,97139.1309656308,388.5565238625232,20.0
802806,25.0,12.0,152.0,25.0,12.0,152.0,96693.05327830027,386.7722131132011,20.0
802807,25.0,12.0,154.0,25.0,12.0,154.0,96796.28616665823,387.18514466663294,20.0
802808,25.0,12.0,156.0,25.0,12.0,156.0,97461.44363346916,389.84577453387664,20.0
802809,25.0,12.0,158.0,25.0,12.0,158.0,98672.37153224982,394.68948612899925,20.0
802810,25.0,12.0,160.0,25.0,12.0,160.0,100381.68265106795,401.52673060427185,20.0
802811,25.0,12.0,162.0,25.0,12.0,162.0,102511.32703199492,410.0453081279797,20.0
802812,25.0,12.0,164.0,25.0,12.0,164.0,104956.02281477679,419.82409125910715,20.0
802813,25.0,12.0,166.0,25.0,12.0,166.0,107589.08003870977,430.35632015483907,20.0
802814,25.0,12.0,168.0,25.0,12.0,168.0,110269.97208485732,441.0798883394293,20.0
802815,25.0,12.0,170.0,25.0,12.0,170.0,112852.9371447604,451.4117485790416,20.0
802816,25.0,12.0,172.0,25.0,12.0,172.0,115195.90241055573,460.7836096422229,20.0
802817,25.0,12.0,174.0,25.0,12.0,174.0,117169.08981685435,468.6763592674174,20.0
802818,25.0,12.0,176.0,25.0,12.0,176.0,118662.75957854185,474.6510383141674,20.0
802819,25.0,12.0,178.0,25.0,12.0,178.0,119593.65736254516,478.37462945018063,20.0
802820,25.0,12.0,180.0,25.0,12.0,180.0,119909.84007211801,479.63936028847206,20.0
802821,25.0,14.0,0.0,25.0,14.0,0.0,100593.83845631235,402.3753538252494,20.0
802822,25.0,14.0,2.0,25.0,14.0,2.0,100317.24514919816,401.2689805967927,20.0
802823,25.0,14.0,4.0,25.0,14.0,4.0,99500.94546187305,398.00378184749223,20.0
802824,25.0,14.0,6.0,25.0,14.0,6.0,98184.76441494934,392.73905765979737,20.0
802825,25.0,14.0,8.0,25.0,14.0,8.0,96433.03766427889,385.7321506571156,20.0
802826,25.0,14.0,10.0,25.0,14.0,10.0,94331.6001630487,377.3264006521948,20.0
802827,25.0,14.0,12.0,25.0,14.0,12.0,91983.67484139247,367.9346993655699,20.0
802828,25.0,14.0,14.0,25.0,14.0,14.0,89504.78598281156,358.0191439312463,20.0
802829,25.0,14.0,16.0,25.0,14.0,16.0,87016.88336517823,348.0675334607129,20.0
802830,25.0,14.0,18.0,25.0,14.0,18.0,84641.93826474882,338.5677530589953,20.0
802831,25.0,14.0,20.0,25.0,14.0,20.0,82495.35704920163,329.9814281968065,20.0
802832,25.0,14.0,22.0,25.0,14.0,22.0,80679.64331404277,322.71857325617106,20.0
802833,25.0,14.0,24.0,25.0,14.0,24.0,79278.81052590322,317.11524210361284,20.0
802834,25.0,14.0,26.0,25.0,14.0,26.0,78354.08329221759,313.4163331688704,20.0
802835,25.0,14.0,28.0,25.0,14.0,28.0,77941.40194282263,311.76560777129055,20.0
802836,25.0,14.0,30.0,25.0,14.0,30.0,78051.13759017187,312.2045503606875,20.0
802837,25.0,14.0,32.0,25.0,14.0,32.0,78670.21663414157,314.68086653656627,20.0
802838,25.0,14.0,34.0,25.0,14.0,34.0,79766.54680648654,319.0661872259462,20.0
802839,25.0,14.0,36.0,25.0,14.0,36.0,81295.26353423591,325.18105413694366,20.0
802840,25.0,14.0,38.0,25.0,14.0,38.0,83205.94562117929,332.8237824847171,20.0
802841,25.0,14.0,40.0,25.0,14.0,40.0,85449.68652415878,341.7987460966351,20.0
802842,25.0,14.0,42.0,25.0,14.0,42.0,87984.86492945375,351.939459717815,20.0
802843,25.0,14.0,44.0,25.0,14.0,44.0,90780.7125149749,363.12285005989963,20.0
802844,25.0,14.0,46.0,25.0,14.0,46.0,93818.31154911024,375.27324619644094,20.0
802845,25.0,14.0,48.0,25.0,14.0,48.0,97089.32626719223,388.35730506876894,20.0
802846,25.0,14.0,50.0,25.0,14.0,50.0,100593.3355069858,402.3733420279432,20.0
802847,25.0,14.0,52.0,25.0,14.0,52.0,104334.85565596308,417.33942262385233,20.0
802848,25.0,14.0,54.0,25.0,14.0,54.0,108320.9472170583,433.2837888682332,20.0
802849,25.0,14.0,56.0,25.0,14.0,56.0,112559.84443391794,450.2393777356718,20.0
802850,25.0,14.0,58.0,25.0,14.0,58.0,117060.6358385821,468.2425433543284,20.0
802851,25.0,14.0,60.0,25.0,14.0,60.0,121833.88146851913,487.33552587407655,20.0
802852,25.0,14.0,62.0,25.0,14.0,62.0,126893.19496545417,507.5727798618167,20.0
802853,25.0,14.0,64.0,25.0,14.0,64.0,132258.12299429055,529.0324919771622,20.0
802854,25.0,14.0,66.0,25.0,14.0,66.0,137959.0420640945,551.8361682563781,20.0
802855,25.0,14.0,68.0,25.0,14.0,68.0,144045.32180694918,576.1812872277967,20.0
802856,25.0,14.0,70.0,25.0,14.0,70.0,150598.84849251175,602.395393970047,20.0
802857,25.0,14.0,72.0,25.0,14.0,72.0,157756.44259448952,631.0257703779581,20.0
802858,25.0,14.0,74.0,25.0,14.0,74.0,165747.15242244772,662.9886096897909,20.0
802859,25.0,14.0,76.0,25.0,14.0,76.0,174954.28327200096,699.8171330880039,20.0
802860,25.0,14.0,78.0,25.0,14.0,78.0,186016.62015579874,744.0664806231949,20.0
802861,25.0,14.0,80.0,25.0,14.0,80.0,199980.8410700961,799.9233642803844,20.0
802862,25.0,14.0,82.0,25.0,14.0,82.0,218466.44040808946,873.8657616323578,20.0
802863,25.0,14.0,84.0,25.0,14.0,84.0,243535.11999215986,974.1404799686395,20.0
802864,25.0,14.0,86.0,25.0,14.0,86.0,275996.79469197127,1103.987178767885,20.0
802865,25.0,14.0,88.0,25.0,14.0,88.0,309568.51630587154,1238.274065223486,20.0
802866,25.0,14.0,90.0,25.0,14.0,90.0,325324.9456606882,1301.299782642753,20.0
802867,25.0,14.0,92.0,25.0,14.0,92.0,309568.51630587166,1238.2740652234866,20.0
802868,25.0,14.0,94.0,25.0,14.0,94.0,275996.79469197156,1103.9871787678862,20.0
802869,25.0,14.0,96.0,25.0,14.0,96.0,243535.1199921601,974.1404799686404,20.0
802870,25.0,14.0,98.0,25.0,14.0,98.0,218466.4404080894,873.8657616323576,20.0
802871,25.0,14.0,100.0,25.0,14.0,100.0,199980.8410700961,799.9233642803844,20.0
802872,25.0,14.0,102.0,25.0,14.0,102.0,186016.6201557987,744.0664806231948,20.0
802873,25.0,14.0,104.0,25.0,14.0,104.0,174954.28327200096,699.8171330880039,20.0
802874,25.0,14.0,106.0,25.0,14.0,106.0,165747.15242244775,662.988609689791,20.0
802875,25.0,14.0,108.0,25.0,14.0,108.0,157756.44259448955,631.0257703779582,20.0
802876,25.0,14.0,110.0,25.0,14.0,110.0,150598.84849251178,602.3953939700472,20.0
802877,25.0,14.0,112.0,25.0,14.0,112.0,144045.32180694918,576.1812872277967,20.0
802878,25.0,14.0,114.0,25.0,14.0,114.0,137959.0420640946,551.8361682563784,20.0
802879,25.0,14.0,116.0,25.0,14.0,116.0,132258.12299429055,529.0324919771622,20.0
802880,25.0,14.0,118.0,25.0,14.0,118.0,126893.19496545411,507.57277986181646,20.0
802881,25.0,14.0,120.0,25.0,14.0,120.0,121833.88146851913,487.33552587407655,20.0
802882,25.0,14.0,122.0,25.0,14.0,122.0,117060.6358385821,468.2425433543284,20.0
802883,25.0,14.0,124.0,25.0,14.0,124.0,112559.84443391794,450.2393777356718,20.0
802884,25.0,14.0,126.0,25.0,14.0,126.0,108320.94721705833,433.28378886823333,20.0
802885,25.0,14.0,128.0,25.0,14.0,128.0,104334.85565596311,417.33942262385244,20.0
802886,25.0,14.0,130.0,25.0,14.0,130.0,100593.33550698585,402.3733420279434,20.0
802887,25.0,14.0,132.0,25.0,14.0,132.0,97089.32626719223,388.35730506876894,20.0
802888,25.0,14.0,134.0,25.0,14.0,134.0,93818.3115491102,375.2732461964408,20.0
802889,25.0,14.0,136.0,25.0,14.0,136.0,90780.71251497493,363.12285005989975,20.0
802890,25.0,14.0,138.0,25.0,14.0,138.0,87984.86492945375,351.939459717815,20.0
802891,25.0,14.0,140.0,25.0,14.0,140.0,85449.68652415878,341.7987460966351,20.0
802892,25.0,14.0,142.0,25.0,14.0,142.0,83205.94562117929,332.8237824847171,20.0
802893,25.0,14.0,144.0,25.0,14.0,144.0,81295.26353423591,325.18105413694366,20.0
802894,25.0,14.0,146.0,25.0,14.0,146.0,79766.54680648654,319.0661872259462,20.0
802895,25.0,14.0,148.0,25.0,14.0,148.0,78670.2166341416,314.6808665365664,20.0
802896,25.0,14.0,150.0,25.0,14.0,150.0,78051.13759017189,312.20455036068756,20.0
802897,25.0,14.0,152.0,25.0,14.0,152.0,77941.40194282263,311.76560777129055,20.0
802898,25.0,14.0,154.0,25.0,14.0,154.0,78354.08329221758,313.4163331688703,20.0
802899,25.0,14.0,156.0,25.0,14.0,156.0,79278.81052590322,317.11524210361284,20.0
802900,25.0,14.0,158.0,25.0,14.0,158.0,80679.64331404277,322.71857325617106,20.0
802901,25.0,14.0,160.0,25.0,14.0,160.0,82495.35704920164,329.9814281968066,20.0
802902,25.0,14.0,162.0,25.0,14.0,162.0,84641.93826474885,338.56775305899544,20.0
802903,25.0,14.0,164.0,25.0,14.0,164.0,87016.88336517823,348.0675334607129,20.0
802904,25.0,14.0,166.0,25.0,14.0,166.0,89504.78598281156,358.0191439312463,20.0
802905,25.0,14.0,168.0,25.0,14.0,168.0,91983.67484139248,367.93469936556994,20.0
802906,25.0,14.0,170.0,25.0,14.0,170.0,94331.6001630487,377.3264006521948,20.0
802907,25.0,14.0,172.0,25.0,14.0,172.0,96433.03766427889,385.7321506571156,20.0
802908,25.0,14.0,174.0,25.0,14.0,174.0,98184.76441494934,392.73905765979737,20.0
802909,25.0,14.0,176.0,25.0,14.0,176.0,99500.94546187305,398.00378184749223,20.0
802910,25.0,14.0,178.0,25.0,14.0,178.0,100317.24514919816,401.2689805967927,20.0
802911,25.0,14.0,180.0,25.0,14.0,180.0,100593.83845631235,402.3753538252494,20.0
802912,25.0,16.0,0.0,25.0,16.0,0.0,83648.3512111984,334.5934048447936,20.0
802913,25.0,16.0,2.0,25.0,16.0,2.0,83402.06216944082,333.6082486777633,20.0
802914,25.0,16.0,4.0,25.0,16.0,4.0,82673.53701912862,330.69414807651447,20.0
802915,25.0,16.0,6.0,25.0,16.0,6.0,81493.43423578948,325.9737369431579,20.0
802916,25.0,16.0,8.0,25.0,16.0,8.0,79911.62605452818,319.64650421811274,20.0
802917,25.0,16.0,10.0,25.0,16.0,10.0,77995.36123272576,311.981444930903,20.0
802918,25.0,16.0,12.0,25.0,16.0,12.0,75826.7011687019,303.3068046748076,20.0
802919,25.0,16.0,14.0,25.0,16.0,14.0,73499.25384401804,293.99701537607217,20.0
802920,25.0,16.0,16.0,25.0,16.0,16.0,71114.25943378406,284.4570377351362,20.0
802921,25.0,16.0,18.0,25.0,16.0,18.0,68776.12578874259,275.10450315497036,20.0
802922,25.0,16.0,20.0,25.0,16.0,20.0,66587.5718057363,266.3502872229452,20.0
802923,25.0,16.0,22.0,25.0,16.0,22.0,64644.609630305866,258.57843852122346,20.0
802924,25.0,16.0,24.0,25.0,16.0,24.0,63031.67626090271,252.12670504361083,20.0
802925,25.0,16.0,26.0,25.0,16.0,26.0,61817.299731714455,247.26919892685783,20.0
802926,25.0,16.0,28.0,25.0,16.0,28.0,61050.736939350114,244.20294775740047,20.0
802927,25.0,16.0,30.0,25.0,16.0,30.0,60760.02632416934,243.04010529667735,20.0
802928,25.0,16.0,32.0,25.0,16.0,32.0,60951.833741206654,243.80733496482662,20.0
802929,25.0,16.0,34.0,25.0,16.0,34.0,61613.31293904763,246.45325175619053,20.0
802930,25.0,16.0,36.0,25.0,16.0,36.0,62715.94668128495,250.8637867251398,20.0
802931,25.0,16.0,38.0,25.0,16.0,38.0,64221.00161980638,256.88400647922555,20.0
802932,25.0,16.0,40.0,25.0,16.0,40.0,66085.87856223073,264.34351424892293,20.0
802933,25.0,16.0,42.0,25.0,16.0,42.0,68270.36737764472,273.0814695105789,20.0
802934,25.0,16.0,44.0,25.0,16.0,44.0,70741.73897232024,282.96695588928094,20.0
802935,25.0,16.0,46.0,25.0,16.0,46.0,73477.81527889748,293.9112611155899,20.0
802936,25.0,16.0,48.0,25.0,16.0,48.0,76467.65254935289,305.87061019741157,20.0
802937,25.0,16.0,50.0,25.0,16.0,50.0,79710.11870855336,318.84047483421347,20.0
802938,25.0,16.0,52.0,25.0,16.0,52.0,83211.19285146764,332.8447714058706,20.0
802939,25.0,16.0,54.0,25.0,16.0,54.0,86981.01761598382,347.92407046393527,20.0
802940,25.0,16.0,56.0,25.0,16.0,56.0,91031.51717639323,364.12606870557295,20.0
802941,25.0,16.0,58.0,25.0,16.0,58.0,95374.9349392913,381.49973975716523,20.0
802942,25.0,16.0,60.0,25.0,16.0,60.0,100023.26880024858,400.09307520099435,20.0
802943,25.0,16.0,62.0,25.0,16.0,62.0,104988.5106305986,419.9540425223944,20.0
802944,25.0,16.0,64.0,25.0,16.0,64.0,110283.82161673561,441.1352864669425,20.0
802945,25.0,16.0,66.0,25.0,16.0,66.0,115926.17578582837,463.70470314331345,20.0
802946,25.0,16.0,68.0,25.0,16.0,68.0,121941.55835469793,487.7662334187917,20.0
802947,25.0,16.0,70.0,25.0,16.0,70.0,128374.67931939429,513.4987172775772,20.0
802948,25.0,16.0,72.0,25.0,16.0,72.0,135306.7291718925,541.2269166875701,20.0
802949,25.0,16.0,74.0,25.0,16.0,74.0,142887.6789383548,571.5507157534192,20.0
802950,25.0,16.0,76.0,25.0,16.0,76.0,151395.41484767295,605.5816593906918,20.0
802951,25.0,16.0,78.0,25.0,16.0,78.0,161345.09307905543,645.3803723162217,20.0
802952,25.0,16.0,80.0,25.0,16.0,80.0,173690.75166315376,694.7630066526151,20.0
802953,25.0,16.0,82.0,25.0,16.0,82.0,190173.39591048186,760.6935836419275,20.0
802954,25.0,16.0,84.0,25.0,16.0,84.0,213736.5983151443,854.9463932605772,20.0
802955,25.0,16.0,86.0,25.0,16.0,86.0,247843.98556775358,991.3759422710143,20.0
802956,25.0,16.0,88.0,25.0,16.0,88.0,289233.2174981921,1156.9328699927685,20.0
802957,25.0,16.0,90.0,25.0,16.0,90.0,311440.98117413477,1245.763924696539,20.0
802958,25.0,16.0,92.0,25.0,16.0,92.0,289233.2174981923,1156.9328699927692,20.0
802959,25.0,16.0,94.0,25.0,16.0,94.0,247843.9855677538,991.3759422710153,20.0
802960,25.0,16.0,96.0,25.0,16.0,96.0,213736.59831514454,854.9463932605781,20.0
802961,25.0,16.0,98.0,25.0,16.0,98.0,190173.39591048178,760.6935836419271,20.0
802962,25.0,16.0,100.0,25.0,16.0,100.0,173690.75166315376,694.7630066526151,20.0
802963,25.0,16.0,102.0,25.0,16.0,102.0,161345.09307905543,645.3803723162217,20.0
802964,25.0,16.0,104.0,25.0,16.0,104.0,151395.41484767295,605.5816593906918,20.0
802965,25.0,16.0,106.0,25.0,16.0,106.0,142887.6789383548,571.5507157534192,20.0
802966,25.0,16.0,108.0,25.0,16.0,108.0,135306.72917189257,541.2269166875703,20.0
802967,25.0,16.0,110.0,25.0,16.0,110.0,128374.67931939432,513.4987172775773,20.0
802968,25.0,16.0,112.0,25.0,16.0,112.0,121941.55835469796,487.76623341879184,20.0
802969,25.0,16.0,114.0,25.0,16.0,114.0,115926.1757858284,463.7047031433136,20.0
802970,25.0,16.0,116.0,25.0,16.0,116.0,110283.82161673559,441.1352864669424,20.0
802971,25.0,16.0,118.0,25.0,16.0,118.0,104988.51063059858,419.95404252239433,20.0
802972,25.0,16.0,120.0,25.0,16.0,120.0,100023.26880024858,400.09307520099435,20.0
802973,25.0,16.0,122.0,25.0,16.0,122.0,95374.9349392913,381.49973975716523,20.0
802974,25.0,16.0,124.0,25.0,16.0,124.0,91031.51717639323,364.12606870557295,20.0
802975,25.0,16.0,126.0,25.0,16.0,126.0,86981.01761598383,347.9240704639353,20.0
802976,25.0,16.0,128.0,25.0,16.0,128.0,83211.19285146767,332.8447714058707,20.0
802977,25.0,16.0,130.0,25.0,16.0,130.0,79710.11870855339,318.8404748342136,20.0
802978,25.0,16.0,132.0,25.0,16.0,132.0,76467.65254935289,305.87061019741157,20.0
802979,25.0,16.0,134.0,25.0,16.0,134.0,73477.81527889748,293.9112611155899,20.0
802980,25.0,16.0,136.0,25.0,16.0,136.0,70741.73897232024,282.96695588928094,20.0
802981,25.0,16.0,138.0,25.0,16.0,138.0,68270.36737764472,273.0814695105789,20.0
802982,25.0,16.0,140.0,25.0,16.0,140.0,66085.87856223073,264.34351424892293,20.0
802983,25.0,16.0,142.0,25.0,16.0,142.0,64221.00161980638,256.88400647922555,20.0
802984,25.0,16.0,144.0,25.0,16.0,144.0,62715.94668128495,250.8637867251398,20.0
802985,25.0,16.0,146.0,25.0,16.0,146.0,61613.31293904763,246.45325175619053,20.0
802986,25.0,16.0,148.0,25.0,16.0,148.0,60951.83374120667,243.80733496482668,20.0
802987,25.0,16.0,150.0,25.0,16.0,150.0,60760.026324169354,243.0401052966774,20.0
802988,25.0,16.0,152.0,25.0,16.0,152.0,61050.736939350114,244.20294775740047,20.0
802989,25.0,16.0,154.0,25.0,16.0,154.0,61817.299731714455,247.26919892685783,20.0
802990,25.0,16.0,156.0,25.0,16.0,156.0,63031.67626090271,252.12670504361083,20.0
802991,25.0,16.0,158.0,25.0,16.0,158.0,64644.609630305866,258.57843852122346,20.0
802992,25.0,16.0,160.0,25.0,16.0,160.0,66587.57180573631,266.35028722294527,20.0
802993,25.0,16.0,162.0,25.0,16.0,162.0,68776.12578874259,275.10450315497036,20.0
802994,25.0,16.0,164.0,25.0,16.0,164.0,71114.25943378406,284.4570377351362,20.0
802995,25.0,16.0,166.0,25.0,16.0,166.0,73499.25384401804,293.99701537607217,20.0
802996,25.0,16.0,168.0,25.0,16.0,168.0,75826.70116870193,303.3068046748077,20.0
802997,25.0,16.0,170.0,25.0,16.0,170.0,77995.36123272576,311.981444930903,20.0
802998,25.0,16.0,172.0,25.0,16.0,172.0,79911.62605452818,319.64650421811274,20.0
802999,25.0,16.0,174.0,25.0,16.0,174.0,81493.43423578948,325.9737369431579,20.0
803000,25.0,16.0,176.0,25.0,16.0,176.0,82673.53701912862,330.69414807651447,20.0
803001,25.0,16.0,178.0,25.0,16.0,178.0,83402.06216944082,333.6082486777633,20.0
803002,25.0,16.0,180.0,25.0,16.0,180.0,83648.3512111984,334.5934048447936,20.0
803003,25.0,17.0,0.0,25.0,17.0,0.0,76061.59814643537,304.2463925857415,20.0
803004,25.0,17.0,2.0,25.0,17.0,2.0,75827.77473436967,303.3110989374787,20.0
803005,25.0,17.0,4.0,25.0,17.0,4.0,75135.36945369402,300.5414778147761,20.0
803006,25.0,17.0,6.0,25.0,17.0,6.0,74011.29735518432,296.0451894207373,20.0
803007,25.0,17.0,8.0,25.0,17.0,8.0,72499.48043005748,289.9979217202299,20.0
803008,25.0,17.0,10.0,25.0,17.0,10.0,70659.43160286537,282.6377264114615,20.0
803009,25.0,17.0,12.0,25.0,17.0,12.0,68564.25538945665,274.2570215578266,20.0
803010,25.0,17.0,14.0,25.0,17.0,14.0,66298.06182407636,265.1922472963054,20.0
803011,25.0,17.0,16.0,25.0,17.0,16.0,63952.808489411706,255.81123395764683,20.0
803012,25.0,17.0,18.0,25.0,17.0,18.0,61624.61750166534,246.4984700066614,20.0
803013,25.0,17.0,20.0,25.0,17.0,20.0,59409.66174720319,237.63864698881275,20.0
803014,25.0,17.0,22.0,25.0,17.0,22.0,57399.777289582664,229.59910915833066,20.0
803015,25.0,17.0,24.0,25.0,17.0,24.0,55678.033343686395,222.71213337474558,20.0
803016,25.0,17.0,26.0,25.0,17.0,26.0,54314.56977505737,217.2582791002295,20.0
803017,25.0,17.0,28.0,25.0,17.0,28.0,53363.08126548834,213.45232506195336,20.0
803018,25.0,17.0,30.0,25.0,17.0,30.0,52858.36745932038,211.43346983728154,20.0
803019,25.0,17.0,32.0,25.0,17.0,32.0,52815.35501761562,211.2614200704625,20.0
803020,25.0,17.0,34.0,25.0,17.0,34.0,53229.905278913466,212.91962111565385,20.0
803021,25.0,17.0,36.0,25.0,17.0,36.0,54081.5323193747,216.3261292774988,20.0
803022,25.0,17.0,38.0,25.0,17.0,38.0,55337.87235839032,221.35148943356128,20.0
803023,25.0,17.0,40.0,25.0,17.0,40.0,56960.40157032969,227.84160628131878,20.0
803024,25.0,17.0,42.0,25.0,17.0,42.0,58910.57219621742,235.6422887848697,20.0
803025,25.0,17.0,44.0,25.0,17.0,44.0,61155.33852021735,244.62135408086942,20.0
803026,25.0,17.0,46.0,25.0,17.0,46.0,63671.090100373534,254.68436040149413,20.0
803027,25.0,17.0,48.0,25.0,17.0,48.0,66445.35902163527,265.78143608654113,20.0
803028,25.0,17.0,50.0,25.0,17.0,50.0,69476.25922795465,277.9050369118186,20.0
803029,25.0,17.0,52.0,25.0,17.0,52.0,72770.24352712215,291.0809741084886,20.0
803030,25.0,17.0,54.0,25.0,17.0,54.0,76339.14996618226,305.35659986472905,20.0
803031,25.0,17.0,56.0,25.0,17.0,56.0,80197.47064077295,320.7898825630918,20.0
803032,25.0,17.0,58.0,25.0,17.0,58.0,84360.37905384929,337.44151621539714,20.0
803033,25.0,17.0,60.0,25.0,17.0,60.0,88842.59637737065,355.3703855094826,20.0
803034,25.0,17.0,62.0,25.0,17.0,62.0,93657.97018602646,374.63188074410584,20.0
803035,25.0,17.0,64.0,25.0,17.0,64.0,98819.77257363626,395.2790902945451,20.0
803036,25.0,17.0,66.0,25.0,17.0,66.0,104342.09684424558,417.3683873769823,20.0
803037,25.0,17.0,68.0,25.0,17.0,68.0,110243.27520639398,440.97310082557595,20.0
803038,25.0,17.0,70.0,25.0,17.0,70.0,116553.08346112841,466.21233384451364,20.0
803039,25.0,17.0,72.0,25.0,17.0,72.0,123327.01861028203,493.30807444112816,20.0
803040,25.0,17.0,74.0,25.0,17.0,74.0,130673.90736944089,522.6956294777635,20.0
803041,25.0,17.0,76.0,25.0,17.0,76.0,138809.20392141756,555.2368156856703,20.0
803042,25.0,17.0,78.0,25.0,17.0,78.0,148159.23103580906,592.6369241432362,20.0
803043,25.0,17.0,80.0,25.0,17.0,80.0,159568.37613012866,638.2735045205146,20.0
803044,25.0,17.0,82.0,25.0,17.0,82.0,174706.59670043274,698.826386801731,20.0
803045,25.0,17.0,84.0,25.0,17.0,84.0,196759.87832645854,787.0395133058341,20.0
803046,25.0,17.0,86.0,25.0,17.0,86.0,230625.4377510853,922.5017510043411,20.0
803047,25.0,17.0,88.0,25.0,17.0,88.0,276128.6238102953,1104.5144952411813,20.0
803048,25.0,17.0,90.0,25.0,17.0,90.0,302997.1008534846,1211.9884034139384,20.0
803049,25.0,17.0,92.0,25.0,17.0,92.0,276128.6238102955,1104.514495241182,20.0
803050,25.0,17.0,94.0,25.0,17.0,94.0,230625.43775108553,922.5017510043422,20.0
803051,25.0,17.0,96.0,25.0,17.0,96.0,196759.87832645874,787.0395133058349,20.0
803052,25.0,17.0,98.0,25.0,17.0,98.0,174706.59670043268,698.8263868017308,20.0
803053,25.0,17.0,100.0,25.0,17.0,100.0,159568.37613012863,638.2735045205145,20.0
803054,25.0,17.0,102.0,25.0,17.0,102.0,148159.23103580906,592.6369241432362,20.0
803055,25.0,17.0,104.0,25.0,17.0,104.0,138809.20392141756,555.2368156856703,20.0
803056,25.0,17.0,106.0,25.0,17.0,106.0,130673.90736944089,522.6956294777635,20.0
803057,25.0,17.0,108.0,25.0,17.0,108.0,123327.01861028209,493.3080744411284,20.0
803058,25.0,17.0,110.0,25.0,17.0,110.0,116553.08346112844,466.21233384451375,20.0
803059,25.0,17.0,112.0,25.0,17.0,112.0,110243.27520639403,440.9731008255761,20.0
803060,25.0,17.0,114.0,25.0,17.0,114.0,104342.09684424562,417.36838737698247,20.0
803061,25.0,17.0,116.0,25.0,17.0,116.0,98819.77257363623,395.2790902945449,20.0
803062,25.0,17.0,118.0,25.0,17.0,118.0,93657.97018602643,374.63188074410573,20.0
803063,25.0,17.0,120.0,25.0,17.0,120.0,88842.59637737065,355.3703855094826,20.0
803064,25.0,17.0,122.0,25.0,17.0,122.0,84360.37905384929,337.44151621539714,20.0
803065,25.0,17.0,124.0,25.0,17.0,124.0,80197.47064077295,320.7898825630918,20.0
803066,25.0,17.0,126.0,25.0,17.0,126.0,76339.14996618229,305.35659986472916,20.0
803067,25.0,17.0,128.0,25.0,17.0,128.0,72770.24352712218,291.0809741084887,20.0
803068,25.0,17.0,130.0,25.0,17.0,130.0,69476.2592279547,277.9050369118188,20.0
803069,25.0,17.0,132.0,25.0,17.0,132.0,66445.35902163529,265.7814360865412,20.0
803070,25.0,17.0,134.0,25.0,17.0,134.0,63671.090100373534,254.68436040149413,20.0
803071,25.0,17.0,136.0,25.0,17.0,136.0,61155.33852021735,244.62135408086942,20.0
803072,25.0,17.0,138.0,25.0,17.0,138.0,58910.57219621742,235.6422887848697,20.0
803073,25.0,17.0,140.0,25.0,17.0,140.0,56960.40157032969,227.84160628131878,20.0
803074,25.0,17.0,142.0,25.0,17.0,142.0,55337.87235839032,221.35148943356128,20.0
803075,25.0,17.0,144.0,25.0,17.0,144.0,54081.5323193747,216.3261292774988,20.0
803076,25.0,17.0,146.0,25.0,17.0,146.0,53229.905278913466,212.91962111565385,20.0
803077,25.0,17.0,148.0,25.0,17.0,148.0,52815.35501761563,211.26142007046252,20.0
803078,25.0,17.0,150.0,25.0,17.0,150.0,52858.36745932038,211.43346983728154,20.0
803079,25.0,17.0,152.0,25.0,17.0,152.0,53363.08126548834,213.45232506195336,20.0
803080,25.0,17.0,154.0,25.0,17.0,154.0,54314.56977505736,217.25827910022943,20.0
803081,25.0,17.0,156.0,25.0,17.0,156.0,55678.033343686395,222.71213337474558,20.0
803082,25.0,17.0,158.0,25.0,17.0,158.0,57399.777289582664,229.59910915833066,20.0
803083,25.0,17.0,160.0,25.0,17.0,160.0,59409.66174720319,237.63864698881275,20.0
803084,25.0,17.0,162.0,25.0,17.0,162.0,61624.61750166536,246.49847000666145,20.0
803085,25.0,17.0,164.0,25.0,17.0,164.0,63952.808489411706,255.81123395764683,20.0
803086,25.0,17.0,166.0,25.0,17.0,166.0,66298.06182407636,265.1922472963054,20.0
803087,25.0,17.0,168.0,25.0,17.0,168.0,68564.25538945668,274.2570215578267,20.0
803088,25.0,17.0,170.0,25.0,17.0,170.0,70659.43160286537,282.6377264114615,20.0
803089,25.0,17.0,172.0,25.0,17.0,172.0,72499.48043005748,289.9979217202299,20.0
803090,25.0,17.0,174.0,25.0,17.0,174.0,74011.29735518432,296.0451894207373,20.0
803091,25.0,17.0,176.0,25.0,17.0,176.0,75135.36945369402,300.5414778147761,20.0
803092,25.0,17.0,178.0,25.0,17.0,178.0,75827.77473436967,303.3110989374787,20.0
803093,25.0,17.0,180.0,25.0,17.0,180.0,76061.59814643537,304.2463925857415,20.0
803094,30.0,10.0,0.0,30.0,10.0,0.0,120843.57888820079,483.3743155528032,20.0
803095,30.0,10.0,2.0,30.0,10.0,2.0,120635.00024175466,482.54000096701867,20.0
803096,30.0,10.0,4.0,30.0,10.0,4.0,120019.14309249546,480.0765723699819,20.0
803097,30.0,10.0,6.0,30.0,10.0,6.0,119025.22804814453,476.10091219257816,20.0
803098,30.0,10.0,8.0,30.0,10.0,8.0,117700.57534766821,470.8023013906729,20.0
803099,30.0,10.0,10.0,30.0,10.0,10.0,116108.55352766055,464.43421411064224,20.0
803100,30.0,10.0,12.0,30.0,10.0,12.0,114325.75417249194,457.30301668996776,20.0
803101,30.0,10.0,14.0,30.0,10.0,14.0,112438.45505317897,449.7538202127159,20.0
803102,30.0,10.0,16.0,30.0,10.0,16.0,110538.47258360952,442.1538903344381,20.0
803103,30.0,10.0,18.0,30.0,10.0,18.0,108718.5555862228,434.8742223448912,20.0
803104,30.0,10.0,20.0,30.0,10.0,20.0,107067.53437918398,428.27013751673593,20.0
803105,30.0,10.0,22.0,30.0,10.0,22.0,105665.50733430209,422.66202933720837,20.0
803106,30.0,10.0,24.0,30.0,10.0,24.0,104579.41216321684,418.3176486528674,20.0
803107,30.0,10.0,26.0,30.0,10.0,26.0,103859.37725883773,415.43750903535096,20.0
803108,30.0,10.0,28.0,30.0,10.0,28.0,103536.26099780925,414.145043991237,20.0
803109,30.0,10.0,30.0,30.0,10.0,30.0,103620.7432803164,414.4829731212656,20.0
803110,30.0,10.0,32.0,30.0,10.0,32.0,104104.21548119688,416.41686192478755,20.0
803111,30.0,10.0,34.0,30.0,10.0,34.0,104961.51423045307,419.8460569218123,20.0
803112,30.0,10.0,36.0,30.0,10.0,36.0,106155.27269460335,424.6210907784134,20.0
803113,30.0,10.0,38.0,30.0,10.0,38.0,107641.36083172771,430.56544332691084,20.0
803114,30.0,10.0,40.0,30.0,10.0,40.0,109374.62565362139,437.4985026144856,20.0
803115,30.0,10.0,42.0,30.0,10.0,42.0,111314.0169410801,445.2560677643204,20.0
803116,30.0,10.0,44.0,30.0,10.0,44.0,113426.27712715638,453.70510850862553,20.0
803117,30.0,10.0,46.0,30.0,10.0,46.0,115687.71499903678,462.75085999614714,20.0
803118,30.0,10.0,48.0,30.0,10.0,48.0,118084.10192146704,472.33640768586815,20.0
803119,30.0,10.0,50.0,30.0,10.0,50.0,120609.25303660845,482.4370121464338,20.0
803120,30.0,10.0,52.0,30.0,10.0,52.0,123263.17056112898,493.05268224451595,20.0
803121,30.0,10.0,54.0,30.0,10.0,54.0,126050.60046939395,504.2024018775758,20.0
803122,30.0,10.0,56.0,30.0,10.0,56.0,128980.54348278162,515.9221739311265,20.0
803123,30.0,10.0,58.0,30.0,10.0,58.0,132066.8921189102,528.2675684756408,20.0
803124,30.0,10.0,60.0,30.0,10.0,60.0,135330.17337107233,541.3206934842893,20.0
803125,30.0,10.0,62.0,30.0,10.0,62.0,138800.44107191233,555.2017642876493,20.0
803126,30.0,10.0,64.0,30.0,10.0,64.0,142521.60280080588,570.0864112032235,20.0
803127,30.0,10.0,66.0,30.0,10.0,66.0,146557.78586724473,586.231143468979,20.0
803128,30.0,10.0,68.0,30.0,10.0,68.0,151002.73748790746,604.0109499516299,20.0
803129,30.0,10.0,70.0,30.0,10.0,70.0,155993.77051781624,623.975082071265,20.0
803130,30.0,10.0,72.0,30.0,10.0,72.0,161732.4179663124,646.9296718652497,20.0
803131,30.0,10.0,74.0,30.0,10.0,74.0,168514.4976604906,674.0579906419624,20.0
803132,30.0,10.0,76.0,30.0,10.0,76.0,176771.54685677108,707.0861874270843,20.0
803133,30.0,10.0,78.0,30.0,10.0,78.0,187119.39702644557,748.4775881057823,20.0
803134,30.0,10.0,80.0,30.0,10.0,80.0,200384.88843522657,801.5395537409063,20.0
803135,30.0,10.0,82.0,30.0,10.0,82.0,217503.03955686334,870.0121582274534,20.0
803136,30.0,10.0,84.0,30.0,10.0,84.0,238981.5165718992,955.9260662875969,20.0
803137,30.0,10.0,86.0,30.0,10.0,86.0,263380.4388993992,1053.521755597597,20.0
803138,30.0,10.0,88.0,30.0,10.0,88.0,284918.2237272342,1139.6728949089368,20.0
803139,30.0,10.0,90.0,30.0,10.0,90.0,293911.2709073108,1175.6450836292433,20.0
803140,30.0,10.0,92.0,30.0,10.0,92.0,284918.2237272343,1139.6728949089372,20.0
803141,30.0,10.0,94.0,30.0,10.0,94.0,263380.43889939936,1053.5217555975976,20.0
803142,30.0,10.0,96.0,30.0,10.0,96.0,238981.51657189944,955.9260662875978,20.0
803143,30.0,10.0,98.0,30.0,10.0,98.0,217503.03955686328,870.0121582274531,20.0
803144,30.0,10.0,100.0,30.0,10.0,100.0,200384.88843522652,801.5395537409061,20.0
803145,30.0,10.0,102.0,30.0,10.0,102.0,187119.39702644557,748.4775881057823,20.0
803146,30.0,10.0,104.0,30.0,10.0,104.0,176771.54685677108,707.0861874270843,20.0
803147,30.0,10.0,106.0,30.0,10.0,106.0,168514.49766049063,674.0579906419625,20.0
803148,30.0,10.0,108.0,30.0,10.0,108.0,161732.41796631244,646.9296718652498,20.0
803149,30.0,10.0,110.0,30.0,10.0,110.0,155993.77051781624,623.975082071265,20.0
803150,30.0,10.0,112.0,30.0,10.0,112.0,151002.7374879075,604.01094995163,20.0
803151,30.0,10.0,114.0,30.0,10.0,114.0,146557.78586724476,586.2311434689791,20.0
803152,30.0,10.0,116.0,30.0,10.0,116.0,142521.60280080585,570.0864112032234,20.0
803153,30.0,10.0,118.0,30.0,10.0,118.0,138800.44107191233,555.2017642876493,20.0
803154,30.0,10.0,120.0,30.0,10.0,120.0,135330.17337107233,541.3206934842893,20.0
803155,30.0,10.0,122.0,30.0,10.0,122.0,132066.8921189102,528.2675684756408,20.0
803156,30.0,10.0,124.0,30.0,10.0,124.0,128980.54348278162,515.9221739311265,20.0
803157,30.0,10.0,126.0,30.0,10.0,126.0,126050.60046939398,504.20240187757594,20.0
803158,30.0,10.0,128.0,30.0,10.0,128.0,123263.17056112905,493.05268224451623,20.0
803159,30.0,10.0,130.0,30.0,10.0,130.0,120609.25303660848,482.4370121464339,20.0
803160,30.0,10.0,132.0,30.0,10.0,132.0,118084.10192146704,472.33640768586815,20.0
803161,30.0,10.0,134.0,30.0,10.0,134.0,115687.71499903676,462.7508599961471,20.0
803162,30.0,10.0,136.0,30.0,10.0,136.0,113426.27712715638,453.70510850862553,20.0
803163,30.0,10.0,138.0,30.0,10.0,138.0,111314.0169410801,445.2560677643204,20.0
803164,30.0,10.0,140.0,30.0,10.0,140.0,109374.62565362139,437.4985026144856,20.0
803165,30.0,10.0,142.0,30.0,10.0,142.0,107641.36083172771,430.56544332691084,20.0
803166,30.0,10.0,144.0,30.0,10.0,144.0,106155.27269460335,424.6210907784134,20.0
803167,30.0,10.0,146.0,30.0,10.0,146.0,104961.51423045306,419.84605692181225,20.0
803168,30.0,10.0,148.0,30.0,10.0,148.0,104104.2154811969,416.4168619247876,20.0
803169,30.0,10.0,150.0,30.0,10.0,150.0,103620.74328031638,414.48297312126556,20.0
803170,30.0,10.0,152.0,30.0,10.0,152.0,103536.26099780925,414.145043991237,20.0
803171,30.0,10.0,154.0,30.0,10.0,154.0,103859.3772588377,415.43750903535084,20.0
803172,30.0,10.0,156.0,30.0,10.0,156.0,104579.41216321684,418.3176486528674,20.0
803173,30.0,10.0,158.0,30.0,10.0,158.0,105665.50733430209,422.66202933720837,20.0
803174,30.0,10.0,160.0,30.0,10.0,160.0,107067.53437918401,428.27013751673604,20.0
803175,30.0,10.0,162.0,30.0,10.0,162.0,108718.5555862228,434.8742223448912,20.0
803176,30.0,10.0,164.0,30.0,10.0,164.0,110538.4725836095,442.153890334438,20.0
803177,30.0,10.0,166.0,30.0,10.0,166.0,112438.45505317897,449.7538202127159,20.0
803178,30.0,10.0,168.0,30.0,10.0,168.0,114325.75417249197,457.3030166899679,20.0
803179,30.0,10.0,170.0,30.0,10.0,170.0,116108.55352766055,464.43421411064224,20.0
803180,30.0,10.0,172.0,30.0,10.0,172.0,117700.57534766821,470.8023013906729,20.0
803181,30.0,10.0,174.0,30.0,10.0,174.0,119025.22804814453,476.10091219257816,20.0
803182,30.0,10.0,176.0,30.0,10.0,176.0,120019.14309249546,480.0765723699819,20.0
803183,30.0,10.0,178.0,30.0,10.0,178.0,120635.00024175466,482.54000096701867,20.0
803184,30.0,10.0,180.0,30.0,10.0,180.0,120843.57888820079,483.3743155528032,20.0
803185,30.0,12.0,0.0,30.0,12.0,0.0,100512.4935284982,402.04997411399285,20.0
803186,30.0,12.0,2.0,30.0,12.0,2.0,100330.03770793063,401.3201508317226,20.0
803187,30.0,12.0,4.0,30.0,12.0,4.0,99790.33226060952,399.16132904243807,20.0
803188,30.0,12.0,6.0,30.0,12.0,6.0,98916.11617967425,395.66446471869705,20.0
803189,30.0,12.0,8.0,30.0,12.0,8.0,97744.46161129653,390.9778464451861,20.0
803190,30.0,12.0,10.0,30.0,12.0,10.0,96325.52662050203,385.3021064820081,20.0
803191,30.0,12.0,12.0,30.0,12.0,12.0,94720.79814143736,378.8831925657495,20.0
803192,30.0,12.0,14.0,30.0,12.0,14.0,93000.82586913124,372.00330347652493,20.0
803193,30.0,12.0,16.0,30.0,12.0,16.0,91242.4645506086,364.9698582024344,20.0
803194,30.0,12.0,18.0,30.0,12.0,18.0,89525.67052806214,358.10268211224854,20.0
803195,30.0,12.0,20.0,30.0,12.0,20.0,87929.93969119263,351.7197587647705,20.0
803196,30.0,12.0,22.0,30.0,12.0,22.0,86530.5277243968,346.1221108975872,20.0
803197,30.0,12.0,24.0,30.0,12.0,24.0,85394.65649660536,341.57862598642146,20.0
803198,30.0,12.0,26.0,30.0,12.0,26.0,84577.97561107553,338.3119024443021,20.0
803199,30.0,12.0,28.0,30.0,12.0,28.0,84121.60368797657,336.4864147519063,20.0
803200,30.0,12.0,30.0,30.0,12.0,30.0,84050.10303675596,336.2004121470238,20.0
803201,30.0,12.0,32.0,30.0,12.0,32.0,84370.72339841997,337.4828935936799,20.0
803202,30.0,12.0,34.0,30.0,12.0,34.0,85074.16492098829,340.2966596839532,20.0
803203,30.0,12.0,36.0,30.0,12.0,36.0,86136.94426852043,344.5477770740817,20.0
803204,30.0,12.0,38.0,30.0,12.0,38.0,87525.20508748671,350.10082034994684,20.0
803205,30.0,12.0,40.0,30.0,12.0,40.0,89199.52782682185,356.7981113072874,20.0
803206,30.0,12.0,42.0,30.0,12.0,42.0,91120.03163230125,364.480126529205,20.0
803207,30.0,12.0,44.0,30.0,12.0,44.0,93250.91746448223,373.00366985792897,20.0
803208,30.0,12.0,46.0,30.0,12.0,46.0,95563.66970411045,382.2546788164418,20.0
803209,30.0,12.0,48.0,30.0,12.0,48.0,98038.45435586595,392.1538174234638,20.0
803210,30.0,12.0,50.0,30.0,12.0,50.0,100663.76282314226,402.65505129256906,20.0
803211,30.0,12.0,52.0,30.0,12.0,52.0,103434.87205528977,413.7394882211591,20.0
803212,30.0,12.0,54.0,30.0,12.0,54.0,106351.99698345333,425.40798793381333,20.0
803213,30.0,12.0,56.0,30.0,12.0,56.0,109418.96356021966,437.67585424087866,20.0
803214,30.0,12.0,58.0,30.0,12.0,58.0,112642.9055112781,450.5716220451124,20.0
803215,30.0,12.0,60.0,30.0,12.0,60.0,116035.14125518696,464.14056502074783,20.0
803216,30.0,12.0,62.0,30.0,12.0,62.0,119613.26378875849,478.45305515503395,20.0
803217,30.0,12.0,64.0,30.0,12.0,64.0,123404.63490550776,493.61853962203105,20.0
803218,30.0,12.0,66.0,30.0,12.0,66.0,127451.82650376509,509.80730601506036,20.0
803219,30.0,12.0,68.0,30.0,12.0,68.0,131821.03989189272,527.2841595675709,20.0
803220,30.0,12.0,70.0,30.0,12.0,70.0,136615.23986909265,546.4609594763706,20.0
803221,30.0,12.0,72.0,30.0,12.0,72.0,141994.84710941894,567.9793884376758,20.0
803222,30.0,12.0,74.0,30.0,12.0,74.0,148210.52110709922,592.8420844283969,20.0
803223,30.0,12.0,76.0,30.0,12.0,76.0,155654.667297021,622.618669188084,20.0
803224,30.0,12.0,78.0,30.0,12.0,78.0,164938.74256199945,659.7549702479978,20.0
803225,30.0,12.0,80.0,30.0,12.0,80.0,176991.9889710058,707.9679558840232,20.0
803226,30.0,12.0,82.0,30.0,12.0,82.0,193113.4054767258,772.4536219069032,20.0
803227,30.0,12.0,84.0,30.0,12.0,84.0,214663.40414653133,858.6536165861254,20.0
803228,30.0,12.0,86.0,30.0,12.0,86.0,241438.42720956999,965.75370883828,20.0
803229,30.0,12.0,88.0,30.0,12.0,88.0,267547.8434725295,1070.191373890118,20.0
803230,30.0,12.0,90.0,30.0,12.0,90.0,279243.59223005106,1116.9743689202041,20.0
803231,30.0,12.0,92.0,30.0,12.0,92.0,267547.8434725296,1070.1913738901185,20.0
803232,30.0,12.0,94.0,30.0,12.0,94.0,241438.42720957022,965.7537088382809,20.0
803233,30.0,12.0,96.0,30.0,12.0,96.0,214663.40414653154,858.6536165861262,20.0
803234,30.0,12.0,98.0,30.0,12.0,98.0,193113.40547672572,772.4536219069029,20.0
803235,30.0,12.0,100.0,30.0,12.0,100.0,176991.98897100578,707.9679558840231,20.0
803236,30.0,12.0,102.0,30.0,12.0,102.0,164938.74256199945,659.7549702479978,20.0
803237,30.0,12.0,104.0,30.0,12.0,104.0,155654.667297021,622.618669188084,20.0
803238,30.0,12.0,106.0,30.0,12.0,106.0,148210.52110709925,592.842084428397,20.0
803239,30.0,12.0,108.0,30.0,12.0,108.0,141994.84710941897,567.9793884376759,20.0
803240,30.0,12.0,110.0,30.0,12.0,110.0,136615.23986909268,546.4609594763707,20.0
803241,30.0,12.0,112.0,30.0,12.0,112.0,131821.03989189275,527.284159567571,20.0
803242,30.0,12.0,114.0,30.0,12.0,114.0,127451.82650376514,509.8073060150606,20.0
803243,30.0,12.0,116.0,30.0,12.0,116.0,123404.63490550773,493.61853962203094,20.0
803244,30.0,12.0,118.0,30.0,12.0,118.0,119613.26378875846,478.45305515503384,20.0
803245,30.0,12.0,120.0,30.0,12.0,120.0,116035.14125518696,464.14056502074783,20.0
803246,30.0,12.0,122.0,30.0,12.0,122.0,112642.9055112781,450.5716220451124,20.0
803247,30.0,12.0,124.0,30.0,12.0,124.0,109418.96356021966,437.67585424087866,20.0
803248,30.0,12.0,126.0,30.0,12.0,126.0,106351.99698345337,425.4079879338135,20.0
803249,30.0,12.0,128.0,30.0,12.0,128.0,103434.8720552898,413.7394882211592,20.0
803250,30.0,12.0,130.0,30.0,12.0,130.0,100663.76282314229,402.65505129256917,20.0
803251,30.0,12.0,132.0,30.0,12.0,132.0,98038.45435586595,392.1538174234638,20.0
803252,30.0,12.0,134.0,30.0,12.0,134.0,95563.66970411043,382.25467881644175,20.0
803253,30.0,12.0,136.0,30.0,12.0,136.0,93250.91746448225,373.003669857929,20.0
803254,30.0,12.0,138.0,30.0,12.0,138.0,91120.03163230125,364.480126529205,20.0
803255,30.0,12.0,140.0,30.0,12.0,140.0,89199.52782682185,356.7981113072874,20.0
803256,30.0,12.0,142.0,30.0,12.0,142.0,87525.20508748671,350.10082034994684,20.0
803257,30.0,12.0,144.0,30.0,12.0,144.0,86136.94426852043,344.5477770740817,20.0
803258,30.0,12.0,146.0,30.0,12.0,146.0,85074.16492098829,340.2966596839532,20.0
803259,30.0,12.0,148.0,30.0,12.0,148.0,84370.72339841998,337.48289359367993,20.0
803260,30.0,12.0,150.0,30.0,12.0,150.0,84050.10303675596,336.2004121470238,20.0
803261,30.0,12.0,152.0,30.0,12.0,152.0,84121.60368797657,336.4864147519063,20.0
803262,30.0,12.0,154.0,30.0,12.0,154.0,84577.97561107551,338.31190244430206,20.0
803263,30.0,12.0,156.0,30.0,12.0,156.0,85394.65649660536,341.57862598642146,20.0
803264,30.0,12.0,158.0,30.0,12.0,158.0,86530.5277243968,346.1221108975872,20.0
803265,30.0,12.0,160.0,30.0,12.0,160.0,87929.93969119265,351.7197587647706,20.0
803266,30.0,12.0,162.0,30.0,12.0,162.0,89525.67052806217,358.10268211224866,20.0
803267,30.0,12.0,164.0,30.0,12.0,164.0,91242.46455060858,364.96985820243435,20.0
803268,30.0,12.0,166.0,30.0,12.0,166.0,93000.82586913124,372.00330347652493,20.0
803269,30.0,12.0,168.0,30.0,12.0,168.0,94720.79814143738,378.88319256574954,20.0
803270,30.0,12.0,170.0,30.0,12.0,170.0,96325.52662050203,385.3021064820081,20.0
803271,30.0,12.0,172.0,30.0,12.0,172.0,97744.46161129653,390.9778464451861,20.0
803272,30.0,12.0,174.0,30.0,12.0,174.0,98916.11617967425,395.66446471869705,20.0
803273,30.0,12.0,176.0,30.0,12.0,176.0,99790.33226060952,399.16132904243807,20.0
803274,30.0,12.0,178.0,30.0,12.0,178.0,100330.03770793063,401.3201508317226,20.0
803275,30.0,12.0,180.0,30.0,12.0,180.0,100512.4935284982,402.04997411399285,20.0
803276,30.0,14.0,0.0,30.0,14.0,0.0,82513.03993629532,330.05215974518126,20.0
803277,30.0,14.0,2.0,30.0,14.0,2.0,82349.41721654471,329.39766886617883,20.0
803278,30.0,14.0,4.0,30.0,14.0,4.0,81864.50838345787,327.4580335338315,20.0
803279,30.0,14.0,6.0,30.0,14.0,6.0,81076.05264344024,324.304210573761,20.0
803280,30.0,14.0,8.0,30.0,14.0,8.0,80013.14725535938,320.05258902143754,20.0
803281,30.0,14.0,10.0,30.0,14.0,10.0,78715.52695968539,314.86210783874157,20.0
803282,30.0,14.0,12.0,30.0,14.0,12.0,77232.52139844414,308.93008559377654,20.0
803283,30.0,14.0,14.0,30.0,14.0,14.0,75621.6641787094,302.4866567148376,20.0
803284,30.0,14.0,16.0,30.0,14.0,16.0,73946.93074031784,295.78772296127136,20.0
803285,30.0,14.0,18.0,30.0,14.0,18.0,72276.59450994593,289.10637803978375,20.0
803286,30.0,14.0,20.0,30.0,14.0,20.0,70680.71410103416,282.7228564041366,20.0
803287,30.0,14.0,22.0,30.0,14.0,22.0,69228.300175509,276.91320070203597,20.0
803288,30.0,14.0,24.0,30.0,14.0,24.0,67984.25940133238,271.9370376053295,20.0
803289,30.0,14.0,26.0,30.0,14.0,26.0,67006.27282840062,268.02509131360245,20.0
803290,30.0,14.0,28.0,30.0,14.0,28.0,66341.83151890381,265.36732607561527,20.0
803291,30.0,14.0,30.0,30.0,14.0,30.0,66025.71312010025,264.102852480401,20.0
803292,30.0,14.0,32.0,30.0,14.0,32.0,66078.2233565338,264.3128934261352,20.0
803293,30.0,14.0,34.0,30.0,14.0,34.0,66504.52525569634,266.01810102278534,20.0
803294,30.0,14.0,36.0,30.0,14.0,36.0,67295.31365511162,269.18125462044645,20.0
803295,30.0,14.0,38.0,30.0,14.0,38.0,68428.94576364149,273.715783054566,20.0
803296,30.0,14.0,40.0,30.0,14.0,40.0,69874.90919188375,279.49963676753504,20.0
803297,30.0,14.0,42.0,30.0,14.0,42.0,71598.22532690402,286.3929013076161,20.0
803298,30.0,14.0,44.0,30.0,14.0,44.0,73564.11528434214,294.2564611373686,20.0
803299,30.0,14.0,46.0,30.0,14.0,46.0,75742.09862328506,302.96839449314024,20.0
803300,30.0,14.0,48.0,30.0,14.0,48.0,78108.75549728822,312.4350219891529,20.0
803301,30.0,14.0,50.0,30.0,14.0,50.0,80648.71075924217,322.59484303696865,20.0
803302,30.0,14.0,52.0,30.0,14.0,52.0,83353.92714317428,333.41570857269716,20.0
803303,30.0,14.0,54.0,30.0,14.0,54.0,86221.92473975988,344.88769895903954,20.0
803304,30.0,14.0,56.0,30.0,14.0,56.0,89253.82599372296,357.0153039748918,20.0
803305,30.0,14.0,58.0,30.0,14.0,58.0,92453.028528107,369.812114112428,20.0
803306,30.0,14.0,60.0,30.0,14.0,60.0,95824.95087082675,383.299803483307,20.0
803307,30.0,14.0,62.0,30.0,14.0,62.0,99377.98172715284,397.5119269086114,20.0
803308,30.0,14.0,64.0,30.0,14.0,64.0,103125.73655212841,412.50294620851366,20.0
803309,30.0,14.0,66.0,30.0,14.0,66.0,107091.00983392113,428.36403933568454,20.0
803310,30.0,14.0,68.0,30.0,14.0,68.0,111312.32266989557,445.2492906795823,20.0
803311,30.0,14.0,70.0,30.0,14.0,70.0,115854.73924874123,463.4189569949649,20.0
803312,30.0,14.0,72.0,30.0,14.0,72.0,120827.9296240857,483.3117184963428,20.0
803313,30.0,14.0,74.0,30.0,14.0,74.0,126416.81429191933,505.66725716767735,20.0
803314,30.0,14.0,76.0,30.0,14.0,76.0,132934.36945231634,531.7374778092653,20.0
803315,30.0,14.0,78.0,30.0,14.0,78.0,140913.0833470019,563.6523333880076,20.0
803316,30.0,14.0,80.0,30.0,14.0,80.0,151258.44565726168,605.0337826290468,20.0
803317,30.0,14.0,82.0,30.0,14.0,82.0,165468.59266373818,661.8743706549527,20.0
803318,30.0,14.0,84.0,30.0,14.0,84.0,185733.84511663078,742.9353804665232,20.0
803319,30.0,14.0,86.0,30.0,14.0,86.0,213795.78933934902,855.1831573573961,20.0
803320,30.0,14.0,88.0,30.0,14.0,88.0,245187.17795810095,980.7487118324038,20.0
803321,30.0,14.0,90.0,30.0,14.0,90.0,260830.25581997138,1043.3210232798856,20.0
803322,30.0,14.0,92.0,30.0,14.0,92.0,245187.17795810112,980.7487118324045,20.0
803323,30.0,14.0,94.0,30.0,14.0,94.0,213795.78933934926,855.183157357397,20.0
803324,30.0,14.0,96.0,30.0,14.0,96.0,185733.845116631,742.9353804665241,20.0
803325,30.0,14.0,98.0,30.0,14.0,98.0,165468.5926637381,661.8743706549524,20.0
803326,30.0,14.0,100.0,30.0,14.0,100.0,151258.44565726168,605.0337826290468,20.0
803327,30.0,14.0,102.0,30.0,14.0,102.0,140913.0833470019,563.6523333880076,20.0
803328,30.0,14.0,104.0,30.0,14.0,104.0,132934.36945231634,531.7374778092653,20.0
803329,30.0,14.0,106.0,30.0,14.0,106.0,126416.81429191933,505.66725716767735,20.0
803330,30.0,14.0,108.0,30.0,14.0,108.0,120827.9296240857,483.3117184963428,20.0
803331,30.0,14.0,110.0,30.0,14.0,110.0,115854.73924874123,463.4189569949649,20.0
803332,30.0,14.0,112.0,30.0,14.0,112.0,111312.3226698956,445.24929067958243,20.0
803333,30.0,14.0,114.0,30.0,14.0,114.0,107091.00983392118,428.36403933568477,20.0
803334,30.0,14.0,116.0,30.0,14.0,116.0,103125.7365521284,412.5029462085136,20.0
803335,30.0,14.0,118.0,30.0,14.0,118.0,99377.98172715283,397.5119269086113,20.0
803336,30.0,14.0,120.0,30.0,14.0,120.0,95824.95087082675,383.299803483307,20.0
803337,30.0,14.0,122.0,30.0,14.0,122.0,92453.028528107,369.812114112428,20.0
803338,30.0,14.0,124.0,30.0,14.0,124.0,89253.82599372296,357.0153039748918,20.0
803339,30.0,14.0,126.0,30.0,14.0,126.0,86221.92473975992,344.8876989590397,20.0
803340,30.0,14.0,128.0,30.0,14.0,128.0,83353.92714317428,333.41570857269716,20.0
803341,30.0,14.0,130.0,30.0,14.0,130.0,80648.7107592422,322.59484303696877,20.0
803342,30.0,14.0,132.0,30.0,14.0,132.0,78108.7554972882,312.43502198915286,20.0
803343,30.0,14.0,134.0,30.0,14.0,134.0,75742.09862328503,302.9683944931401,20.0
803344,30.0,14.0,136.0,30.0,14.0,136.0,73564.11528434214,294.2564611373686,20.0
803345,30.0,14.0,138.0,30.0,14.0,138.0,71598.22532690402,286.3929013076161,20.0
803346,30.0,14.0,140.0,30.0,14.0,140.0,69874.90919188375,279.49963676753504,20.0
803347,30.0,14.0,142.0,30.0,14.0,142.0,68428.94576364149,273.715783054566,20.0
803348,30.0,14.0,144.0,30.0,14.0,144.0,67295.31365511162,269.18125462044645,20.0
803349,30.0,14.0,146.0,30.0,14.0,146.0,66504.52525569632,266.0181010227853,20.0
803350,30.0,14.0,148.0,30.0,14.0,148.0,66078.22335653381,264.31289342613525,20.0
803351,30.0,14.0,150.0,30.0,14.0,150.0,66025.71312010026,264.10285248040105,20.0
803352,30.0,14.0,152.0,30.0,14.0,152.0,66341.83151890381,265.36732607561527,20.0
803353,30.0,14.0,154.0,30.0,14.0,154.0,67006.2728284006,268.0250913136024,20.0
803354,30.0,14.0,156.0,30.0,14.0,156.0,67984.25940133238,271.9370376053295,20.0
803355,30.0,14.0,158.0,30.0,14.0,158.0,69228.300175509,276.91320070203597,20.0
803356,30.0,14.0,160.0,30.0,14.0,160.0,70680.71410103417,282.7228564041367,20.0
803357,30.0,14.0,162.0,30.0,14.0,162.0,72276.59450994593,289.10637803978375,20.0
803358,30.0,14.0,164.0,30.0,14.0,164.0,73946.93074031784,295.78772296127136,20.0
803359,30.0,14.0,166.0,30.0,14.0,166.0,75621.6641787094,302.4866567148376,20.0
803360,30.0,14.0,168.0,30.0,14.0,168.0,77232.52139844415,308.9300855937766,20.0
803361,30.0,14.0,170.0,30.0,14.0,170.0,78715.52695968539,314.86210783874157,20.0
803362,30.0,14.0,172.0,30.0,14.0,172.0,80013.14725535938,320.05258902143754,20.0
803363,30.0,14.0,174.0,30.0,14.0,174.0,81076.05264344024,324.304210573761,20.0
803364,30.0,14.0,176.0,30.0,14.0,176.0,81864.50838345787,327.4580335338315,20.0
803365,30.0,14.0,178.0,30.0,14.0,178.0,82349.41721654471,329.39766886617883,20.0
803366,30.0,14.0,180.0,30.0,14.0,180.0,82513.03993629532,330.05215974518126,20.0
803367,30.0,16.0,0.0,30.0,16.0,0.0,66841.41731834423,267.3656692733769,20.0
803368,30.0,16.0,2.0,30.0,16.0,2.0,66691.2642138393,266.7650568553572,20.0
803369,30.0,16.0,4.0,30.0,16.0,4.0,66245.43282674339,264.9817313069736,20.0
803370,30.0,16.0,6.0,30.0,16.0,6.0,65517.73729547256,262.0709491818902,20.0
803371,30.0,16.0,8.0,30.0,16.0,8.0,64530.96308006239,258.12385232024957,20.0
803372,30.0,16.0,10.0,30.0,16.0,10.0,63316.489352595716,253.26595741038287,20.0
803373,30.0,16.0,12.0,30.0,16.0,12.0,61913.721066335005,247.65488426534003,20.0
803374,30.0,16.0,14.0,30.0,16.0,14.0,60369.295470301935,241.47718188120774,20.0
803375,30.0,16.0,16.0,30.0,16.0,16.0,58736.024141393646,234.9440965655746,20.0
803376,30.0,16.0,18.0,30.0,16.0,18.0,57071.53364653114,228.28613458612458,20.0
803377,30.0,16.0,20.0,30.0,16.0,20.0,55436.577858726494,221.74631143490598,20.0
803378,30.0,16.0,22.0,30.0,16.0,22.0,53893.01503637081,215.57206014548325,20.0
803379,30.0,16.0,24.0,30.0,16.0,24.0,52501.47511305275,210.005900452211,20.0
803380,30.0,16.0,26.0,30.0,16.0,26.0,51318.788390881266,205.27515356352507,20.0
803381,30.0,16.0,28.0,30.0,16.0,28.0,50395.30514234509,201.58122056938035,20.0
803382,30.0,16.0,30.0,30.0,16.0,30.0,49772.30223251066,199.08920893004264,20.0
803383,30.0,16.0,32.0,30.0,16.0,32.0,49479.738469337986,197.91895387735195,20.0
803384,30.0,16.0,34.0,30.0,16.0,34.0,49534.66937375154,198.13867749500616,20.0
803385,30.0,16.0,36.0,30.0,16.0,36.0,49940.642584068104,199.76257033627243,20.0
803386,30.0,16.0,38.0,30.0,16.0,38.0,50688.341887582996,202.753367550332,20.0
803387,30.0,16.0,40.0,30.0,16.0,40.0,51757.60939019997,207.0304375607999,20.0
803388,30.0,16.0,42.0,30.0,16.0,42.0,53120.74627469885,212.4829850987954,20.0
803389,30.0,16.0,44.0,30.0,16.0,44.0,54746.699680144106,218.98679872057642,20.0
803390,30.0,16.0,46.0,30.0,16.0,46.0,56605.45765673438,226.42183062693755,20.0
803391,30.0,16.0,48.0,30.0,16.0,48.0,58671.807767997634,234.68723107199054,20.0
803392,30.0,16.0,50.0,30.0,16.0,50.0,60927.6854023139,243.71074160925562,20.0
803393,30.0,16.0,52.0,30.0,16.0,52.0,63362.699556308195,253.45079822523277,20.0
803394,30.0,16.0,54.0,30.0,16.0,54.0,65972.99253320415,263.8919701328166,20.0
803395,30.0,16.0,56.0,30.0,16.0,56.0,68759.12869700241,275.03651478800964,20.0
803396,30.0,16.0,58.0,30.0,16.0,58.0,71723.93930769501,286.89575723078,20.0
803397,30.0,16.0,60.0,30.0,16.0,60.0,74871.06937000764,299.4842774800305,20.0
803398,30.0,16.0,62.0,30.0,16.0,62.0,78204.5721932676,312.8182887730704,20.0
803399,30.0,16.0,64.0,30.0,16.0,64.0,81729.63647577458,326.91854590309833,20.0
803400,30.0,16.0,66.0,30.0,16.0,66.0,85454.6296465503,341.8185185862012,20.0
803401,30.0,16.0,68.0,30.0,16.0,68.0,89395.07404259405,357.5802961703762,20.0
803402,30.0,16.0,70.0,30.0,16.0,70.0,93580.8924954231,374.3235699816924,20.0
803403,30.0,16.0,72.0,30.0,16.0,72.0,98069.47783683648,392.27791134734593,20.0
803404,30.0,16.0,74.0,30.0,16.0,74.0,102969.49331346792,411.8779732538717,20.0
803405,30.0,16.0,76.0,30.0,16.0,76.0,108485.18901407337,433.9407560562935,20.0
803406,30.0,16.0,78.0,30.0,16.0,78.0,115001.40729974993,460.0056291989997,20.0
803407,30.0,16.0,80.0,30.0,16.0,80.0,123250.99518568997,493.0039807427599,20.0
803408,30.0,16.0,82.0,30.0,16.0,82.0,134642.3494848587,538.5693979394349,20.0
803409,30.0,16.0,84.0,30.0,16.0,84.0,151809.2342886016,607.2369371544065,20.0
803410,30.0,16.0,86.0,30.0,16.0,86.0,178735.53959350818,714.9421583740327,20.0
803411,30.0,16.0,88.0,30.0,16.0,88.0,215205.8267909116,860.8233071636465,20.0
803412,30.0,16.0,90.0,30.0,16.0,90.0,236750.096545242,947.000386180968,20.0
803413,30.0,16.0,92.0,30.0,16.0,92.0,215205.8267909118,860.8233071636472,20.0
803414,30.0,16.0,94.0,30.0,16.0,94.0,178735.53959350838,714.9421583740335,20.0
803415,30.0,16.0,96.0,30.0,16.0,96.0,151809.23428860176,607.2369371544071,20.0
803416,30.0,16.0,98.0,30.0,16.0,98.0,134642.34948485869,538.5693979394348,20.0
803417,30.0,16.0,100.0,30.0,16.0,100.0,123250.99518568991,493.00398074275967,20.0
803418,30.0,16.0,102.0,30.0,16.0,102.0,115001.40729974993,460.0056291989997,20.0
803419,30.0,16.0,104.0,30.0,16.0,104.0,108485.18901407337,433.9407560562935,20.0
803420,30.0,16.0,106.0,30.0,16.0,106.0,102969.49331346794,411.8779732538718,20.0
803421,30.0,16.0,108.0,30.0,16.0,108.0,98069.4778368365,392.277911347346,20.0
803422,30.0,16.0,110.0,30.0,16.0,110.0,93580.89249542312,374.32356998169246,20.0
803423,30.0,16.0,112.0,30.0,16.0,112.0,89395.07404259407,357.5802961703763,20.0
803424,30.0,16.0,114.0,30.0,16.0,114.0,85454.62964655034,341.8185185862014,20.0
803425,30.0,16.0,116.0,30.0,16.0,116.0,81729.63647577453,326.91854590309816,20.0
803426,30.0,16.0,118.0,30.0,16.0,118.0,78204.57219326758,312.8182887730703,20.0
803427,30.0,16.0,120.0,30.0,16.0,120.0,74871.06937000764,299.4842774800305,20.0
803428,30.0,16.0,122.0,30.0,16.0,122.0,71723.93930769501,286.89575723078,20.0
803429,30.0,16.0,124.0,30.0,16.0,124.0,68759.12869700241,275.03651478800964,20.0
803430,30.0,16.0,126.0,30.0,16.0,126.0,65972.99253320416,263.89197013281665,20.0
803431,30.0,16.0,128.0,30.0,16.0,128.0,63362.69955630821,253.45079822523283,20.0
803432,30.0,16.0,130.0,30.0,16.0,130.0,60927.68540231392,243.71074160925568,20.0
803433,30.0,16.0,132.0,30.0,16.0,132.0,58671.80776799765,234.6872310719906,20.0
803434,30.0,16.0,134.0,30.0,16.0,134.0,56605.45765673437,226.4218306269375,20.0
803435,30.0,16.0,136.0,30.0,16.0,136.0,54746.699680144106,218.98679872057642,20.0
803436,30.0,16.0,138.0,30.0,16.0,138.0,53120.74627469885,212.4829850987954,20.0
803437,30.0,16.0,140.0,30.0,16.0,140.0,51757.60939019997,207.0304375607999,20.0
803438,30.0,16.0,142.0,30.0,16.0,142.0,50688.341887582996,202.753367550332,20.0
803439,30.0,16.0,144.0,30.0,16.0,144.0,49940.642584068104,199.76257033627243,20.0
803440,30.0,16.0,146.0,30.0,16.0,146.0,49534.66937375153,198.13867749500614,20.0
803441,30.0,16.0,148.0,30.0,16.0,148.0,49479.738469337986,197.91895387735195,20.0
803442,30.0,16.0,150.0,30.0,16.0,150.0,49772.30223251066,199.08920893004264,20.0
803443,30.0,16.0,152.0,30.0,16.0,152.0,50395.30514234509,201.58122056938035,20.0
803444,30.0,16.0,154.0,30.0,16.0,154.0,51318.78839088125,205.275153563525,20.0
803445,30.0,16.0,156.0,30.0,16.0,156.0,52501.47511305275,210.005900452211,20.0
803446,30.0,16.0,158.0,30.0,16.0,158.0,53893.01503637081,215.57206014548325,20.0
803447,30.0,16.0,160.0,30.0,16.0,160.0,55436.57785872651,221.74631143490603,20.0
803448,30.0,16.0,162.0,30.0,16.0,162.0,57071.53364653115,228.2861345861246,20.0
803449,30.0,16.0,164.0,30.0,16.0,164.0,58736.024141393646,234.9440965655746,20.0
803450,30.0,16.0,166.0,30.0,16.0,166.0,60369.295470301935,241.47718188120774,20.0
803451,30.0,16.0,168.0,30.0,16.0,168.0,61913.721066335005,247.65488426534003,20.0
803452,30.0,16.0,170.0,30.0,16.0,170.0,63316.489352595716,253.26595741038287,20.0
803453,30.0,16.0,172.0,30.0,16.0,172.0,64530.96308006239,258.12385232024957,20.0
803454,30.0,16.0,174.0,30.0,16.0,174.0,65517.73729547256,262.0709491818902,20.0
803455,30.0,16.0,176.0,30.0,16.0,176.0,66245.43282674339,264.9817313069736,20.0
803456,30.0,16.0,178.0,30.0,16.0,178.0,66691.2642138393,266.7650568553572,20.0
803457,30.0,16.0,180.0,30.0,16.0,180.0,66841.41731834423,267.3656692733769,20.0
803458,35.0,10.0,0.0,35.0,10.0,0.0,100610.24832878006,402.44099331512024,20.0
803459,35.0,10.0,2.0,35.0,10.0,2.0,100489.75465326662,401.95901861306646,20.0
803460,35.0,10.0,4.0,35.0,10.0,4.0,100132.51608387058,400.53006433548234,20.0
803461,35.0,10.0,6.0,35.0,10.0,6.0,99551.17275192158,398.20469100768634,20.0
803462,35.0,10.0,8.0,35.0,10.0,8.0,98766.49602461346,395.06598409845384,20.0
803463,35.0,10.0,10.0,35.0,10.0,10.0,97806.929250221,391.227717000884,20.0
803464,35.0,10.0,12.0,35.0,10.0,12.0,96707.91482750754,386.8316593100302,20.0
803465,35.0,10.0,14.0,35.0,10.0,14.0,95510.98242687318,382.04392970749274,20.0
803466,35.0,10.0,16.0,35.0,10.0,16.0,94262.57328195931,377.0502931278372,20.0
803467,35.0,10.0,18.0,35.0,10.0,18.0,93012.58164998329,372.05032659993316,20.0
803468,35.0,10.0,20.0,35.0,10.0,20.0,91812.60859719868,367.2504343887947,20.0
803469,35.0,10.0,22.0,35.0,10.0,22.0,90713.94684216416,362.85578736865665,20.0
803470,35.0,10.0,24.0,35.0,10.0,24.0,89765.34950254513,359.06139801018054,20.0
803471,35.0,10.0,26.0,35.0,10.0,26.0,89010.67990640778,356.0427196256311,20.0
803472,35.0,10.0,28.0,35.0,10.0,28.0,88486.59146440035,353.9463658576014,20.0
803473,35.0,10.0,30.0,35.0,10.0,30.0,88220.43977799668,352.88175911198675,20.0
803474,35.0,10.0,32.0,35.0,10.0,32.0,88228.67301586182,352.91469206344726,20.0
803475,35.0,10.0,34.0,35.0,10.0,34.0,88515.96573156562,354.0638629262625,20.0
803476,35.0,10.0,36.0,35.0,10.0,36.0,89075.33704434805,356.30134817739224,20.0
803477,35.0,10.0,38.0,35.0,10.0,38.0,89889.40875652088,359.5576350260835,20.0
803478,35.0,10.0,40.0,35.0,10.0,40.0,90932.80367924347,363.7312147169739,20.0
803479,35.0,10.0,42.0,35.0,10.0,42.0,92175.47009237752,368.7018803695101,20.0
803480,35.0,10.0,44.0,35.0,10.0,44.0,93586.48604853958,374.34594419415833,20.0
803481,35.0,10.0,46.0,35.0,10.0,46.0,95137.72114768795,380.55088459075176,20.0
803482,35.0,10.0,48.0,35.0,10.0,48.0,96806.70459113436,387.22681836453745,20.0
803483,35.0,10.0,50.0,35.0,10.0,50.0,98578.23441277925,394.312937651117,20.0
803484,35.0,10.0,52.0,35.0,10.0,52.0,100444.65161660218,401.7786064664087,20.0
803485,35.0,10.0,54.0,35.0,10.0,54.0,102405.16636654818,409.6206654661927,20.0
803486,35.0,10.0,56.0,35.0,10.0,56.0,104464.95303276744,417.85981213106976,20.0
803487,35.0,10.0,58.0,35.0,10.0,58.0,106634.76502005965,426.53906008023864,20.0
803488,35.0,10.0,60.0,35.0,10.0,60.0,108931.58624210831,435.7263449684333,20.0
803489,35.0,10.0,62.0,35.0,10.0,62.0,111380.56063215526,445.52224252862106,20.0
803490,35.0,10.0,64.0,35.0,10.0,64.0,114018.37236744688,456.07348946978755,20.0
803491,35.0,10.0,66.0,35.0,10.0,66.0,116898.46530047047,467.5938612018819,20.0
803492,35.0,10.0,68.0,35.0,10.0,68.0,120098.91847736304,480.39567390945217,20.0
803493,35.0,10.0,70.0,35.0,10.0,70.0,123734.38957787845,494.9375583115138,20.0
803494,35.0,10.0,72.0,35.0,10.0,72.0,127974.34614780715,511.8973845912286,20.0
803495,35.0,10.0,74.0,35.0,10.0,74.0,133070.8016271678,532.2832065086711,20.0
803496,35.0,10.0,76.0,35.0,10.0,76.0,139399.34786265396,557.5973914506159,20.0
803497,35.0,10.0,78.0,35.0,10.0,78.0,147514.5268148361,590.0581072593444,20.0
803498,35.0,10.0,80.0,35.0,10.0,80.0,158203.66829050553,632.8146731620221,20.0
803499,35.0,10.0,82.0,35.0,10.0,82.0,172457.38725219682,689.8295490087872,20.0
803500,35.0,10.0,84.0,35.0,10.0,84.0,191075.10782484262,764.3004312993705,20.0
803501,35.0,10.0,86.0,35.0,10.0,86.0,213246.76487159156,852.9870594863662,20.0
803502,35.0,10.0,88.0,35.0,10.0,88.0,233771.0359145691,935.0841436582764,20.0
803503,35.0,10.0,90.0,35.0,10.0,90.0,242618.6760020327,970.4747040081309,20.0
803504,35.0,10.0,92.0,35.0,10.0,92.0,233771.03591456922,935.0841436582768,20.0
803505,35.0,10.0,94.0,35.0,10.0,94.0,213246.76487159176,852.987059486367,20.0
803506,35.0,10.0,96.0,35.0,10.0,96.0,191075.1078248428,764.3004312993712,20.0
803507,35.0,10.0,98.0,35.0,10.0,98.0,172457.38725219676,689.829549008787,20.0
803508,35.0,10.0,100.0,35.0,10.0,100.0,158203.6682905055,632.814673162022,20.0
803509,35.0,10.0,102.0,35.0,10.0,102.0,147514.5268148361,590.0581072593444,20.0
803510,35.0,10.0,104.0,35.0,10.0,104.0,139399.34786265396,557.5973914506159,20.0
803511,35.0,10.0,106.0,35.0,10.0,106.0,133070.8016271678,532.2832065086711,20.0
803512,35.0,10.0,108.0,35.0,10.0,108.0,127974.34614780717,511.8973845912287,20.0
803513,35.0,10.0,110.0,35.0,10.0,110.0,123734.38957787845,494.9375583115138,20.0
803514,35.0,10.0,112.0,35.0,10.0,112.0,120098.91847736304,480.39567390945217,20.0
803515,35.0,10.0,114.0,35.0,10.0,114.0,116898.4653004705,467.593861201882,20.0
803516,35.0,10.0,116.0,35.0,10.0,116.0,114018.37236744683,456.0734894697874,20.0
803517,35.0,10.0,118.0,35.0,10.0,118.0,111380.56063215526,445.52224252862106,20.0
803518,35.0,10.0,120.0,35.0,10.0,120.0,108931.58624210831,435.7263449684333,20.0
803519,35.0,10.0,122.0,35.0,10.0,122.0,106634.76502005965,426.53906008023864,20.0
803520,35.0,10.0,124.0,35.0,10.0,124.0,104464.95303276744,417.85981213106976,20.0
803521,35.0,10.0,126.0,35.0,10.0,126.0,102405.16636654819,409.62066546619275,20.0
803522,35.0,10.0,128.0,35.0,10.0,128.0,100444.65161660222,401.77860646640886,20.0
803523,35.0,10.0,130.0,35.0,10.0,130.0,98578.23441277929,394.3129376511172,20.0
803524,35.0,10.0,132.0,35.0,10.0,132.0,96806.70459113436,387.22681836453745,20.0
803525,35.0,10.0,134.0,35.0,10.0,134.0,95137.72114768792,380.55088459075165,20.0
803526,35.0,10.0,136.0,35.0,10.0,136.0,93586.48604853959,374.3459441941584,20.0
803527,35.0,10.0,138.0,35.0,10.0,138.0,92175.47009237752,368.7018803695101,20.0
803528,35.0,10.0,140.0,35.0,10.0,140.0,90932.80367924347,363.7312147169739,20.0
803529,35.0,10.0,142.0,35.0,10.0,142.0,89889.40875652088,359.5576350260835,20.0
803530,35.0,10.0,144.0,35.0,10.0,144.0,89075.33704434805,356.30134817739224,20.0
803531,35.0,10.0,146.0,35.0,10.0,146.0,88515.96573156561,354.06386292626246,20.0
803532,35.0,10.0,148.0,35.0,10.0,148.0,88228.67301586182,352.91469206344726,20.0
803533,35.0,10.0,150.0,35.0,10.0,150.0,88220.43977799668,352.88175911198675,20.0
803534,35.0,10.0,152.0,35.0,10.0,152.0,88486.59146440035,353.9463658576014,20.0
803535,35.0,10.0,154.0,35.0,10.0,154.0,89010.67990640775,356.042719625631,20.0
803536,35.0,10.0,156.0,35.0,10.0,156.0,89765.34950254513,359.06139801018054,20.0
803537,35.0,10.0,158.0,35.0,10.0,158.0,90713.94684216416,362.85578736865665,20.0
803538,35.0,10.0,160.0,35.0,10.0,160.0,91812.60859719869,367.25043438879476,20.0
803539,35.0,10.0,162.0,35.0,10.0,162.0,93012.58164998332,372.05032659993327,20.0
803540,35.0,10.0,164.0,35.0,10.0,164.0,94262.5732819593,377.05029312783716,20.0
803541,35.0,10.0,166.0,35.0,10.0,166.0,95510.98242687318,382.04392970749274,20.0
803542,35.0,10.0,168.0,35.0,10.0,168.0,96707.91482750756,386.83165931003026,20.0
803543,35.0,10.0,170.0,35.0,10.0,170.0,97806.929250221,391.227717000884,20.0
803544,35.0,10.0,172.0,35.0,10.0,172.0,98766.49602461346,395.06598409845384,20.0
803545,35.0,10.0,174.0,35.0,10.0,174.0,99551.17275192158,398.20469100768634,20.0
803546,35.0,10.0,176.0,35.0,10.0,176.0,100132.51608387058,400.53006433548234,20.0
803547,35.0,10.0,178.0,35.0,10.0,178.0,100489.75465326662,401.95901861306646,20.0
803548,35.0,10.0,180.0,35.0,10.0,180.0,100610.24832878006,402.44099331512024,20.0
803549,35.0,12.0,0.0,35.0,12.0,0.0,81479.66030814633,325.9186412325853,20.0
803550,35.0,12.0,2.0,35.0,12.0,2.0,81372.24909555103,325.4889963822041,20.0
803551,35.0,12.0,4.0,35.0,12.0,4.0,81053.35275867903,324.2134110347161,20.0
803552,35.0,12.0,6.0,35.0,12.0,6.0,80532.94160100716,322.1317664040286,20.0
803553,35.0,12.0,8.0,35.0,12.0,8.0,79827.48941167525,319.30995764670104,20.0
803554,35.0,12.0,10.0,35.0,12.0,10.0,78959.7421239294,315.8389684957176,20.0
803555,35.0,12.0,12.0,35.0,12.0,12.0,77958.36235834872,311.8334494333949,20.0
803556,35.0,12.0,14.0,35.0,12.0,14.0,76857.42069300785,307.4296827720314,20.0
803557,35.0,12.0,16.0,35.0,12.0,16.0,75695.7001154472,302.7828004617888,20.0
803558,35.0,12.0,18.0,35.0,12.0,18.0,74515.77948943933,298.0631179577573,20.0
803559,35.0,12.0,20.0,35.0,12.0,20.0,73362.8666399324,293.4514665597296,20.0
803560,35.0,12.0,22.0,35.0,12.0,22.0,72283.36371930338,289.1334548772135,20.0
803561,35.0,12.0,24.0,35.0,12.0,24.0,71323.16881219618,285.29267524878475,20.0
803562,35.0,12.0,26.0,35.0,12.0,26.0,70525.74980934963,282.10299923739854,20.0
803563,35.0,12.0,28.0,35.0,12.0,28.0,69930.06982686523,279.72027930746094,20.0
803564,35.0,12.0,30.0,35.0,12.0,30.0,69568.49601846215,278.27398407384857,20.0
803565,35.0,12.0,32.0,35.0,12.0,32.0,69464.88007118068,277.85952028472275,20.0
803566,35.0,12.0,34.0,35.0,12.0,34.0,69633.04858255973,278.5321943302389,20.0
803567,35.0,12.0,36.0,35.0,12.0,36.0,70075.96883973374,280.303875358935,20.0
803568,35.0,12.0,38.0,35.0,12.0,38.0,70785.83963912241,283.14335855648966,20.0
803569,35.0,12.0,40.0,35.0,12.0,40.0,71745.27681087729,286.98110724350914,20.0
803570,35.0,12.0,42.0,35.0,12.0,42.0,72929.60668052573,291.71842672210295,20.0
803571,35.0,12.0,44.0,35.0,12.0,44.0,74310.05700231135,297.2402280092454,20.0
803572,35.0,12.0,46.0,35.0,12.0,46.0,75857.38807669058,303.42955230676233,20.0
803573,35.0,12.0,48.0,35.0,12.0,48.0,77545.32032101914,310.1812812840766,20.0
803574,35.0,12.0,50.0,35.0,12.0,50.0,79353.09317729411,317.41237270917645,20.0
803575,35.0,12.0,52.0,35.0,12.0,52.0,81266.70970843088,325.0668388337235,20.0
803576,35.0,12.0,54.0,35.0,12.0,54.0,83278.85887054783,333.11543548219134,20.0
803577,35.0,12.0,56.0,35.0,12.0,56.0,85388.00181894541,341.55200727578165,20.0
803578,35.0,12.0,58.0,35.0,12.0,58.0,87597.4166954904,350.38966678196164,20.0
803579,35.0,12.0,60.0,35.0,12.0,60.0,89914.96210913666,359.6598484365466,20.0
803580,35.0,12.0,62.0,35.0,12.0,62.0,92354.0338482851,369.4161353931404,20.0
803581,35.0,12.0,64.0,35.0,12.0,64.0,94935.95003080252,379.74380012321006,20.0
803582,35.0,12.0,66.0,35.0,12.0,66.0,97694.06171749016,390.77624686996063,20.0
803583,35.0,12.0,68.0,35.0,12.0,68.0,100680.28867492816,402.72115469971266,20.0
803584,35.0,12.0,70.0,35.0,12.0,70.0,103975.47631173117,415.9019052469247,20.0
803585,35.0,12.0,72.0,35.0,12.0,72.0,107706.05986701282,430.8242394680513,20.0
803586,35.0,12.0,74.0,35.0,12.0,74.0,112071.30528511992,448.2852211404797,20.0
803587,35.0,12.0,76.0,35.0,12.0,76.0,117388.18054090263,469.5527221636105,20.0
803588,35.0,12.0,78.0,35.0,12.0,78.0,124164.10069747151,496.65640278988604,20.0
803589,35.0,12.0,80.0,35.0,12.0,80.0,133205.44261861092,532.8217704744437,20.0
803590,35.0,12.0,82.0,35.0,12.0,82.0,145731.2098273867,582.9248393095468,20.0
803591,35.0,12.0,84.0,35.0,12.0,84.0,163262.12034726102,653.0484813890441,20.0
803592,35.0,12.0,86.0,35.0,12.0,86.0,186361.45608033275,745.445824321331,20.0
803593,35.0,12.0,88.0,35.0,12.0,88.0,210403.80643362223,841.615225734489,20.0
803594,35.0,12.0,90.0,35.0,12.0,90.0,221696.59784293914,886.7863913717566,20.0
803595,35.0,12.0,92.0,35.0,12.0,92.0,210403.80643362235,841.6152257344894,20.0
803596,35.0,12.0,94.0,35.0,12.0,94.0,186361.45608033292,745.4458243213317,20.0
803597,35.0,12.0,96.0,35.0,12.0,96.0,163262.1203472612,653.0484813890448,20.0
803598,35.0,12.0,98.0,35.0,12.0,98.0,145731.2098273866,582.9248393095464,20.0
803599,35.0,12.0,100.0,35.0,12.0,100.0,133205.4426186109,532.8217704744436,20.0
803600,35.0,12.0,102.0,35.0,12.0,102.0,124164.10069747151,496.65640278988604,20.0
803601,35.0,12.0,104.0,35.0,12.0,104.0,117388.18054090263,469.5527221636105,20.0
803602,35.0,12.0,106.0,35.0,12.0,106.0,112071.30528511995,448.2852211404798,20.0
803603,35.0,12.0,108.0,35.0,12.0,108.0,107706.05986701284,430.82423946805136,20.0
803604,35.0,12.0,110.0,35.0,12.0,110.0,103975.47631173118,415.90190524692474,20.0
803605,35.0,12.0,112.0,35.0,12.0,112.0,100680.28867492819,402.72115469971277,20.0
803606,35.0,12.0,114.0,35.0,12.0,114.0,97694.06171749017,390.7762468699607,20.0
803607,35.0,12.0,116.0,35.0,12.0,116.0,94935.95003080249,379.74380012320995,20.0
803608,35.0,12.0,118.0,35.0,12.0,118.0,92354.0338482851,369.4161353931404,20.0
803609,35.0,12.0,120.0,35.0,12.0,120.0,89914.96210913666,359.6598484365466,20.0
803610,35.0,12.0,122.0,35.0,12.0,122.0,87597.4166954904,350.38966678196164,20.0
803611,35.0,12.0,124.0,35.0,12.0,124.0,85388.00181894541,341.55200727578165,20.0
803612,35.0,12.0,126.0,35.0,12.0,126.0,83278.85887054785,333.1154354821914,20.0
803613,35.0,12.0,128.0,35.0,12.0,128.0,81266.7097084309,325.06683883372364,20.0
803614,35.0,12.0,130.0,35.0,12.0,130.0,79353.09317729414,317.41237270917657,20.0
803615,35.0,12.0,132.0,35.0,12.0,132.0,77545.32032101914,310.1812812840766,20.0
803616,35.0,12.0,134.0,35.0,12.0,134.0,75857.38807669055,303.4295523067622,20.0
803617,35.0,12.0,136.0,35.0,12.0,136.0,74310.05700231135,297.2402280092454,20.0
803618,35.0,12.0,138.0,35.0,12.0,138.0,72929.60668052573,291.71842672210295,20.0
803619,35.0,12.0,140.0,35.0,12.0,140.0,71745.27681087729,286.98110724350914,20.0
803620,35.0,12.0,142.0,35.0,12.0,142.0,70785.83963912241,283.14335855648966,20.0
803621,35.0,12.0,144.0,35.0,12.0,144.0,70075.96883973374,280.303875358935,20.0
803622,35.0,12.0,146.0,35.0,12.0,146.0,69633.04858255971,278.53219433023884,20.0
803623,35.0,12.0,148.0,35.0,12.0,148.0,69464.88007118068,277.85952028472275,20.0
803624,35.0,12.0,150.0,35.0,12.0,150.0,69568.49601846212,278.27398407384845,20.0
803625,35.0,12.0,152.0,35.0,12.0,152.0,69930.06982686523,279.72027930746094,20.0
803626,35.0,12.0,154.0,35.0,12.0,154.0,70525.74980934963,282.1029992373985,20.0
803627,35.0,12.0,156.0,35.0,12.0,156.0,71323.16881219618,285.29267524878475,20.0
803628,35.0,12.0,158.0,35.0,12.0,158.0,72283.36371930338,289.1334548772135,20.0
803629,35.0,12.0,160.0,35.0,12.0,160.0,73362.8666399324,293.4514665597296,20.0
803630,35.0,12.0,162.0,35.0,12.0,162.0,74515.77948943933,298.0631179577573,20.0
803631,35.0,12.0,164.0,35.0,12.0,164.0,75695.7001154472,302.7828004617888,20.0
803632,35.0,12.0,166.0,35.0,12.0,166.0,76857.42069300785,307.4296827720314,20.0
803633,35.0,12.0,168.0,35.0,12.0,168.0,77958.36235834874,311.83344943339495,20.0
803634,35.0,12.0,170.0,35.0,12.0,170.0,78959.7421239294,315.8389684957176,20.0
803635,35.0,12.0,172.0,35.0,12.0,172.0,79827.48941167525,319.30995764670104,20.0
803636,35.0,12.0,174.0,35.0,12.0,174.0,80532.94160100716,322.1317664040286,20.0
803637,35.0,12.0,176.0,35.0,12.0,176.0,81053.35275867903,324.2134110347161,20.0
803638,35.0,12.0,178.0,35.0,12.0,178.0,81372.24909555103,325.4889963822041,20.0
803639,35.0,12.0,180.0,35.0,12.0,180.0,81479.66030814633,325.9186412325853,20.0
803640,35.0,14.0,0.0,35.0,14.0,0.0,64653.28814209337,258.6131525683735,20.0
803641,35.0,14.0,2.0,35.0,14.0,2.0,64553.935716178516,258.21574286471406,20.0
803642,35.0,14.0,4.0,35.0,14.0,4.0,64258.49587378478,257.0339834951391,20.0
803643,35.0,14.0,6.0,35.0,14.0,6.0,63774.80855296774,255.09923421187096,20.0
803644,35.0,14.0,8.0,35.0,14.0,8.0,63115.89497963096,252.46357991852386,20.0
803645,35.0,14.0,10.0,35.0,14.0,10.0,62299.87533588916,249.19950134355665,20.0
803646,35.0,14.0,12.0,35.0,14.0,12.0,61349.82511471645,245.3993004588658,20.0
803647,35.0,14.0,14.0,35.0,14.0,14.0,60293.54257171456,241.17417028685824,20.0
803648,35.0,14.0,16.0,35.0,14.0,16.0,59163.193355654774,236.6527734226191,20.0
803649,35.0,14.0,18.0,35.0,14.0,18.0,57994.793978869726,231.97917591547892,20.0
803650,35.0,14.0,20.0,35.0,14.0,20.0,56827.49451918189,227.30997807672756,20.0
803651,35.0,14.0,22.0,35.0,14.0,22.0,55702.62450910146,222.81049803640585,20.0
803652,35.0,14.0,24.0,35.0,14.0,24.0,54662.476448241236,218.64990579296494,20.0
803653,35.0,14.0,26.0,35.0,14.0,26.0,53748.8210643027,214.99528425721078,20.0
803654,35.0,14.0,28.0,35.0,14.0,28.0,53001.179414378676,212.0047176575147,20.0
803655,35.0,14.0,30.0,35.0,14.0,30.0,52454.92021661549,209.81968086646194,20.0
803656,35.0,14.0,32.0,35.0,14.0,32.0,52139.305253839564,208.55722101535827,20.0
803657,35.0,14.0,34.0,35.0,14.0,34.0,52075.6662572584,208.30266502903362,20.0
803658,35.0,14.0,36.0,35.0,14.0,36.0,52275.952708490935,209.10381083396373,20.0
803659,35.0,14.0,38.0,35.0,14.0,38.0,52741.924071252106,210.96769628500843,20.0
803660,35.0,14.0,40.0,35.0,14.0,40.0,53465.24867538994,213.86099470155978,20.0
803661,35.0,14.0,42.0,35.0,14.0,42.0,54428.69008419293,217.71476033677172,20.0
803662,35.0,14.0,44.0,35.0,14.0,44.0,55608.39455104147,222.43357820416588,20.0
803663,35.0,14.0,46.0,35.0,14.0,46.0,56977.04945979543,227.90819783918172,20.0
803664,35.0,14.0,48.0,35.0,14.0,48.0,58507.41388567686,234.02965554270745,20.0
803665,35.0,14.0,50.0,35.0,14.0,50.0,60175.52777489464,240.70211109957856,20.0
803666,35.0,14.0,52.0,35.0,14.0,52.0,61962.908499094396,247.8516339963776,20.0
803667,35.0,14.0,54.0,35.0,14.0,54.0,63857.32340066688,255.4292936026675,20.0
803668,35.0,14.0,56.0,35.0,14.0,56.0,65852.23578196329,263.40894312785315,20.0
803669,35.0,14.0,58.0,35.0,14.0,58.0,67945.54385465613,271.78217541862455,20.0
803670,35.0,14.0,60.0,35.0,14.0,60.0,70138.48435423049,280.55393741692194,20.0
803671,35.0,14.0,62.0,35.0,14.0,62.0,72435.43204484774,289.741728179391,20.0
803672,35.0,14.0,64.0,35.0,14.0,64.0,74844.98783297856,299.37995133191424,20.0
803673,35.0,14.0,66.0,35.0,14.0,66.0,77382.58381272986,309.53033525091945,20.0
803674,35.0,14.0,68.0,35.0,14.0,68.0,80075.06900597992,320.3002760239197,20.0
803675,35.0,14.0,70.0,35.0,14.0,70.0,82968.37493978272,331.8734997591309,20.0
803676,35.0,14.0,72.0,35.0,14.0,72.0,86140.45715256233,344.56182861024934,20.0
803677,35.0,14.0,74.0,35.0,14.0,74.0,89723.69365863202,358.8947746345281,20.0
803678,35.0,14.0,76.0,35.0,14.0,76.0,93944.75753899806,375.77903015599225,20.0
803679,35.0,14.0,78.0,35.0,14.0,78.0,99197.3106539102,396.78924261564083,20.0
803680,35.0,14.0,80.0,35.0,14.0,80.0,106174.96352240304,424.69985408961213,20.0
803681,35.0,14.0,82.0,35.0,14.0,82.0,116098.52134345574,464.394085373823,20.0
803682,35.0,14.0,84.0,35.0,14.0,84.0,130977.13308452137,523.9085323380855,20.0
803683,35.0,14.0,86.0,35.0,14.0,86.0,153108.70288962655,612.4348115585062,20.0
803684,35.0,14.0,88.0,35.0,14.0,88.0,180218.3535285434,720.8734141141737,20.0
803685,35.0,14.0,90.0,35.0,14.0,90.0,194765.082316539,779.0603292661559,20.0
803686,35.0,14.0,92.0,35.0,14.0,92.0,180218.3535285435,720.873414114174,20.0
803687,35.0,14.0,94.0,35.0,14.0,94.0,153108.70288962676,612.434811558507,20.0
803688,35.0,14.0,96.0,35.0,14.0,96.0,130977.13308452151,523.908532338086,20.0
803689,35.0,14.0,98.0,35.0,14.0,98.0,116098.52134345568,464.39408537382275,20.0
803690,35.0,14.0,100.0,35.0,14.0,100.0,106174.96352240302,424.6998540896121,20.0
803691,35.0,14.0,102.0,35.0,14.0,102.0,99197.3106539102,396.78924261564083,20.0
803692,35.0,14.0,104.0,35.0,14.0,104.0,93944.75753899806,375.77903015599225,20.0
803693,35.0,14.0,106.0,35.0,14.0,106.0,89723.69365863202,358.8947746345281,20.0
803694,35.0,14.0,108.0,35.0,14.0,108.0,86140.45715256236,344.56182861024945,20.0
803695,35.0,14.0,110.0,35.0,14.0,110.0,82968.37493978273,331.87349975913094,20.0
803696,35.0,14.0,112.0,35.0,14.0,112.0,80075.06900597992,320.3002760239197,20.0
803697,35.0,14.0,114.0,35.0,14.0,114.0,77382.58381272989,309.53033525091956,20.0
803698,35.0,14.0,116.0,35.0,14.0,116.0,74844.98783297853,299.3799513319141,20.0
803699,35.0,14.0,118.0,35.0,14.0,118.0,72435.43204484774,289.741728179391,20.0
803700,35.0,14.0,120.0,35.0,14.0,120.0,70138.48435423049,280.55393741692194,20.0
803701,35.0,14.0,122.0,35.0,14.0,122.0,67945.54385465613,271.78217541862455,20.0
803702,35.0,14.0,124.0,35.0,14.0,124.0,65852.23578196329,263.40894312785315,20.0
803703,35.0,14.0,126.0,35.0,14.0,126.0,63857.32340066688,255.4292936026675,20.0
803704,35.0,14.0,128.0,35.0,14.0,128.0,61962.908499094425,247.8516339963777,20.0
803705,35.0,14.0,130.0,35.0,14.0,130.0,60175.527774894654,240.70211109957862,20.0
803706,35.0,14.0,132.0,35.0,14.0,132.0,58507.41388567686,234.02965554270745,20.0
803707,35.0,14.0,134.0,35.0,14.0,134.0,56977.049459795424,227.9081978391817,20.0
803708,35.0,14.0,136.0,35.0,14.0,136.0,55608.39455104148,222.4335782041659,20.0
803709,35.0,14.0,138.0,35.0,14.0,138.0,54428.69008419293,217.71476033677172,20.0
803710,35.0,14.0,140.0,35.0,14.0,140.0,53465.24867538994,213.86099470155978,20.0
803711,35.0,14.0,142.0,35.0,14.0,142.0,52741.924071252106,210.96769628500843,20.0
803712,35.0,14.0,144.0,35.0,14.0,144.0,52275.952708490935,209.10381083396373,20.0
803713,35.0,14.0,146.0,35.0,14.0,146.0,52075.666257258395,208.3026650290336,20.0
803714,35.0,14.0,148.0,35.0,14.0,148.0,52139.30525383957,208.5572210153583,20.0
803715,35.0,14.0,150.0,35.0,14.0,150.0,52454.920216615494,209.81968086646197,20.0
803716,35.0,14.0,152.0,35.0,14.0,152.0,53001.179414378676,212.0047176575147,20.0
803717,35.0,14.0,154.0,35.0,14.0,154.0,53748.821064302676,214.9952842572107,20.0
803718,35.0,14.0,156.0,35.0,14.0,156.0,54662.476448241236,218.64990579296494,20.0
803719,35.0,14.0,158.0,35.0,14.0,158.0,55702.62450910146,222.81049803640585,20.0
803720,35.0,14.0,160.0,35.0,14.0,160.0,56827.4945191819,227.3099780767276,20.0
803721,35.0,14.0,162.0,35.0,14.0,162.0,57994.79397886973,231.97917591547895,20.0
803722,35.0,14.0,164.0,35.0,14.0,164.0,59163.193355654774,236.6527734226191,20.0
803723,35.0,14.0,166.0,35.0,14.0,166.0,60293.54257171456,241.17417028685824,20.0
803724,35.0,14.0,168.0,35.0,14.0,168.0,61349.82511471645,245.3993004588658,20.0
803725,35.0,14.0,170.0,35.0,14.0,170.0,62299.87533588916,249.19950134355665,20.0
803726,35.0,14.0,172.0,35.0,14.0,172.0,63115.89497963096,252.46357991852386,20.0
803727,35.0,14.0,174.0,35.0,14.0,174.0,63774.80855296774,255.09923421187096,20.0
803728,35.0,14.0,176.0,35.0,14.0,176.0,64258.49587378478,257.0339834951391,20.0
803729,35.0,14.0,178.0,35.0,14.0,178.0,64553.935716178516,258.21574286471406,20.0
803730,35.0,14.0,180.0,35.0,14.0,180.0,64653.28814209337,258.6131525683735,20.0
