source_row,nominal_temperature_k,nominal_field_t,nominal_angle_deg,temperature_k,applied_field_t,angle_from_normal_deg,ic_a_per_m,bridge_ic_a,n_value
800000,10.0,12.0,0.0,10.0,12.0,0.0,89568.04543363044,358.2721817345218,20.0
800001,10.0,12.0,2.0,10.0,12.0,2.0,89527.20558048283,358.1088223219313,20.0
800002,10.0,12.0,4.0,10.0,12.0,4.0,89406.85874609511,357.62743498438044,20.0
800003,10.0,12.0,6.0,10.0,12.0,6.0,89213.46991917289,356.8538796766916,20.0
800004,10.0,12.0,8.0,10.0,12.0,8.0,88957.63492527472,355.83053970109887,20.0
800005,10.0,12.0,10.0,10.0,12.0,10.0,88653.805482823,354.61522193129196,20.0
800006,10.0,12.0,12.0,10.0,12.0,12.0,88319.89305058277,353.2795722023311,20.0
800007,10.0,12.0,14.0,10.0,12.0,14.0,87976.7430749892,351.9069722999568,20.0
800008,10.0,12.0,16.0,10.0,12.0,16.0,87647.47303882029,350.5898921552812,20.0
800009,10.0,12.0,18.0,10.0,12.0,18.0,87356.67281077887,349.4266912431155,20.0
800010,10.0,12.0,20.0,10.0,12.0,20.0,87129.47495614157,348.51789982456626,20.0
800011,10.0,12.0,22.0,10.0,12.0,22.0,86990.5164270786,347.9620657083144,20.0
800012,10.0,12.0,24.0,10.0,12.0,24.0,86962.83144997573,347.8513257999029,20.0
800013,10.0,12.0,26.0,10.0,12.0,26.0,87066.73763741823,348.26695054967297,20.0
800014,10.0,12.0,28.0,10.0,12.0,28.0,87318.80121953164,349.27520487812654,20.0
800015,10.0,12.0,30.0,10.0,12.0,30.0,87730.98889785657,350.9239555914263,20.0
800016,10.0,12.0,32.0,10.0,12.0,32.0,88310.12728717398,353.24050914869593,20.0
800017,10.0,12.0,34.0,10.0,12.0,34.0,89057.78870460951,356.2311548184381,20.0
800018,10.0,12.0,36.0,10.0,12.0,36.0,89970.69635088352,359.88278540353406,20.0
800019,10.0,12.0,38.0,10.0,12.0,38.0,91041.68723055361,364.1667489222144,20.0
800020,10.0,12.0,40.0,10.0,12.0,40.0,92261.18843834006,369.0447537533602,20.0
800021,10.0,12.0,42.0,10.0,12.0,42.0,93619.06369173591,374.4762547669436,20.0
800022,10.0,12.0,44.0,10.0,12.0,44.0,95106.59806853594,380.4263922741438,20.0
800023,10.0,12.0,46.0,10.0,12.0,46.0,96718.34685607173,386.87338742428693,20.0
800024,10.0,12.0,48.0,10.0,12.0,48.0,98453.61567696069,393.8144627078428,20.0
800025,10.0,12.0,50.0,10.0,12.0,50.0,100317.4787471983,401.26991498879323,20.0
800026,10.0,12.0,52.0,10.0,12.0,52.0,102321.45339167649,409.285813566706,20.0
800027,10.0,12.0,54.0,10.0,12.0,54.0,104484.16095858016,417.93664383432065,20.0
800028,10.0,12.0,56.0,10.0,12.0,56.0,106832.43608135554,427.32974432542215,20.0
800029,10.0,12.0,58.0,10.0,12.0,58.0,109403.36866426314,437.61347465705256,20.0
800030,10.0,12.0,60.0,10.0,12.0,60.0,112247.74223240122,448.9909689296049,20.0
800031,10.0,12.0,62.0,10.0,12.0,62.0,115435.40412316623,461.74161649266495,20.0
800032,10.0,12.0,64.0,10.0,12.0,64.0,119063.39396950614,476.25357587802455,20.0
800033,10.0,12.0,66.0,10.0,12.0,66.0,123268.24920097877,493.0729968039151,20.0
800034,10.0,12.0,68.0,10.0,12.0,68.0,128244.9078646435,512.979631458574,20.0
800035,10.0,12.0,70.0,10.0,12.0,70.0,134276.2887695234,537.1051550780936,20.0
800036,10.0,12.0,72.0,10.0,12.0,72.0,141780.40400117202,567.1216160046881,20.0
800037,10.0,12.0,74.0,10.0,12.0,74.0,151386.3622024502,605.5454488098007,20.0
800038,10.0,12.0,76.0,10.0,12.0,76.0,164057.0407995523,656.2281631982092,20.0
800039,10.0,12.0,78.0,10.0,12.0,78.0,181281.1900926316,725.1247603705264,20.0
800040,10.0,12.0,80.0,10.0,12.0,80.0,205340.57654248454,821.3623061699382,20.0
800041,10.0,12.0,82.0,10.0,12.0,82.0,239526.45994529105,958.1058397811643,20.0
800042,10.0,12.0,84.0,10.0,12.0,84.0,287604.1423204389,1150.4165692817558,20.0
800043,10.0,12.0,86.0,10.0,12.0,86.0,350089.23705562204,1400.3569482224882,20.0
800044,10.0,12.0,88.0,10.0,12.0,88.0,413480.1473045808,1653.9205892183231,20.0
800045,10.0,12.0,90.0,10.0,12.0,90.0,442615.8788087034,1770.4635152348135,20.0
800046,10.0,12.0,92.0,10.0,12.0,92.0,413480.147304581,1653.920589218324,20.0
800047,10.0,12.0,94.0,10.0,12.0,94.0,350089.2370556225,1400.35694822249,20.0
800048,10.0,12.0,96.0,10.0,12.0,96.0,287604.14232043934,1150.4165692817573,20.0
800049,10.0,12.0,98.0,10.0,12.0,98.0,239526.45994529093,958.1058397811637,20.0
800050,10.0,12.0,100.0,10.0,12.0,100.0,205340.5765424845,821.3623061699379,20.0
800051,10.0,12.0,102.0,10.0,12.0,102.0,181281.1900926316,725.1247603705264,20.0
800052,10.0,12.0,104.0,10.0,12.0,104.0,164057.0407995523,656.2281631982092,20.0
800053,10.0,12.0,106.0,10.0,12.0,106.0,151386.3622024502,605.5454488098007,20.0
800054,10.0,12.0,108.0,10.0,12.0,108.0,141780.40400117208,567.1216160046883,20.0
800055,10.0,12.0,110.0,10.0,12.0,110.0,134276.2887695234,537.1051550780936,20.0
800056,10.0,12.0,112.0,10.0,12.0,112.0,128244.90786464352,512.9796314585741,20.0
800057,10.0,12.0,114.0,10.0,12.0,114.0,123268.2492009788,493.0729968039152,20.0
800058,10.0,12.0,116.0,10.0,12.0,116.0,119063.39396950613,476.2535758780245,20.0
800059,10.0,12.0,118.0,10.0,12.0,118.0,115435.40412316623,461.74161649266495,20.0
800060,10.0,12.0,120.0,10.0,12.0,120.0,112247.74223240122,448.9909689296049,20.0
800061,10.0,12.0,122.0,10.0,12.0,122.0,109403.36866426314,437.61347465705256,20.0
800062,10.0,12.0,124.0,10.0,12.0,124.0,106832.43608135554,427.32974432542215,20.0
800063,10.0,12.0,126.0,10.0,12.0,126.0,104484.16095858018,417.9366438343207,20.0
800064,10.0,12.0,128.0,10.0,12.0,128.0,102321.45339167654,409.28581356670617,20.0
800065,10.0,12.0,130.0,10.0,12.0,130.0,100317.47874719836,401.26991498879346,20.0
800066,10.0,12.0,132.0,10.0,12.0,132.0,98453.61567696069,393.8144627078428,20.0
800067,10.0,12.0,134.0,10.0,12.0,134.0,96718.3468560717,386.8733874242868,20.0
800068,10.0,12.0,136.0,10.0,12.0,136.0,95106.59806853594,380.4263922741438,20.0
800069,10.0,12.0,138.0,10.0,12.0,138.0,93619.06369173591,374.4762547669436,20.0
800070,10.0,12.0,140.0,10.0,12.0,140.0,92261.18843834006,369.0447537533602,20.0
800071,10.0,12.0,142.0,10.0,12.0,142.0,91041.68723055361,364.1667489222144,20.0
800072,10.0,12.0,144.0,10.0,12.0,144.0,89970.6963508835,359.882785403534,20.0
800073,10.0,12.0,146.0,10.0,12.0,146.0,89057.78870460951,356.2311548184381,20.0
800074,10.0,12.0,148.0,10.0,12.0,148.0,88310.12728717401,353.24050914869605,20.0
800075,10.0,12.0,150.0,10.0,12.0,150.0,87730.98889785656,350.92395559142625,20.0
800076,10.0,12.0,152.0,10.0,12.0,152.0,87318.80121953164,349.27520487812654,20.0
800077,10.0,12.0,154.0,10.0,12.0,154.0,87066.7376374182,348.26695054967286,20.0
800078,10.0,12.0,156.0,10.0,12.0,156.0,86962.83144997573,347.8513257999029,20.0
800079,10.0,12.0,158.0,10.0,12.0,158.0,86990.5164270786,347.9620657083144,20.0
800080,10.0,12.0,160.0,10.0,12.0,160.0,87129.47495614158,348.5178998245663,20.0
800081,10.0,12.0,162.0,10.0,12.0,162.0,87356.6728107789,349.4266912431156,20.0
800082,10.0,12.0,164.0,10.0,12.0,164.0,87647.47303882027,350.5898921552811,20.0
800083,10.0,12.0,166.0,10.0,12.0,166.0,87976.7430749892,351.9069722999568,20.0
800084,10.0,12.0,168.0,10.0,12.0,168.0,88319.8930505828,353.2795722023312,20.0
800085,10.0,12.0,170.0,10.0,12.0,170.0,88653.805482823,354.61522193129196,20.0
800086,10.0,12.0,172.0,10.0,12.0,172.0,88957.63492527472,355.83053970109887,20.0
800087,10.0,12.0,174.0,10.0,12.0,174.0,89213.46991917289,356.8538796766916,20.0
800088,10.0,12.0,176.0,10.0,12.0,176.0,89406.85874609511,357.62743498438044,20.0
800089,10.0,12.0,178.0,10.0,12.0,178.0,89527.20558048283,358.1088223219313,20.0
800090,10.0,12.0,180.0,10.0,12.0,180.0,89568.04543363044,358.2721817345218,20.0
800091,10.0,14.0,0.0,10.0,14.0,0.0,81736.6677615057,326.9466710460228,20.0
800092,10.0,14.0,2.0,10.0,14.0,2.0,81698.99764111784,326.79599056447137,20.0
800093,10.0,14.0,4.0,10.0,14.0,4.0,81588.04968524586,326.35219874098345,20.0
800094,10.0,14.0,6.0,10.0,14.0,6.0,81409.96072770441,325.63984291081766,20.0
800095,10.0,14.0,8.0,10.0,14.0,8.0,81174.78911430853,324.6991564572341,20.0
800096,10.0,14.0,10.0,10.0,14.0,10.0,80896.25424850913,323.5850169940365,20.0
800097,10.0,14.0,12.0,10.0,14.0,12.0,80591.36130344192,322.3654452137677,20.0
800098,10.0,14.0,14.0,10.0,14.0,14.0,80279.90313299377,321.11961253197506,20.0
800099,10.0,14.0,16.0,10.0,14.0,16.0,79983.83310028254,319.93533240113015,20.0
800100,10.0,14.0,18.0,10.0,14.0,18.0,79726.50735254306,318.90602941017227,20.0
800101,10.0,14.0,20.0,10.0,14.0,20.0,79531.8037231635,318.12721489265397,20.0
800102,10.0,14.0,22.0,10.0,14.0,22.0,79423.13744075414,317.6925497630166,20.0
800103,10.0,14.0,24.0,10.0,14.0,24.0,79422.41121183937,317.6896448473575,20.0
800104,10.0,14.0,26.0,10.0,14.0,26.0,79548.95823455523,318.1958329382209,20.0
800105,10.0,14.0,28.0,10.0,14.0,28.0,79818.55925809543,319.27423703238173,20.0
800106,10.0,14.0,30.0,10.0,14.0,30.0,80242.63522449318,320.97054089797274,20.0
800107,10.0,14.0,32.0,10.0,14.0,32.0,80827.7297484813,323.3109189939252,20.0
800108,10.0,14.0,34.0,10.0,14.0,34.0,81575.39359500585,326.3015743800234,20.0
800109,10.0,14.0,36.0,10.0,14.0,36.0,82482.55898924175,329.930235956967,20.0
800110,10.0,14.0,38.0,10.0,14.0,38.0,83542.43986376957,334.1697594550783,20.0
800111,10.0,14.0,40.0,10.0,14.0,40.0,84745.91592213702,338.9836636885481,20.0
800112,10.0,14.0,42.0,10.0,14.0,42.0,86083.2650208121,344.3330600832484,20.0
800113,10.0,14.0,44.0,10.0,14.0,44.0,87546.02429136122,350.1840971654449,20.0
800114,10.0,14.0,46.0,10.0,14.0,46.0,89128.72067638252,356.5148827055301,20.0
800115,10.0,14.0,48.0,10.0,14.0,48.0,90830.25060577867,363.3210024231147,20.0
800116,10.0,14.0,50.0,10.0,14.0,50.0,92654.82071909982,370.61928287639927,20.0
800117,10.0,14.0,52.0,10.0,14.0,52.0,94612.5615019109,378.4502460076436,20.0
800118,10.0,14.0,54.0,10.0,14.0,54.0,96720.12657827378,386.8805063130951,20.0
800119,10.0,14.0,56.0,10.0,14.0,56.0,99001.71585977438,396.0068634390975,20.0
800120,10.0,14.0,58.0,10.0,14.0,58.0,101490.98368363554,405.96393473454214,20.0
800121,10.0,14.0,60.0,10.0,14.0,60.0,104234.27709838521,416.9371083935408,20.0
800122,10.0,14.0,62.0,10.0,14.0,62.0,107295.7250833439,429.18290033337564,20.0
800123,10.0,14.0,64.0,10.0,14.0,64.0,110764.99111842127,443.0599644736851,20.0
800124,10.0,14.0,66.0,10.0,14.0,66.0,114769.0974037298,459.0763896149192,20.0
800125,10.0,14.0,68.0,10.0,14.0,68.0,119490.75550372475,477.963022014899,20.0
800126,10.0,14.0,70.0,10.0,14.0,70.0,125197.38763418623,500.78955053674497,20.0
800127,10.0,14.0,72.0,10.0,14.0,72.0,132288.06575262424,529.152263010497,20.0
800128,10.0,14.0,74.0,10.0,14.0,74.0,141370.85335288406,565.4834134115363,20.0
800129,10.0,14.0,76.0,10.0,14.0,76.0,153391.53475215472,613.566139008619,20.0
800130,10.0,14.0,78.0,10.0,14.0,78.0,169845.3224496846,679.3812897987384,20.0
800131,10.0,14.0,80.0,10.0,14.0,80.0,193100.31829170257,772.4012731668103,20.0
800132,10.0,14.0,82.0,10.0,14.0,82.0,226759.98119417732,907.0399247767093,20.0
800133,10.0,14.0,84.0,10.0,14.0,84.0,275428.98276756995,1101.7159310702798,20.0
800134,10.0,14.0,86.0,10.0,14.0,86.0,341179.53967217455,1364.7181586886982,20.0
800135,10.0,14.0,88.0,10.0,14.0,88.0,410977.21901598625,1643.908876063945,20.0
800136,10.0,14.0,90.0,10.0,14.0,90.0,444166.64620235946,1776.6665848094378,20.0
800137,10.0,14.0,92.0,10.0,14.0,92.0,410977.2190159865,1643.908876063946,20.0
800138,10.0,14.0,94.0,10.0,14.0,94.0,341179.539672175,1364.7181586887,20.0
800139,10.0,14.0,96.0,10.0,14.0,96.0,275428.9827675704,1101.7159310702816,20.0
800140,10.0,14.0,98.0,10.0,14.0,98.0,226759.98119417715,907.0399247767086,20.0
800141,10.0,14.0,100.0,10.0,14.0,100.0,193100.31829170257,772.4012731668103,20.0
800142,10.0,14.0,102.0,10.0,14.0,102.0,169845.3224496846,679.3812897987384,20.0
800143,10.0,14.0,104.0,10.0,14.0,104.0,153391.53475215472,613.566139008619,20.0
800144,10.0,14.0,106.0,10.0,14.0,106.0,141370.85335288412,565.4834134115365,20.0
800145,10.0,14.0,108.0,10.0,14.0,108.0,132288.0657526243,529.1522630104972,20.0
800146,10.0,14.0,110.0,10.0,14.0,110.0,125197.38763418626,500.7895505367451,20.0
800147,10.0,14.0,112.0,10.0,14.0,112.0,119490.75550372477,477.9630220148991,20.0
800148,10.0,14.0,114.0,10.0,14.0,114.0,114769.09740372984,459.0763896149194,20.0
800149,10.0,14.0,116.0,10.0,14.0,116.0,110764.99111842124,443.05996447368494,20.0
800150,10.0,14.0,118.0,10.0,14.0,118.0,107295.7250833439,429.18290033337564,20.0
800151,10.0,14.0,120.0,10.0,14.0,120.0,104234.27709838521,416.9371083935408,20.0
800152,10.0,14.0,122.0,10.0,14.0,122.0,101490.98368363554,405.96393473454214,20.0
800153,10.0,14.0,124.0,10.0,14.0,124.0,99001.71585977438,396.0068634390975,20.0
800154,10.0,14.0,126.0,10.0,14.0,126.0,96720.1265782738,386.8805063130952,20.0
800155,10.0,14.0,128.0,10.0,14.0,128.0,94612.5615019109,378.4502460076436,20.0
800156,10.0,14.0,130.0,10.0,14.0,130.0,92654.82071909982,370.61928287639927,20.0
800157,10.0,14.0,132.0,10.0,14.0,132.0,90830.25060577867,363.3210024231147,20.0
800158,10.0,14.0,134.0,10.0,14.0,134.0,89128.72067638251,356.51488270553006,20.0
800159,10.0,14.0,136.0,10.0,14.0,136.0,87546.02429136122,350.1840971654449,20.0
800160,10.0,14.0,138.0,10.0,14.0,138.0,86083.2650208121,344.3330600832484,20.0
800161,10.0,14.0,140.0,10.0,14.0,140.0,84745.91592213702,338.9836636885481,20.0
800162,10.0,14.0,142.0,10.0,14.0,142.0,83542.43986376957,334.1697594550783,20.0
800163,10.0,14.0,144.0,10.0,14.0,144.0,82482.55898924175,329.930235956967,20.0
800164,10.0,14.0,146.0,10.0,14.0,146.0,81575.39359500584,326.30157438002334,20.0
800165,10.0,14.0,148.0,10.0,14.0,148.0,80827.7297484813,323.3109189939252,20.0
800166,10.0,14.0,150.0,10.0,14.0,150.0,80242.63522449318,320.97054089797274,20.0
800167,10.0,14.0,152.0,10.0,14.0,152.0,79818.55925809543,319.27423703238173,20.0
800168,10.0,14.0,154.0,10.0,14.0,154.0,79548.95823455523,318.1958329382209,20.0
800169,10.0,14.0,156.0,10.0,14.0,156.0,79422.41121183937,317.6896448473575,20.0
800170,10.0,14.0,158.0,10.0,14.0,158.0,79423.13744075414,317.6925497630166,20.0
800171,10.0,14.0,160.0,10.0,14.0,160.0,79531.80372316351,318.127214892654,20.0
800172,10.0,14.0,162.0,10.0,14.0,162.0,79726.50735254308,318.9060294101723,20.0
800173,10.0,14.0,164.0,10.0,14.0,164.0,79983.83310028253,319.9353324011301,20.0
800174,10.0,14.0,166.0,10.0,14.0,166.0,80279.90313299377,321.11961253197506,20.0
800175,10.0,14.0,168.0,10.0,14.0,168.0,80591.36130344195,322.3654452137678,20.0
800176,10.0,14.0,170.0,10.0,14.0,170.0,80896.25424850913,323.5850169940365,20.0
800177,10.0,14.0,172.0,10.0,14.0,172.0,81174.78911430853,324.6991564572341,20.0
800178,10.0,14.0,174.0,10.0,14.0,174.0,81409.96072770441,325.63984291081766,20.0
800179,10.0,14.0,176.0,10.0,14.0,176.0,81588.04968524586,326.35219874098345,20.0
800180,10.0,14.0,178.0,10.0,14.0,178.0,81698.99764111784,326.79599056447137,20.0
800181,10.0,14.0,180.0,10.0,14.0,180.0,81736.6677615057,326.9466710460228,20.0
800182,15.0,10.0,0.0,15.0,10.0,0.0,83283.6808241051,333.1347232964204,20.0
800183,15.0,10.0,2.0,15.0,10.0,2.0,83243.68001707799,332.97472006831197,20.0
800184,15.0,10.0,4.0,15.0,10.0,4.0,83126.07713589932,332.5043085435973,20.0
800185,15.0,10.0,6.0,15.0,10.0,6.0,82937.98799611682,331.75195198446727,20.0
800186,15.0,10.0,8.0,15.0,10.0,8.0,82690.99583246783,330.76398332987134,20.0
800187,15.0,10.0,10.0,15.0,10.0,10.0,82400.73551420619,329.60294205682476,20.0
800188,15.0,10.0,12.0,15.0,10.0,12.0,82086.31088598896,328.34524354395586,20.0
800189,15.0,10.0,14.0,15.0,10.0,14.0,81769.54845595977,327.07819382383906,20.0
800190,15.0,10.0,16.0,15.0,10.0,16.0,81474.09685291398,325.89638741165595,20.0
800191,15.0,10.0,18.0,15.0,10.0,18.0,81224.39131573823,324.8975652629529,20.0
800192,15.0,10.0,20.0,15.0,10.0,20.0,81044.51621331634,324.17806485326537,20.0
800193,15.0,10.0,22.0,15.0,10.0,22.0,80957.01587278058,323.82806349112235,20.0
800194,15.0,10.0,24.0,15.0,10.0,24.0,80981.72355874705,323.9268942349882,20.0
800195,15.0,10.0,26.0,15.0,10.0,26.0,81134.69780234701,324.5387912093881,20.0
800196,15.0,10.0,28.0,15.0,10.0,28.0,81427.3704675342,325.7094818701368,20.0
800197,15.0,10.0,30.0,15.0,10.0,30.0,81866.01658314874,327.46406633259494,20.0
800198,15.0,10.0,32.0,15.0,10.0,32.0,82451.64583817135,329.8065833526854,20.0
800199,15.0,10.0,34.0,15.0,10.0,34.0,83180.38405796808,332.72153623187234,20.0
800200,15.0,10.0,36.0,15.0,10.0,36.0,84044.3571971865,336.177428788746,20.0
800201,15.0,10.0,38.0,15.0,10.0,38.0,85033.01372369907,340.1320548947963,20.0
800202,15.0,10.0,40.0,15.0,10.0,40.0,86134.73614987101,344.53894459948407,20.0
800203,15.0,10.0,42.0,15.0,10.0,42.0,87338.52143490675,349.354085739627,20.0
800204,15.0,10.0,44.0,15.0,10.0,44.0,88635.48215406339,354.54192861625353,20.0
800205,15.0,10.0,46.0,15.0,10.0,46.0,90019.96134026423,360.0798453610569,20.0
800206,15.0,10.0,48.0,15.0,10.0,48.0,91490.17055529183,365.9606822211673,20.0
800207,15.0,10.0,50.0,15.0,10.0,50.0,93048.42754874966,372.1937101949987,20.0
800208,15.0,10.0,52.0,15.0,10.0,52.0,94701.23001085958,378.80492004343836,20.0
800209,15.0,10.0,54.0,15.0,10.0,54.0,96459.49279151869,385.83797116607474,20.0
800210,15.0,10.0,56.0,15.0,10.0,56.0,98339.27215665381,393.3570886266152,20.0
800211,15.0,10.0,58.0,15.0,10.0,58.0,100363.24386620098,401.45297546480396,20.0
800212,15.0,10.0,60.0,15.0,10.0,60.0,102563.18394293914,410.2527357717566,20.0
800213,15.0,10.0,62.0,15.0,10.0,62.0,104983.8083383265,419.93523335330605,20.0
800214,15.0,10.0,64.0,15.0,10.0,64.0,107688.60747440836,430.75442989763343,20.0
800215,15.0,10.0,66.0,15.0,10.0,66.0,110768.8097520019,443.0752390080076,20.0
800216,15.0,10.0,68.0,15.0,10.0,68.0,114357.45558710798,457.4298223484319,20.0
800217,15.0,10.0,70.0,15.0,10.0,70.0,118652.06747412788,474.6082698965115,20.0
800218,15.0,10.0,72.0,15.0,10.0,72.0,123952.16912568908,495.8086765027563,20.0
800219,15.0,10.0,74.0,15.0,10.0,74.0,130723.07870979926,522.8923148391971,20.0
800220,15.0,10.0,76.0,15.0,10.0,76.0,139706.95814958206,558.8278325983282,20.0
800221,15.0,10.0,78.0,15.0,10.0,78.0,152118.44336385682,608.4737734554272,20.0
800222,15.0,10.0,80.0,15.0,10.0,80.0,169981.81443771088,679.9272577508435,20.0
800223,15.0,10.0,82.0,15.0,10.0,82.0,196639.69874702903,786.5587949881161,20.0
800224,15.0,10.0,84.0,15.0,10.0,84.0,237085.78097505722,948.3431239002289,20.0
800225,15.0,10.0,86.0,15.0,10.0,86.0,295738.01893165003,1182.9520757266002,20.0
800226,15.0,10.0,88.0,15.0,10.0,88.0,363728.2621983782,1454.9130487935129,20.0
800227,15.0,10.0,90.0,15.0,10.0,90.0,398377.90401477757,1593.5116160591103,20.0
800228,15.0,10.0,92.0,15.0,10.0,92.0,363728.2621983785,1454.913048793514,20.0
800229,15.0,10.0,94.0,15.0,10.0,94.0,295738.01893165044,1182.9520757266018,20.0
800230,15.0,10.0,96.0,15.0,10.0,96.0,237085.78097505757,948.3431239002302,20.0
800231,15.0,10.0,98.0,15.0,10.0,98.0,196639.69874702892,786.5587949881157,20.0
800232,15.0,10.0,100.0,15.0,10.0,100.0,169981.81443771085,679.9272577508434,20.0
800233,15.0,10.0,102.0,15.0,10.0,102.0,152118.44336385682,608.4737734554272,20.0
800234,15.0,10.0,104.0,15.0,10.0,104.0,139706.95814958206,558.8278325983282,20.0
800235,15.0,10.0,106.0,15.0,10.0,106.0,130723.07870979929,522.8923148391972,20.0
800236,15.0,10.0,108.0,15.0,10.0,108.0,123952.16912568909,495.8086765027564,20.0
800237,15.0,10.0,110.0,15.0,10.0,110.0,118652.06747412789,474.60826989651156,20.0
800238,15.0,10.0,112.0,15.0,10.0,112.0,114357.455587108,457.42982234843197,20.0
800239,15.0,10.0,114.0,15.0,10.0,114.0,110768.80975200192,443.0752390080077,20.0
800240,15.0,10.0,116.0,15.0,10.0,116.0,107688.60747440833,430.7544298976333,20.0
800241,15.0,10.0,118.0,15.0,10.0,118.0,104983.8083383265,419.93523335330605,20.0
800242,15.0,10.0,120.0,15.0,10.0,120.0,102563.18394293914,410.2527357717566,20.0
800243,15.0,10.0,122.0,15.0,10.0,122.0,100363.24386620098,401.45297546480396,20.0
800244,15.0,10.0,124.0,15.0,10.0,124.0,98339.27215665381,393.3570886266152,20.0
800245,15.0,10.0,126.0,15.0,10.0,126.0,96459.4927915187,385.8379711660748,20.0
800246,15.0,10.0,128.0,15.0,10.0,128.0,94701.23001085961,378.80492004343847,20.0
800247,15.0,10.0,130.0,15.0,10.0,130.0,93048.42754874968,372.19371019499874,20.0
800248,15.0,10.0,132.0,15.0,10.0,132.0,91490.17055529183,365.9606822211673,20.0
800249,15.0,10.0,134.0,15.0,10.0,134.0,90019.96134026421,360.07984536105687,20.0
800250,15.0,10.0,136.0,15.0,10.0,136.0,88635.48215406339,354.54192861625353,20.0
800251,15.0,10.0,138.0,15.0,10.0,138.0,87338.52143490675,349.354085739627,20.0
800252,15.0,10.0,140.0,15.0,10.0,140.0,86134.73614987101,344.53894459948407,20.0
800253,15.0,10.0,142.0,15.0,10.0,142.0,85033.01372369907,340.1320548947963,20.0
800254,15.0,10.0,144.0,15.0,10.0,144.0,84044.3571971865,336.177428788746,20.0
800255,15.0,10.0,146.0,15.0,10.0,146.0,83180.38405796807,332.7215362318723,20.0
800256,15.0,10.0,148.0,15.0,10.0,148.0,82451.64583817135,329.8065833526854,20.0
800257,15.0,10.0,150.0,15.0,10.0,150.0,81866.01658314874,327.46406633259494,20.0
800258,15.0,10.0,152.0,15.0,10.0,152.0,81427.3704675342,325.7094818701368,20.0
800259,15.0,10.0,154.0,15.0,10.0,154.0,81134.697802347,324.538791209388,20.0
800260,15.0,10.0,156.0,15.0,10.0,156.0,80981.72355874705,323.9268942349882,20.0
800261,15.0,10.0,158.0,15.0,10.0,158.0,80957.01587278058,323.82806349112235,20.0
800262,15.0,10.0,160.0,15.0,10.0,160.0,81044.51621331635,324.1780648532654,20.0
800263,15.0,10.0,162.0,15.0,10.0,162.0,81224.39131573825,324.897565262953,20.0
800264,15.0,10.0,164.0,15.0,10.0,164.0,81474.09685291398,325.89638741165595,20.0
800265,15.0,10.0,166.0,15.0,10.0,166.0,81769.54845595977,327.07819382383906,20.0
800266,15.0,10.0,168.0,15.0,10.0,168.0,82086.31088598898,328.3452435439559,20.0
800267,15.0,10.0,170.0,15.0,10.0,170.0,82400.73551420619,329.60294205682476,20.0
800268,15.0,10.0,172.0,15.0,10.0,172.0,82690.99583246783,330.76398332987134,20.0
800269,15.0,10.0,174.0,15.0,10.0,174.0,82937.98799611682,331.75195198446727,20.0
800270,15.0,10.0,176.0,15.0,10.0,176.0,83126.07713589932,332.5043085435973,20.0
800271,15.0,10.0,178.0,15.0,10.0,178.0,83243.68001707799,332.97472006831197,20.0
800272,15.0,10.0,180.0,15.0,10.0,180.0,83283.6808241051,333.1347232964204,20.0
800273,15.0,12.0,0.0,15.0,12.0,0.0,75571.30425398526,302.28521701594104,20.0
800274,15.0,12.0,2.0,15.0,12.0,2.0,75535.1879250843,302.1407517003372,20.0
800275,15.0,12.0,4.0,15.0,12.0,4.0,75429.08425158601,301.7163370063441,20.0
800276,15.0,12.0,6.0,15.0,12.0,6.0,75259.65186879179,301.03860747516717,20.0
800277,15.0,12.0,8.0,15.0,12.0,8.0,75037.73040283297,300.15092161133185,20.0
800278,15.0,12.0,10.0,15.0,12.0,10.0,74777.95228263535,299.1118091305414,20.0
800279,15.0,12.0,12.0,15.0,12.0,12.0,74498.1987234188,297.9927948936752,20.0
800280,15.0,12.0,14.0,15.0,12.0,14.0,74218.90285502134,296.87561142008536,20.0
800281,15.0,12.0,16.0,15.0,12.0,16.0,73962.2087407452,295.84883496298085,20.0
800282,15.0,12.0,18.0,15.0,12.0,18.0,73751.00419978781,295.00401679915126,20.0
800283,15.0,12.0,20.0,15.0,12.0,20.0,73607.85814419689,294.43143257678753,20.0
800284,15.0,12.0,22.0,15.0,12.0,22.0,73553.90924422277,294.21563697689106,20.0
800285,15.0,12.0,24.0,15.0,12.0,24.0,73607.77096935398,294.4310838774159,20.0
800286,15.0,12.0,26.0,15.0,12.0,26.0,73784.53609089453,295.13814436357814,20.0
800287,15.0,12.0,28.0,15.0,12.0,28.0,74094.97788399873,296.3799115359949,20.0
800288,15.0,12.0,30.0,15.0,12.0,30.0,74545.05051560108,298.1802020624043,20.0
800289,15.0,12.0,32.0,15.0,12.0,32.0,75135.78164535444,300.54312658141777,20.0
800290,15.0,12.0,34.0,15.0,12.0,34.0,75863.62080595086,303.45448322380344,20.0
800291,15.0,12.0,36.0,15.0,12.0,36.0,76721.25509864878,306.88502039459513,20.0
800292,15.0,12.0,38.0,15.0,12.0,38.0,77698.83223786073,310.7953289514429,20.0
800293,15.0,12.0,40.0,15.0,12.0,40.0,78785.45158794362,315.1418063517745,20.0
800294,15.0,12.0,42.0,15.0,12.0,42.0,79970.71757494821,319.88287029979284,20.0
800295,15.0,12.0,44.0,15.0,12.0,44.0,81246.12387670495,324.9844955068198,20.0
800296,15.0,12.0,46.0,15.0,12.0,46.0,82606.07499511835,330.4242999804734,20.0
800297,15.0,12.0,48.0,15.0,12.0,48.0,84048.4605344425,336.19384213777005,20.0
800298,15.0,12.0,50.0,15.0,12.0,50.0,85574.85297114587,342.2994118845835,20.0
800299,15.0,12.0,52.0,15.0,12.0,52.0,87190.54893415568,348.76219573662274,20.0
800300,15.0,12.0,54.0,15.0,12.0,54.0,88904.75862899638,355.6190345159855,20.0
800301,15.0,12.0,56.0,15.0,12.0,56.0,90731.24441147603,362.9249776459041,20.0
800302,15.0,12.0,58.0,15.0,12.0,58.0,92689.65665655879,370.7586266262351,20.0
800303,15.0,12.0,60.0,15.0,12.0,60.0,94807.79899746922,379.2311959898769,20.0
800304,15.0,12.0,62.0,15.0,12.0,62.0,97125.15717843299,388.50062871373194,20.0
800305,15.0,12.0,64.0,15.0,12.0,64.0,99698.29236568898,398.79316946275594,20.0
800306,15.0,12.0,66.0,15.0,12.0,66.0,102609.17899118904,410.43671596475616,20.0
800307,15.0,12.0,68.0,15.0,12.0,68.0,105978.39473095101,423.91357892380404,20.0
800308,15.0,12.0,70.0,15.0,12.0,70.0,109986.56709243628,439.9462683697451,20.0
800309,15.0,12.0,72.0,15.0,12.0,72.0,114910.30558852812,459.6412223541125,20.0
800310,15.0,12.0,74.0,15.0,12.0,74.0,121184.3184108119,484.73727364324765,20.0
800311,15.0,12.0,76.0,15.0,12.0,76.0,129512.10130248731,518.0484052099492,20.0
800312,15.0,12.0,78.0,15.0,12.0,78.0,141067.86722941656,564.2714689176662,20.0
800313,15.0,12.0,80.0,15.0,12.0,80.0,157865.2068229033,631.4608272916132,20.0
800314,15.0,12.0,82.0,15.0,12.0,82.0,183382.446026037,733.529784104148,20.0
800315,15.0,12.0,84.0,15.0,12.0,84.0,223258.40363582308,893.0336145432923,20.0
800316,15.0,12.0,86.0,15.0,12.0,86.0,283805.0905162645,1135.220362065058,20.0
800317,15.0,12.0,88.0,15.0,12.0,88.0,358407.3784768838,1433.6295139075353,20.0
800318,15.0,12.0,90.0,15.0,12.0,90.0,398406.79590966826,1593.6271836386732,20.0
800319,15.0,12.0,92.0,15.0,12.0,92.0,358407.3784768842,1433.6295139075369,20.0
800320,15.0,12.0,94.0,15.0,12.0,94.0,283805.09051626496,1135.2203620650598,20.0
800321,15.0,12.0,96.0,15.0,12.0,96.0,223258.4036358234,893.0336145432937,20.0
800322,15.0,12.0,98.0,15.0,12.0,98.0,183382.44602603692,733.5297841041477,20.0
800323,15.0,12.0,100.0,15.0,12.0,100.0,157865.20682290327,631.4608272916131,20.0
800324,15.0,12.0,102.0,15.0,12.0,102.0,141067.86722941656,564.2714689176662,20.0
800325,15.0,12.0,104.0,15.0,12.0,104.0,129512.10130248731,518.0484052099492,20.0
800326,15.0,12.0,106.0,15.0,12.0,106.0,121184.3184108119,484.73727364324765,20.0
800327,15.0,12.0,108.0,15.0,12.0,108.0,114910.30558852815,459.6412223541126,20.0
800328,15.0,12.0,110.0,15.0,12.0,110.0,109986.56709243628,439.9462683697451,20.0
800329,15.0,12.0,112.0,15.0,12.0,112.0,105978.39473095104,423.91357892380415,20.0
800330,15.0,12.0,114.0,15.0,12.0,114.0,102609.17899118907,410.4367159647563,20.0
800331,15.0,12.0,116.0,15.0,12.0,116.0,99698.29236568895,398.79316946275577,20.0
800332,15.0,12.0,118.0,15.0,12.0,118.0,97125.15717843296,388.5006287137318,20.0
800333,15.0,12.0,120.0,15.0,12.0,120.0,94807.79899746922,379.2311959898769,20.0
800334,15.0,12.0,122.0,15.0,12.0,122.0,92689.65665655879,370.7586266262351,20.0
800335,15.0,12.0,124.0,15.0,12.0,124.0,90731.24441147603,362.9249776459041,20.0
800336,15.0,12.0,126.0,15.0,12.0,126.0,88904.7586289964,355.61903451598556,20.0
800337,15.0,12.0,128.0,15.0,12.0,128.0,87190.54893415571,348.76219573662286,20.0
800338,15.0,12.0,130.0,15.0,12.0,130.0,85574.85297114588,342.29941188458355,20.0
800339,15.0,12.0,132.0,15.0,12.0,132.0,84048.4605344425,336.19384213777005,20.0
800340,15.0,12.0,134.0,15.0,12.0,134.0,82606.07499511835,330.4242999804734,20.0
800341,15.0,12.0,136.0,15.0,12.0,136.0,81246.12387670497,324.9844955068199,20.0
800342,15.0,12.0,138.0,15.0,12.0,138.0,79970.71757494821,319.88287029979284,20.0
800343,15.0,12.0,140.0,15.0,12.0,140.0,78785.45158794362,315.1418063517745,20.0
800344,15.0,12.0,142.0,15.0,12.0,142.0,77698.83223786073,310.7953289514429,20.0
800345,15.0,12.0,144.0,15.0,12.0,144.0,76721.25509864876,306.8850203945951,20.0
800346,15.0,12.0,146.0,15.0,12.0,146.0,75863.62080595085,303.4544832238034,20.0
800347,15.0,12.0,148.0,15.0,12.0,148.0,75135.78164535444,300.54312658141777,20.0
800348,15.0,12.0,150.0,15.0,12.0,150.0,74545.05051560109,298.18020206240436,20.0
800349,15.0,12.0,152.0,15.0,12.0,152.0,74094.97788399873,296.3799115359949,20.0
800350,15.0,12.0,154.0,15.0,12.0,154.0,73784.53609089451,295.1381443635781,20.0
800351,15.0,12.0,156.0,15.0,12.0,156.0,73607.77096935398,294.4310838774159,20.0
800352,15.0,12.0,158.0,15.0,12.0,158.0,73553.90924422277,294.21563697689106,20.0
800353,15.0,12.0,160.0,15.0,12.0,160.0,73607.8581441969,294.4314325767876,20.0
800354,15.0,12.0,162.0,15.0,12.0,162.0,73751.00419978783,295.0040167991513,20.0
800355,15.0,12.0,164.0,15.0,12.0,164.0,73962.20874074519,295.8488349629808,20.0
800356,15.0,12.0,166.0,15.0,12.0,166.0,74218.90285502134,296.87561142008536,20.0
800357,15.0,12.0,168.0,15.0,12.0,168.0,74498.19872341883,297.9927948936753,20.0
800358,15.0,12.0,170.0,15.0,12.0,170.0,74777.95228263535,299.1118091305414,20.0
800359,15.0,12.0,172.0,15.0,12.0,172.0,75037.73040283297,300.15092161133185,20.0
800360,15.0,12.0,174.0,15.0,12.0,174.0,75259.65186879179,301.03860747516717,20.0
800361,15.0,12.0,176.0,15.0,12.0,176.0,75429.08425158601,301.7163370063441,20.0
800362,15.0,12.0,178.0,15.0,12.0,178.0,75535.1879250843,302.1407517003372,20.0
800363,15.0,12.0,180.0,15.0,12.0,180.0,75571.30425398526,302.28521701594104,20.0
800364,15.0,14.0,0.0,15.0,14.0,0.0,68084.21477555856,272.33685910223426,20.0
800365,15.0,14.0,2.0,15.0,14.0,2.0,68051.62745199117,272.20650980796466,20.0
800366,15.0,14.0,4.0,15.0,14.0,4.0,67955.95615408817,271.8238246163527,20.0
800367,15.0,14.0,6.0,15.0,14.0,6.0,67803.40113081403,271.21360452325615,20.0
800368,15.0,14.0,8.0,15.0,14.0,8.0,67604.05650670872,270.41622602683486,20.0
800369,15.0,14.0,10.0,15.0,14.0,10.0,67371.54986759444,269.48619947037776,20.0
800370,15.0,14.0,12.0,15.0,14.0,12.0,67122.53713725656,268.49014854902623,20.0
800371,15.0,14.0,14.0,15.0,14.0,14.0,66876.05547244752,267.5042218897901,20.0
800372,15.0,14.0,16.0,15.0,14.0,16.0,66652.7422485044,266.6109689940176,20.0
800373,15.0,14.0,18.0,15.0,14.0,18.0,66473.93670141713,265.8957468056685,20.0
800374,15.0,14.0,20.0,15.0,14.0,20.0,66360.69265274973,265.44277061099893,20.0
800375,15.0,14.0,22.0,15.0,14.0,22.0,66332.7456694202,265.3309826776808,20.0
800376,15.0,14.0,24.0,15.0,14.0,24.0,66407.49491138005,265.6299796455202,20.0
800377,15.0,14.0,26.0,15.0,14.0,26.0,66599.07663965262,266.3963065586105,20.0
800378,15.0,14.0,28.0,15.0,14.0,28.0,66917.61947050109,267.6704778820043,20.0
800379,15.0,14.0,30.0,15.0,14.0,30.0,67368.77631479363,269.47510525917454,20.0
800380,15.0,14.0,32.0,15.0,14.0,32.0,67953.61915066093,271.8144766026437,20.0
800381,15.0,14.0,34.0,15.0,14.0,34.0,68668.95543174578,274.67582172698314,20.0
800382,15.0,14.0,36.0,15.0,14.0,36.0,69508.07664992864,278.03230659971456,20.0
800383,15.0,14.0,38.0,15.0,14.0,38.0,70461.8832239192,281.8475328956768,20.0
800384,15.0,14.0,40.0,15.0,14.0,40.0,71520.2562167579,286.0810248670316,20.0
800385,15.0,14.0,42.0,15.0,14.0,42.0,72673.4848918581,290.6939395674324,20.0
800386,15.0,14.0,44.0,15.0,14.0,44.0,73913.53498100082,295.6541399240033,20.0
800387,15.0,14.0,46.0,15.0,14.0,46.0,75234.9779225447,300.9399116901788,20.0
800388,15.0,14.0,48.0,15.0,14.0,48.0,76635.50210693735,306.5420084277494,20.0
800389,15.0,14.0,50.0,15.0,14.0,50.0,78116.07127243388,312.46428508973554,20.0
800390,15.0,14.0,52.0,15.0,14.0,52.0,79680.93347830734,318.72373391322935,20.0
800391,15.0,14.0,54.0,15.0,14.0,54.0,81337.76237446569,325.35104949786273,20.0
800392,15.0,14.0,56.0,15.0,14.0,56.0,83098.20888260097,332.3928355304039,20.0
800393,15.0,14.0,58.0,15.0,14.0,58.0,84979.09216100622,339.9163686440249,20.0
800394,15.0,14.0,60.0,15.0,14.0,60.0,87004.44386134722,348.01777544538885,20.0
800395,15.0,14.0,62.0,15.0,14.0,62.0,89208.71537114019,356.83486148456075,20.0
800396,15.0,14.0,64.0,15.0,14.0,64.0,91641.70843544483,366.5668337417793,20.0
800397,15.0,14.0,66.0,15.0,14.0,66.0,94376.24414963558,377.5049765985423,20.0
800398,15.0,14.0,68.0,15.0,14.0,68.0,97520.38055464931,390.08152221859723,20.0
800399,15.0,14.0,70.0,15.0,14.0,70.0,101237.4517955066,404.9498071820264,20.0
800400,15.0,14.0,72.0,15.0,14.0,72.0,105780.0226097405,423.120090438962,20.0
800401,15.0,14.0,74.0,15.0,14.0,74.0,111549.48221534333,446.1979288613733,20.0
800402,15.0,14.0,76.0,15.0,14.0,76.0,119204.51381865233,476.8180552746093,20.0
800403,15.0,14.0,78.0,15.0,14.0,78.0,129865.2621992027,519.4610487968108,20.0
800404,15.0,14.0,80.0,15.0,14.0,80.0,145505.2094654578,582.0208378618312,20.0
800405,15.0,14.0,82.0,15.0,14.0,82.0,169681.29790708312,678.7251916283325,20.0
800406,15.0,14.0,84.0,15.0,14.0,84.0,208610.72796931432,834.4429118772573,20.0
800407,15.0,14.0,86.0,15.0,14.0,86.0,270673.3526044104,1082.6934104176416,20.0
800408,15.0,14.0,88.0,15.0,14.0,88.0,352554.25600880623,1410.217024035225,20.0
800409,15.0,14.0,90.0,15.0,14.0,90.0,399156.82028490055,1596.6272811396022,20.0
800410,15.0,14.0,92.0,15.0,14.0,92.0,352554.25600880664,1410.2170240352266,20.0
800411,15.0,14.0,94.0,15.0,14.0,94.0,270673.3526044109,1082.6934104176437,20.0
800412,15.0,14.0,96.0,15.0,14.0,96.0,208610.7279693146,834.4429118772584,20.0
800413,15.0,14.0,98.0,15.0,14.0,98.0,169681.29790708303,678.7251916283321,20.0
800414,15.0,14.0,100.0,15.0,14.0,100.0,145505.20946545774,582.020837861831,20.0
800415,15.0,14.0,102.0,15.0,14.0,102.0,129865.2621992027,519.4610487968108,20.0
800416,15.0,14.0,104.0,15.0,14.0,104.0,119204.51381865233,476.8180552746093,20.0
800417,15.0,14.0,106.0,15.0,14.0,106.0,111549.48221534336,446.19792886137344,20.0
800418,15.0,14.0,108.0,15.0,14.0,108.0,105780.02260974054,423.12009043896217,20.0
800419,15.0,14.0,110.0,15.0,14.0,110.0,101237.4517955066,404.9498071820264,20.0
800420,15.0,14.0,112.0,15.0,14.0,112.0,97520.38055464934,390.08152221859734,20.0
800421,15.0,14.0,114.0,15.0,14.0,114.0,94376.24414963562,377.5049765985425,20.0
800422,15.0,14.0,116.0,15.0,14.0,116.0,91641.70843544479,366.56683374177913,20.0
800423,15.0,14.0,118.0,15.0,14.0,118.0,89208.71537114018,356.8348614845607,20.0
800424,15.0,14.0,120.0,15.0,14.0,120.0,87004.44386134722,348.01777544538885,20.0
800425,15.0,14.0,122.0,15.0,14.0,122.0,84979.09216100622,339.9163686440249,20.0
800426,15.0,14.0,124.0,15.0,14.0,124.0,83098.20888260097,332.3928355304039,20.0
800427,15.0,14.0,126.0,15.0,14.0,126.0,81337.76237446569,325.35104949786273,20.0
800428,15.0,14.0,128.0,15.0,14.0,128.0,79680.93347830736,318.7237339132294,20.0
800429,15.0,14.0,130.0,15.0,14.0,130.0,78116.07127243391,312.46428508973565,20.0
800430,15.0,14.0,132.0,15.0,14.0,132.0,76635.50210693735,306.5420084277494,20.0
800431,15.0,14.0,134.0,15.0,14.0,134.0,75234.9779225447,300.9399116901788,20.0
800432,15.0,14.0,136.0,15.0,14.0,136.0,73913.53498100083,295.65413992400335,20.0
800433,15.0,14.0,138.0,15.0,14.0,138.0,72673.4848918581,290.6939395674324,20.0
800434,15.0,14.0,140.0,15.0,14.0,140.0,71520.2562167579,286.0810248670316,20.0
800435,15.0,14.0,142.0,15.0,14.0,142.0,70461.8832239192,281.8475328956768,20.0
800436,15.0,14.0,144.0,15.0,14.0,144.0,69508.07664992864,278.03230659971456,20.0
800437,15.0,14.0,146.0,15.0,14.0,146.0,68668.95543174575,274.67582172698303,20.0
800438,15.0,14.0,148.0,15.0,14.0,148.0,67953.61915066095,271.81447660264377,20.0
800439,15.0,14.0,150.0,15.0,14.0,150.0,67368.77631479363,269.47510525917454,20.0
800440,15.0,14.0,152.0,15.0,14.0,152.0,66917.61947050109,267.6704778820043,20.0
800441,15.0,14.0,154.0,15.0,14.0,154.0,66599.0766396526,266.39630655861043,20.0
800442,15.0,14.0,156.0,15.0,14.0,156.0,66407.49491138005,265.6299796455202,20.0
800443,15.0,14.0,158.0,15.0,14.0,158.0,66332.7456694202,265.3309826776808,20.0
800444,15.0,14.0,160.0,15.0,14.0,160.0,66360.69265274974,265.442770610999,20.0
800445,15.0,14.0,162.0,15.0,14.0,162.0,66473.93670141716,265.89574680566864,20.0
800446,15.0,14.0,164.0,15.0,14.0,164.0,66652.74224850438,266.6109689940175,20.0
800447,15.0,14.0,166.0,15.0,14.0,166.0,66876.05547244752,267.5042218897901,20.0
800448,15.0,14.0,168.0,15.0,14.0,168.0,67122.53713725657,268.4901485490263,20.0
800449,15.0,14.0,170.0,15.0,14.0,170.0,67371.54986759444,269.48619947037776,20.0
800450,15.0,14.0,172.0,15.0,14.0,172.0,67604.05650670872,270.41622602683486,20.0
800451,15.0,14.0,174.0,15.0,14.0,174.0,67803.40113081403,271.21360452325615,20.0
800452,15.0,14.0,176.0,15.0,14.0,176.0,67955.95615408817,271.8238246163527,20.0
800453,15.0,14.0,178.0,15.0,14.0,178.0,68051.62745199117,272.20650980796466,20.0
800454,15.0,14.0,180.0,15.0,14.0,180.0,68084.21477555856,272.33685910223426,20.0
800455,15.0,16.0,0.0,15.0,16.0,0.0,60822.41238882501,243.28964955530006,20.0
800456,15.0,16.0,2.0,15.0,16.0,2.0,60793.02986567361,243.17211946269444,20.0
800457,15.0,16.0,4.0,15.0,16.0,4.0,60706.81753467843,242.82727013871371,20.0
800458,15.0,16.0,6.0,15.0,16.0,6.0,60569.51490801561,242.27805963206245,20.0
800459,15.0,16.0,8.0,15.0,16.0,8.0,60390.46679633286,241.56186718533144,20.0
800460,15.0,16.0,10.0,15.0,16.0,10.0,60182.29082798343,240.72916331193372,20.0
800461,15.0,16.0,12.0,15.0,16.0,12.0,59960.4114467384,239.8416457869536,20.0
800462,15.0,16.0,14.0,15.0,16.0,14.0,59742.462873379714,238.96985149351886,20.0
800463,15.0,16.0,16.0,15.0,16.0,16.0,59547.568434956505,238.19027373982604,20.0
800464,15.0,16.0,18.0,15.0,16.0,18.0,59395.51148592435,237.5820459436974,20.0
800465,15.0,16.0,20.0,15.0,16.0,20.0,59305.82406908504,237.22329627634016,20.0
800466,15.0,16.0,22.0,15.0,16.0,22.0,59296.83321263114,237.18733285052457,20.0
800467,15.0,16.0,24.0,15.0,16.0,24.0,59384.72032794638,237.53888131178553,20.0
800468,15.0,16.0,26.0,15.0,16.0,26.0,59582.66457226178,238.33065828904714,20.0
800469,15.0,16.0,28.0,15.0,16.0,28.0,59900.153113421504,239.600612453686,20.0
800470,15.0,16.0,30.0,15.0,16.0,30.0,60342.545689994746,241.37018275997897,20.0
800471,15.0,16.0,32.0,15.0,16.0,32.0,60910.97273452615,243.6438909381046,20.0
800472,15.0,16.0,34.0,15.0,16.0,34.0,61602.621093284106,246.41048437313643,20.0
800473,15.0,16.0,36.0,15.0,16.0,36.0,62411.41683527599,249.64566734110394,20.0
800474,15.0,16.0,38.0,15.0,16.0,38.0,63329.05344534321,253.31621378137285,20.0
800475,15.0,16.0,40.0,15.0,16.0,40.0,64346.245744767766,257.3849829790711,20.0
800476,15.0,16.0,42.0,15.0,16.0,42.0,65454.03315071354,261.81613260285417,20.0
800477,15.0,16.0,44.0,15.0,16.0,44.0,66644.93358698075,266.579734347923,20.0
800478,15.0,16.0,46.0,15.0,16.0,46.0,67913.78192168022,271.65512768672085,20.0
800479,15.0,16.0,48.0,15.0,16.0,48.0,69258.17963782664,277.0327185513066,20.0
800480,15.0,16.0,50.0,15.0,16.0,50.0,70678.61518114846,282.71446072459383,20.0
800481,15.0,16.0,52.0,15.0,16.0,52.0,72178.44174240255,288.71376696961016,20.0
800482,15.0,16.0,54.0,15.0,16.0,54.0,73763.97115100943,295.0558846040378,20.0
800483,15.0,16.0,56.0,15.0,16.0,56.0,75444.93886893537,301.77975547574147,20.0
800484,15.0,16.0,58.0,15.0,16.0,58.0,77235.54921157434,308.94219684629735,20.0
800485,15.0,16.0,60.0,15.0,16.0,60.0,79156.2957558923,316.6251830235692,20.0
800486,15.0,16.0,62.0,15.0,16.0,62.0,81236.84000645403,324.9473600258161,20.0
800487,15.0,16.0,64.0,15.0,16.0,64.0,83520.46383944427,334.0818553577771,20.0
800488,15.0,16.0,66.0,15.0,16.0,66.0,86071.03610347353,344.2841444138941,20.0
800489,15.0,16.0,68.0,15.0,16.0,68.0,88984.18539256776,355.936741570271,20.0
800490,15.0,16.0,70.0,15.0,16.0,70.0,92405.77393312968,369.6230957325187,20.0
800491,15.0,16.0,72.0,15.0,16.0,72.0,96563.52490537259,386.25409962149035,20.0
800492,15.0,16.0,74.0,15.0,16.0,74.0,101823.30380630838,407.29321522523355,20.0
800493,15.0,16.0,76.0,15.0,16.0,76.0,108793.54684187652,435.1741873675061,20.0
800494,15.0,16.0,78.0,15.0,16.0,78.0,118527.4195181531,474.1096780726124,20.0
800495,15.0,16.0,80.0,15.0,16.0,80.0,132928.29456006316,531.7131782402527,20.0
800496,15.0,16.0,82.0,15.0,16.0,82.0,155566.60879491895,622.2664351796758,20.0
800497,15.0,16.0,84.0,15.0,16.0,84.0,193135.46981249357,772.5418792499743,20.0
800498,15.0,16.0,86.0,15.0,16.0,86.0,256187.20072115393,1024.7488028846158,20.0
800499,15.0,16.0,88.0,15.0,16.0,88.0,345997.45760935463,1383.9898304374185,20.0
800500,15.0,16.0,90.0,15.0,16.0,90.0,400856.6155361829,1603.4264621447317,20.0
800501,15.0,16.0,92.0,15.0,16.0,92.0,345997.4576093551,1383.9898304374203,20.0
800502,15.0,16.0,94.0,15.0,16.0,94.0,256187.2007211544,1024.7488028846176,20.0
800503,15.0,16.0,96.0,15.0,16.0,96.0,193135.46981249395,772.5418792499758,20.0
800504,15.0,16.0,98.0,15.0,16.0,98.0,155566.60879491884,622.2664351796753,20.0
800505,15.0,16.0,100.0,15.0,16.0,100.0,132928.29456006316,531.7131782402527,20.0
800506,15.0,16.0,102.0,15.0,16.0,102.0,118527.4195181531,474.1096780726124,20.0
800507,15.0,16.0,104.0,15.0,16.0,104.0,108793.54684187652,435.1741873675061,20.0
800508,15.0,16.0,106.0,15.0,16.0,106.0,101823.30380630838,407.29321522523355,20.0
800509,15.0,16.0,108.0,15.0,16.0,108.0,96563.5249053726,386.2540996214904,20.0
800510,15.0,16.0,110.0,15.0,16.0,110.0,92405.77393312968,369.6230957325187,20.0
800511,15.0,16.0,112.0,15.0,16.0,112.0,88984.18539256777,355.93674157027107,20.0
800512,15.0,16.0,114.0,15.0,16.0,114.0,86071.03610347357,344.2841444138943,20.0
800513,15.0,16.0,116.0,15.0,16.0,116.0,83520.46383944426,334.08185535777704,20.0
800514,15.0,16.0,118.0,15.0,16.0,118.0,81236.840006454,324.947360025816,20.0
800515,15.0,16.0,120.0,15.0,16.0,120.0,79156.2957558923,316.6251830235692,20.0
800516,15.0,16.0,122.0,15.0,16.0,122.0,77235.54921157434,308.94219684629735,20.0
800517,15.0,16.0,124.0,15.0,16.0,124.0,75444.93886893537,301.77975547574147,20.0
800518,15.0,16.0,126.0,15.0,16.0,126.0,73763.97115100943,295.0558846040378,20.0
800519,15.0,16.0,128.0,15.0,16.0,128.0,72178.44174240255,288.71376696961016,20.0
800520,15.0,16.0,130.0,15.0,16.0,130.0,70678.61518114847,282.7144607245939,20.0
800521,15.0,16.0,132.0,15.0,16.0,132.0,69258.17963782663,277.0327185513065,20.0
800522,15.0,16.0,134.0,15.0,16.0,134.0,67913.7819216802,271.6551276867208,20.0
800523,15.0,16.0,136.0,15.0,16.0,136.0,66644.93358698075,266.579734347923,20.0
800524,15.0,16.0,138.0,15.0,16.0,138.0,65454.03315071354,261.81613260285417,20.0
800525,15.0,16.0,140.0,15.0,16.0,140.0,64346.245744767766,257.3849829790711,20.0
800526,15.0,16.0,142.0,15.0,16.0,142.0,63329.05344534321,253.31621378137285,20.0
800527,15.0,16.0,144.0,15.0,16.0,144.0,62411.41683527599,249.64566734110394,20.0
800528,15.0,16.0,146.0,15.0,16.0,146.0,61602.62109328409,246.41048437313637,20.0
800529,15.0,16.0,148.0,15.0,16.0,148.0,60910.97273452617,243.64389093810468,20.0
800530,15.0,16.0,150.0,15.0,16.0,150.0,60342.545689994746,241.37018275997897,20.0
800531,15.0,16.0,152.0,15.0,16.0,152.0,59900.153113421504,239.600612453686,20.0
800532,15.0,16.0,154.0,15.0,16.0,154.0,59582.664572261776,238.3306582890471,20.0
800533,15.0,16.0,156.0,15.0,16.0,156.0,59384.72032794638,237.53888131178553,20.0
800534,15.0,16.0,158.0,15.0,16.0,158.0,59296.83321263114,237.18733285052457,20.0
800535,15.0,16.0,160.0,15.0,16.0,160.0,59305.82406908504,237.2232962763402,20.0
800536,15.0,16.0,162.0,15.0,16.0,162.0,59395.511485924355,237.58204594369744,20.0
800537,15.0,16.0,164.0,15.0,16.0,164.0,59547.5684349565,238.190273739826,20.0
800538,15.0,16.0,166.0,15.0,16.0,166.0,59742.462873379714,238.96985149351886,20.0
800539,15.0,16.0,168.0,15.0,16.0,168.0,59960.41144673841,239.84164578695365,20.0
800540,15.0,16.0,170.0,15.0,16.0,170.0,60182.29082798343,240.72916331193372,20.0
800541,15.0,16.0,172.0,15.0,16.0,172.0,60390.46679633286,241.56186718533144,20.0
800542,15.0,16.0,174.0,15.0,16.0,174.0,60569.51490801561,242.27805963206245,20.0
800543,15.0,16.0,176.0,15.0,16.0,176.0,60706.81753467843,242.82727013871371,20.0
800544,15.0,16.0,178.0,15.0,16.0,178.0,60793.02986567361,243.17211946269444,20.0
800545,15.0,16.0,180.0,15.0,16.0,180.0,60822.41238882501,243.28964955530006,20.0
800546,15.0,17.0,0.0,15.0,17.0,0.0,57275.99385484313,229.10397541937252,20.0
800547,15.0,17.0,2.0,15.0,17.0,2.0,57248.10172119792,228.99240688479168,20.0
800548,15.0,17.0,4.0,15.0,17.0,4.0,57166.282441400086,228.66512976560034,20.0
800549,15.0,17.0,6.0,15.0,17.0,6.0,57036.04396906131,228.14417587624524,20.0
800550,15.0,17.0,8.0,15.0,17.0,8.0,56866.35450882334,227.46541803529334,20.0
800551,15.0,17.0,10.0,15.0,17.0,10.0,56669.32405517443,226.67729622069774,20.0
800552,15.0,17.0,12.0,15.0,17.0,12.0,56459.75802657262,225.8390321062905,20.0
800553,15.0,17.0,14.0,15.0,17.0,14.0,56254.58536122103,225.0183414448841,20.0
800554,15.0,17.0,16.0,15.0,17.0,16.0,56072.1681464289,224.2886725857156,20.0
800555,15.0,17.0,18.0,15.0,17.0,18.0,55931.507337817464,223.72602935126986,20.0
800556,15.0,17.0,20.0,15.0,17.0,20.0,55851.36958026108,223.40547832104434,20.0
800557,15.0,17.0,22.0,15.0,17.0,22.0,55849.37330250505,223.39749321002023,20.0
800558,15.0,17.0,24.0,15.0,17.0,24.0,55941.087159544,223.764348638176,20.0
800559,15.0,17.0,26.0,15.0,17.0,26.0,56139.20863628293,224.55683454513172,20.0
800560,15.0,17.0,28.0,15.0,17.0,28.0,56452.90217884583,225.8116087153833,20.0
800561,15.0,17.0,30.0,15.0,17.0,30.0,56887.38047673922,227.5495219069569,20.0
800562,15.0,17.0,32.0,15.0,17.0,32.0,57443.80472563094,229.77521890252376,20.0
800563,15.0,17.0,34.0,15.0,17.0,34.0,58119.55552066978,232.47822208267914,20.0
800564,15.0,17.0,36.0,15.0,17.0,36.0,58908.88335968945,235.6355334387578,20.0
800565,15.0,17.0,38.0,15.0,17.0,38.0,59803.88911073889,239.21555644295557,20.0
800566,15.0,17.0,40.0,15.0,17.0,40.0,60795.719703519004,243.18287881407602,20.0
800567,15.0,17.0,42.0,15.0,17.0,42.0,61875.809950719806,247.50323980287922,20.0
800568,15.0,17.0,44.0,15.0,17.0,44.0,63036.98002291548,252.14792009166192,20.0
800569,15.0,17.0,46.0,15.0,17.0,46.0,64274.22925078639,257.09691700314556,20.0
800570,15.0,17.0,48.0,15.0,17.0,48.0,65585.15578239267,262.3406231295707,20.0
800571,15.0,17.0,50.0,15.0,17.0,50.0,66970.05867489731,267.88023469958927,20.0
800572,15.0,17.0,52.0,15.0,17.0,52.0,68431.90082221817,273.7276032888727,20.0
800573,15.0,17.0,54.0,15.0,17.0,54.0,69976.37984177096,279.90551936708385,20.0
800574,15.0,17.0,56.0,15.0,17.0,56.0,71612.35028550976,286.44940114203905,20.0
800575,15.0,17.0,58.0,15.0,17.0,58.0,73352.79630320816,293.41118521283266,20.0
800576,15.0,17.0,60.0,15.0,17.0,60.0,75216.53991871167,300.8661596748467,20.0
800577,15.0,17.0,62.0,15.0,17.0,62.0,77230.95406753902,308.92381627015607,20.0
800578,15.0,17.0,64.0,15.0,17.0,64.0,79436.17212035166,317.7446884814067,20.0
800579,15.0,17.0,66.0,15.0,17.0,66.0,81891.69392510017,327.5667757004007,20.0
800580,15.0,17.0,68.0,15.0,17.0,68.0,84687.0144014487,338.7480576057948,20.0
800581,15.0,17.0,70.0,15.0,17.0,70.0,87959.26479083882,351.83705916335526,20.0
800582,15.0,17.0,72.0,15.0,17.0,72.0,91923.56080780285,367.6942432312114,20.0
800583,15.0,17.0,74.0,15.0,17.0,74.0,96927.35589605542,387.7094235842217,20.0
800584,15.0,17.0,76.0,15.0,17.0,76.0,103552.19491200286,414.20877964801144,20.0
800585,15.0,17.0,78.0,15.0,17.0,78.0,112813.26208777454,451.25304835109813,20.0
800586,15.0,17.0,80.0,15.0,17.0,80.0,126567.73468729746,506.27093874918984,20.0
800587,15.0,17.0,82.0,15.0,17.0,82.0,148366.3923678566,593.4655694714264,20.0
800588,15.0,17.0,84.0,15.0,17.0,84.0,185090.2015335024,740.3608061340096,20.0
800589,15.0,17.0,86.0,15.0,17.0,86.0,248385.51057013992,993.5420422805597,20.0
800590,15.0,17.0,88.0,15.0,17.0,88.0,342382.1760558943,1369.5287042235773,20.0
800591,15.0,17.0,90.0,15.0,17.0,90.0,402157.2025491041,1608.6288101964165,20.0
800592,15.0,17.0,92.0,15.0,17.0,92.0,342382.1760558949,1369.5287042235796,20.0
800593,15.0,17.0,94.0,15.0,17.0,94.0,248385.51057014047,993.5420422805619,20.0
800594,15.0,17.0,96.0,15.0,17.0,96.0,185090.20153350275,740.360806134011,20.0
800595,15.0,17.0,98.0,15.0,17.0,98.0,148366.3923678565,593.465569471426,20.0
800596,15.0,17.0,100.0,15.0,17.0,100.0,126567.73468729743,506.2709387491897,20.0
800597,15.0,17.0,102.0,15.0,17.0,102.0,112813.2620877745,451.253048351098,20.0
800598,15.0,17.0,104.0,15.0,17.0,104.0,103552.19491200286,414.20877964801144,20.0
800599,15.0,17.0,106.0,15.0,17.0,106.0,96927.35589605544,387.7094235842218,20.0
800600,15.0,17.0,108.0,15.0,17.0,108.0,91923.56080780285,367.6942432312114,20.0
800601,15.0,17.0,110.0,15.0,17.0,110.0,87959.26479083882,351.83705916335526,20.0
800602,15.0,17.0,112.0,15.0,17.0,112.0,84687.01440144872,338.7480576057949,20.0
800603,15.0,17.0,114.0,15.0,17.0,114.0,81891.6939251002,327.5667757004008,20.0
800604,15.0,17.0,116.0,15.0,17.0,116.0,79436.17212035164,317.74468848140657,20.0
800605,15.0,17.0,118.0,15.0,17.0,118.0,77230.954067539,308.923816270156,20.0
800606,15.0,17.0,120.0,15.0,17.0,120.0,75216.53991871167,300.8661596748467,20.0
800607,15.0,17.0,122.0,15.0,17.0,122.0,73352.79630320816,293.41118521283266,20.0
800608,15.0,17.0,124.0,15.0,17.0,124.0,71612.35028550976,286.44940114203905,20.0
800609,15.0,17.0,126.0,15.0,17.0,126.0,69976.37984177096,279.90551936708385,20.0
800610,15.0,17.0,128.0,15.0,17.0,128.0,68431.9008222182,273.7276032888728,20.0
800611,15.0,17.0,130.0,15.0,17.0,130.0,66970.05867489731,267.88023469958927,20.0
800612,15.0,17.0,132.0,15.0,17.0,132.0,65585.15578239266,262.34062312957064,20.0
800613,15.0,17.0,134.0,15.0,17.0,134.0,64274.229250786375,257.0969170031455,20.0
800614,15.0,17.0,136.0,15.0,17.0,136.0,63036.98002291549,252.14792009166197,20.0
800615,15.0,17.0,138.0,15.0,17.0,138.0,61875.809950719806,247.50323980287922,20.0
800616,15.0,17.0,140.0,15.0,17.0,140.0,60795.719703519004,243.18287881407602,20.0
800617,15.0,17.0,142.0,15.0,17.0,142.0,59803.88911073889,239.21555644295557,20.0
800618,15.0,17.0,144.0,15.0,17.0,144.0,58908.88335968943,235.63553343875773,20.0
800619,15.0,17.0,146.0,15.0,17.0,146.0,58119.555520669775,232.4782220826791,20.0
800620,15.0,17.0,148.0,15.0,17.0,148.0,57443.80472563094,229.77521890252376,20.0
800621,15.0,17.0,150.0,15.0,17.0,150.0,56887.380476739236,227.54952190695695,20.0
800622,15.0,17.0,152.0,15.0,17.0,152.0,56452.90217884583,225.8116087153833,20.0
800623,15.0,17.0,154.0,15.0,17.0,154.0,56139.20863628291,224.55683454513164,20.0
800624,15.0,17.0,156.0,15.0,17.0,156.0,55941.087159544,223.764348638176,20.0
800625,15.0,17.0,158.0,15.0,17.0,158.0,55849.37330250505,223.39749321002023,20.0
800626,15.0,17.0,160.0,15.0,17.0,160.0,55851.36958026109,223.40547832104437,20.0
800627,15.0,17.0,162.0,15.0,17.0,162.0,55931.507337817486,223.72602935126994,20.0
800628,15.0,17.0,164.0,15.0,17.0,164.0,56072.1681464289,224.2886725857156,20.0
800629,15.0,17.0,166.0,15.0,17.0,166.0,56254.58536122103,225.0183414448841,20.0
800630,15.0,17.0,168.0,15.0,17.0,168.0,56459.75802657262,225.8390321062905,20.0
800631,15.0,17.0,170.0,15.0,17.0,170.0,56669.32405517443,226.67729622069774,20.0
800632,15.0,17.0,172.0,15.0,17.0,172.0,56866.35450882334,227.46541803529334,20.0
800633,15.0,17.0,174.0,15.0,17.0,174.0,57036.04396906131,228.14417587624524,20.0
800634,15.0,17.0,176.0,15.0,17.0,176.0,57166.282441400086,228.66512976560034,20.0
800635,15.0,17.0,178.0,15.0,17.0,178.0,57248.10172119792,228.99240688479168,20.0
800636,15.0,17.0,180.0,15.0,17.0,180.0,57275.99385484313,229.10397541937252,20.0
800637,17.5,10.0,0.0,17.5,10.0,0.0,76349.36760946154,305.39747043784615,20.0
800638,17.5,10.0,2.0,17.5,10.0,2.0,76313.25930867551,305.25303723470205,20.0
800639,17.5,10.0,4.0,17.5,10.0,4.0,76207.32052202315,304.8292820880926,20.0
800640,17.5,10.0,6.0,17.5,10.0,6.0,76038.61450027037,304.1544580010815,20.0
800641,17.5,10.0,8.0,17.5,10.0,8.0,75818.59701301958,303.27438805207834,20.0
800642,17.5,10.0,10.0,17.5,10.0,10.0,75562.64470737519,302.2505788295008,20.0
800643,17.5,10.0,12.0,17.5,10.0,12.0,75289.40216217953,301.1576086487181,20.0
800644,17.5,10.0,14.0,17.5,10.0,14.0,75019.95883118549,300.07983532474196,20.0
800645,17.5,10.0,16.0,17.5,10.0,16.0,74776.87545525953,299.10750182103817,20.0
800646,17.5,10.0,18.0,17.5,10.0,18.0,74583.09117826687,298.3323647130675,20.0
800647,17.5,10.0,20.0,17.5,10.0,20.0,74460.75736917456,297.84302947669823,20.0
800648,17.5,10.0,22.0,17.5,10.0,22.0,74430.06112582899,297.72024450331594,20.0
800649,17.5,10.0,24.0,17.5,10.0,24.0,74508.1186891966,298.0324747567864,20.0
800650,17.5,10.0,26.0,17.5,10.0,26.0,74708.03338668558,298.83213354674234,20.0
800651,17.5,10.0,28.0,17.5,10.0,28.0,75038.21987633807,300.1528795053523,20.0
800652,17.5,10.0,30.0,17.5,10.0,30.0,75502.09115298944,302.00836461195775,20.0
800653,17.5,10.0,32.0,17.5,10.0,32.0,76098.18190241861,304.39272760967447,20.0
800654,17.5,10.0,34.0,17.5,10.0,34.0,76820.73812216595,307.2829524886638,20.0
800655,17.5,10.0,36.0,17.5,10.0,36.0,77660.73955090133,310.6429582036053,20.0
800656,17.5,10.0,38.0,17.5,10.0,38.0,78607.24633643267,314.42898534573067,20.0
800657,17.5,10.0,40.0,17.5,10.0,40.0,79648.8908722589,318.5955634890356,20.0
800658,17.5,10.0,42.0,17.5,10.0,42.0,80775.29305997353,323.10117223989414,20.0
800659,17.5,10.0,44.0,17.5,10.0,44.0,81978.18619030158,327.91274476120634,20.0
800660,17.5,10.0,46.0,17.5,10.0,46.0,83252.11429851364,333.0084571940546,20.0
800661,17.5,10.0,48.0,17.5,10.0,48.0,84594.69029455783,338.37876117823134,20.0
800662,17.5,10.0,50.0,17.5,10.0,50.0,86006.54925577632,344.0261970231053,20.0
800663,17.5,10.0,52.0,17.5,10.0,52.0,87491.23844659493,349.96495378637974,20.0
800664,17.5,10.0,54.0,17.5,10.0,54.0,89055.31405037982,356.2212562015193,20.0
800665,17.5,10.0,56.0,17.5,10.0,56.0,90708.86948545424,362.835477941817,20.0
800666,17.5,10.0,58.0,17.5,10.0,58.0,92466.6588285225,369.86663531409,20.0
800667,17.5,10.0,60.0,17.5,10.0,60.0,94349.9770663179,377.39990826527156,20.0
800668,17.5,10.0,62.0,17.5,10.0,62.0,96389.566542477,385.558266169908,20.0
800669,17.5,10.0,64.0,17.5,10.0,64.0,98630.05602254508,394.5202240901803,20.0
800670,17.5,10.0,66.0,17.5,10.0,66.0,101136.84522226236,404.54738088904946,20.0
800671,17.5,10.0,68.0,17.5,10.0,68.0,104007.05238019301,416.02820952077207,20.0
800672,17.5,10.0,70.0,17.5,10.0,70.0,107387.4396712329,429.54975868493165,20.0
800673,17.5,10.0,72.0,17.5,10.0,72.0,111504.72809524873,446.01891238099495,20.0
800674,17.5,10.0,74.0,17.5,10.0,74.0,116718.67523937946,466.87470095751786,20.0
800675,17.5,10.0,76.0,17.5,10.0,76.0,123618.36560755948,494.47346243023793,20.0
800676,17.5,10.0,78.0,17.5,10.0,78.0,133202.57751969685,532.8103100787874,20.0
800677,17.5,10.0,80.0,17.5,10.0,80.0,147223.32108867695,588.8932843547078,20.0
800678,17.5,10.0,82.0,17.5,10.0,82.0,168816.9519364427,675.2678077457708,20.0
800679,17.5,10.0,84.0,17.5,10.0,84.0,203400.47717552382,813.6019087020953,20.0
800680,17.5,10.0,86.0,17.5,10.0,86.0,258073.72071087774,1032.294882843511,20.0
800681,17.5,10.0,88.0,17.5,10.0,88.0,329358.57514387515,1317.4343005755006,20.0
800682,17.5,10.0,90.0,17.5,10.0,90.0,369507.61701221653,1478.0304680488662,20.0
800683,17.5,10.0,92.0,17.5,10.0,92.0,329358.5751438755,1317.434300575502,20.0
800684,17.5,10.0,94.0,17.5,10.0,94.0,258073.7207108782,1032.2948828435128,20.0
800685,17.5,10.0,96.0,17.5,10.0,96.0,203400.47717552417,813.6019087020967,20.0
800686,17.5,10.0,98.0,17.5,10.0,98.0,168816.9519364426,675.2678077457705,20.0
800687,17.5,10.0,100.0,17.5,10.0,100.0,147223.3210886769,588.8932843547076,20.0
800688,17.5,10.0,102.0,17.5,10.0,102.0,133202.57751969685,532.8103100787874,20.0
800689,17.5,10.0,104.0,17.5,10.0,104.0,123618.36560755948,494.47346243023793,20.0
800690,17.5,10.0,106.0,17.5,10.0,106.0,116718.67523937946,466.87470095751786,20.0
800691,17.5,10.0,108.0,17.5,10.0,108.0,111504.72809524875,446.018912380995,20.0
800692,17.5,10.0,110.0,17.5,10.0,110.0,107387.43967123292,429.5497586849317,20.0
800693,17.5,10.0,112.0,17.5,10.0,112.0,104007.05238019301,416.02820952077207,20.0
800694,17.5,10.0,114.0,17.5,10.0,114.0,101136.8452222624,404.54738088904963,20.0
800695,17.5,10.0,116.0,17.5,10.0,116.0,98630.05602254508,394.5202240901803,20.0
800696,17.5,10.0,118.0,17.5,10.0,118.0,96389.566542477,385.558266169908,20.0
800697,17.5,10.0,120.0,17.5,10.0,120.0,94349.9770663179,377.39990826527156,20.0
800698,17.5,10.0,122.0,17.5,10.0,122.0,92466.6588285225,369.86663531409,20.0
800699,17.5,10.0,124.0,17.5,10.0,124.0,90708.86948545424,362.835477941817,20.0
800700,17.5,10.0,126.0,17.5,10.0,126.0,89055.31405037985,356.2212562015194,20.0
800701,17.5,10.0,128.0,17.5,10.0,128.0,87491.23844659497,349.9649537863799,20.0
800702,17.5,10.0,130.0,17.5,10.0,130.0,86006.54925577632,344.0261970231053,20.0
800703,17.5,10.0,132.0,17.5,10.0,132.0,84594.69029455783,338.37876117823134,20.0
800704,17.5,10.0,134.0,17.5,10.0,134.0,83252.11429851361,333.0084571940545,20.0
800705,17.5,10.0,136.0,17.5,10.0,136.0,81978.18619030158,327.91274476120634,20.0
800706,17.5,10.0,138.0,17.5,10.0,138.0,80775.29305997353,323.10117223989414,20.0
800707,17.5,10.0,140.0,17.5,10.0,140.0,79648.8908722589,318.5955634890356,20.0
800708,17.5,10.0,142.0,17.5,10.0,142.0,78607.24633643267,314.42898534573067,20.0
800709,17.5,10.0,144.0,17.5,10.0,144.0,77660.73955090133,310.6429582036053,20.0
800710,17.5,10.0,146.0,17.5,10.0,146.0,76820.73812216595,307.2829524886638,20.0
800711,17.5,10.0,148.0,17.5,10.0,148.0,76098.18190241861,304.39272760967447,20.0
800712,17.5,10.0,150.0,17.5,10.0,150.0,75502.09115298941,302.00836461195763,20.0
800713,17.5,10.0,152.0,17.5,10.0,152.0,75038.21987633807,300.1528795053523,20.0
800714,17.5,10.0,154.0,17.5,10.0,154.0,74708.03338668557,298.8321335467423,20.0
800715,17.5,10.0,156.0,17.5,10.0,156.0,74508.1186891966,298.0324747567864,20.0
800716,17.5,10.0,158.0,17.5,10.0,158.0,74430.06112582899,297.72024450331594,20.0
800717,17.5,10.0,160.0,17.5,10.0,160.0,74460.75736917458,297.8430294766983,20.0
800718,17.5,10.0,162.0,17.5,10.0,162.0,74583.0911782669,298.3323647130676,20.0
800719,17.5,10.0,164.0,17.5,10.0,164.0,74776.87545525953,299.10750182103817,20.0
800720,17.5,10.0,166.0,17.5,10.0,166.0,75019.95883118549,300.07983532474196,20.0
800721,17.5,10.0,168.0,17.5,10.0,168.0,75289.40216217954,301.15760864871817,20.0
800722,17.5,10.0,170.0,17.5,10.0,170.0,75562.64470737519,302.2505788295008,20.0
800723,17.5,10.0,172.0,17.5,10.0,172.0,75818.59701301958,303.27438805207834,20.0
800724,17.5,10.0,174.0,17.5,10.0,174.0,76038.61450027037,304.1544580010815,20.0
800725,17.5,10.0,176.0,17.5,10.0,176.0,76207.32052202315,304.8292820880926,20.0
800726,17.5,10.0,178.0,17.5,10.0,178.0,76313.25930867551,305.25303723470205,20.0
800727,17.5,10.0,180.0,17.5,10.0,180.0,76349.36760946154,305.39747043784615,20.0
800728,17.5,12.0,0.0,17.5,12.0,0.0,68807.97195432823,275.2318878173129,20.0
800729,17.5,12.0,2.0,17.5,12.0,2.0,68775.98535377868,275.1039414151147,20.0
800730,17.5,12.0,4.0,17.5,12.0,4.0,68682.22904547794,274.72891618191176,20.0
800731,17.5,12.0,6.0,17.5,12.0,6.0,68533.22592405675,274.132903696227,20.0
800732,17.5,12.0,8.0,17.5,12.0,8.0,68339.55614413008,273.35822457652034,20.0
800733,17.5,12.0,10.0,17.5,12.0,10.0,68115.42270614211,272.46169082456845,20.0
800734,17.5,12.0,12.0,17.5,12.0,12.0,67878.05001226437,271.51220004905747,20.0
800735,17.5,12.0,14.0,17.5,12.0,14.0,67646.92566234819,270.5877026493928,20.0
800736,17.5,12.0,16.0,17.5,12.0,16.0,67442.90346817888,269.77161387271553,20.0
800737,17.5,12.0,18.0,17.5,12.0,18.0,67287.1963791609,269.1487855166436,20.0
800738,17.5,12.0,20.0,17.5,12.0,20.0,67200.30159185003,268.80120636740014,20.0
800739,17.5,12.0,22.0,17.5,12.0,22.0,67200.91572359011,268.80366289436046,20.0
800740,17.5,12.0,24.0,17.5,12.0,24.0,67304.91379584755,269.2196551833902,20.0
800741,17.5,12.0,26.0,17.5,12.0,26.0,67524.47900261337,270.0979160104535,20.0
800742,17.5,12.0,28.0,17.5,12.0,28.0,67867.47680926649,271.46990723706597,20.0
800743,17.5,12.0,30.0,17.5,12.0,30.0,68337.16202744098,273.34864810976393,20.0
800744,17.5,12.0,32.0,17.5,12.0,32.0,68932.286448122,275.729145792488,20.0
800745,17.5,12.0,34.0,17.5,12.0,34.0,69647.6344178973,278.5905376715892,20.0
800746,17.5,12.0,36.0,17.5,12.0,36.0,70474.95540802774,281.899821632111,20.0
800747,17.5,12.0,38.0,17.5,12.0,38.0,71404.1934900943,285.6167739603772,20.0
800748,17.5,12.0,40.0,17.5,12.0,40.0,72424.84873615913,289.6993949446365,20.0
800749,17.5,12.0,42.0,17.5,12.0,42.0,73527.2662664431,294.10906506577237,20.0
800750,17.5,12.0,44.0,17.5,12.0,44.0,74703.6568518274,298.8146274073096,20.0
800751,17.5,12.0,46.0,17.5,12.0,46.0,75948.72070709777,303.7948828283911,20.0
800752,17.5,12.0,48.0,17.5,12.0,48.0,77259.8642198582,309.0394568794328,20.0
800753,17.5,12.0,50.0,17.5,12.0,50.0,78637.1327367654,314.54853094706164,20.0
800754,17.5,12.0,52.0,17.5,12.0,52.0,80083.08094860005,320.3323237944002,20.0
800755,17.5,12.0,54.0,17.5,12.0,54.0,81602.82826352159,326.41131305408635,20.0
800756,17.5,12.0,56.0,17.5,12.0,56.0,83204.50460816863,332.81801843267453,20.0
800757,17.5,12.0,58.0,17.5,12.0,58.0,84900.23506136856,339.60094024547425,20.0
800758,17.5,12.0,60.0,17.5,12.0,60.0,86707.80939333889,346.83123757335557,20.0
800759,17.5,12.0,62.0,17.5,12.0,62.0,88653.28113720659,354.61312454882636,20.0
800760,17.5,12.0,64.0,17.5,12.0,64.0,90774.95948504884,363.09983794019536,20.0
800761,17.5,12.0,66.0,17.5,12.0,66.0,93129.63534997732,372.5185413999093,20.0
800762,17.5,12.0,68.0,17.5,12.0,68.0,95802.54610121423,383.21018440485693,20.0
800763,17.5,12.0,70.0,17.5,12.0,70.0,98923.82247225805,395.6952898890322,20.0
800764,17.5,12.0,72.0,17.5,12.0,72.0,102696.59257433999,410.78637029735995,20.0
800765,17.5,12.0,74.0,17.5,12.0,74.0,107446.8797991331,429.7875191965324,20.0
800766,17.5,12.0,76.0,17.5,12.0,76.0,113715.90630766367,454.8636252306547,20.0
800767,17.5,12.0,78.0,17.5,12.0,78.0,122438.00001872955,489.7520000749182,20.0
800768,17.5,12.0,80.0,17.5,12.0,80.0,135295.0112389903,541.1800449559612,20.0
800769,17.5,12.0,82.0,17.5,12.0,82.0,155421.87447058648,621.687497882346,20.0
800770,17.5,12.0,84.0,17.5,12.0,84.0,188630.45595070728,754.5218238028292,20.0
800771,17.5,12.0,86.0,17.5,12.0,86.0,243865.2754688038,975.4611018752151,20.0
800772,17.5,12.0,88.0,17.5,12.0,88.0,321501.6666787386,1286.0066667149545,20.0
800773,17.5,12.0,90.0,17.5,12.0,90.0,368337.59117510763,1473.3503647004306,20.0
800774,17.5,12.0,92.0,17.5,12.0,92.0,321501.66667873895,1286.0066667149558,20.0
800775,17.5,12.0,94.0,17.5,12.0,94.0,243865.2754688042,975.4611018752169,20.0
800776,17.5,12.0,96.0,17.5,12.0,96.0,188630.4559507076,754.5218238028305,20.0
800777,17.5,12.0,98.0,17.5,12.0,98.0,155421.87447058642,621.6874978823457,20.0
800778,17.5,12.0,100.0,17.5,12.0,100.0,135295.01123899026,541.1800449559611,20.0
800779,17.5,12.0,102.0,17.5,12.0,102.0,122438.00001872952,489.7520000749181,20.0
800780,17.5,12.0,104.0,17.5,12.0,104.0,113715.90630766367,454.8636252306547,20.0
800781,17.5,12.0,106.0,17.5,12.0,106.0,107446.8797991331,429.7875191965324,20.0
800782,17.5,12.0,108.0,17.5,12.0,108.0,102696.59257434003,410.7863702973601,20.0
800783,17.5,12.0,110.0,17.5,12.0,110.0,98923.82247225808,395.6952898890323,20.0
800784,17.5,12.0,112.0,17.5,12.0,112.0,95802.54610121425,383.210184404857,20.0
800785,17.5,12.0,114.0,17.5,12.0,114.0,93129.63534997734,372.51854139990934,20.0
800786,17.5,12.0,116.0,17.5,12.0,116.0,90774.95948504882,363.0998379401953,20.0
800787,17.5,12.0,118.0,17.5,12.0,118.0,88653.28113720658,354.6131245488263,20.0
800788,17.5,12.0,120.0,17.5,12.0,120.0,86707.80939333889,346.83123757335557,20.0
800789,17.5,12.0,122.0,17.5,12.0,122.0,84900.23506136856,339.60094024547425,20.0
800790,17.5,12.0,124.0,17.5,12.0,124.0,83204.50460816863,332.81801843267453,20.0
800791,17.5,12.0,126.0,17.5,12.0,126.0,81602.82826352159,326.41131305408635,20.0
800792,17.5,12.0,128.0,17.5,12.0,128.0,80083.08094860007,320.3323237944003,20.0
800793,17.5,12.0,130.0,17.5,12.0,130.0,78637.13273676542,314.5485309470617,20.0
800794,17.5,12.0,132.0,17.5,12.0,132.0,77259.86421985818,309.03945687943275,20.0
800795,17.5,12.0,134.0,17.5,12.0,134.0,75948.72070709776,303.79488282839105,20.0
800796,17.5,12.0,136.0,17.5,12.0,136.0,74703.65685182741,298.8146274073097,20.0
800797,17.5,12.0,138.0,17.5,12.0,138.0,73527.2662664431,294.10906506577237,20.0
800798,17.5,12.0,140.0,17.5,12.0,140.0,72424.84873615913,289.6993949446365,20.0
800799,17.5,12.0,142.0,17.5,12.0,142.0,71404.1934900943,285.6167739603772,20.0
800800,17.5,12.0,144.0,17.5,12.0,144.0,70474.95540802774,281.899821632111,20.0
800801,17.5,12.0,146.0,17.5,12.0,146.0,69647.63441789728,278.5905376715891,20.0
800802,17.5,12.0,148.0,17.5,12.0,148.0,68932.28644812202,275.72914579248805,20.0
800803,17.5,12.0,150.0,17.5,12.0,150.0,68337.16202744098,273.34864810976393,20.0
800804,17.5,12.0,152.0,17.5,12.0,152.0,67867.47680926649,271.46990723706597,20.0
800805,17.5,12.0,154.0,17.5,12.0,154.0,67524.47900261336,270.09791601045345,20.0
800806,17.5,12.0,156.0,17.5,12.0,156.0,67304.91379584755,269.2196551833902,20.0
800807,17.5,12.0,158.0,17.5,12.0,158.0,67200.91572359011,268.80366289436046,20.0
800808,17.5,12.0,160.0,17.5,12.0,160.0,67200.30159185006,268.80120636740025,20.0
800809,17.5,12.0,162.0,17.5,12.0,162.0,67287.19637916092,269.14878551664367,20.0
800810,17.5,12.0,164.0,17.5,12.0,164.0,67442.90346817886,269.7716138727155,20.0
800811,17.5,12.0,166.0,17.5,12.0,166.0,67646.92566234819,270.5877026493928,20.0
800812,17.5,12.0,168.0,17.5,12.0,168.0,67878.05001226439,271.5122000490575,20.0
800813,17.5,12.0,170.0,17.5,12.0,170.0,68115.42270614211,272.46169082456845,20.0
800814,17.5,12.0,172.0,17.5,12.0,172.0,68339.55614413008,273.35822457652034,20.0
800815,17.5,12.0,174.0,17.5,12.0,174.0,68533.22592405675,274.132903696227,20.0
800816,17.5,12.0,176.0,17.5,12.0,176.0,68682.22904547794,274.72891618191176,20.0
800817,17.5,12.0,178.0,17.5,12.0,178.0,68775.98535377868,275.1039414151147,20.0
800818,17.5,12.0,180.0,17.5,12.0,180.0,68807.97195432823,275.2318878173129,20.0
800819,17.5,14.0,0.0,17.5,14.0,0.0,61491.86339088805,245.9674535635522,20.0
800820,17.5,14.0,2.0,17.5,14.0,2.0,61463.662458599545,245.85464983439817,20.0
800821,17.5,14.0,4.0,17.5,14.0,4.0,61381.07989483304,245.52431957933217,20.0
800822,17.5,14.0,6.0,17.5,14.0,6.0,61250.09635742557,245.0003854297023,20.0
800823,17.5,14.0,8.0,17.5,14.0,8.0,61080.41336215257,244.32165344861028,20.0
800824,17.5,14.0,10.0,17.5,14.0,10.0,60885.056263466206,243.54022505386482,20.0
800825,17.5,14.0,12.0,17.5,14.0,12.0,60679.82455047088,242.71929820188353,20.0
800826,17.5,14.0,14.0,17.5,14.0,14.0,60482.59880821764,241.93039523287058,20.0
800827,17.5,14.0,16.0,17.5,14.0,16.0,60312.52072489263,241.25008289957051,20.0
800828,17.5,14.0,18.0,17.5,14.0,18.0,60189.07230120387,240.7562892048155,20.0
800829,17.5,14.0,20.0,17.5,14.0,20.0,60131.09280921748,240.5243712368699,20.0
800830,17.5,14.0,22.0,17.5,14.0,22.0,60155.78629058385,240.6231451623354,20.0
800831,17.5,14.0,24.0,17.5,14.0,24.0,60277.78686095982,241.1111474438393,20.0
800832,17.5,14.0,26.0,17.5,14.0,26.0,60508.3611562228,242.03344462489122,20.0
800833,17.5,14.0,28.0,17.5,14.0,28.0,60854.833241496584,243.41933296598634,20.0
800834,17.5,14.0,30.0,17.5,14.0,30.0,61320.31281300118,245.28125125200472,20.0
800835,17.5,14.0,32.0,17.5,14.0,32.0,61903.78826864253,247.61515307457012,20.0
800836,17.5,14.0,34.0,17.5,14.0,34.0,62600.60949300901,250.40243797203604,20.0
800837,17.5,14.0,36.0,17.5,14.0,36.0,63403.331905405656,253.61332762162263,20.0
800838,17.5,14.0,38.0,17.5,14.0,38.0,64302.83015619639,257.21132062478557,20.0
800839,17.5,14.0,40.0,17.5,14.0,40.0,65289.53056230767,261.1581222492307,20.0
800840,17.5,14.0,42.0,17.5,14.0,42.0,66354.57545342617,265.41830181370466,20.0
800841,17.5,14.0,44.0,17.5,14.0,44.0,67490.74003308178,269.9629601323271,20.0
800842,17.5,14.0,46.0,17.5,14.0,46.0,68692.98415478028,274.7719366191211,20.0
800843,17.5,14.0,48.0,17.5,14.0,48.0,69958.62919094441,279.83451676377763,20.0
800844,17.5,14.0,50.0,17.5,14.0,50.0,71287.27184420178,285.14908737680713,20.0
800845,17.5,14.0,52.0,17.5,14.0,52.0,72680.63641799624,290.72254567198496,20.0
800846,17.5,14.0,54.0,17.5,14.0,54.0,74142.59033197102,296.5703613278841,20.0
800847,17.5,14.0,56.0,17.5,14.0,56.0,75679.5088431589,302.7180353726356,20.0
800848,17.5,14.0,58.0,17.5,14.0,58.0,77301.12209508328,309.20448838033315,20.0
800849,17.5,14.0,60.0,17.5,14.0,60.0,79021.9744523677,316.08789780947086,20.0
800850,17.5,14.0,62.0,17.5,14.0,62.0,80863.71481711231,323.45485926844924,20.0
800851,17.5,14.0,64.0,17.5,14.0,64.0,82858.63522640409,331.43454090561636,20.0
800852,17.5,14.0,66.0,17.5,14.0,66.0,85055.2208658222,340.22088346328877,20.0
800853,17.5,14.0,68.0,17.5,14.0,68.0,87527.08732058259,350.1083492823304,20.0
800854,17.5,14.0,70.0,17.5,14.0,70.0,90387.84057624728,361.55136230498914,20.0
800855,17.5,14.0,72.0,17.5,14.0,72.0,93816.71005234735,375.2668402093894,20.0
800856,17.5,14.0,74.0,17.5,14.0,74.0,98104.63848424196,392.41855393696784,20.0
800857,17.5,14.0,76.0,17.5,14.0,76.0,103741.0559451895,414.964223780758,20.0
800858,17.5,14.0,78.0,17.5,14.0,78.0,111585.47156301318,446.34188625205275,20.0
800859,17.5,14.0,80.0,17.5,14.0,80.0,123223.15996760354,492.8926398704142,20.0
800860,17.5,14.0,82.0,17.5,14.0,82.0,141723.35270302024,566.893410812081,20.0
800861,17.5,14.0,84.0,17.5,14.0,84.0,173164.6504175129,692.6586016700516,20.0
800862,17.5,14.0,86.0,17.5,14.0,86.0,228315.55246751755,913.2622098700703,20.0
800863,17.5,14.0,88.0,17.5,14.0,88.0,312641.1881440315,1250.564752576126,20.0
800864,17.5,14.0,90.0,17.5,14.0,90.0,367851.49527511926,1471.405981100477,20.0
800865,17.5,14.0,92.0,17.5,14.0,92.0,312641.18814403197,1250.5647525761278,20.0
800866,17.5,14.0,94.0,17.5,14.0,94.0,228315.55246751805,913.2622098700722,20.0
800867,17.5,14.0,96.0,17.5,14.0,96.0,173164.65041751318,692.6586016700528,20.0
800868,17.5,14.0,98.0,17.5,14.0,98.0,141723.35270302015,566.8934108120807,20.0
800869,17.5,14.0,100.0,17.5,14.0,100.0,123223.15996760354,492.89263987041414,20.0
800870,17.5,14.0,102.0,17.5,14.0,102.0,111585.47156301318,446.34188625205275,20.0
800871,17.5,14.0,104.0,17.5,14.0,104.0,103741.0559451895,414.964223780758,20.0
800872,17.5,14.0,106.0,17.5,14.0,106.0,98104.63848424196,392.41855393696784,20.0
800873,17.5,14.0,108.0,17.5,14.0,108.0,93816.7100523474,375.26684020938956,20.0
800874,17.5,14.0,110.0,17.5,14.0,110.0,90387.84057624728,361.55136230498914,20.0
800875,17.5,14.0,112.0,17.5,14.0,112.0,87527.08732058264,350.10834928233055,20.0
800876,17.5,14.0,114.0,17.5,14.0,114.0,85055.22086582224,340.22088346328894,20.0
800877,17.5,14.0,116.0,17.5,14.0,116.0,82858.63522640406,331.43454090561625,20.0
800878,17.5,14.0,118.0,17.5,14.0,118.0,80863.71481711231,323.45485926844924,20.0
800879,17.5,14.0,120.0,17.5,14.0,120.0,79021.9744523677,316.08789780947086,20.0
800880,17.5,14.0,122.0,17.5,14.0,122.0,77301.12209508328,309.20448838033315,20.0
800881,17.5,14.0,124.0,17.5,14.0,124.0,75679.5088431589,302.7180353726356,20.0
800882,17.5,14.0,126.0,17.5,14.0,126.0,74142.59033197103,296.57036132788414,20.0
800883,17.5,14.0,128.0,17.5,14.0,128.0,72680.63641799624,290.72254567198496,20.0
800884,17.5,14.0,130.0,17.5,14.0,130.0,71287.2718442018,285.1490873768072,20.0
800885,17.5,14.0,132.0,17.5,14.0,132.0,69958.62919094441,279.83451676377763,20.0
800886,17.5,14.0,134.0,17.5,14.0,134.0,68692.98415478025,274.771936619121,20.0
800887,17.5,14.0,136.0,17.5,14.0,136.0,67490.74003308178,269.9629601323271,20.0
800888,17.5,14.0,138.0,17.5,14.0,138.0,66354.57545342617,265.41830181370466,20.0
800889,17.5,14.0,140.0,17.5,14.0,140.0,65289.53056230767,261.1581222492307,20.0
800890,17.5,14.0,142.0,17.5,14.0,142.0,64302.83015619639,257.21132062478557,20.0
800891,17.5,14.0,144.0,17.5,14.0,144.0,63403.33190540565,253.6133276216226,20.0
800892,17.5,14.0,146.0,17.5,14.0,146.0,62600.609493009004,250.402437972036,20.0
800893,17.5,14.0,148.0,17.5,14.0,148.0,61903.78826864253,247.61515307457012,20.0
800894,17.5,14.0,150.0,17.5,14.0,150.0,61320.31281300118,245.28125125200472,20.0
800895,17.5,14.0,152.0,17.5,14.0,152.0,60854.833241496584,243.41933296598634,20.0
800896,17.5,14.0,154.0,17.5,14.0,154.0,60508.361156222796,242.0334446248912,20.0
800897,17.5,14.0,156.0,17.5,14.0,156.0,60277.78686095982,241.1111474438393,20.0
800898,17.5,14.0,158.0,17.5,14.0,158.0,60155.78629058385,240.6231451623354,20.0
800899,17.5,14.0,160.0,17.5,14.0,160.0,60131.09280921748,240.52437123686994,20.0
800900,17.5,14.0,162.0,17.5,14.0,162.0,60189.07230120388,240.75628920481552,20.0
800901,17.5,14.0,164.0,17.5,14.0,164.0,60312.52072489262,241.2500828995705,20.0
800902,17.5,14.0,166.0,17.5,14.0,166.0,60482.59880821764,241.93039523287058,20.0
800903,17.5,14.0,168.0,17.5,14.0,168.0,60679.82455047088,242.71929820188353,20.0
800904,17.5,14.0,170.0,17.5,14.0,170.0,60885.056263466206,243.54022505386482,20.0
800905,17.5,14.0,172.0,17.5,14.0,172.0,61080.41336215257,244.32165344861028,20.0
800906,17.5,14.0,174.0,17.5,14.0,174.0,61250.09635742557,245.0003854297023,20.0
800907,17.5,14.0,176.0,17.5,14.0,176.0,61381.07989483304,245.52431957933217,20.0
800908,17.5,14.0,178.0,17.5,14.0,178.0,61463.662458599545,245.85464983439817,20.0
800909,17.5,14.0,180.0,17.5,14.0,180.0,61491.86339088805,245.9674535635522,20.0
800910,17.5,16.0,0.0,17.5,16.0,0.0,54401.04191914098,217.60416767656395,20.0
800911,17.5,16.0,2.0,17.5,16.0,2.0,54376.32142412274,217.50528569649097,20.0
800912,17.5,16.0,4.0,17.5,16.0,4.0,54303.995928981756,217.21598371592702,20.0
800913,17.5,16.0,6.0,17.5,16.0,6.0,54189.50093457333,216.75800373829333,20.0
800914,17.5,16.0,8.0,17.5,16.0,8.0,54041.65454697844,216.16661818791377,20.0
800915,17.5,16.0,10.0,17.5,16.0,10.0,53872.29799982094,215.48919199928378,20.0
800916,17.5,16.0,12.0,17.5,16.0,12.0,53695.79790063817,214.7831916025527,20.0
800917,17.5,16.0,14.0,17.5,16.0,14.0,53528.41863631998,214.1136745452799,20.0
800918,17.5,16.0,16.0,17.5,16.0,16.0,53387.57972660127,213.55031890640507,20.0
800919,17.5,16.0,18.0,17.5,16.0,18.0,53291.02175225733,213.16408700902932,20.0
800920,17.5,16.0,20.0,17.5,16.0,20.0,53255.91568815091,213.02366275260366,20.0
800921,17.5,16.0,22.0,17.5,16.0,22.0,53297.963349457015,213.19185339782805,20.0
800922,17.5,16.0,24.0,17.5,16.0,24.0,53430.54974809218,213.7221989923687,20.0
800923,17.5,16.0,26.0,17.5,16.0,26.0,53664.0190640758,214.6560762563032,20.0
800924,17.5,16.0,28.0,17.5,16.0,28.0,54005.15133677986,216.02060534711944,20.0
800925,17.5,16.0,30.0,17.5,16.0,30.0,54456.9128977059,217.82765159082362,20.0
800926,17.5,16.0,32.0,17.5,16.0,32.0,55018.53611979328,220.07414447917313,20.0
800927,17.5,16.0,34.0,17.5,16.0,34.0,55685.9507927127,222.74380317085078,20.0
800928,17.5,16.0,36.0,17.5,16.0,36.0,56452.54117193433,225.81016468773734,20.0
800929,17.5,16.0,38.0,17.5,16.0,38.0,57310.145555405325,229.2405822216213,20.0
800930,17.5,16.0,40.0,17.5,16.0,40.0,58250.16154561731,233.00064618246924,20.0
800931,17.5,16.0,42.0,17.5,16.0,42.0,59264.587608808215,237.05835043523285,20.0
800932,17.5,16.0,44.0,17.5,16.0,44.0,60346.838223283325,241.3873528931333,20.0
800933,17.5,16.0,46.0,17.5,16.0,46.0,61492.22577405277,245.96890309621108,20.0
800934,17.5,16.0,48.0,17.5,16.0,48.0,62698.09980286123,250.79239921144492,20.0
800935,17.5,16.0,50.0,17.5,16.0,50.0,63963.74419989676,255.85497679958706,20.0
800936,17.5,16.0,52.0,17.5,16.0,52.0,65290.21385308365,261.1608554123346,20.0
800937,17.5,16.0,54.0,17.5,16.0,54.0,66680.31297480549,266.72125189922195,20.0
800938,17.5,16.0,56.0,17.5,16.0,56.0,68138.88162923163,272.55552651692653,20.0
800939,17.5,16.0,58.0,17.5,16.0,58.0,69673.50829814948,278.69403319259794,20.0
800940,17.5,16.0,60.0,17.5,16.0,60.0,71295.78216111923,285.18312864447694,20.0
800941,17.5,16.0,62.0,17.5,16.0,62.0,73023.27721848132,292.0931088739253,20.0
800942,17.5,16.0,64.0,17.5,16.0,64.0,74882.63771873534,299.53055087494135,20.0
800943,17.5,16.0,66.0,17.5,16.0,66.0,76914.44499417412,307.6577799766965,20.0
800944,17.5,16.0,68.0,17.5,16.0,68.0,79181.10072085248,316.72440288340994,20.0
800945,17.5,16.0,70.0,17.5,16.0,70.0,81780.02392141557,327.1200956856623,20.0
800946,17.5,16.0,72.0,17.5,16.0,72.0,84866.61118186978,339.46644472747914,20.0
800947,17.5,16.0,74.0,17.5,16.0,74.0,88695.99405339452,354.78397621357806,20.0
800948,17.5,16.0,76.0,17.5,16.0,76.0,93702.91105537463,374.8116442214985,20.0
800949,17.5,16.0,78.0,17.5,16.0,78.0,100663.31853346458,402.65327413385836,20.0
800950,17.5,16.0,80.0,17.5,16.0,80.0,111041.40112124904,444.1656044849962,20.0
800951,17.5,16.0,82.0,17.5,16.0,82.0,127774.33511393686,511.0973404557474,20.0
800952,17.5,16.0,84.0,17.5,16.0,84.0,157049.11217709453,628.1964487083782,20.0
800953,17.5,16.0,86.0,17.5,16.0,86.0,211310.2109449777,845.2408437799108,20.0
800954,17.5,16.0,88.0,17.5,16.0,88.0,302466.22193853767,1209.8648877541507,20.0
800955,17.5,16.0,90.0,17.5,16.0,90.0,368313.3105922917,1473.2532423691669,20.0
800956,17.5,16.0,92.0,17.5,16.0,92.0,302466.2219385382,1209.8648877541527,20.0
800957,17.5,16.0,94.0,17.5,16.0,94.0,211310.21094497823,845.2408437799129,20.0
800958,17.5,16.0,96.0,17.5,16.0,96.0,157049.11217709485,628.1964487083794,20.0
800959,17.5,16.0,98.0,17.5,16.0,98.0,127774.33511393679,511.09734045574714,20.0
800960,17.5,16.0,100.0,17.5,16.0,100.0,111041.401121249,444.16560448499604,20.0
800961,17.5,16.0,102.0,17.5,16.0,102.0,100663.31853346458,402.65327413385836,20.0
800962,17.5,16.0,104.0,17.5,16.0,104.0,93702.91105537463,374.8116442214985,20.0
800963,17.5,16.0,106.0,17.5,16.0,106.0,88695.99405339452,354.78397621357806,20.0
800964,17.5,16.0,108.0,17.5,16.0,108.0,84866.6111818698,339.4664447274792,20.0
800965,17.5,16.0,110.0,17.5,16.0,110.0,81780.02392141559,327.12009568566236,20.0
800966,17.5,16.0,112.0,17.5,16.0,112.0,79181.1007208525,316.72440288341,20.0
800967,17.5,16.0,114.0,17.5,16.0,114.0,76914.44499417415,307.6577799766966,20.0
800968,17.5,16.0,116.0,17.5,16.0,116.0,74882.63771873532,299.5305508749413,20.0
800969,17.5,16.0,118.0,17.5,16.0,118.0,73023.27721848131,292.09310887392525,20.0
800970,17.5,16.0,120.0,17.5,16.0,120.0,71295.78216111923,285.18312864447694,20.0
800971,17.5,16.0,122.0,17.5,16.0,122.0,69673.50829814948,278.69403319259794,20.0
800972,17.5,16.0,124.0,17.5,16.0,124.0,68138.88162923163,272.55552651692653,20.0
800973,17.5,16.0,126.0,17.5,16.0,126.0,66680.31297480552,266.72125189922207,20.0
800974,17.5,16.0,128.0,17.5,16.0,128.0,65290.21385308365,261.1608554123346,20.0
800975,17.5,16.0,130.0,17.5,16.0,130.0,63963.74419989677,255.8549767995871,20.0
800976,17.5,16.0,132.0,17.5,16.0,132.0,62698.09980286123,250.79239921144492,20.0
800977,17.5,16.0,134.0,17.5,16.0,134.0,61492.22577405276,245.96890309621102,20.0
800978,17.5,16.0,136.0,17.5,16.0,136.0,60346.838223283325,241.3873528931333,20.0
800979,17.5,16.0,138.0,17.5,16.0,138.0,59264.587608808215,237.05835043523285,20.0
800980,17.5,16.0,140.0,17.5,16.0,140.0,58250.16154561731,233.00064618246924,20.0
800981,17.5,16.0,142.0,17.5,16.0,142.0,57310.145555405325,229.2405822216213,20.0
800982,17.5,16.0,144.0,17.5,16.0,144.0,56452.541171934325,225.8101646877373,20.0
800983,17.5,16.0,146.0,17.5,16.0,146.0,55685.95079271269,222.74380317085075,20.0
800984,17.5,16.0,148.0,17.5,16.0,148.0,55018.53611979328,220.07414447917313,20.0
800985,17.5,16.0,150.0,17.5,16.0,150.0,54456.9128977059,217.82765159082362,20.0
800986,17.5,16.0,152.0,17.5,16.0,152.0,54005.15133677986,216.02060534711944,20.0
800987,17.5,16.0,154.0,17.5,16.0,154.0,53664.01906407579,214.65607625630315,20.0
800988,17.5,16.0,156.0,17.5,16.0,156.0,53430.54974809218,213.7221989923687,20.0
800989,17.5,16.0,158.0,17.5,16.0,158.0,53297.963349457015,213.19185339782805,20.0
800990,17.5,16.0,160.0,17.5,16.0,160.0,53255.91568815092,213.02366275260368,20.0
800991,17.5,16.0,162.0,17.5,16.0,162.0,53291.02175225734,213.16408700902934,20.0
800992,17.5,16.0,164.0,17.5,16.0,164.0,53387.57972660127,213.55031890640507,20.0
800993,17.5,16.0,166.0,17.5,16.0,166.0,53528.41863631998,214.1136745452799,20.0
800994,17.5,16.0,168.0,17.5,16.0,168.0,53695.79790063818,214.78319160255273,20.0
800995,17.5,16.0,170.0,17.5,16.0,170.0,53872.29799982094,215.48919199928378,20.0
800996,17.5,16.0,172.0,17.5,16.0,172.0,54041.65454697844,216.16661818791377,20.0
800997,17.5,16.0,174.0,17.5,16.0,174.0,54189.50093457333,216.75800373829333,20.0
800998,17.5,16.0,176.0,17.5,16.0,176.0,54303.995928981756,217.21598371592702,20.0
800999,17.5,16.0,178.0,17.5,16.0,178.0,54376.32142412274,217.50528569649097,20.0
801000,17.5,16.0,180.0,17.5,16.0,180.0,54401.04191914098,217.60416767656395,20.0
801001,17.5,17.0,0.0,17.5,17.0,0.0,50940.11384265238,203.76045537060955,20.0
801002,17.5,17.0,2.0,17.5,17.0,2.0,50917.02852483942,203.6681140993577,20.0
801003,17.5,17.0,4.0,17.5,17.0,4.0,50849.515979127085,203.39806391650833,20.0
801004,17.5,17.0,6.0,17.5,17.0,6.0,50742.737755184324,202.9709510207373,20.0
801005,17.5,17.0,8.0,17.5,17.0,8.0,50605.067997023914,202.42027198809566,20.0
801006,17.5,17.0,10.0,17.5,17.0,10.0,50447.752783111915,201.79101113244766,20.0
801007,17.5,17.0,12.0,17.5,17.0,12.0,50284.43841592361,201.13775366369444,20.0
801008,17.5,17.0,14.0,17.5,17.0,14.0,50130.57664060101,200.52230656240403,20.0
801009,17.5,17.0,16.0,17.5,17.0,16.0,50002.72078867122,200.01088315468488,20.0
801010,17.5,17.0,18.0,17.5,17.0,18.0,49917.735211989384,199.67094084795755,20.0
801011,17.5,17.0,20.0,17.5,17.0,20.0,49891.95098237642,199.56780392950566,20.0
801012,17.5,17.0,22.0,17.5,17.0,22.0,49940.31302881027,199.7612521152411,20.0
801013,17.5,17.0,24.0,17.5,17.0,24.0,50075.57627903001,200.30230511612004,20.0
801014,17.5,17.0,26.0,17.5,17.0,26.0,50307.6186998273,201.23047479930918,20.0
801015,17.5,17.0,28.0,17.5,17.0,28.0,50642.94423804091,202.57177695216365,20.0
801016,17.5,17.0,30.0,17.5,17.0,30.0,51084.444784712854,204.33777913885143,20.0
801017,17.5,17.0,32.0,17.5,17.0,32.0,51631.47374166158,206.52589496664635,20.0
801018,17.5,17.0,34.0,17.5,17.0,34.0,52280.25223599123,209.12100894396494,20.0
801019,17.5,17.0,36.0,17.5,17.0,36.0,53024.58328331721,212.09833313326885,20.0
801020,17.5,17.0,38.0,17.5,17.0,38.0,53856.79499031424,215.42717996125697,20.0
801021,17.5,17.0,40.0,17.5,17.0,40.0,54768.782989355444,219.07513195742177,20.0
801022,17.5,17.0,42.0,17.5,17.0,42.0,55752.99143784067,223.01196575136268,20.0
801023,17.5,17.0,44.0,17.5,17.0,44.0,56803.17821861045,227.2127128744418,20.0
801024,17.5,17.0,46.0,17.5,17.0,46.0,57914.862878499334,231.65945151399734,20.0
801025,17.5,17.0,48.0,17.5,17.0,48.0,59085.448133666214,236.34179253466485,20.0
801026,17.5,17.0,50.0,17.5,17.0,50.0,60314.10990535417,241.2564396214167,20.0
801027,17.5,17.0,52.0,17.5,17.0,52.0,61601.62741873834,246.40650967495336,20.0
801028,17.5,17.0,54.0,17.5,17.0,54.0,62950.3443307432,251.80137732297283,20.0
801029,17.5,17.0,56.0,17.5,17.0,56.0,64364.41773273448,257.4576709309379,20.0
801030,17.5,17.0,58.0,17.5,17.0,58.0,65850.46527248544,263.40186108994175,20.0
801031,17.5,17.0,60.0,17.5,17.0,60.0,67418.71595996944,269.6748638398778,20.0
801032,17.5,17.0,62.0,17.5,17.0,62.0,69084.84343513608,276.3393737405443,20.0
801033,17.5,17.0,64.0,17.5,17.0,64.0,70872.82687244362,283.4913074897745,20.0
801034,17.5,17.0,66.0,17.5,17.0,66.0,72819.47691553972,291.2779076621589,20.0
801035,17.5,17.0,68.0,17.5,17.0,68.0,74981.78788812734,299.9271515525094,20.0
801036,17.5,17.0,70.0,17.5,17.0,70.0,77449.2854610807,309.79714184432277,20.0
801037,17.5,17.0,72.0,17.5,17.0,72.0,80365.59472057896,321.4623788823158,20.0
801038,17.5,17.0,74.0,17.5,17.0,74.0,83967.87221798017,335.8714888719207,20.0
801039,17.5,17.0,76.0,17.5,17.0,76.0,88662.78097740609,354.65112390962435,20.0
801040,17.5,17.0,78.0,17.5,17.0,78.0,95181.84357050843,380.72737428203374,20.0
801041,17.5,17.0,80.0,17.5,17.0,80.0,104920.42511199102,419.6817004479641,20.0
801042,17.5,17.0,82.0,17.5,17.0,82.0,120725.05570657217,482.90022282628865,20.0
801043,17.5,17.0,84.0,17.5,17.0,84.0,148769.55287887203,595.0782115154881,20.0
801044,17.5,17.0,86.0,17.5,17.0,86.0,202232.65058224768,808.9306023289907,20.0
801045,17.5,17.0,88.0,17.5,17.0,88.0,296756.2907222356,1187.0251628889423,20.0
801046,17.5,17.0,90.0,17.5,17.0,90.0,369013.88838276465,1476.0555535310586,20.0
801047,17.5,17.0,92.0,17.5,17.0,92.0,296756.2907222361,1187.0251628889444,20.0
801048,17.5,17.0,94.0,17.5,17.0,94.0,202232.65058224817,808.9306023289927,20.0
801049,17.5,17.0,96.0,17.5,17.0,96.0,148769.5528788723,595.0782115154892,20.0
801050,17.5,17.0,98.0,17.5,17.0,98.0,120725.0557065721,482.90022282628837,20.0
801051,17.5,17.0,100.0,17.5,17.0,100.0,104920.42511199099,419.681700447964,20.0
801052,17.5,17.0,102.0,17.5,17.0,102.0,95181.84357050841,380.7273742820337,20.0
801053,17.5,17.0,104.0,17.5,17.0,104.0,88662.78097740609,354.65112390962435,20.0
801054,17.5,17.0,106.0,17.5,17.0,106.0,83967.87221798017,335.8714888719207,20.0
801055,17.5,17.0,108.0,17.5,17.0,108.0,80365.59472057896,321.4623788823158,20.0
801056,17.5,17.0,110.0,17.5,17.0,110.0,77449.2854610807,309.79714184432277,20.0
801057,17.5,17.0,112.0,17.5,17.0,112.0,74981.78788812736,299.9271515525095,20.0
801058,17.5,17.0,114.0,17.5,17.0,114.0,72819.47691553972,291.2779076621589,20.0
801059,17.5,17.0,116.0,17.5,17.0,116.0,70872.82687244362,283.4913074897745,20.0
801060,17.5,17.0,118.0,17.5,17.0,118.0,69084.84343513606,276.33937374054426,20.0
801061,17.5,17.0,120.0,17.5,17.0,120.0,67418.71595996944,269.6748638398778,20.0
801062,17.5,17.0,122.0,17.5,17.0,122.0,65850.46527248544,263.40186108994175,20.0
801063,17.5,17.0,124.0,17.5,17.0,124.0,64364.41773273448,257.4576709309379,20.0
801064,17.5,17.0,126.0,17.5,17.0,126.0,62950.344330743224,251.8013773229729,20.0
801065,17.5,17.0,128.0,17.5,17.0,128.0,61601.62741873836,246.40650967495344,20.0
801066,17.5,17.0,130.0,17.5,17.0,130.0,60314.10990535419,241.25643962141677,20.0
801067,17.5,17.0,132.0,17.5,17.0,132.0,59085.448133666214,236.34179253466485,20.0
801068,17.5,17.0,134.0,17.5,17.0,134.0,57914.862878499334,231.65945151399734,20.0
801069,17.5,17.0,136.0,17.5,17.0,136.0,56803.178218610454,227.21271287444182,20.0
801070,17.5,17.0,138.0,17.5,17.0,138.0,55752.99143784067,223.01196575136268,20.0
801071,17.5,17.0,140.0,17.5,17.0,140.0,54768.782989355444,219.07513195742177,20.0
801072,17.5,17.0,142.0,17.5,17.0,142.0,53856.79499031424,215.42717996125697,20.0
801073,17.5,17.0,144.0,17.5,17.0,144.0,53024.58328331721,212.09833313326885,20.0
801074,17.5,17.0,146.0,17.5,17.0,146.0,52280.252235991225,209.1210089439649,20.0
801075,17.5,17.0,148.0,17.5,17.0,148.0,51631.47374166158,206.52589496664635,20.0
801076,17.5,17.0,150.0,17.5,17.0,150.0,51084.444784712854,204.33777913885143,20.0
801077,17.5,17.0,152.0,17.5,17.0,152.0,50642.94423804091,202.57177695216365,20.0
801078,17.5,17.0,154.0,17.5,17.0,154.0,50307.61869982728,201.23047479930912,20.0
801079,17.5,17.0,156.0,17.5,17.0,156.0,50075.57627903001,200.30230511612004,20.0
801080,17.5,17.0,158.0,17.5,17.0,158.0,49940.31302881027,199.7612521152411,20.0
801081,17.5,17.0,160.0,17.5,17.0,160.0,49891.95098237643,199.56780392950571,20.0
801082,17.5,17.0,162.0,17.5,17.0,162.0,49917.73521198939,199.67094084795758,20.0
801083,17.5,17.0,164.0,17.5,17.0,164.0,50002.720788671206,200.01088315468482,20.0
801084,17.5,17.0,166.0,17.5,17.0,166.0,50130.57664060101,200.52230656240403,20.0
801085,17.5,17.0,168.0,17.5,17.0,168.0,50284.43841592362,201.1377536636945,20.0
801086,17.5,17.0,170.0,17.5,17.0,170.0,50447.752783111915,201.79101113244766,20.0
801087,17.5,17.0,172.0,17.5,17.0,172.0,50605.067997023914,202.42027198809566,20.0
801088,17.5,17.0,174.0,17.5,17.0,174.0,50742.737755184324,202.9709510207373,20.0
801089,17.5,17.0,176.0,17.5,17.0,176.0,50849.515979127085,203.39806391650833,20.0
801090,17.5,17.0,178.0,17.5,17.0,178.0,50917.02852483942,203.6681140993577,20.0
801091,17.5,17.0,180.0,17.5,17.0,180.0,50940.11384265238,203.76045537060955,20.0
801092,17.5,18.0,0.0,17.5,18.0,0.0,47535.50753908704,190.14203015634817,20.0
801093,17.5,18.0,2.0,17.5,18.0,2.0,47513.99230116506,190.05596920466024,20.0
801094,17.5,18.0,4.0,17.5,18.0,4.0,47451.097063704605,189.80438825481843,20.0
801095,17.5,18.0,6.0,17.5,18.0,6.0,47351.70838257283,189.40683353029132,20.0
801096,17.5,18.0,8.0,17.5,18.0,8.0,47223.75471920309,188.89501887681237,20.0
801097,17.5,18.0,10.0,17.5,18.0,10.0,47077.88462505779,188.31153850023117,20.0
801098,17.5,18.0,12.0,17.5,18.0,12.0,46927.021113140334,187.70808445256134,20.0
801099,17.5,18.0,14.0,17.5,18.0,14.0,46785.799742441035,187.14319896976414,20.0
801100,17.5,18.0,16.0,17.5,18.0,16.0,46669.90362030308,186.67961448121233,20.0
801101,17.5,18.0,18.0,17.5,18.0,18.0,46595.31642889757,186.38126571559027,20.0
801102,17.5,18.0,20.0,17.5,18.0,20.0,46577.52459956317,186.31009839825268,20.0
801103,17.5,18.0,22.0,17.5,18.0,22.0,46630.71127379855,186.5228450951942,20.0
801104,17.5,18.0,24.0,17.5,18.0,24.0,46766.996391394736,187.06798556557894,20.0
801105,17.5,18.0,26.0,17.5,18.0,26.0,46995.7869936729,187.9831479746916,20.0
801106,17.5,18.0,28.0,17.5,18.0,28.0,47323.30664531306,189.29322658125224,20.0
801107,17.5,18.0,30.0,17.5,18.0,30.0,47752.369202631824,191.0094768105273,20.0
801108,17.5,18.0,32.0,17.5,18.0,32.0,48282.44651643392,193.1297860657357,20.0
801109,17.5,18.0,34.0,17.5,18.0,34.0,48910.0498555309,195.6401994221236,20.0
801110,17.5,18.0,36.0,17.5,18.0,36.0,49629.40160895117,198.51760643580468,20.0
801111,17.5,18.0,38.0,17.5,18.0,38.0,50433.32259808457,201.73329039233826,20.0
801112,17.5,18.0,40.0,17.5,18.0,40.0,51314.21222994426,205.25684891977707,20.0
801113,17.5,18.0,42.0,17.5,18.0,42.0,52264.969548067864,209.05987819227147,20.0
801114,17.5,18.0,44.0,17.5,18.0,44.0,53279.70916491248,213.11883665964993,20.0
801115,17.5,18.0,46.0,17.5,18.0,46.0,54354.17599639002,217.41670398556008,20.0
801116,17.5,18.0,48.0,17.5,18.0,48.0,55485.84985244066,221.94339940976263,20.0
801117,17.5,18.0,50.0,17.5,18.0,50.0,56673.82923433613,226.69531693734453,20.0
801118,17.5,18.0,52.0,17.5,18.0,52.0,57918.6559046736,231.6746236186944,20.0
801119,17.5,18.0,54.0,17.5,18.0,54.0,59222.259969116494,236.88903987646597,20.0
801120,17.5,18.0,56.0,17.5,18.0,56.0,60588.172680115706,242.35269072046282,20.0
801121,17.5,18.0,58.0,17.5,18.0,58.0,62022.1096713359,248.08843868534362,20.0
801122,17.5,18.0,60.0,17.5,18.0,60.0,63533.02214361498,254.1320885744599,20.0
801123,17.5,18.0,62.0,17.5,18.0,62.0,65134.781476523225,260.5391259060929,20.0
801124,17.5,18.0,64.0,17.5,18.0,64.0,66848.81808150042,267.39527232600165,20.0
801125,17.5,18.0,66.0,17.5,18.0,66.0,68708.30871745563,274.8332348698225,20.0
801126,17.5,18.0,68.0,17.5,18.0,68.0,70764.99815709489,283.0599926283796,20.0
801127,17.5,18.0,70.0,17.5,18.0,70.0,73100.69153202535,292.4027661281014,20.0
801128,17.5,18.0,72.0,17.5,18.0,72.0,75847.4043641619,303.3896174566476,20.0
801129,17.5,18.0,74.0,17.5,18.0,74.0,79224.38524018033,316.89754096072136,20.0
801130,17.5,18.0,76.0,17.5,18.0,76.0,83609.93967257421,334.43975869029686,20.0
801131,17.5,18.0,78.0,17.5,18.0,78.0,89689.75923218257,358.75903692873027,20.0
801132,17.5,18.0,80.0,17.5,18.0,80.0,98785.51085293666,395.1420434117466,20.0
801133,17.5,18.0,82.0,17.5,18.0,82.0,113637.27826078853,454.54911304315414,20.0
801134,17.5,18.0,84.0,17.5,18.0,84.0,140357.60754659015,561.4304301863606,20.0
801135,17.5,18.0,86.0,17.5,18.0,86.0,192761.5911988534,771.0463647954136,20.0
801136,17.5,18.0,88.0,17.5,18.0,88.0,290543.06394251395,1162.172255770056,20.0
801137,17.5,18.0,90.0,17.5,18.0,90.0,370109.4669150296,1480.4378676601186,20.0
801138,17.5,18.0,92.0,17.5,18.0,92.0,290543.0639425146,1162.1722557700584,20.0
801139,17.5,18.0,94.0,17.5,18.0,94.0,192761.59119885386,771.0463647954155,20.0
801140,17.5,18.0,96.0,17.5,18.0,96.0,140357.60754659039,561.4304301863616,20.0
801141,17.5,18.0,98.0,17.5,18.0,98.0,113637.27826078846,454.54911304315385,20.0
801142,17.5,18.0,100.0,17.5,18.0,100.0,98785.51085293664,395.14204341174656,20.0
801143,17.5,18.0,102.0,17.5,18.0,102.0,89689.75923218257,358.75903692873027,20.0
801144,17.5,18.0,104.0,17.5,18.0,104.0,83609.93967257421,334.43975869029686,20.0
801145,17.5,18.0,106.0,17.5,18.0,106.0,79224.38524018035,316.8975409607214,20.0
801146,17.5,18.0,108.0,17.5,18.0,108.0,75847.4043641619,303.3896174566476,20.0
801147,17.5,18.0,110.0,17.5,18.0,110.0,73100.69153202535,292.4027661281014,20.0
801148,17.5,18.0,112.0,17.5,18.0,112.0,70764.99815709489,283.0599926283796,20.0
801149,17.5,18.0,114.0,17.5,18.0,114.0,68708.30871745566,274.8332348698226,20.0
801150,17.5,18.0,116.0,17.5,18.0,116.0,66848.81808150039,267.39527232600153,20.0
801151,17.5,18.0,118.0,17.5,18.0,118.0,65134.781476523225,260.5391259060929,20.0
801152,17.5,18.0,120.0,17.5,18.0,120.0,63533.02214361498,254.1320885744599,20.0
801153,17.5,18.0,122.0,17.5,18.0,122.0,62022.1096713359,248.08843868534362,20.0
801154,17.5,18.0,124.0,17.5,18.0,124.0,60588.172680115706,242.35269072046282,20.0
801155,17.5,18.0,126.0,17.5,18.0,126.0,59222.25996911651,236.88903987646603,20.0
801156,17.5,18.0,128.0,17.5,18.0,128.0,57918.65590467362,231.67462361869448,20.0
801157,17.5,18.0,130.0,17.5,18.0,130.0,56673.829234336146,226.6953169373446,20.0
801158,17.5,18.0,132.0,17.5,18.0,132.0,55485.84985244065,221.9433994097626,20.0
801159,17.5,18.0,134.0,17.5,18.0,134.0,54354.175996390004,217.41670398556002,20.0
801160,17.5,18.0,136.0,17.5,18.0,136.0,53279.70916491248,213.11883665964993,20.0
801161,17.5,18.0,138.0,17.5,18.0,138.0,52264.969548067864,209.05987819227147,20.0
801162,17.5,18.0,140.0,17.5,18.0,140.0,51314.21222994426,205.25684891977707,20.0
801163,17.5,18.0,142.0,17.5,18.0,142.0,50433.32259808457,201.73329039233826,20.0
801164,17.5,18.0,144.0,17.5,18.0,144.0,49629.40160895116,198.51760643580462,20.0
801165,17.5,18.0,146.0,17.5,18.0,146.0,48910.049855530895,195.64019942212357,20.0
801166,17.5,18.0,148.0,17.5,18.0,148.0,48282.44651643393,193.12978606573571,20.0
801167,17.5,18.0,150.0,17.5,18.0,150.0,47752.36920263183,191.00947681052733,20.0
801168,17.5,18.0,152.0,17.5,18.0,152.0,47323.30664531306,189.29322658125224,20.0
801169,17.5,18.0,154.0,17.5,18.0,154.0,46995.78699367289,187.98314797469155,20.0
801170,17.5,18.0,156.0,17.5,18.0,156.0,46766.996391394736,187.06798556557894,20.0
801171,17.5,18.0,158.0,17.5,18.0,158.0,46630.71127379855,186.5228450951942,20.0
801172,17.5,18.0,160.0,17.5,18.0,160.0,46577.52459956318,186.3100983982527,20.0
801173,17.5,18.0,162.0,17.5,18.0,162.0,46595.316428897575,186.3812657155903,20.0
801174,17.5,18.0,164.0,17.5,18.0,164.0,46669.90362030307,186.6796144812123,20.0
801175,17.5,18.0,166.0,17.5,18.0,166.0,46785.799742441035,187.14319896976414,20.0
801176,17.5,18.0,168.0,17.5,18.0,168.0,46927.02111314035,187.7080844525614,20.0
801177,17.5,18.0,170.0,17.5,18.0,170.0,47077.88462505779,188.31153850023117,20.0
801178,17.5,18.0,172.0,17.5,18.0,172.0,47223.75471920309,188.89501887681237,20.0
801179,17.5,18.0,174.0,17.5,18.0,174.0,47351.70838257283,189.40683353029132,20.0
801180,17.5,18.0,176.0,17.5,18.0,176.0,47451.097063704605,189.80438825481843,20.0
801181,17.5,18.0,178.0,17.5,18.0,178.0,47513.99230116506,190.05596920466024,20.0
801182,17.5,18.0,180.0,17.5,18.0,180.0,47535.50753908704,190.14203015634817,20.0
801183,20.0,8.0,0.0,20.0,8.0,0.0,77162.84503976082,308.6513801590433,20.0
801184,20.0,8.0,2.0,20.0,8.0,2.0,77127.28529708156,308.5091411883262,20.0
801185,20.0,8.0,4.0,20.0,8.0,4.0,77023.12073673258,308.0924829469303,20.0
801186,20.0,8.0,6.0,20.0,8.0,6.0,76857.78071391648,307.43112285566593,20.0
801187,20.0,8.0,8.0,20.0,8.0,8.0,76643.26749088119,306.57306996352474,20.0
801188,20.0,8.0,10.0,20.0,8.0,10.0,76395.59431213206,305.58237724852825,20.0
801189,20.0,8.0,12.0,20.0,8.0,12.0,76134.01659636387,304.5360663854555,20.0
801190,20.0,8.0,14.0,20.0,8.0,14.0,75880.07801748026,303.5203120699211,20.0
801191,20.0,8.0,16.0,20.0,8.0,16.0,75656.50449309513,302.6260179723805,20.0
801192,20.0,8.0,18.0,20.0,8.0,18.0,75485.99310322064,301.94397241288254,20.0
801193,20.0,8.0,20.0,20.0,8.0,20.0,75389.95905879432,301.55983623517733,20.0
801194,20.0,8.0,22.0,20.0,8.0,22.0,75387.32044320322,301.5492817728129,20.0
801195,20.0,8.0,24.0,20.0,8.0,24.0,75493.41486740808,301.9736594696323,20.0
801196,20.0,8.0,26.0,20.0,8.0,26.0,75719.15057640838,302.8766023056335,20.0
801197,20.0,8.0,28.0,20.0,8.0,28.0,76070.49221663887,304.2819688665555,20.0
801198,20.0,8.0,30.0,20.0,8.0,30.0,76548.36360501105,306.1934544200442,20.0
801199,20.0,8.0,32.0,20.0,8.0,32.0,77149.0129031198,308.5960516124792,20.0
801200,20.0,8.0,34.0,20.0,8.0,34.0,77864.82937915862,311.4593175166345,20.0
801201,20.0,8.0,36.0,20.0,8.0,36.0,78685.53082336833,314.74212329347336,20.0
801202,20.0,8.0,38.0,20.0,8.0,38.0,79599.56932672267,318.3982773068907,20.0
801203,20.0,8.0,40.0,20.0,8.0,40.0,80595.55004214379,322.38220016857514,20.0
801204,20.0,8.0,42.0,20.0,8.0,42.0,81663.44495170252,326.65377980681006,20.0
801205,20.0,8.0,44.0,20.0,8.0,44.0,82795.42799149995,331.1817119659998,20.0
801206,20.0,8.0,46.0,20.0,8.0,46.0,83986.25876061185,335.9450350424474,20.0
801207,20.0,8.0,48.0,20.0,8.0,48.0,85233.27453950666,340.93309815802667,20.0
801208,20.0,8.0,50.0,20.0,8.0,50.0,86536.16877741838,346.1446751096735,20.0
801209,20.0,8.0,52.0,20.0,8.0,52.0,87896.79227163382,351.5871690865353,20.0
801210,20.0,8.0,54.0,20.0,8.0,54.0,89319.19355124452,357.2767742049781,20.0
801211,20.0,8.0,56.0,20.0,8.0,56.0,90810.04685708563,363.24018742834255,20.0
801212,20.0,8.0,58.0,20.0,8.0,58.0,92379.56164109989,369.5182465643996,20.0
801213,20.0,8.0,60.0,20.0,8.0,60.0,94042.9818108872,376.1719272435488,20.0
801214,20.0,8.0,62.0,20.0,8.0,62.0,95822.88707342319,383.29154829369276,20.0
801215,20.0,8.0,64.0,20.0,8.0,64.0,97752.70700264706,391.0108280105882,20.0
801216,20.0,8.0,66.0,20.0,8.0,66.0,99882.18710592682,399.52874842370727,20.0
801217,20.0,8.0,68.0,20.0,8.0,68.0,102286.12126713293,409.1444850685317,20.0
801218,20.0,8.0,70.0,20.0,8.0,70.0,105078.74085174239,420.3149634069696,20.0
801219,20.0,8.0,72.0,20.0,8.0,72.0,108438.25803687792,433.75303214751165,20.0
801220,20.0,8.0,74.0,20.0,8.0,74.0,112650.34426800717,450.6013770720287,20.0
801221,20.0,8.0,76.0,20.0,8.0,76.0,118188.31418425373,472.7532567370149,20.0
801222,20.0,8.0,78.0,20.0,8.0,78.0,125866.99015310286,503.46796061241145,20.0
801223,20.0,8.0,80.0,20.0,8.0,80.0,137147.10589290157,548.5884235716063,20.0
801224,20.0,8.0,82.0,20.0,8.0,82.0,154733.96279171493,618.9358511668597,20.0
801225,20.0,8.0,84.0,20.0,8.0,84.0,183586.8949068121,734.3475796272484,20.0
801226,20.0,8.0,86.0,20.0,8.0,86.0,231152.5037694172,924.6100150776689,20.0
801227,20.0,8.0,88.0,20.0,8.0,88.0,297142.95305208827,1188.571812208353,20.0
801228,20.0,8.0,90.0,20.0,8.0,90.0,336474.3236713815,1345.897294685526,20.0
801229,20.0,8.0,92.0,20.0,8.0,92.0,297142.9530520886,1188.5718122083545,20.0
801230,20.0,8.0,94.0,20.0,8.0,94.0,231152.50376941756,924.6100150776703,20.0
801231,20.0,8.0,96.0,20.0,8.0,96.0,183586.89490681232,734.3475796272493,20.0
801232,20.0,8.0,98.0,20.0,8.0,98.0,154733.96279171485,618.9358511668594,20.0
801233,20.0,8.0,100.0,20.0,8.0,100.0,137147.10589290157,548.5884235716063,20.0
801234,20.0,8.0,102.0,20.0,8.0,102.0,125866.99015310286,503.46796061241145,20.0
801235,20.0,8.0,104.0,20.0,8.0,104.0,118188.31418425373,472.7532567370149,20.0
801236,20.0,8.0,106.0,20.0,8.0,106.0,112650.34426800717,450.6013770720287,20.0
801237,20.0,8.0,108.0,20.0,8.0,108.0,108438.25803687793,433.7530321475117,20.0
801238,20.0,8.0,110.0,20.0,8.0,110.0,105078.74085174239,420.3149634069696,20.0
801239,20.0,8.0,112.0,20.0,8.0,112.0,102286.12126713293,409.1444850685317,20.0
801240,20.0,8.0,114.0,20.0,8.0,114.0,99882.18710592685,399.5287484237074,20.0
801241,20.0,8.0,116.0,20.0,8.0,116.0,97752.70700264705,391.01082801058817,20.0
801242,20.0,8.0,118.0,20.0,8.0,118.0,95822.88707342318,383.2915482936927,20.0
801243,20.0,8.0,120.0,20.0,8.0,120.0,94042.9818108872,376.1719272435488,20.0
801244,20.0,8.0,122.0,20.0,8.0,122.0,92379.56164109989,369.5182465643996,20.0
801245,20.0,8.0,124.0,20.0,8.0,124.0,90810.04685708563,363.24018742834255,20.0
801246,20.0,8.0,126.0,20.0,8.0,126.0,89319.19355124453,357.27677420497815,20.0
801247,20.0,8.0,128.0,20.0,8.0,128.0,87896.79227163382,351.5871690865353,20.0
801248,20.0,8.0,130.0,20.0,8.0,130.0,86536.16877741838,346.1446751096735,20.0
801249,20.0,8.0,132.0,20.0,8.0,132.0,85233.27453950666,340.93309815802667,20.0
801250,20.0,8.0,134.0,20.0,8.0,134.0,83986.25876061182,335.9450350424473,20.0
801251,20.0,8.0,136.0,20.0,8.0,136.0,82795.42799149995,331.1817119659998,20.0
801252,20.0,8.0,138.0,20.0,8.0,138.0,81663.44495170252,326.65377980681006,20.0
801253,20.0,8.0,140.0,20.0,8.0,140.0,80595.55004214379,322.38220016857514,20.0
801254,20.0,8.0,142.0,20.0,8.0,142.0,79599.56932672267,318.3982773068907,20.0
801255,20.0,8.0,144.0,20.0,8.0,144.0,78685.53082336833,314.74212329347336,20.0
801256,20.0,8.0,146.0,20.0,8.0,146.0,77864.8293791586,311.4593175166344,20.0
801257,20.0,8.0,148.0,20.0,8.0,148.0,77149.0129031198,308.5960516124792,20.0
801258,20.0,8.0,150.0,20.0,8.0,150.0,76548.36360501105,306.1934544200442,20.0
801259,20.0,8.0,152.0,20.0,8.0,152.0,76070.49221663887,304.2819688665555,20.0
801260,20.0,8.0,154.0,20.0,8.0,154.0,75719.15057640836,302.8766023056334,20.0
801261,20.0,8.0,156.0,20.0,8.0,156.0,75493.41486740808,301.9736594696323,20.0
801262,20.0,8.0,158.0,20.0,8.0,158.0,75387.32044320322,301.5492817728129,20.0
801263,20.0,8.0,160.0,20.0,8.0,160.0,75389.95905879435,301.55983623517744,20.0
801264,20.0,8.0,162.0,20.0,8.0,162.0,75485.99310322067,301.94397241288266,20.0
801265,20.0,8.0,164.0,20.0,8.0,164.0,75656.50449309511,302.62601797238045,20.0
801266,20.0,8.0,166.0,20.0,8.0,166.0,75880.07801748026,303.5203120699211,20.0
801267,20.0,8.0,168.0,20.0,8.0,168.0,76134.01659636387,304.5360663854555,20.0
801268,20.0,8.0,170.0,20.0,8.0,170.0,76395.59431213206,305.58237724852825,20.0
801269,20.0,8.0,172.0,20.0,8.0,172.0,76643.26749088119,306.57306996352474,20.0
801270,20.0,8.0,174.0,20.0,8.0,174.0,76857.78071391648,307.43112285566593,20.0
801271,20.0,8.0,176.0,20.0,8.0,176.0,77023.12073673258,308.0924829469303,20.0
801272,20.0,8.0,178.0,20.0,8.0,178.0,77127.28529708156,308.5091411883262,20.0
801273,20.0,8.0,180.0,20.0,8.0,180.0,77162.84503976082,308.6513801590433,20.0
801274,20.0,10.0,0.0,20.0,10.0,0.0,69566.28503819123,278.2651401527649,20.0
801275,20.0,10.0,2.0,20.0,10.0,2.0,69535.4906917811,278.1419627671244,20.0
801276,20.0,10.0,4.0,20.0,10.0,4.0,69445.40628505907,277.7816251402363,20.0
801277,20.0,10.0,6.0,20.0,10.0,6.0,69302.82316477109,277.2112926590844,20.0
801278,20.0,10.0,8.0,20.0,10.0,8.0,69118.71370627517,276.4748548251007,20.0
801279,20.0,10.0,10.0,20.0,10.0,10.0,68907.71884773117,275.6308753909247,20.0
801280,20.0,10.0,12.0,20.0,10.0,12.0,68687.4469055066,274.7497876220264,20.0
801281,20.0,10.0,14.0,20.0,10.0,14.0,68477.60347833327,273.9104139133331,20.0
801282,20.0,10.0,16.0,20.0,10.0,16.0,68298.98248523867,273.19592994095467,20.0
801283,20.0,10.0,18.0,20.0,10.0,18.0,68172.36113257971,272.68944453031884,20.0
801284,20.0,10.0,20.0,20.0,10.0,20.0,68117.35626213346,272.4694250485338,20.0
801285,20.0,10.0,22.0,20.0,10.0,22.0,68151.31465008372,272.6052586003349,20.0
801286,20.0,10.0,24.0,20.0,10.0,24.0,68288.322952654,273.153291810616,20.0
801287,20.0,10.0,26.0,20.0,10.0,26.0,68538.43063473531,274.1537225389413,20.0
801288,20.0,10.0,28.0,20.0,10.0,28.0,68907.17708646166,275.62870834584663,20.0
801289,20.0,10.0,30.0,20.0,10.0,30.0,69395.49784195458,277.5819913678183,20.0
801290,20.0,10.0,32.0,20.0,10.0,32.0,70000.05115033932,280.00020460135727,20.0
801291,20.0,10.0,34.0,20.0,10.0,34.0,70713.95491510381,282.85581966041525,20.0
801292,20.0,10.0,36.0,20.0,10.0,36.0,71527.86012248033,286.11144048992134,20.0
801293,20.0,10.0,38.0,20.0,10.0,38.0,72431.221852976,289.724887411904,20.0
801294,20.0,10.0,40.0,20.0,10.0,40.0,73413.58058170813,293.6543223268325,20.0
801295,20.0,10.0,42.0,20.0,10.0,42.0,74465.6549721983,297.86261988879323,20.0
801296,20.0,10.0,44.0,20.0,10.0,44.0,75580.08771798437,302.3203508719375,20.0
801297,20.0,10.0,46.0,20.0,10.0,46.0,76751.77783343983,307.0071113337593,20.0
801298,20.0,10.0,48.0,20.0,10.0,48.0,77977.85341831729,311.9114136732692,20.0
801299,20.0,10.0,50.0,20.0,10.0,50.0,79257.4466698924,317.02978667956955,20.0
801300,20.0,10.0,52.0,20.0,10.0,52.0,80591.48557021584,322.36594228086335,20.0
801301,20.0,10.0,54.0,20.0,10.0,54.0,81982.69833075347,327.93079332301386,20.0
801302,20.0,10.0,56.0,20.0,10.0,56.0,83435.96402095367,333.7438560838147,20.0
801303,20.0,10.0,58.0,20.0,10.0,58.0,84959.09230317597,339.8363692127039,20.0
801304,20.0,10.0,60.0,20.0,10.0,60.0,86564.12697301696,346.2565078920678,20.0
801305,20.0,10.0,62.0,20.0,10.0,62.0,88269.36120434034,353.07744481736137,20.0
801306,20.0,10.0,64.0,20.0,10.0,64.0,90102.43115363616,360.40972461454464,20.0
801307,20.0,10.0,66.0,20.0,10.0,66.0,92105.1529250197,368.42061170007884,20.0
801308,20.0,10.0,68.0,20.0,10.0,68.0,94341.29520297232,377.3651808118893,20.0
801309,20.0,10.0,70.0,20.0,10.0,70.0,96909.47949809977,387.6379179923991,20.0
801310,20.0,10.0,72.0,20.0,10.0,72.0,99965.39207529386,399.86156830117545,20.0
801311,20.0,10.0,74.0,20.0,10.0,74.0,103761.63724669197,415.0465489867679,20.0
801312,20.0,10.0,76.0,20.0,10.0,76.0,108722.55955526196,434.89023822104787,20.0
801313,20.0,10.0,78.0,20.0,10.0,78.0,115591.61043000405,462.3664417200162,20.0
801314,20.0,10.0,80.0,20.0,10.0,80.0,125734.94568347953,502.9397827339181,20.0
801315,20.0,10.0,82.0,20.0,10.0,82.0,141781.84554283897,567.1273821713559,20.0
801316,20.0,10.0,84.0,20.0,10.0,84.0,168885.4323962667,675.5417295850668,20.0
801317,20.0,10.0,86.0,20.0,10.0,86.0,215976.83884481533,863.9073553792613,20.0
801318,20.0,10.0,88.0,20.0,10.0,88.0,286929.21688104706,1147.7168675241883,20.0
801319,20.0,10.0,90.0,20.0,10.0,90.0,332715.6791015241,1330.8627164060965,20.0
801320,20.0,10.0,92.0,20.0,10.0,92.0,286929.2168810474,1147.7168675241896,20.0
801321,20.0,10.0,94.0,20.0,10.0,94.0,215976.8388448157,863.9073553792629,20.0
801322,20.0,10.0,96.0,20.0,10.0,96.0,168885.43239626696,675.5417295850679,20.0
801323,20.0,10.0,98.0,20.0,10.0,98.0,141781.8455428389,567.1273821713556,20.0
801324,20.0,10.0,100.0,20.0,10.0,100.0,125734.9456834795,502.939782733918,20.0
801325,20.0,10.0,102.0,20.0,10.0,102.0,115591.61043000403,462.36644172001616,20.0
801326,20.0,10.0,104.0,20.0,10.0,104.0,108722.55955526196,434.89023822104787,20.0
801327,20.0,10.0,106.0,20.0,10.0,106.0,103761.63724669197,415.0465489867679,20.0
801328,20.0,10.0,108.0,20.0,10.0,108.0,99965.39207529387,399.8615683011755,20.0
801329,20.0,10.0,110.0,20.0,10.0,110.0,96909.47949809975,387.637917992399,20.0
801330,20.0,10.0,112.0,20.0,10.0,112.0,94341.29520297232,377.3651808118893,20.0
801331,20.0,10.0,114.0,20.0,10.0,114.0,92105.1529250197,368.42061170007884,20.0
801332,20.0,10.0,116.0,20.0,10.0,116.0,90102.43115363615,360.4097246145446,20.0
801333,20.0,10.0,118.0,20.0,10.0,118.0,88269.36120434033,353.0774448173613,20.0
801334,20.0,10.0,120.0,20.0,10.0,120.0,86564.12697301696,346.2565078920678,20.0
801335,20.0,10.0,122.0,20.0,10.0,122.0,84959.09230317597,339.8363692127039,20.0
801336,20.0,10.0,124.0,20.0,10.0,124.0,83435.96402095367,333.7438560838147,20.0
801337,20.0,10.0,126.0,20.0,10.0,126.0,81982.69833075347,327.93079332301386,20.0
801338,20.0,10.0,128.0,20.0,10.0,128.0,80591.48557021587,322.36594228086346,20.0
801339,20.0,10.0,130.0,20.0,10.0,130.0,79257.44666989242,317.0297866795697,20.0
801340,20.0,10.0,132.0,20.0,10.0,132.0,77977.85341831727,311.9114136732691,20.0
801341,20.0,10.0,134.0,20.0,10.0,134.0,76751.7778334398,307.0071113337592,20.0
801342,20.0,10.0,136.0,20.0,10.0,136.0,75580.08771798437,302.3203508719375,20.0
801343,20.0,10.0,138.0,20.0,10.0,138.0,74465.6549721983,297.86261988879323,20.0
801344,20.0,10.0,140.0,20.0,10.0,140.0,73413.58058170813,293.6543223268325,20.0
801345,20.0,10.0,142.0,20.0,10.0,142.0,72431.221852976,289.724887411904,20.0
801346,20.0,10.0,144.0,20.0,10.0,144.0,71527.86012248033,286.11144048992134,20.0
801347,20.0,10.0,146.0,20.0,10.0,146.0,70713.95491510381,282.85581966041525,20.0
801348,20.0,10.0,148.0,20.0,10.0,148.0,70000.05115033932,280.00020460135727,20.0
801349,20.0,10.0,150.0,20.0,10.0,150.0,69395.49784195458,277.5819913678183,20.0
801350,20.0,10.0,152.0,20.0,10.0,152.0,68907.17708646166,275.62870834584663,20.0
801351,20.0,10.0,154.0,20.0,10.0,154.0,68538.43063473528,274.1537225389411,20.0
801352,20.0,10.0,156.0,20.0,10.0,156.0,68288.322952654,273.153291810616,20.0
801353,20.0,10.0,158.0,20.0,10.0,158.0,68151.31465008372,272.6052586003349,20.0
801354,20.0,10.0,160.0,20.0,10.0,160.0,68117.35626213347,272.4694250485339,20.0
801355,20.0,10.0,162.0,20.0,10.0,162.0,68172.36113257971,272.68944453031884,20.0
801356,20.0,10.0,164.0,20.0,10.0,164.0,68298.98248523867,273.19592994095467,20.0
801357,20.0,10.0,166.0,20.0,10.0,166.0,68477.60347833327,273.9104139133331,20.0
801358,20.0,10.0,168.0,20.0,10.0,168.0,68687.44690550661,274.7497876220265,20.0
801359,20.0,10.0,170.0,20.0,10.0,170.0,68907.71884773117,275.6308753909247,20.0
801360,20.0,10.0,172.0,20.0,10.0,172.0,69118.71370627517,276.4748548251007,20.0
801361,20.0,10.0,174.0,20.0,10.0,174.0,69302.82316477109,277.2112926590844,20.0
801362,20.0,10.0,176.0,20.0,10.0,176.0,69445.40628505907,277.7816251402363,20.0
801363,20.0,10.0,178.0,20.0,10.0,178.0,69535.4906917811,278.1419627671244,20.0
801364,20.0,10.0,180.0,20.0,10.0,180.0,69566.28503819123,278.2651401527649,20.0
801365,20.0,12.0,0.0,20.0,12.0,0.0,62195.01212831477,248.78004851325906,20.0
801366,20.0,12.0,2.0,20.0,12.0,2.0,62168.63518426444,248.67454073705778,20.0
801367,20.0,12.0,4.0,20.0,12.0,4.0,62091.58647733766,248.36634590935066,20.0
801368,20.0,12.0,6.0,20.0,12.0,6.0,61970.01796393487,247.8800718557395,20.0
801369,20.0,12.0,8.0,20.0,12.0,8.0,61813.86994456793,247.25547977827173,20.0
801370,20.0,12.0,10.0,20.0,12.0,10.0,61636.4082313704,246.5456329254816,20.0
801371,20.0,12.0,12.0,20.0,12.0,12.0,61453.59083409289,245.81436333637154,20.0
801372,20.0,12.0,14.0,20.0,12.0,14.0,61283.28201013572,245.13312804054289,20.0
801373,20.0,12.0,16.0,20.0,12.0,16.0,61144.34075367164,244.57736301468657,20.0
801374,20.0,12.0,18.0,20.0,12.0,18.0,61055.62229554365,244.22248918217463,20.0
801375,20.0,12.0,20.0,20.0,12.0,20.0,61034.944402004534,244.13977760801814,20.0
801376,20.0,12.0,22.0,20.0,12.0,22.0,61098.083892376875,244.3923355695075,20.0
801377,20.0,12.0,24.0,20.0,12.0,24.0,61257.880629479005,245.03152251791602,20.0
801378,20.0,12.0,26.0,20.0,12.0,26.0,61523.53311969191,246.09413247876762,20.0
801379,20.0,12.0,28.0,20.0,12.0,28.0,61900.16792344988,247.60067169379954,20.0
801380,20.0,12.0,30.0,20.0,12.0,30.0,62388.750362491366,249.55500144996546,20.0
801381,20.0,12.0,32.0,20.0,12.0,32.0,62986.37361697161,251.94549446788642,20.0
801382,20.0,12.0,34.0,20.0,12.0,34.0,63686.91705608953,254.7476682243581,20.0
801383,20.0,12.0,36.0,20.0,12.0,36.0,64482.00696956181,257.92802787824724,20.0
801384,20.0,12.0,38.0,20.0,12.0,38.0,65362.15416857722,261.4486166743089,20.0
801385,20.0,12.0,40.0,20.0,12.0,40.0,66317.8992377867,265.2715969511468,20.0
801386,20.0,12.0,42.0,20.0,12.0,42.0,67340.7858152086,269.3631432608344,20.0
801387,20.0,12.0,44.0,20.0,12.0,44.0,68424.01865274832,273.69607461099326,20.0
801388,20.0,12.0,46.0,20.0,12.0,46.0,69562.7460385712,278.2509841542848,20.0
801389,20.0,12.0,48.0,20.0,12.0,48.0,70754.01492496565,283.01605969986264,20.0
801390,20.0,12.0,50.0,20.0,12.0,50.0,71996.54419240633,287.98617676962533,20.0
801391,20.0,12.0,52.0,20.0,12.0,52.0,73290.50875424029,293.16203501696117,20.0
801392,20.0,12.0,54.0,20.0,12.0,54.0,74637.51026117003,298.55004104468014,20.0
801393,20.0,12.0,56.0,20.0,12.0,56.0,76040.85300406188,304.16341201624755,20.0
801394,20.0,12.0,58.0,20.0,12.0,58.0,77506.19707294353,310.0247882917741,20.0
801395,20.0,12.0,60.0,20.0,12.0,60.0,79042.66998428086,316.17067993712345,20.0
801396,20.0,12.0,62.0,20.0,12.0,62.0,80664.59991421939,322.6583996568776,20.0
801397,20.0,12.0,64.0,20.0,12.0,64.0,82394.19194798796,329.57676779195185,20.0
801398,20.0,12.0,66.0,20.0,12.0,66.0,84265.7343111463,337.0629372445852,20.0
801399,20.0,12.0,68.0,20.0,12.0,68.0,86332.39481226941,345.32957924907765,20.0
801400,20.0,12.0,70.0,20.0,12.0,70.0,88677.57535443225,354.710301417729,20.0
801401,20.0,12.0,72.0,20.0,12.0,72.0,91434.62885461286,365.73851541845147,20.0
801402,20.0,12.0,74.0,20.0,12.0,74.0,94822.64347516668,379.29057390066674,20.0
801403,20.0,12.0,76.0,20.0,12.0,76.0,99214.71109758082,396.85884439032327,20.0
801404,20.0,12.0,78.0,20.0,12.0,78.0,105275.56009484259,421.10224037937036,20.0
801405,20.0,12.0,80.0,20.0,12.0,80.0,114255.46507423335,457.0218602969334,20.0
801406,20.0,12.0,82.0,20.0,12.0,82.0,128648.89903499781,514.5955961399912,20.0
801407,20.0,12.0,84.0,20.0,12.0,84.0,153659.62654719577,614.6385061887831,20.0
801408,20.0,12.0,86.0,20.0,12.0,86.0,199547.91085088847,798.1916434035539,20.0
801409,20.0,12.0,88.0,20.0,12.0,88.0,275374.4182244572,1101.4976728978288,20.0
801410,20.0,12.0,90.0,20.0,12.0,90.0,329199.4198611553,1316.797679444621,20.0
801411,20.0,12.0,92.0,20.0,12.0,92.0,275374.4182244576,1101.4976728978304,20.0
801412,20.0,12.0,94.0,20.0,12.0,94.0,199547.91085088885,798.1916434035554,20.0
801413,20.0,12.0,96.0,20.0,12.0,96.0,153659.62654719604,614.6385061887842,20.0
801414,20.0,12.0,98.0,20.0,12.0,98.0,128648.89903499772,514.5955961399909,20.0
801415,20.0,12.0,100.0,20.0,12.0,100.0,114255.46507423335,457.02186029693337,20.0
801416,20.0,12.0,102.0,20.0,12.0,102.0,105275.56009484259,421.10224037937036,20.0
801417,20.0,12.0,104.0,20.0,12.0,104.0,99214.71109758082,396.85884439032327,20.0
801418,20.0,12.0,106.0,20.0,12.0,106.0,94822.64347516671,379.29057390066686,20.0
801419,20.0,12.0,108.0,20.0,12.0,108.0,91434.6288546129,365.73851541845164,20.0
801420,20.0,12.0,110.0,20.0,12.0,110.0,88677.57535443222,354.7103014177289,20.0
801421,20.0,12.0,112.0,20.0,12.0,112.0,86332.39481226943,345.3295792490777,20.0
801422,20.0,12.0,114.0,20.0,12.0,114.0,84265.73431114631,337.06293724458527,20.0
801423,20.0,12.0,116.0,20.0,12.0,116.0,82394.19194798796,329.57676779195185,20.0
801424,20.0,12.0,118.0,20.0,12.0,118.0,80664.59991421939,322.6583996568776,20.0
801425,20.0,12.0,120.0,20.0,12.0,120.0,79042.66998428086,316.17067993712345,20.0
801426,20.0,12.0,122.0,20.0,12.0,122.0,77506.19707294353,310.0247882917741,20.0
801427,20.0,12.0,124.0,20.0,12.0,124.0,76040.85300406188,304.16341201624755,20.0
801428,20.0,12.0,126.0,20.0,12.0,126.0,74637.51026117006,298.55004104468026,20.0
801429,20.0,12.0,128.0,20.0,12.0,128.0,73290.50875424032,293.1620350169613,20.0
801430,20.0,12.0,130.0,20.0,12.0,130.0,71996.54419240633,287.98617676962533,20.0
801431,20.0,12.0,132.0,20.0,12.0,132.0,70754.01492496562,283.0160596998625,20.0
801432,20.0,12.0,134.0,20.0,12.0,134.0,69562.74603857117,278.2509841542847,20.0
801433,20.0,12.0,136.0,20.0,12.0,136.0,68424.01865274832,273.69607461099326,20.0
801434,20.0,12.0,138.0,20.0,12.0,138.0,67340.7858152086,269.3631432608344,20.0
801435,20.0,12.0,140.0,20.0,12.0,140.0,66317.8992377867,265.2715969511468,20.0
801436,20.0,12.0,142.0,20.0,12.0,142.0,65362.15416857722,261.4486166743089,20.0
801437,20.0,12.0,144.0,20.0,12.0,144.0,64482.00696956181,257.92802787824724,20.0
801438,20.0,12.0,146.0,20.0,12.0,146.0,63686.917056089515,254.74766822435805,20.0
801439,20.0,12.0,148.0,20.0,12.0,148.0,62986.37361697162,251.9454944678865,20.0
801440,20.0,12.0,150.0,20.0,12.0,150.0,62388.75036249135,249.5550014499654,20.0
801441,20.0,12.0,152.0,20.0,12.0,152.0,61900.16792344988,247.60067169379954,20.0
801442,20.0,12.0,154.0,20.0,12.0,154.0,61523.53311969189,246.09413247876756,20.0
801443,20.0,12.0,156.0,20.0,12.0,156.0,61257.880629479005,245.03152251791602,20.0
801444,20.0,12.0,158.0,20.0,12.0,158.0,61098.083892376875,244.3923355695075,20.0
801445,20.0,12.0,160.0,20.0,12.0,160.0,61034.94440200454,244.13977760801816,20.0
801446,20.0,12.0,162.0,20.0,12.0,162.0,61055.62229554366,244.22248918217466,20.0
801447,20.0,12.0,164.0,20.0,12.0,164.0,61144.34075367163,244.57736301468654,20.0
801448,20.0,12.0,166.0,20.0,12.0,166.0,61283.28201013572,245.13312804054289,20.0
801449,20.0,12.0,168.0,20.0,12.0,168.0,61453.5908340929,245.8143633363716,20.0
801450,20.0,12.0,170.0,20.0,12.0,170.0,61636.4082313704,246.5456329254816,20.0
801451,20.0,12.0,172.0,20.0,12.0,172.0,61813.86994456793,247.25547977827173,20.0
801452,20.0,12.0,174.0,20.0,12.0,174.0,61970.01796393487,247.8800718557395,20.0
801453,20.0,12.0,176.0,20.0,12.0,176.0,62091.58647733766,248.36634590935066,20.0
801454,20.0,12.0,178.0,20.0,12.0,178.0,62168.63518426444,248.67454073705778,20.0
801455,20.0,12.0,180.0,20.0,12.0,180.0,62195.01212831477,248.78004851325906,20.0
801456,20.0,14.0,0.0,20.0,14.0,0.0,55049.02631013143,220.19610524052572,20.0
801457,20.0,14.0,2.0,20.0,14.0,2.0,55026.74985857015,220.1069994342806,20.0
801458,20.0,14.0,4.0,20.0,14.0,4.0,54961.78527964439,219.84714111857758,20.0
801459,20.0,14.0,6.0,20.0,14.0,6.0,54859.642643395484,219.43857057358193,20.0
801460,20.0,14.0,8.0,20.0,14.0,8.0,54729.226117892016,218.91690447156807,20.0
801461,20.0,14.0,10.0,20.0,14.0,10.0,54582.42092596984,218.32968370387937,20.0
801462,20.0,14.0,12.0,20.0,14.0,12.0,54433.52812457862,217.7341124983145,20.0
801463,20.0,14.0,14.0,20.0,14.0,14.0,54298.56309467077,217.19425237868307,20.0
801464,20.0,14.0,16.0,20.0,14.0,16.0,54194.4418521405,216.77776740856203,20.0
801465,20.0,14.0,18.0,20.0,14.0,18.0,54138.08953418704,216.55235813674818,20.0
801466,20.0,14.0,20.0,20.0,14.0,20.0,54145.51719230621,216.58206876922483,20.0
801467,20.0,14.0,22.0,20.0,14.0,22.0,54230.92516968945,216.9237006787578,20.0
801468,20.0,14.0,24.0,20.0,14.0,24.0,54405.90188253042,217.6236075301217,20.0
801469,20.0,14.0,26.0,20.0,14.0,26.0,54678.79294992048,218.7151717996819,20.0
801470,20.0,14.0,28.0,20.0,14.0,28.0,55054.313875501335,220.21725550200534,20.0
801471,20.0,14.0,30.0,20.0,14.0,30.0,55533.46634470034,222.13386537880137,20.0
801472,20.0,14.0,32.0,20.0,14.0,32.0,56113.79107739605,224.4551643095842,20.0
801473,20.0,14.0,34.0,20.0,14.0,34.0,56789.94890902806,227.15979563611225,20.0
801474,20.0,14.0,36.0,20.0,14.0,36.0,57554.57031382024,230.21828125528094,20.0
801475,20.0,14.0,38.0,20.0,14.0,38.0,58399.26121109891,233.59704484439564,20.0
801476,20.0,14.0,40.0,20.0,14.0,40.0,59315.61390904709,237.26245563618838,20.0
801477,20.0,14.0,42.0,20.0,14.0,42.0,60296.06273274866,241.18425093099464,20.0
801478,20.0,14.0,44.0,20.0,14.0,44.0,61334.45628935103,245.33782515740413,20.0
801479,20.0,14.0,46.0,20.0,14.0,46.0,62426.29214228826,249.70516856915305,20.0
801480,20.0,14.0,48.0,20.0,14.0,48.0,63568.656584645025,254.2746263385801,20.0
801481,20.0,14.0,50.0,20.0,14.0,50.0,64759.998653312774,259.0399946132511,20.0
801482,20.0,14.0,52.0,20.0,14.0,52.0,65999.90945953278,263.9996378381311,20.0
801483,20.0,14.0,54.0,20.0,14.0,54.0,67289.06242196026,269.15624968784107,20.0
801484,20.0,14.0,56.0,20.0,14.0,56.0,68629.41839326268,274.51767357305073,20.0
801485,20.0,14.0,58.0,20.0,14.0,58.0,70024.75716840368,280.0990286736147,20.0
801486,20.0,14.0,60.0,20.0,14.0,60.0,71481.60343694146,285.9264137477658,20.0
801487,20.0,14.0,62.0,20.0,14.0,62.0,73010.68580261212,292.04274321044846,20.0
801488,20.0,14.0,64.0,20.0,14.0,64.0,74629.2047973835,298.516819189534,20.0
801489,20.0,14.0,66.0,20.0,14.0,66.0,76364.41701561878,305.45766806247514,20.0
801490,20.0,14.0,68.0,20.0,14.0,68.0,78259.45727400493,313.0378290960197,20.0
801491,20.0,14.0,70.0,20.0,14.0,70.0,80383.12416808045,321.5324966723218,20.0
801492,20.0,14.0,72.0,20.0,14.0,72.0,82847.00190485732,331.3880076194293,20.0
801493,20.0,14.0,74.0,20.0,14.0,74.0,85836.85317980702,343.3474127192281,20.0
801494,20.0,14.0,76.0,20.0,14.0,76.0,89673.37133724298,358.69348534897193,20.0
801495,20.0,14.0,78.0,20.0,14.0,78.0,94937.2312962297,379.7489251849188,20.0
801496,20.0,14.0,80.0,20.0,14.0,80.0,102744.76131655042,410.9790452662017,20.0
801497,20.0,14.0,82.0,20.0,14.0,82.0,115399.16508999837,461.59666035999345,20.0
801498,20.0,14.0,84.0,20.0,14.0,84.0,137992.81488605894,551.9712595442357,20.0
801499,20.0,14.0,86.0,20.0,14.0,86.0,181825.77338739196,727.3030935495678,20.0
801500,20.0,14.0,88.0,20.0,14.0,88.0,262112.9609409049,1048.4518437636195,20.0
801501,20.0,14.0,90.0,20.0,14.0,90.0,326069.4431433243,1304.2777725732972,20.0
801502,20.0,14.0,92.0,20.0,14.0,92.0,262112.96094090538,1048.4518437636216,20.0
801503,20.0,14.0,94.0,20.0,14.0,94.0,181825.7733873924,727.3030935495697,20.0
801504,20.0,14.0,96.0,20.0,14.0,96.0,137992.81488605918,551.9712595442367,20.0
801505,20.0,14.0,98.0,20.0,14.0,98.0,115399.1650899983,461.5966603599932,20.0
801506,20.0,14.0,100.0,20.0,14.0,100.0,102744.7613165504,410.97904526620164,20.0
801507,20.0,14.0,102.0,20.0,14.0,102.0,94937.2312962297,379.7489251849188,20.0
801508,20.0,14.0,104.0,20.0,14.0,104.0,89673.37133724298,358.69348534897193,20.0
801509,20.0,14.0,106.0,20.0,14.0,106.0,85836.85317980702,343.3474127192281,20.0
801510,20.0,14.0,108.0,20.0,14.0,108.0,82847.00190485734,331.3880076194294,20.0
801511,20.0,14.0,110.0,20.0,14.0,110.0,80383.12416808045,321.5324966723218,20.0
801512,20.0,14.0,112.0,20.0,14.0,112.0,78259.45727400495,313.0378290960198,20.0
801513,20.0,14.0,114.0,20.0,14.0,114.0,76364.4170156188,305.45766806247525,20.0
801514,20.0,14.0,116.0,20.0,14.0,116.0,74629.20479738347,298.51681918953386,20.0
801515,20.0,14.0,118.0,20.0,14.0,118.0,73010.68580261209,292.04274321044835,20.0
801516,20.0,14.0,120.0,20.0,14.0,120.0,71481.60343694146,285.9264137477658,20.0
801517,20.0,14.0,122.0,20.0,14.0,122.0,70024.75716840368,280.0990286736147,20.0
801518,20.0,14.0,124.0,20.0,14.0,124.0,68629.41839326268,274.51767357305073,20.0
801519,20.0,14.0,126.0,20.0,14.0,126.0,67289.06242196026,269.15624968784107,20.0
801520,20.0,14.0,128.0,20.0,14.0,128.0,65999.9094595328,263.9996378381312,20.0
801521,20.0,14.0,130.0,20.0,14.0,130.0,64759.9986533128,259.0399946132512,20.0
801522,20.0,14.0,132.0,20.0,14.0,132.0,63568.656584645025,254.2746263385801,20.0
801523,20.0,14.0,134.0,20.0,14.0,134.0,62426.29214228826,249.70516856915305,20.0
801524,20.0,14.0,136.0,20.0,14.0,136.0,61334.456289351045,245.33782515740418,20.0
801525,20.0,14.0,138.0,20.0,14.0,138.0,60296.06273274866,241.18425093099464,20.0
801526,20.0,14.0,140.0,20.0,14.0,140.0,59315.61390904709,237.26245563618838,20.0
801527,20.0,14.0,142.0,20.0,14.0,142.0,58399.26121109891,233.59704484439564,20.0
801528,20.0,14.0,144.0,20.0,14.0,144.0,57554.57031382023,230.2182812552809,20.0
801529,20.0,14.0,146.0,20.0,14.0,146.0,56789.948909028055,227.15979563611222,20.0
801530,20.0,14.0,148.0,20.0,14.0,148.0,56113.79107739605,224.4551643095842,20.0
801531,20.0,14.0,150.0,20.0,14.0,150.0,55533.46634470034,222.13386537880137,20.0
801532,20.0,14.0,152.0,20.0,14.0,152.0,55054.313875501335,220.21725550200534,20.0
801533,20.0,14.0,154.0,20.0,14.0,154.0,54678.792949920455,218.71517179968183,20.0
801534,20.0,14.0,156.0,20.0,14.0,156.0,54405.90188253042,217.6236075301217,20.0
801535,20.0,14.0,158.0,20.0,14.0,158.0,54230.92516968945,216.9237006787578,20.0
801536,20.0,14.0,160.0,20.0,14.0,160.0,54145.51719230621,216.58206876922483,20.0
801537,20.0,14.0,162.0,20.0,14.0,162.0,54138.08953418705,216.5523581367482,20.0
801538,20.0,14.0,164.0,20.0,14.0,164.0,54194.4418521405,216.77776740856203,20.0
801539,20.0,14.0,166.0,20.0,14.0,166.0,54298.56309467077,217.19425237868307,20.0
801540,20.0,14.0,168.0,20.0,14.0,168.0,54433.528124578625,217.73411249831452,20.0
801541,20.0,14.0,170.0,20.0,14.0,170.0,54582.42092596984,218.32968370387937,20.0
801542,20.0,14.0,172.0,20.0,14.0,172.0,54729.226117892016,218.91690447156807,20.0
801543,20.0,14.0,174.0,20.0,14.0,174.0,54859.642643395484,219.43857057358193,20.0
801544,20.0,14.0,176.0,20.0,14.0,176.0,54961.78527964439,219.84714111857758,20.0
801545,20.0,14.0,178.0,20.0,14.0,178.0,55026.74985857015,220.1069994342806,20.0
801546,20.0,14.0,180.0,20.0,14.0,180.0,55049.02631013143,220.19610524052572,20.0
801547,20.0,16.0,0.0,20.0,16.0,0.0,48128.327583641214,192.51331033456486,20.0
801548,20.0,16.0,2.0,20.0,16.0,2.0,48109.865048690954,192.43946019476383,20.0
801549,20.0,16.0,4.0,20.0,16.0,4.0,48056.12371688115,192.2244948675246,20.0
801550,20.0,16.0,6.0,20.0,16.0,6.0,47971.96833767702,191.88787335070808,20.0
801551,20.0,16.0,8.0,20.0,16.0,8.0,47865.26130893811,191.46104523575247,20.0
801552,20.0,16.0,10.0,20.0,16.0,10.0,47746.49955460134,190.98599821840534,20.0
801553,20.0,16.0,12.0,20.0,16.0,12.0,47628.317587399564,190.51327034959826,20.0
801554,20.0,16.0,14.0,20.0,16.0,14.0,47524.870692511984,190.09948277004793,20.0
801555,20.0,16.0,16.0,20.0,16.0,16.0,47451.119385201426,189.80447754080572,20.0
801556,20.0,16.0,18.0,20.0,16.0,18.0,47422.04528803135,189.68818115212542,20.0
801557,20.0,16.0,20.0,20.0,16.0,20.0,47451.83891185381,189.80735564741525,20.0
801558,20.0,16.0,22.0,20.0,16.0,22.0,47553.11048704598,190.21244194818394,20.0
801559,20.0,16.0,24.0,20.0,16.0,24.0,47736.18424206944,190.94473696827777,20.0
801560,20.0,16.0,26.0,20.0,16.0,26.0,48008.54189437893,192.03416757751572,20.0
801561,20.0,16.0,28.0,20.0,16.0,28.0,48374.4795720253,193.4979182881012,20.0
801562,20.0,16.0,30.0,20.0,16.0,30.0,48835.03081988081,195.34012327952325,20.0
801563,20.0,16.0,32.0,20.0,16.0,32.0,49388.18448906342,197.55273795625368,20.0
801564,20.0,16.0,34.0,20.0,16.0,34.0,50029.390022860425,200.1175600914417,20.0
801565,20.0,16.0,36.0,20.0,16.0,36.0,50752.297408743834,203.00918963497534,20.0
801566,20.0,16.0,38.0,20.0,16.0,38.0,51549.63301808083,206.19853207232333,20.0
801567,20.0,16.0,40.0,20.0,16.0,40.0,52414.0782682137,209.6563130728548,20.0
801568,20.0,16.0,42.0,20.0,16.0,42.0,53339.00983210204,213.35603932840817,20.0
801569,20.0,16.0,44.0,20.0,16.0,44.0,54318.98856066538,217.27595424266153,20.0
801570,20.0,16.0,46.0,20.0,16.0,46.0,55349.949101669095,221.3997964066764,20.0
801571,20.0,16.0,48.0,20.0,16.0,48.0,56429.12729023809,225.71650916095237,20.0
801572,20.0,16.0,50.0,20.0,16.0,50.0,57554.838232184644,230.21935292873857,20.0
801573,20.0,16.0,52.0,20.0,16.0,52.0,58726.2546439501,234.90501857580043,20.0
801574,20.0,16.0,54.0,20.0,16.0,54.0,59943.32105317583,239.77328421270332,20.0
801575,20.0,16.0,56.0,20.0,16.0,56.0,61206.8935412091,244.82757416483642,20.0
801576,20.0,16.0,58.0,20.0,16.0,58.0,62519.15638870936,250.07662555483745,20.0
801577,20.0,16.0,60.0,20.0,16.0,60.0,63884.371156094894,255.53748462437957,20.0
801578,20.0,16.0,62.0,20.0,16.0,62.0,65310.07309170634,261.2402923668254,20.0
801579,20.0,16.0,64.0,20.0,16.0,64.0,66808.94610013375,267.235784400535,20.0
801580,20.0,16.0,66.0,20.0,16.0,66.0,68401.80374144914,273.6072149657966,20.0
801581,20.0,16.0,68.0,20.0,16.0,68.0,70122.45752904551,280.489830116182,20.0
801582,20.0,16.0,70.0,20.0,16.0,70.0,72025.94497797285,288.10377991189137,20.0
801583,20.0,16.0,72.0,20.0,16.0,72.0,74203.02363498945,296.81209453995785,20.0
801584,20.0,16.0,74.0,20.0,16.0,74.0,76806.98523833427,307.22794095333705,20.0
801585,20.0,16.0,76.0,20.0,16.0,76.0,80106.20364508052,320.42481458032205,20.0
801586,20.0,16.0,78.0,20.0,16.0,78.0,84594.29996031296,338.3771998412518,20.0
801587,20.0,16.0,80.0,20.0,16.0,80.0,91239.9026560026,364.9596106240104,20.0
801588,20.0,16.0,82.0,20.0,16.0,82.0,102104.45697232748,408.41782788930993,20.0
801589,20.0,16.0,84.0,20.0,16.0,84.0,121997.81541926846,487.99126167707385,20.0
801590,20.0,16.0,86.0,20.0,16.0,86.0,162825.36820777692,651.3014728311077,20.0
801591,20.0,16.0,88.0,20.0,16.0,88.0,246661.85484215422,986.647419368617,20.0
801592,20.0,16.0,90.0,20.0,16.0,90.0,323545.86840183224,1294.183473607329,20.0
801593,20.0,16.0,92.0,20.0,16.0,92.0,246661.85484215477,986.6474193686191,20.0
801594,20.0,16.0,94.0,20.0,16.0,94.0,162825.3682077773,651.3014728311092,20.0
801595,20.0,16.0,96.0,20.0,16.0,96.0,121997.81541926866,487.99126167707465,20.0
801596,20.0,16.0,98.0,20.0,16.0,98.0,102104.45697232742,408.4178278893097,20.0
801597,20.0,16.0,100.0,20.0,16.0,100.0,91239.9026560026,364.9596106240104,20.0
801598,20.0,16.0,102.0,20.0,16.0,102.0,84594.29996031296,338.3771998412518,20.0
801599,20.0,16.0,104.0,20.0,16.0,104.0,80106.20364508052,320.42481458032205,20.0
801600,20.0,16.0,106.0,20.0,16.0,106.0,76806.98523833427,307.22794095333705,20.0
801601,20.0,16.0,108.0,20.0,16.0,108.0,74203.02363498948,296.81209453995797,20.0
801602,20.0,16.0,110.0,20.0,16.0,110.0,72025.94497797285,288.10377991189137,20.0
801603,20.0,16.0,112.0,20.0,16.0,112.0,70122.45752904551,280.489830116182,20.0
801604,20.0,16.0,114.0,20.0,16.0,114.0,68401.80374144914,273.6072149657966,20.0
801605,20.0,16.0,116.0,20.0,16.0,116.0,66808.94610013373,267.23578440053495,20.0
801606,20.0,16.0,118.0,20.0,16.0,118.0,65310.07309170631,261.24029236682526,20.0
801607,20.0,16.0,120.0,20.0,16.0,120.0,63884.371156094894,255.53748462437957,20.0
801608,20.0,16.0,122.0,20.0,16.0,122.0,62519.15638870936,250.07662555483745,20.0
801609,20.0,16.0,124.0,20.0,16.0,124.0,61206.8935412091,244.82757416483642,20.0
801610,20.0,16.0,126.0,20.0,16.0,126.0,59943.32105317583,239.77328421270332,20.0
801611,20.0,16.0,128.0,20.0,16.0,128.0,58726.254643950124,234.9050185758005,20.0
801612,20.0,16.0,130.0,20.0,16.0,130.0,57554.83823218465,230.2193529287386,20.0
801613,20.0,16.0,132.0,20.0,16.0,132.0,56429.12729023809,225.71650916095237,20.0
801614,20.0,16.0,134.0,20.0,16.0,134.0,55349.949101669095,221.3997964066764,20.0
801615,20.0,16.0,136.0,20.0,16.0,136.0,54318.988560665384,217.27595424266156,20.0
801616,20.0,16.0,138.0,20.0,16.0,138.0,53339.00983210204,213.35603932840817,20.0
801617,20.0,16.0,140.0,20.0,16.0,140.0,52414.0782682137,209.6563130728548,20.0
801618,20.0,16.0,142.0,20.0,16.0,142.0,51549.63301808083,206.19853207232333,20.0
801619,20.0,16.0,144.0,20.0,16.0,144.0,50752.29740874382,203.0091896349753,20.0
801620,20.0,16.0,146.0,20.0,16.0,146.0,50029.39002286041,200.11756009144165,20.0
801621,20.0,16.0,148.0,20.0,16.0,148.0,49388.184489063424,197.5527379562537,20.0
801622,20.0,16.0,150.0,20.0,16.0,150.0,48835.03081988081,195.34012327952325,20.0
801623,20.0,16.0,152.0,20.0,16.0,152.0,48374.4795720253,193.4979182881012,20.0
801624,20.0,16.0,154.0,20.0,16.0,154.0,48008.54189437892,192.0341675775157,20.0
801625,20.0,16.0,156.0,20.0,16.0,156.0,47736.18424206944,190.94473696827777,20.0
801626,20.0,16.0,158.0,20.0,16.0,158.0,47553.11048704598,190.21244194818394,20.0
801627,20.0,16.0,160.0,20.0,16.0,160.0,47451.83891185383,189.80735564741533,20.0
801628,20.0,16.0,162.0,20.0,16.0,162.0,47422.04528803137,189.68818115212548,20.0
801629,20.0,16.0,164.0,20.0,16.0,164.0,47451.11938520142,189.80447754080566,20.0
801630,20.0,16.0,166.0,20.0,16.0,166.0,47524.870692511984,190.09948277004793,20.0
801631,20.0,16.0,168.0,20.0,16.0,168.0,47628.31758739958,190.51327034959832,20.0
801632,20.0,16.0,170.0,20.0,16.0,170.0,47746.49955460134,190.98599821840534,20.0
801633,20.0,16.0,172.0,20.0,16.0,172.0,47865.26130893811,191.46104523575247,20.0
801634,20.0,16.0,174.0,20.0,16.0,174.0,47971.96833767702,191.88787335070808,20.0
801635,20.0,16.0,176.0,20.0,16.0,176.0,48056.12371688115,192.2244948675246,20.0
801636,20.0,16.0,178.0,20.0,16.0,178.0,48109.865048690954,192.43946019476383,20.0
801637,20.0,16.0,180.0,20.0,16.0,180.0,48128.327583641214,192.51331033456486,20.0
801638,20.0,17.0,0.0,20.0,17.0,0.0,44752.46087978102,179.00984351912408,20.0
801639,20.0,17.0,2.0,20.0,17.0,2.0,44735.80711139189,178.94322844556757,20.0
801640,20.0,17.0,4.0,20.0,17.0,4.0,44687.382313507194,178.74952925402877,20.0
801641,20.0,17.0,6.0,20.0,17.0,6.0,44611.72703989593,178.44690815958373,20.0
801642,20.0,17.0,8.0,20.0,17.0,8.0,44516.18027060579,178.06472108242318,20.0
801643,20.0,17.0,10.0,20.0,17.0,10.0,44410.541290755966,177.64216516302386,20.0
801644,20.0,17.0,12.0,20.0,17.0,12.0,44306.606954199546,177.22642781679818,20.0
801645,20.0,17.0,14.0,20.0,17.0,14.0,44217.59729430497,176.8703891772199,20.0
801646,20.0,17.0,16.0,20.0,17.0,16.0,44157.48915924885,176.6299566369954,20.0
801647,20.0,17.0,18.0,20.0,17.0,18.0,44140.28591677231,176.56114366708923,20.0
801648,20.0,17.0,20.0,20.0,17.0,20.0,44179.26089351581,176.71704357406327,20.0
801649,20.0,17.0,22.0,20.0,17.0,22.0,44286.22213484403,177.14488853937613,20.0
801650,20.0,17.0,24.0,20.0,17.0,24.0,44470.85467671986,177.88341870687944,20.0
801651,20.0,17.0,26.0,20.0,17.0,26.0,44740.2015110697,178.96080604427883,20.0
801652,20.0,17.0,28.0,20.0,17.0,28.0,45098.34297726623,180.3933719090649,20.0
801653,20.0,17.0,30.0,20.0,17.0,30.0,45546.32353572765,182.1852941429106,20.0
801654,20.0,17.0,32.0,20.0,17.0,32.0,46082.352658774274,184.3294106350971,20.0
801655,20.0,17.0,34.0,20.0,17.0,34.0,46702.27277941695,186.8090911176678,20.0
801656,20.0,17.0,36.0,20.0,17.0,36.0,47400.245102769164,189.60098041107665,20.0
801657,20.0,17.0,38.0,20.0,17.0,38.0,48169.56119900852,192.6782447960341,20.0
801658,20.0,17.0,40.0,20.0,17.0,40.0,49003.45635976381,196.01382543905524,20.0
801659,20.0,17.0,42.0,20.0,17.0,42.0,49895.793039832824,199.5831721593313,20.0
801660,20.0,17.0,44.0,20.0,17.0,44.0,50841.50916462026,203.36603665848105,20.0
801661,20.0,17.0,46.0,20.0,17.0,46.0,51836.78640567582,207.3471456227033,20.0
801662,20.0,17.0,48.0,20.0,17.0,48.0,52878.97271128551,211.51589084514205,20.0
801663,20.0,17.0,50.0,20.0,17.0,50.0,53966.36393452393,215.8654557380957,20.0
801664,20.0,17.0,52.0,20.0,17.0,52.0,55097.98341840632,220.3919336736253,20.0
801665,20.0,17.0,54.0,20.0,17.0,54.0,56273.48523536715,225.09394094146862,20.0
801666,20.0,17.0,56.0,20.0,17.0,56.0,57493.26374200663,229.97305496802653,20.0
801667,20.0,17.0,58.0,20.0,17.0,58.0,58758.815955909326,235.0352638236373,20.0
801668,20.0,17.0,60.0,20.0,17.0,60.0,60073.406336004904,240.29362534401963,20.0
801669,20.0,17.0,62.0,20.0,17.0,62.0,61443.13744831197,245.7725497932479,20.0
801670,20.0,17.0,64.0,20.0,17.0,64.0,62878.636009826536,251.51454403930614,20.0
801671,20.0,17.0,66.0,20.0,17.0,66.0,64397.742640163146,257.5909705606526,20.0
801672,20.0,17.0,68.0,20.0,17.0,68.0,66029.91664848148,264.1196665939259,20.0
801673,20.0,17.0,70.0,20.0,17.0,70.0,67823.70052892478,271.2948021156991,20.0
801674,20.0,17.0,72.0,20.0,17.0,72.0,69859.90945153752,279.4396378061501,20.0
801675,20.0,17.0,74.0,20.0,17.0,74.0,72276.13053377107,289.10452213508427,20.0
801676,20.0,17.0,76.0,20.0,17.0,76.0,75315.00649953757,301.2600259981503,20.0
801677,20.0,17.0,78.0,20.0,17.0,78.0,79426.30198838993,317.7052079535597,20.0
801678,20.0,17.0,80.0,20.0,17.0,80.0,85501.25213249354,342.00500852997413,20.0
801679,20.0,17.0,82.0,20.0,17.0,82.0,95464.39709513084,381.8575883805234,20.0
801680,20.0,17.0,84.0,20.0,17.0,84.0,113920.9043884942,455.6836175539768,20.0
801681,20.0,17.0,86.0,20.0,17.0,86.0,152872.35934643328,611.4894373857331,20.0
801682,20.0,17.0,88.0,20.0,17.0,88.0,237926.014582739,951.7040583309561,20.0
801683,20.0,17.0,90.0,20.0,17.0,90.0,322613.4768583001,1290.4539074332004,20.0
801684,20.0,17.0,92.0,20.0,17.0,92.0,237926.01458273953,951.7040583309581,20.0
801685,20.0,17.0,94.0,20.0,17.0,94.0,152872.35934643366,611.4894373857346,20.0
801686,20.0,17.0,96.0,20.0,17.0,96.0,113920.9043884944,455.68361755397757,20.0
801687,20.0,17.0,98.0,20.0,17.0,98.0,95464.3970951308,381.8575883805232,20.0
801688,20.0,17.0,100.0,20.0,17.0,100.0,85501.25213249354,342.00500852997413,20.0
801689,20.0,17.0,102.0,20.0,17.0,102.0,79426.30198838993,317.7052079535597,20.0
801690,20.0,17.0,104.0,20.0,17.0,104.0,75315.00649953757,301.2600259981503,20.0
801691,20.0,17.0,106.0,20.0,17.0,106.0,72276.13053377107,289.10452213508427,20.0
801692,20.0,17.0,108.0,20.0,17.0,108.0,69859.90945153755,279.4396378061502,20.0
801693,20.0,17.0,110.0,20.0,17.0,110.0,67823.70052892476,271.29480211569904,20.0
801694,20.0,17.0,112.0,20.0,17.0,112.0,66029.9166484815,264.119666593926,20.0
801695,20.0,17.0,114.0,20.0,17.0,114.0,64397.742640163146,257.5909705606526,20.0
801696,20.0,17.0,116.0,20.0,17.0,116.0,62878.636009826536,251.51454403930614,20.0
801697,20.0,17.0,118.0,20.0,17.0,118.0,61443.13744831196,245.77254979324783,20.0
801698,20.0,17.0,120.0,20.0,17.0,120.0,60073.406336004904,240.29362534401963,20.0
801699,20.0,17.0,122.0,20.0,17.0,122.0,58758.815955909326,235.0352638236373,20.0
801700,20.0,17.0,124.0,20.0,17.0,124.0,57493.26374200663,229.97305496802653,20.0
801701,20.0,17.0,126.0,20.0,17.0,126.0,56273.48523536717,225.09394094146867,20.0
801702,20.0,17.0,128.0,20.0,17.0,128.0,55097.98341840634,220.39193367362535,20.0
801703,20.0,17.0,130.0,20.0,17.0,130.0,53966.36393452394,215.86545573809576,20.0
801704,20.0,17.0,132.0,20.0,17.0,132.0,52878.97271128551,211.51589084514205,20.0
801705,20.0,17.0,134.0,20.0,17.0,134.0,51836.78640567582,207.34714562270327,20.0
801706,20.0,17.0,136.0,20.0,17.0,136.0,50841.50916462026,203.36603665848105,20.0
801707,20.0,17.0,138.0,20.0,17.0,138.0,49895.793039832824,199.5831721593313,20.0
801708,20.0,17.0,140.0,20.0,17.0,140.0,49003.45635976381,196.01382543905524,20.0
801709,20.0,17.0,142.0,20.0,17.0,142.0,48169.56119900852,192.6782447960341,20.0
801710,20.0,17.0,144.0,20.0,17.0,144.0,47400.245102769164,189.60098041107665,20.0
801711,20.0,17.0,146.0,20.0,17.0,146.0,46702.27277941694,186.80909111766778,20.0
801712,20.0,17.0,148.0,20.0,17.0,148.0,46082.352658774274,184.3294106350971,20.0
801713,20.0,17.0,150.0,20.0,17.0,150.0,45546.32353572765,182.1852941429106,20.0
801714,20.0,17.0,152.0,20.0,17.0,152.0,45098.34297726623,180.3933719090649,20.0
801715,20.0,17.0,154.0,20.0,17.0,154.0,44740.201511069696,178.9608060442788,20.0
801716,20.0,17.0,156.0,20.0,17.0,156.0,44470.85467671986,177.88341870687944,20.0
801717,20.0,17.0,158.0,20.0,17.0,158.0,44286.22213484403,177.14488853937613,20.0
801718,20.0,17.0,160.0,20.0,17.0,160.0,44179.26089351582,176.7170435740633,20.0
801719,20.0,17.0,162.0,20.0,17.0,162.0,44140.285916772315,176.56114366708925,20.0
801720,20.0,17.0,164.0,20.0,17.0,164.0,44157.489159248835,176.62995663699533,20.0
801721,20.0,17.0,166.0,20.0,17.0,166.0,44217.59729430497,176.8703891772199,20.0
801722,20.0,17.0,168.0,20.0,17.0,168.0,44306.60695419955,177.2264278167982,20.0
801723,20.0,17.0,170.0,20.0,17.0,170.0,44410.541290755966,177.64216516302386,20.0
801724,20.0,17.0,172.0,20.0,17.0,172.0,44516.18027060579,178.06472108242318,20.0
801725,20.0,17.0,174.0,20.0,17.0,174.0,44611.72703989593,178.44690815958373,20.0
801726,20.0,17.0,176.0,20.0,17.0,176.0,44687.382313507194,178.74952925402877,20.0
801727,20.0,17.0,178.0,20.0,17.0,178.0,44735.80711139189,178.94322844556757,20.0
801728,20.0,17.0,180.0,20.0,17.0,180.0,44752.46087978102,179.00984351912408,20.0
801729,20.0,18.0,0.0,20.0,18.0,0.0,41432.91594884411,165.73166379537642,20.0
801730,20.0,18.0,2.0,20.0,18.0,2.0,41418.010338280874,165.6720413531235,20.0
801731,20.0,18.0,4.0,20.0,18.0,4.0,41374.71986812881,165.49887947251523,20.0
801732,20.0,18.0,6.0,20.0,18.0,6.0,41307.259760668654,165.22903904267463,20.0
801733,20.0,18.0,8.0,20.0,18.0,8.0,41222.4436992786,164.8897747971144,20.0
801734,20.0,18.0,10.0,20.0,18.0,10.0,41129.37073035827,164.5174829214331,20.0
801735,20.0,18.0,12.0,20.0,18.0,12.0,41038.996760428585,164.15598704171435,20.0
801736,20.0,18.0,14.0,20.0,18.0,14.0,40963.60263869782,163.8544105547913,20.0
801737,20.0,18.0,16.0,20.0,18.0,16.0,40916.17702902014,163.66470811608056,20.0
801738,20.0,18.0,18.0,20.0,18.0,18.0,40909.74001828391,163.63896007313565,20.0
801739,20.0,18.0,20.0,20.0,18.0,20.0,40956.64231053544,163.82656924214177,20.0
801740,20.0,18.0,22.0,20.0,18.0,22.0,41067.88403600293,164.27153614401172,20.0
801741,20.0,18.0,24.0,20.0,18.0,24.0,41252.50516543506,165.01002066174024,20.0
801742,20.0,18.0,26.0,20.0,18.0,26.0,41517.10413251958,166.0684165300783,20.0
801743,20.0,18.0,28.0,20.0,18.0,28.0,41865.53991670355,167.46215966681422,20.0
801744,20.0,18.0,30.0,20.0,18.0,30.0,42298.86285035509,169.19545140142037,20.0
801745,20.0,18.0,32.0,20.0,18.0,32.0,42815.4988282278,171.2619953129112,20.0
801746,20.0,18.0,34.0,20.0,18.0,34.0,43411.68029384149,173.64672117536597,20.0
801747,20.0,18.0,36.0,20.0,18.0,36.0,44082.078349370975,176.3283133974839,20.0
801748,20.0,18.0,38.0,20.0,18.0,38.0,44820.550612301166,179.28220244920468,20.0
801749,20.0,18.0,40.0,20.0,18.0,40.0,45620.889855222995,182.483559420892,20.0
801750,20.0,18.0,42.0,20.0,18.0,42.0,46477.45135525478,185.90980542101912,20.0
801751,20.0,18.0,44.0,20.0,18.0,44.0,47385.56135781986,189.54224543127944,20.0
801752,20.0,18.0,46.0,20.0,18.0,46.0,48341.66488726947,193.3666595490779,20.0
801753,20.0,18.0,48.0,20.0,18.0,48.0,49343.24441946213,197.37297767784852,20.0
801754,20.0,18.0,50.0,20.0,18.0,50.0,50388.606204677446,201.55442481870978,20.0
801755,20.0,18.0,52.0,20.0,18.0,52.0,51476.66243557514,205.90664974230057,20.0
801756,20.0,18.0,54.0,20.0,18.0,54.0,52606.82511377277,210.42730045509109,20.0
801757,20.0,18.0,56.0,20.0,18.0,56.0,53779.08735701802,215.11634942807208,20.0
801758,20.0,18.0,58.0,20.0,18.0,58.0,54994.333960434626,219.9773358417385,20.0
801759,20.0,18.0,60.0,20.0,18.0,60.0,56254.925094500526,225.0197003780021,20.0
801760,20.0,18.0,62.0,20.0,18.0,62.0,57565.64559423654,230.26258237694617,20.0
801761,20.0,18.0,64.0,20.0,18.0,64.0,58935.20815770325,235.740832630813,20.0
801762,20.0,18.0,66.0,20.0,18.0,66.0,60378.660420998305,241.51464168399323,20.0
801763,20.0,18.0,68.0,20.0,18.0,68.0,61921.33821008803,247.68535284035215,20.0
801764,20.0,18.0,70.0,20.0,18.0,70.0,63605.582386111564,254.42232954444626,20.0
801765,20.0,18.0,72.0,20.0,18.0,72.0,65502.641637509,262.010566550036,20.0
801766,20.0,18.0,74.0,20.0,18.0,74.0,67734.86438083986,270.93945752335947,20.0
801767,20.0,18.0,76.0,20.0,18.0,76.0,70519.66451141723,282.07865804566893,20.0
801768,20.0,18.0,78.0,20.0,18.0,78.0,74263.1771684045,297.052708673618,20.0
801769,20.0,18.0,80.0,20.0,18.0,80.0,79777.84682634762,319.1113873053905,20.0
801770,20.0,18.0,82.0,20.0,18.0,82.0,88842.64112673017,355.3705645069207,20.0
801771,20.0,18.0,84.0,20.0,18.0,84.0,105818.11250021428,423.27245000085713,20.0
801772,20.0,18.0,86.0,20.0,18.0,86.0,142644.82751702567,570.5793100681027,20.0
801773,20.0,18.0,88.0,20.0,18.0,88.0,228397.0974194868,913.5883896779471,20.0
801774,20.0,18.0,90.0,20.0,18.0,90.0,321978.7904579315,1287.9151618317262,20.0
801775,20.0,18.0,92.0,20.0,18.0,92.0,228397.09741948737,913.5883896779495,20.0
801776,20.0,18.0,94.0,20.0,18.0,94.0,142644.82751702602,570.5793100681041,20.0
801777,20.0,18.0,96.0,20.0,18.0,96.0,105818.11250021448,423.27245000085793,20.0
801778,20.0,18.0,98.0,20.0,18.0,98.0,88842.64112673013,355.3705645069205,20.0
801779,20.0,18.0,100.0,20.0,18.0,100.0,79777.84682634761,319.11138730539045,20.0
801780,20.0,18.0,102.0,20.0,18.0,102.0,74263.17716840448,297.05270867361793,20.0
801781,20.0,18.0,104.0,20.0,18.0,104.0,70519.66451141723,282.07865804566893,20.0
801782,20.0,18.0,106.0,20.0,18.0,106.0,67734.86438083986,270.93945752335947,20.0
801783,20.0,18.0,108.0,20.0,18.0,108.0,65502.641637509,262.010566550036,20.0
801784,20.0,18.0,110.0,20.0,18.0,110.0,63605.582386111564,254.42232954444626,20.0
801785,20.0,18.0,112.0,20.0,18.0,112.0,61921.33821008804,247.68535284035218,20.0
801786,20.0,18.0,114.0,20.0,18.0,114.0,60378.66042099831,241.51464168399326,20.0
801787,20.0,18.0,116.0,20.0,18.0,116.0,58935.208157703244,235.74083263081297,20.0
801788,20.0,18.0,118.0,20.0,18.0,118.0,57565.64559423654,230.26258237694617,20.0
801789,20.0,18.0,120.0,20.0,18.0,120.0,56254.925094500526,225.0197003780021,20.0
801790,20.0,18.0,122.0,20.0,18.0,122.0,54994.333960434626,219.9773358417385,20.0
801791,20.0,18.0,124.0,20.0,18.0,124.0,53779.08735701802,215.11634942807208,20.0
801792,20.0,18.0,126.0,20.0,18.0,126.0,52606.82511377279,210.42730045509117,20.0
801793,20.0,18.0,128.0,20.0,18.0,128.0,51476.662435575156,205.90664974230063,20.0
801794,20.0,18.0,130.0,20.0,18.0,130.0,50388.60620467745,201.5544248187098,20.0
801795,20.0,18.0,132.0,20.0,18.0,132.0,49343.24441946213,197.37297767784852,20.0
801796,20.0,18.0,134.0,20.0,18.0,134.0,48341.664887269464,193.36665954907787,20.0
801797,20.0,18.0,136.0,20.0,18.0,136.0,47385.561357819875,189.5422454312795,20.0
801798,20.0,18.0,138.0,20.0,18.0,138.0,46477.45135525478,185.90980542101912,20.0
801799,20.0,18.0,140.0,20.0,18.0,140.0,45620.889855222995,182.483559420892,20.0
801800,20.0,18.0,142.0,20.0,18.0,142.0,44820.550612301166,179.28220244920468,20.0
801801,20.0,18.0,144.0,20.0,18.0,144.0,44082.078349370975,176.3283133974839,20.0
801802,20.0,18.0,146.0,20.0,18.0,146.0,43411.68029384148,173.6467211753659,20.0
801803,20.0,18.0,148.0,20.0,18.0,148.0,42815.4988282278,171.2619953129112,20.0
801804,20.0,18.0,150.0,20.0,18.0,150.0,42298.86285035509,169.19545140142037,20.0
801805,20.0,18.0,152.0,20.0,18.0,152.0,41865.53991670355,167.46215966681422,20.0
801806,20.0,18.0,154.0,20.0,18.0,154.0,41517.10413251956,166.06841653007825,20.0
801807,20.0,18.0,156.0,20.0,18.0,156.0,41252.50516543506,165.01002066174024,20.0
801808,20.0,18.0,158.0,20.0,18.0,158.0,41067.88403600293,164.27153614401172,20.0
801809,20.0,18.0,160.0,20.0,18.0,160.0,40956.64231053545,163.8265692421418,20.0
801810,20.0,18.0,162.0,20.0,18.0,162.0,40909.74001828392,163.63896007313568,20.0
801811,20.0,18.0,164.0,20.0,18.0,164.0,40916.17702902013,163.66470811608053,20.0
801812,20.0,18.0,166.0,20.0,18.0,166.0,40963.60263869782,163.8544105547913,20.0
801813,20.0,18.0,168.0,20.0,18.0,168.0,41038.99676042859,164.15598704171438,20.0
801814,20.0,18.0,170.0,20.0,18.0,170.0,41129.37073035827,164.5174829214331,20.0
801815,20.0,18.0,172.0,20.0,18.0,172.0,41222.4436992786,164.8897747971144,20.0
801816,20.0,18.0,174.0,20.0,18.0,174.0,41307.259760668654,165.22903904267463,20.0
801817,20.0,18.0,176.0,20.0,18.0,176.0,41374.71986812881,165.49887947251523,20.0
801818,20.0,18.0,178.0,20.0,18.0,178.0,41418.010338280874,165.6720413531235,20.0
801819,20.0,18.0,180.0,20.0,18.0,180.0,41432.91594884411,165.73166379537642,20.0
801820,20.0,19.0,0.0,20.0,19.0,0.0,38169.692790830464,152.67877116332187,20.0
801821,20.0,19.0,2.0,20.0,19.0,2.0,38156.478310027196,152.6259132401088,20.0
801822,20.0,19.0,4.0,20.0,19.0,4.0,38118.150679600774,152.4726027184031,20.0
801823,20.0,19.0,6.0,20.0,19.0,6.0,38058.598582283295,152.23439432913318,20.0
801824,20.0,19.0,8.0,20.0,19.0,8.0,37984.10840281322,151.93643361125288,20.0
801825,20.0,19.0,10.0,20.0,19.0,10.0,37903.07617102882,151.6123046841153,20.0
801826,20.0,19.0,12.0,20.0,19.0,12.0,37825.61331935998,151.30245327743992,20.0
801827,20.0,19.0,14.0,20.0,19.0,14.0,37763.057274783714,151.05222909913485,20.0
801828,20.0,19.0,16.0,20.0,19.0,16.0,37727.40361797954,150.90961447191816,20.0
801829,20.0,19.0,18.0,20.0,19.0,18.0,37730.68366165414,150.92273464661656,20.0
801830,20.0,19.0,20.0,20.0,19.0,20.0,37784.31948498125,151.137277939925,20.0
801831,20.0,19.0,22.0,20.0,19.0,22.0,37898.496900656195,151.5939876026248,20.0
801832,20.0,19.0,24.0,20.0,19.0,24.0,38081.60414857218,152.32641659428873,20.0
801833,20.0,19.0,26.0,20.0,19.0,26.0,38339.78834561197,153.35915338244786,20.0
801834,20.0,19.0,28.0,20.0,19.0,28.0,38676.68046964554,154.70672187858216,20.0
801835,20.0,19.0,30.0,20.0,19.0,30.0,39093.33045633342,156.37332182533368,20.0
801836,20.0,19.0,32.0,20.0,19.0,32.0,39588.375036847865,158.35350014739146,20.0
801837,20.0,19.0,34.0,20.0,19.0,34.0,40158.43213295063,160.63372853180252,20.0
801838,20.0,19.0,36.0,20.0,19.0,36.0,40798.67970631456,163.19471882525824,20.0
801839,20.0,19.0,38.0,20.0,19.0,38.0,41503.540398565245,166.01416159426097,20.0
801840,20.0,19.0,40.0,20.0,19.0,40.0,42267.36606236768,169.0694642494707,20.0
801841,20.0,19.0,42.0,20.0,19.0,42.0,43085.00972490672,172.34003889962688,20.0
801842,20.0,19.0,44.0,20.0,19.0,44.0,43952.19502457354,175.80878009829416,20.0
801843,20.0,19.0,46.0,20.0,19.0,46.0,44865.64449788175,179.462577991527,20.0
801844,20.0,19.0,48.0,20.0,19.0,48.0,45822.995479238154,183.2919819169526,20.0
801845,20.0,19.0,50.0,20.0,19.0,50.0,46822.592376043,187.29036950417202,20.0
801846,20.0,19.0,52.0,20.0,19.0,52.0,47863.27289216717,191.4530915686687,20.0
801847,20.0,19.0,54.0,20.0,19.0,54.0,48944.25427834596,195.77701711338383,20.0
801848,20.0,19.0,56.0,20.0,19.0,56.0,50065.188542580014,200.26075417032007,20.0
801849,20.0,19.0,58.0,20.0,19.0,58.0,51226.42391715721,204.90569566862885,20.0
801850,20.0,19.0,60.0,20.0,19.0,60.0,52429.51104687271,209.71804418749082,20.0
801851,20.0,19.0,62.0,20.0,19.0,62.0,53678.03576659548,214.7121430663819,20.0
801852,20.0,19.0,64.0,20.0,19.0,64.0,54978.94629116733,219.91578516466933,20.0
801853,20.0,19.0,66.0,20.0,19.0,66.0,56344.687434078885,225.37874973631554,20.0
801854,20.0,19.0,68.0,20.0,19.0,68.0,57796.716526629774,231.1868661065191,20.0
801855,20.0,19.0,70.0,20.0,19.0,70.0,59371.492766053445,237.48597106421377,20.0
801856,20.0,19.0,72.0,20.0,19.0,72.0,61131.11977338656,244.52447909354626,20.0
801857,20.0,19.0,74.0,20.0,19.0,74.0,63183.256180319906,252.73302472127963,20.0
801858,20.0,19.0,76.0,20.0,19.0,76.0,65720.75202378971,262.88300809515886,20.0
801859,20.0,19.0,78.0,20.0,19.0,78.0,69106.68356305808,276.4267342522323,20.0
801860,20.0,19.0,80.0,20.0,19.0,80.0,74074.08305640318,296.29633222561273,20.0
801861,20.0,19.0,82.0,20.0,19.0,82.0,82249.46019599139,328.99784078396556,20.0
801862,20.0,19.0,84.0,20.0,19.0,84.0,97711.9255031039,390.84770201241565,20.0
801863,20.0,19.0,86.0,20.0,19.0,86.0,132173.33020623683,528.6933208249474,20.0
801864,20.0,19.0,88.0,20.0,19.0,88.0,217974.889663243,871.899558652972,20.0
801865,20.0,19.0,90.0,20.0,19.0,90.0,321723.01945756265,1286.8920778302506,20.0
801866,20.0,19.0,92.0,20.0,19.0,92.0,217974.8896632436,871.8995586529744,20.0
801867,20.0,19.0,94.0,20.0,19.0,94.0,132173.33020623718,528.6933208249487,20.0
801868,20.0,19.0,96.0,20.0,19.0,96.0,97711.92550310408,390.84770201241633,20.0
801869,20.0,19.0,98.0,20.0,19.0,98.0,82249.46019599136,328.99784078396544,20.0
801870,20.0,19.0,100.0,20.0,19.0,100.0,74074.08305640315,296.2963322256126,20.0
801871,20.0,19.0,102.0,20.0,19.0,102.0,69106.68356305808,276.4267342522323,20.0
801872,20.0,19.0,104.0,20.0,19.0,104.0,65720.75202378971,262.88300809515886,20.0
801873,20.0,19.0,106.0,20.0,19.0,106.0,63183.25618031992,252.7330247212797,20.0
801874,20.0,19.0,108.0,20.0,19.0,108.0,61131.11977338656,244.52447909354626,20.0
801875,20.0,19.0,110.0,20.0,19.0,110.0,59371.49276605345,237.4859710642138,20.0
801876,20.0,19.0,112.0,20.0,19.0,112.0,57796.71652662978,231.18686610651912,20.0
801877,20.0,19.0,114.0,20.0,19.0,114.0,56344.68743407889,225.37874973631557,20.0
801878,20.0,19.0,116.0,20.0,19.0,116.0,54978.946291167325,219.9157851646693,20.0
801879,20.0,19.0,118.0,20.0,19.0,118.0,53678.03576659548,214.7121430663819,20.0
801880,20.0,19.0,120.0,20.0,19.0,120.0,52429.51104687271,209.71804418749082,20.0
801881,20.0,19.0,122.0,20.0,19.0,122.0,51226.42391715721,204.90569566862885,20.0
801882,20.0,19.0,124.0,20.0,19.0,124.0,50065.188542580014,200.26075417032007,20.0
801883,20.0,19.0,126.0,20.0,19.0,126.0,48944.254278345965,195.77701711338386,20.0
801884,20.0,19.0,128.0,20.0,19.0,128.0,47863.27289216719,191.45309156866875,20.0
801885,20.0,19.0,130.0,20.0,19.0,130.0,46822.592376043,187.29036950417202,20.0
801886,20.0,19.0,132.0,20.0,19.0,132.0,45822.995479238154,183.2919819169526,20.0
801887,20.0,19.0,134.0,20.0,19.0,134.0,44865.644497881745,179.46257799152698,20.0
801888,20.0,19.0,136.0,20.0,19.0,136.0,43952.19502457356,175.80878009829422,20.0
801889,20.0,19.0,138.0,20.0,19.0,138.0,43085.00972490672,172.34003889962688,20.0
801890,20.0,19.0,140.0,20.0,19.0,140.0,42267.36606236768,169.0694642494707,20.0
801891,20.0,19.0,142.0,20.0,19.0,142.0,41503.540398565245,166.01416159426097,20.0
801892,20.0,19.0,144.0,20.0,19.0,144.0,40798.67970631456,163.19471882525824,20.0
801893,20.0,19.0,146.0,20.0,19.0,146.0,40158.43213295062,160.6337285318025,20.0
801894,20.0,19.0,148.0,20.0,19.0,148.0,39588.37503684787,158.3535001473915,20.0
801895,20.0,19.0,150.0,20.0,19.0,150.0,39093.33045633342,156.37332182533368,20.0
801896,20.0,19.0,152.0,20.0,19.0,152.0,38676.68046964554,154.70672187858216,20.0
801897,20.0,19.0,154.0,20.0,19.0,154.0,38339.78834561196,153.35915338244783,20.0
801898,20.0,19.0,156.0,20.0,19.0,156.0,38081.60414857218,152.32641659428873,20.0
801899,20.0,19.0,158.0,20.0,19.0,158.0,37898.496900656195,151.5939876026248,20.0
801900,20.0,19.0,160.0,20.0,19.0,160.0,37784.31948498125,151.137277939925,20.0
801901,20.0,19.0,162.0,20.0,19.0,162.0,37730.68366165415,150.9227346466166,20.0
801902,20.0,19.0,164.0,20.0,19.0,164.0,37727.40361797953,150.90961447191813,20.0
801903,20.0,19.0,166.0,20.0,19.0,166.0,37763.057274783714,151.05222909913485,20.0
801904,20.0,19.0,168.0,20.0,19.0,168.0,37825.61331935999,151.30245327743995,20.0
801905,20.0,19.0,170.0,20.0,19.0,170.0,37903.07617102882,151.6123046841153,20.0
801906,20.0,19.0,172.0,20.0,19.0,172.0,37984.10840281322,151.93643361125288,20.0
801907,20.0,19.0,174.0,20.0,19.0,174.0,38058.598582283295,152.23439432913318,20.0
801908,20.0,19.0,176.0,20.0,19.0,176.0,38118.150679600774,152.4726027184031,20.0
801909,20.0,19.0,178.0,20.0,19.0,178.0,38156.478310027196,152.6259132401088,20.0
801910,20.0,19.0,180.0,20.0,19.0,180.0,38169.692790830464,152.67877116332187,20.0
801911,22.5,8.0,0.0,22.5,8.0,0.0,73235.78264837319,292.94313059349275,20.0
801912,22.5,8.0,2.0,22.5,8.0,2.0,73193.34820606188,292.77339282424754,20.0
801913,22.5,8.0,4.0,22.5,8.0,4.0,73069.12731681905,292.2765092672762,20.0
801914,22.5,8.0,6.0,22.5,8.0,6.0,72872.19690974221,291.48878763896886,20.0
801915,22.5,8.0,8.0,22.5,8.0,8.0,72617.12361841742,290.4684944736697,20.0
801916,22.5,8.0,10.0,22.5,8.0,10.0,72323.14417451025,289.292576698041,20.0
801917,22.5,8.0,12.0,22.5,8.0,12.0,72013.06513787738,288.0522605515095,20.0
801918,22.5,8.0,14.0,22.5,8.0,14.0,71711.93257202138,286.84773028808553,20.0
801919,22.5,8.0,16.0,22.5,8.0,16.0,71445.54055119545,285.7821622047818,20.0
801920,22.5,8.0,18.0,22.5,8.0,18.0,71238.86660170199,284.95546640680794,20.0
801921,22.5,8.0,20.0,22.5,8.0,20.0,71114.54039619616,284.45816158478465,20.0
801922,22.5,8.0,22.0,22.5,8.0,22.0,71091.46611724832,284.36586446899327,20.0
801923,22.5,8.0,24.0,22.5,8.0,24.0,71183.72466538704,284.7348986615482,20.0
801924,22.5,8.0,26.0,22.5,8.0,26.0,71399.87442113576,285.59949768454305,20.0
801925,22.5,8.0,28.0,22.5,8.0,28.0,71742.74397033438,286.97097588133755,20.0
801926,22.5,8.0,30.0,22.5,8.0,30.0,72209.76427233503,288.83905708934014,20.0
801927,22.5,8.0,32.0,22.5,8.0,32.0,72793.82224312308,291.17528897249235,20.0
801928,22.5,8.0,34.0,22.5,8.0,34.0,73484.53961343797,293.9381584537519,20.0
801929,22.5,8.0,36.0,22.5,8.0,36.0,74269.80429673336,297.0792171869335,20.0
801930,22.5,8.0,38.0,22.5,8.0,38.0,75137.32655017811,300.54930620071246,20.0
801931,22.5,8.0,40.0,22.5,8.0,40.0,76075.98067028672,304.3039226811469,20.0
801932,22.5,8.0,42.0,22.5,8.0,42.0,77076.73977443376,308.30695909773505,20.0
801933,22.5,8.0,44.0,22.5,8.0,44.0,78133.11448685544,312.5324579474218,20.0
801934,22.5,8.0,46.0,22.5,8.0,46.0,79241.14086835308,316.9645634734123,20.0
801935,22.5,8.0,48.0,22.5,8.0,48.0,80399.08423562688,321.59633694250755,20.0
801936,22.5,8.0,50.0,22.5,8.0,50.0,81607.08818033073,326.42835272132294,20.0
801937,22.5,8.0,52.0,22.5,8.0,52.0,82866.98214515888,331.46792858063554,20.0
801938,22.5,8.0,54.0,22.5,8.0,54.0,84182.3887964274,336.7295551857096,20.0
801939,22.5,8.0,56.0,22.5,8.0,56.0,85559.19888440828,342.23679553763316,20.0
801940,22.5,8.0,58.0,22.5,8.0,58.0,87006.45868702698,348.02583474810797,20.0
801941,22.5,8.0,60.0,22.5,8.0,60.0,88537.76396762877,354.15105587051505,20.0
801942,22.5,8.0,62.0,22.5,8.0,62.0,90173.36869264868,360.6934747705947,20.0
801943,22.5,8.0,64.0,22.5,8.0,64.0,91943.39982051653,367.77359928206613,20.0
801944,22.5,8.0,66.0,22.5,8.0,66.0,93892.8690416783,375.57147616671324,20.0
801945,22.5,8.0,68.0,22.5,8.0,68.0,96089.70778486473,384.3588311394589,20.0
801946,22.5,8.0,70.0,22.5,8.0,70.0,98638.06856143655,394.5522742457462,20.0
801947,22.5,8.0,72.0,22.5,8.0,72.0,101701.15114022807,406.8046045609123,20.0
801948,22.5,8.0,74.0,22.5,8.0,74.0,105541.96979594101,422.16787918376406,20.0
801949,22.5,8.0,76.0,22.5,8.0,76.0,110599.39018517906,442.39756074071624,20.0
801950,22.5,8.0,78.0,22.5,8.0,78.0,117636.44185146221,470.54576740584884,20.0
801951,22.5,8.0,80.0,22.5,8.0,80.0,128041.27405931677,512.1650962372671,20.0
801952,22.5,8.0,82.0,22.5,8.0,82.0,144445.69816565418,577.7827926626168,20.0
801953,22.5,8.0,84.0,22.5,8.0,84.0,171877.04456160762,687.5081782464305,20.0
801954,22.5,8.0,86.0,22.5,8.0,86.0,218590.43845498044,874.3617538199218,20.0
801955,22.5,8.0,88.0,22.5,8.0,88.0,286688.1662964157,1146.7526651856626,20.0
801956,22.5,8.0,90.0,22.5,8.0,90.0,329223.60816629493,1316.8944326651797,20.0
801957,22.5,8.0,92.0,22.5,8.0,92.0,286688.1662964161,1146.7526651856642,20.0
801958,22.5,8.0,94.0,22.5,8.0,94.0,218590.43845498087,874.3617538199235,20.0
801959,22.5,8.0,96.0,22.5,8.0,96.0,171877.04456160785,687.5081782464314,20.0
801960,22.5,8.0,98.0,22.5,8.0,98.0,144445.69816565415,577.7827926626165,20.0
801961,22.5,8.0,100.0,22.5,8.0,100.0,128041.27405931674,512.165096237267,20.0
801962,22.5,8.0,102.0,22.5,8.0,102.0,117636.44185146221,470.54576740584884,20.0
801963,22.5,8.0,104.0,22.5,8.0,104.0,110599.39018517906,442.39756074071624,20.0
801964,22.5,8.0,106.0,22.5,8.0,106.0,105541.96979594104,422.16787918376417,20.0
801965,22.5,8.0,108.0,22.5,8.0,108.0,101701.15114022809,406.80460456091237,20.0
801966,22.5,8.0,110.0,22.5,8.0,110.0,98638.06856143652,394.5522742457461,20.0
801967,22.5,8.0,112.0,22.5,8.0,112.0,96089.70778486473,384.3588311394589,20.0
801968,22.5,8.0,114.0,22.5,8.0,114.0,93892.86904167835,375.5714761667134,20.0
801969,22.5,8.0,116.0,22.5,8.0,116.0,91943.3998205165,367.773599282066,20.0
801970,22.5,8.0,118.0,22.5,8.0,118.0,90173.36869264868,360.6934747705947,20.0
801971,22.5,8.0,120.0,22.5,8.0,120.0,88537.76396762877,354.15105587051505,20.0
801972,22.5,8.0,122.0,22.5,8.0,122.0,87006.45868702698,348.02583474810797,20.0
801973,22.5,8.0,124.0,22.5,8.0,124.0,85559.19888440828,342.23679553763316,20.0
801974,22.5,8.0,126.0,22.5,8.0,126.0,84182.38879642742,336.72955518570967,20.0
801975,22.5,8.0,128.0,22.5,8.0,128.0,82866.9821451589,331.4679285806356,20.0
801976,22.5,8.0,130.0,22.5,8.0,130.0,81607.08818033074,326.428352721323,20.0
801977,22.5,8.0,132.0,22.5,8.0,132.0,80399.08423562688,321.59633694250755,20.0
801978,22.5,8.0,134.0,22.5,8.0,134.0,79241.14086835305,316.96456347341217,20.0
801979,22.5,8.0,136.0,22.5,8.0,136.0,78133.11448685545,312.53245794742185,20.0
801980,22.5,8.0,138.0,22.5,8.0,138.0,77076.73977443376,308.30695909773505,20.0
801981,22.5,8.0,140.0,22.5,8.0,140.0,76075.98067028672,304.3039226811469,20.0
801982,22.5,8.0,142.0,22.5,8.0,142.0,75137.32655017811,300.54930620071246,20.0
801983,22.5,8.0,144.0,22.5,8.0,144.0,74269.80429673336,297.0792171869335,20.0
801984,22.5,8.0,146.0,22.5,8.0,146.0,73484.53961343796,293.93815845375184,20.0
801985,22.5,8.0,148.0,22.5,8.0,148.0,72793.82224312308,291.17528897249235,20.0
801986,22.5,8.0,150.0,22.5,8.0,150.0,72209.76427233503,288.83905708934014,20.0
801987,22.5,8.0,152.0,22.5,8.0,152.0,71742.74397033438,286.97097588133755,20.0
801988,22.5,8.0,154.0,22.5,8.0,154.0,71399.87442113573,285.59949768454294,20.0
801989,22.5,8.0,156.0,22.5,8.0,156.0,71183.72466538704,284.7348986615482,20.0
801990,22.5,8.0,158.0,22.5,8.0,158.0,71091.46611724832,284.36586446899327,20.0
801991,22.5,8.0,160.0,22.5,8.0,160.0,71114.54039619617,284.4581615847847,20.0
801992,22.5,8.0,162.0,22.5,8.0,162.0,71238.86660170202,284.95546640680806,20.0
801993,22.5,8.0,164.0,22.5,8.0,164.0,71445.54055119543,285.78216220478174,20.0
801994,22.5,8.0,166.0,22.5,8.0,166.0,71711.93257202138,286.84773028808553,20.0
801995,22.5,8.0,168.0,22.5,8.0,168.0,72013.06513787739,288.05226055150956,20.0
801996,22.5,8.0,170.0,22.5,8.0,170.0,72323.14417451025,289.292576698041,20.0
801997,22.5,8.0,172.0,22.5,8.0,172.0,72617.12361841742,290.4684944736697,20.0
801998,22.5,8.0,174.0,22.5,8.0,174.0,72872.19690974221,291.48878763896886,20.0
801999,22.5,8.0,176.0,22.5,8.0,176.0,73069.12731681905,292.2765092672762,20.0
802000,22.5,8.0,178.0,22.5,8.0,178.0,73193.34820606188,292.77339282424754,20.0
802001,22.5,8.0,180.0,22.5,8.0,180.0,73235.78264837319,292.94313059349275,20.0
802002,22.5,10.0,0.0,22.5,10.0,0.0,65681.38267824188,262.7255307129675,20.0
802003,22.5,10.0,2.0,22.5,10.0,2.0,65644.51534580595,262.5780613832238,20.0
802004,22.5,10.0,4.0,22.5,10.0,4.0,65536.7106810924,262.1468427243696,20.0
802005,22.5,10.0,6.0,22.5,10.0,6.0,65366.20634909003,261.46482539636014,20.0
802006,22.5,10.0,8.0,22.5,10.0,8.0,65146.22310693633,260.58489242774533,20.0
802007,22.5,10.0,10.0,22.5,10.0,10.0,64894.22237273723,259.57688949094893,20.0
802008,22.5,10.0,12.0,22.5,10.0,12.0,64630.90950407516,258.52363801630065,20.0
802009,22.5,10.0,14.0,22.5,10.0,14.0,64379.02857287524,257.51611429150097,20.0
802010,22.5,10.0,16.0,22.5,10.0,16.0,64162.01096093062,256.64804384372246,20.0
802011,22.5,10.0,18.0,22.5,10.0,18.0,64002.55748758887,256.0102299503555,20.0
802012,22.5,10.0,20.0,22.5,10.0,20.0,63921.250262814414,255.68500105125767,20.0
802013,22.5,10.0,22.0,22.5,10.0,22.0,63935.30321172134,255.74121284688536,20.0
802014,22.5,10.0,24.0,22.5,10.0,24.0,64057.565420881234,256.23026168352493,20.0
802015,22.5,10.0,26.0,22.5,10.0,26.0,64295.88468903351,257.18353875613406,20.0
802016,22.5,10.0,28.0,22.5,10.0,28.0,64652.915752232286,258.61166300892916,20.0
802017,22.5,10.0,30.0,22.5,10.0,30.0,65126.41606580278,260.50566426321114,20.0
802018,22.5,10.0,32.0,22.5,10.0,32.0,65710.0127147101,262.8400508588404,20.0
802019,22.5,10.0,34.0,22.5,10.0,34.0,66394.3533025293,265.5774132101172,20.0
802020,22.5,10.0,36.0,22.5,10.0,36.0,67168.48429272286,268.67393717089146,20.0
802021,22.5,10.0,38.0,22.5,10.0,38.0,68021.25051751889,272.0850020700756,20.0
802022,22.5,10.0,40.0,22.5,10.0,40.0,68942.499104276,275.769996417104,20.0
802023,22.5,10.0,42.0,22.5,10.0,42.0,69923.91341884345,279.6956536753738,20.0
802024,22.5,10.0,44.0,22.5,10.0,44.0,70959.396069832,283.837584279328,20.0
802025,22.5,10.0,46.0,22.5,10.0,46.0,72045.0417307471,288.18016692298846,20.0
802026,22.5,10.0,48.0,22.5,10.0,48.0,73178.85024932255,292.7154009972902,20.0
802027,22.5,10.0,50.0,22.5,10.0,50.0,74360.38707749682,297.4415483099873,20.0
802028,22.5,10.0,52.0,22.5,10.0,52.0,75590.5833547485,302.36233341899396,20.0
802029,22.5,10.0,54.0,22.5,10.0,54.0,76871.80228534115,307.48720914136464,20.0
802030,22.5,10.0,56.0,22.5,10.0,56.0,78208.23124076791,312.83292496307166,20.0
802031,22.5,10.0,58.0,22.5,10.0,58.0,79606.63760755816,318.4265504302327,20.0
802032,22.5,10.0,60.0,22.5,10.0,60.0,81077.5691899693,324.31027675987724,20.0
802033,22.5,10.0,62.0,22.5,10.0,62.0,82637.18143935726,330.54872575742905,20.0
802034,22.5,10.0,64.0,22.5,10.0,64.0,84310.036850234,337.240147400936,20.0
802035,22.5,10.0,66.0,22.5,10.0,66.0,86133.49026551342,344.53396106205366,20.0
802036,22.5,10.0,68.0,22.5,10.0,68.0,88164.75800134518,352.6590320053807,20.0
802037,22.5,10.0,70.0,22.5,10.0,70.0,90492.6994282382,361.9707977129528,20.0
802038,22.5,10.0,72.0,22.5,10.0,72.0,93258.2142814656,373.0328571258624,20.0
802039,22.5,10.0,74.0,22.5,10.0,74.0,96691.11057542756,386.7644423017103,20.0
802040,22.5,10.0,76.0,22.5,10.0,76.0,101180.03035375934,404.7201214150374,20.0
802041,22.5,10.0,78.0,22.5,10.0,78.0,107412.20982181544,429.64883928726175,20.0
802042,22.5,10.0,80.0,22.5,10.0,80.0,116667.95847564607,466.6718339025843,20.0
802043,22.5,10.0,82.0,22.5,10.0,82.0,131465.8798743874,525.8635194975496,20.0
802044,22.5,10.0,84.0,22.5,10.0,84.0,156935.44819416132,627.7417927766453,20.0
802045,22.5,10.0,86.0,22.5,10.0,86.0,202707.5316092742,810.8301264370969,20.0
802046,22.5,10.0,88.0,22.5,10.0,88.0,275600.63574667793,1102.4025429867118,20.0
802047,22.5,10.0,90.0,22.5,10.0,90.0,325354.5686796446,1301.4182747185785,20.0
802048,22.5,10.0,92.0,22.5,10.0,92.0,275600.6357466783,1102.4025429867131,20.0
802049,22.5,10.0,94.0,22.5,10.0,94.0,202707.53160927465,810.8301264370987,20.0
802050,22.5,10.0,96.0,22.5,10.0,96.0,156935.4481941616,627.7417927766464,20.0
802051,22.5,10.0,98.0,22.5,10.0,98.0,131465.87987438732,525.8635194975493,20.0
802052,22.5,10.0,100.0,22.5,10.0,100.0,116667.95847564602,466.6718339025841,20.0
802053,22.5,10.0,102.0,22.5,10.0,102.0,107412.20982181544,429.64883928726175,20.0
802054,22.5,10.0,104.0,22.5,10.0,104.0,101180.03035375934,404.7201214150374,20.0
802055,22.5,10.0,106.0,22.5,10.0,106.0,96691.11057542756,386.7644423017103,20.0
802056,22.5,10.0,108.0,22.5,10.0,108.0,93258.21428146561,373.03285712586245,20.0
802057,22.5,10.0,110.0,22.5,10.0,110.0,90492.69942823818,361.97079771295273,20.0
802058,22.5,10.0,112.0,22.5,10.0,112.0,88164.75800134521,352.6590320053808,20.0
802059,22.5,10.0,114.0,22.5,10.0,114.0,86133.49026551345,344.53396106205383,20.0
802060,22.5,10.0,116.0,22.5,10.0,116.0,84310.036850234,337.240147400936,20.0
802061,22.5,10.0,118.0,22.5,10.0,118.0,82637.18143935726,330.54872575742905,20.0
802062,22.5,10.0,120.0,22.5,10.0,120.0,81077.5691899693,324.31027675987724,20.0
802063,22.5,10.0,122.0,22.5,10.0,122.0,79606.63760755816,318.4265504302327,20.0
802064,22.5,10.0,124.0,22.5,10.0,124.0,78208.23124076791,312.83292496307166,20.0
802065,22.5,10.0,126.0,22.5,10.0,126.0,76871.80228534118,307.48720914136476,20.0
802066,22.5,10.0,128.0,22.5,10.0,128.0,75590.5833547485,302.36233341899396,20.0
802067,22.5,10.0,130.0,22.5,10.0,130.0,74360.38707749684,297.44154830998735,20.0
802068,22.5,10.0,132.0,22.5,10.0,132.0,73178.85024932255,292.7154009972902,20.0
802069,22.5,10.0,134.0,22.5,10.0,134.0,72045.04173074709,288.18016692298835,20.0
802070,22.5,10.0,136.0,22.5,10.0,136.0,70959.396069832,283.837584279328,20.0
802071,22.5,10.0,138.0,22.5,10.0,138.0,69923.91341884345,279.6956536753738,20.0
802072,22.5,10.0,140.0,22.5,10.0,140.0,68942.499104276,275.769996417104,20.0
802073,22.5,10.0,142.0,22.5,10.0,142.0,68021.25051751889,272.0850020700756,20.0
802074,22.5,10.0,144.0,22.5,10.0,144.0,67168.48429272286,268.67393717089146,20.0
802075,22.5,10.0,146.0,22.5,10.0,146.0,66394.35330252929,265.57741321011713,20.0
802076,22.5,10.0,148.0,22.5,10.0,148.0,65710.01271471012,262.84005085884047,20.0
802077,22.5,10.0,150.0,22.5,10.0,150.0,65126.41606580278,260.50566426321114,20.0
802078,22.5,10.0,152.0,22.5,10.0,152.0,64652.915752232286,258.61166300892916,20.0
802079,22.5,10.0,154.0,22.5,10.0,154.0,64295.8846890335,257.183538756134,20.0
802080,22.5,10.0,156.0,22.5,10.0,156.0,64057.565420881234,256.23026168352493,20.0
802081,22.5,10.0,158.0,22.5,10.0,158.0,63935.30321172134,255.74121284688536,20.0
802082,22.5,10.0,160.0,22.5,10.0,160.0,63921.25026281442,255.6850010512577,20.0
802083,22.5,10.0,162.0,22.5,10.0,162.0,64002.557487588885,256.01022995035555,20.0
802084,22.5,10.0,164.0,22.5,10.0,164.0,64162.0109609306,256.6480438437224,20.0
802085,22.5,10.0,166.0,22.5,10.0,166.0,64379.02857287524,257.51611429150097,20.0
802086,22.5,10.0,168.0,22.5,10.0,168.0,64630.90950407518,258.5236380163007,20.0
802087,22.5,10.0,170.0,22.5,10.0,170.0,64894.22237273723,259.57688949094893,20.0
802088,22.5,10.0,172.0,22.5,10.0,172.0,65146.22310693633,260.58489242774533,20.0
802089,22.5,10.0,174.0,22.5,10.0,174.0,65366.20634909003,261.46482539636014,20.0
802090,22.5,10.0,176.0,22.5,10.0,176.0,65536.7106810924,262.1468427243696,20.0
802091,22.5,10.0,178.0,22.5,10.0,178.0,65644.51534580595,262.5780613832238,20.0
802092,22.5,10.0,180.0,22.5,10.0,180.0,65681.38267824188,262.7255307129675,20.0
802093,22.5,12.0,0.0,22.5,12.0,0.0,58352.2697998037,233.4090791992148,20.0
802094,22.5,12.0,2.0,22.5,12.0,2.0,58320.62595378334,233.28250381513337,20.0
802095,22.5,12.0,4.0,22.5,12.0,4.0,58228.20615071966,232.91282460287866,20.0
802096,22.5,12.0,6.0,22.5,12.0,6.0,58082.407347417065,232.32962938966827,20.0
802097,22.5,12.0,8.0,22.5,12.0,8.0,57895.10212963781,231.58040851855125,20.0
802098,22.5,12.0,10.0,22.5,12.0,10.0,57681.973625515464,230.72789450206187,20.0
802099,22.5,12.0,12.0,22.5,12.0,12.0,57461.62257262959,229.84649029051835,20.0
802100,22.5,12.0,14.0,22.5,12.0,14.0,57254.487506152494,229.01795002460997,20.0
802101,22.5,12.0,16.0,22.5,12.0,16.0,57081.63383384035,228.3265353353614,20.0
802102,22.5,12.0,18.0,22.5,12.0,18.0,56963.48312219722,227.85393248878887,20.0
802103,22.5,12.0,20.0,22.5,12.0,20.0,56918.568665455576,227.6742746618223,20.0
802104,22.5,12.0,22.0,22.5,12.0,22.0,56962.414817200886,227.84965926880355,20.0
802105,22.5,12.0,24.0,22.5,12.0,24.0,57106.64221345869,228.42656885383477,20.0
802106,22.5,12.0,26.0,22.5,12.0,26.0,57358.39494559976,229.43357978239902,20.0
802107,22.5,12.0,28.0,22.5,12.0,28.0,57720.16521526434,230.88066086105735,20.0
802108,22.5,12.0,30.0,22.5,12.0,30.0,58190.0537563692,232.76021502547678,20.0
802109,22.5,12.0,32.0,22.5,12.0,32.0,58762.45119348914,235.04980477395657,20.0
802110,22.5,12.0,34.0,22.5,12.0,34.0,59429.06217322424,237.71624869289698,20.0
802111,22.5,12.0,36.0,22.5,12.0,36.0,60180.1319758358,240.7205279033432,20.0
802112,22.5,12.0,38.0,22.5,12.0,38.0,61005.69074834806,244.02276299339226,20.0
802113,22.5,12.0,40.0,22.5,12.0,40.0,61896.62111160236,247.58648444640946,20.0
802114,22.5,12.0,42.0,22.5,12.0,42.0,62845.39278615313,251.3815711446125,20.0
802115,22.5,12.0,44.0,22.5,12.0,44.0,63846.3915098022,255.38556603920878,20.0
802116,22.5,12.0,46.0,22.5,12.0,46.0,64895.87843671988,259.58351374687953,20.0
802117,22.5,12.0,48.0,22.5,12.0,48.0,65991.71434505565,263.9668573802226,20.0
802118,22.5,12.0,50.0,22.5,12.0,50.0,67133.03347223852,268.5321338889541,20.0
802119,22.5,12.0,52.0,22.5,12.0,52.0,68320.0383878791,273.28015355151643,20.0
802120,22.5,12.0,54.0,22.5,12.0,54.0,69554.02809847033,278.2161123938813,20.0
802121,22.5,12.0,56.0,22.5,12.0,56.0,70837.71076545425,283.350843061817,20.0
802122,22.5,12.0,58.0,22.5,12.0,58.0,72175.83223979811,288.70332895919245,20.0
802123,22.5,12.0,60.0,22.5,12.0,60.0,73576.18835234274,294.30475340937096,20.0
802124,22.5,12.0,62.0,22.5,12.0,62.0,75051.17732626015,300.2047093050406,20.0
802125,22.5,12.0,64.0,22.5,12.0,64.0,76620.19109160863,306.4807643664345,20.0
802126,22.5,12.0,66.0,22.5,12.0,66.0,78313.37962861071,313.2535185144429,20.0
802127,22.5,12.0,68.0,22.5,12.0,68.0,80177.75029793778,320.7110011917511,20.0
802128,22.5,12.0,70.0,22.5,12.0,70.0,82287.39542109675,329.149581684387,20.0
802129,22.5,12.0,72.0,22.5,12.0,72.0,84761.3394344432,339.0453577377728,20.0
802130,22.5,12.0,74.0,22.5,12.0,74.0,87796.14407618165,351.1845763047266,20.0
802131,22.5,12.0,76.0,22.5,12.0,76.0,91728.68248257406,366.91472993029623,20.0
802132,22.5,12.0,78.0,22.5,12.0,78.0,97164.36790282176,388.65747161128706,20.0
802133,22.5,12.0,80.0,22.5,12.0,80.0,105256.50499024545,421.0260199609818,20.0
802134,22.5,12.0,82.0,22.5,12.0,82.0,118353.35938868791,473.4134375547516,20.0
802135,22.5,12.0,84.0,22.5,12.0,84.0,141532.063396415,566.12825358566,20.0
802136,22.5,12.0,86.0,22.5,12.0,86.0,185562.71745971806,742.2508698388723,20.0
802137,22.5,12.0,88.0,22.5,12.0,88.0,262960.8014838418,1051.8432059353672,20.0
802138,22.5,12.0,90.0,22.5,12.0,90.0,321752.0862616919,1287.0083450467675,20.0
802139,22.5,12.0,92.0,22.5,12.0,92.0,262960.80148384225,1051.843205935369,20.0
802140,22.5,12.0,94.0,22.5,12.0,94.0,185562.71745971843,742.2508698388738,20.0
802141,22.5,12.0,96.0,22.5,12.0,96.0,141532.06339641524,566.1282535856609,20.0
802142,22.5,12.0,98.0,22.5,12.0,98.0,118353.35938868784,473.41343755475134,20.0
802143,22.5,12.0,100.0,22.5,12.0,100.0,105256.50499024542,421.02601996098167,20.0
802144,22.5,12.0,102.0,22.5,12.0,102.0,97164.36790282176,388.65747161128706,20.0
802145,22.5,12.0,104.0,22.5,12.0,104.0,91728.68248257406,366.91472993029623,20.0
802146,22.5,12.0,106.0,22.5,12.0,106.0,87796.14407618165,351.1845763047266,20.0
802147,22.5,12.0,108.0,22.5,12.0,108.0,84761.33943444323,339.0453577377729,20.0
802148,22.5,12.0,110.0,22.5,12.0,110.0,82287.39542109676,329.14958168438704,20.0
802149,22.5,12.0,112.0,22.5,12.0,112.0,80177.75029793779,320.71100119175117,20.0
802150,22.5,12.0,114.0,22.5,12.0,114.0,78313.37962861072,313.25351851444293,20.0
802151,22.5,12.0,116.0,22.5,12.0,116.0,76620.19109160862,306.48076436643447,20.0
802152,22.5,12.0,118.0,22.5,12.0,118.0,75051.17732626015,300.2047093050406,20.0
802153,22.5,12.0,120.0,22.5,12.0,120.0,73576.18835234274,294.30475340937096,20.0
802154,22.5,12.0,122.0,22.5,12.0,122.0,72175.83223979811,288.70332895919245,20.0
802155,22.5,12.0,124.0,22.5,12.0,124.0,70837.71076545425,283.350843061817,20.0
802156,22.5,12.0,126.0,22.5,12.0,126.0,69554.02809847033,278.2161123938813,20.0
802157,22.5,12.0,128.0,22.5,12.0,128.0,68320.03838787912,273.2801535515165,20.0
802158,22.5,12.0,130.0,22.5,12.0,130.0,67133.03347223852,268.5321338889541,20.0
802159,22.5,12.0,132.0,22.5,12.0,132.0,65991.71434505566,263.9668573802227,20.0
802160,22.5,12.0,134.0,22.5,12.0,134.0,64895.87843671985,259.5835137468794,20.0
802161,22.5,12.0,136.0,22.5,12.0,136.0,63846.39150980222,255.38556603920887,20.0
802162,22.5,12.0,138.0,22.5,12.0,138.0,62845.39278615313,251.3815711446125,20.0
802163,22.5,12.0,140.0,22.5,12.0,140.0,61896.62111160236,247.58648444640946,20.0
802164,22.5,12.0,142.0,22.5,12.0,142.0,61005.69074834806,244.02276299339226,20.0
802165,22.5,12.0,144.0,22.5,12.0,144.0,60180.13197583579,240.72052790334317,20.0
802166,22.5,12.0,146.0,22.5,12.0,146.0,59429.062173224236,237.71624869289695,20.0
802167,22.5,12.0,148.0,22.5,12.0,148.0,58762.45119348915,235.0498047739566,20.0
802168,22.5,12.0,150.0,22.5,12.0,150.0,58190.0537563692,232.7602150254768,20.0
802169,22.5,12.0,152.0,22.5,12.0,152.0,57720.16521526434,230.88066086105735,20.0
802170,22.5,12.0,154.0,22.5,12.0,154.0,57358.39494559975,229.433579782399,20.0
802171,22.5,12.0,156.0,22.5,12.0,156.0,57106.64221345869,228.42656885383477,20.0
802172,22.5,12.0,158.0,22.5,12.0,158.0,56962.414817200886,227.84965926880355,20.0
802173,22.5,12.0,160.0,22.5,12.0,160.0,56918.56866545558,227.67427466182232,20.0
802174,22.5,12.0,162.0,22.5,12.0,162.0,56963.483122197234,227.85393248878896,20.0
802175,22.5,12.0,164.0,22.5,12.0,164.0,57081.633833840344,228.32653533536137,20.0
802176,22.5,12.0,166.0,22.5,12.0,166.0,57254.487506152494,229.01795002460997,20.0
802177,22.5,12.0,168.0,22.5,12.0,168.0,57461.6225726296,229.84649029051843,20.0
802178,22.5,12.0,170.0,22.5,12.0,170.0,57681.973625515464,230.72789450206187,20.0
802179,22.5,12.0,172.0,22.5,12.0,172.0,57895.10212963781,231.58040851855125,20.0
802180,22.5,12.0,174.0,22.5,12.0,174.0,58082.407347417065,232.32962938966827,20.0
802181,22.5,12.0,176.0,22.5,12.0,176.0,58228.20615071966,232.91282460287866,20.0
802182,22.5,12.0,178.0,22.5,12.0,178.0,58320.62595378334,233.28250381513337,20.0
802183,22.5,12.0,180.0,22.5,12.0,180.0,58352.2697998037,233.4090791992148,20.0
802184,22.5,14.0,0.0,22.5,14.0,0.0,51248.44401305864,204.99377605223455,20.0
802185,22.5,14.0,2.0,22.5,14.0,2.0,51221.711041419534,204.88684416567813,20.0
802186,22.5,14.0,4.0,22.5,14.0,4.0,51143.737405161846,204.5749496206474,20.0
802187,22.5,14.0,6.0,22.5,14.0,6.0,51021.07680621871,204.08430722487486,20.0
802188,22.5,14.0,8.0,22.5,14.0,8.0,50864.24951360124,203.45699805440495,20.0
802189,22.5,14.0,10.0,22.5,14.0,10.0,50687.154772318594,202.74861908927437,20.0
802190,22.5,14.0,12.0,22.5,14.0,12.0,50506.28187477316,202.02512749909263,20.0
802191,22.5,14.0,14.0,22.5,14.0,14.0,50339.75604714859,201.35902418859436,20.0
802192,22.5,14.0,16.0,22.5,14.0,16.0,50206.26836348547,200.82507345394188,20.0
802193,22.5,14.0,18.0,22.5,14.0,18.0,50123.95263099747,200.4958105239899,20.0
802194,22.5,14.0,20.0,22.5,14.0,20.0,50109.28520386122,200.43714081544488,20.0
802195,22.5,14.0,22.0,22.5,14.0,22.0,50176.09374673309,200.70437498693235,20.0
802196,22.5,14.0,24.0,22.5,14.0,24.0,50334.765063263236,201.33906025305293,20.0
802197,22.5,14.0,26.0,22.5,14.0,26.0,50591.736731538644,202.36694692615458,20.0
802198,22.5,14.0,28.0,22.5,14.0,28.0,50949.33914820784,203.79735659283136,20.0
802199,22.5,14.0,30.0,22.5,14.0,30.0,51406.02167557922,205.62408670231687,20.0
802200,22.5,14.0,32.0,22.5,14.0,32.0,51956.94966401953,207.82779865607813,20.0
802201,22.5,14.0,34.0,22.5,14.0,34.0,52594.90317661182,210.3796127064473,20.0
802202,22.5,14.0,36.0,22.5,14.0,36.0,53311.35335945198,213.24541343780794,20.0
802203,22.5,14.0,38.0,22.5,14.0,38.0,54097.55302623425,216.390212104937,20.0
802204,22.5,14.0,40.0,22.5,14.0,40.0,54945.46971390062,219.78187885560246,20.0
802205,22.5,14.0,42.0,22.5,14.0,42.0,55848.42290359175,223.39369161436701,20.0
802206,22.5,14.0,44.0,22.5,14.0,44.0,56801.36091845417,227.2054436738167,20.0
802207,22.5,14.0,46.0,22.5,14.0,46.0,57800.809142763865,231.20323657105547,20.0
802208,22.5,14.0,48.0,22.5,14.0,48.0,58844.60778856727,235.3784311542691,20.0
802209,22.5,14.0,50.0,22.5,14.0,50.0,59931.60188902511,239.72640755610044,20.0
802210,22.5,14.0,52.0,22.5,14.0,52.0,61061.43412915576,244.24573651662303,20.0
802211,22.5,14.0,54.0,22.5,14.0,54.0,62234.538456668655,248.93815382667464,20.0
802212,22.5,14.0,56.0,22.5,14.0,56.0,63452.3780968732,253.80951238749282,20.0
802213,22.5,14.0,58.0,22.5,14.0,58.0,64717.95277230855,258.8718110892342,20.0
802214,22.5,14.0,60.0,22.5,14.0,60.0,66036.6307409219,264.14652296368763,20.0
802215,22.5,14.0,62.0,22.5,14.0,62.0,67417.43673349632,269.66974693398527,20.0
802216,22.5,14.0,64.0,22.5,14.0,64.0,68875.04846131126,275.50019384524506,20.0
802217,22.5,14.0,66.0,22.5,14.0,66.0,70432.95571504167,281.7318228601667,20.0
802218,22.5,14.0,68.0,22.5,14.0,68.0,72128.60439614057,288.5144175845623,20.0
802219,22.5,14.0,70.0,22.5,14.0,70.0,74022.07019089919,296.08828076359674,20.0
802220,22.5,14.0,72.0,22.5,14.0,72.0,76211.30036452095,304.8452014580838,20.0
802221,22.5,14.0,74.0,22.5,14.0,74.0,78860.22319143609,315.44089276574437,20.0
802222,22.5,14.0,76.0,22.5,14.0,76.0,82253.58866972734,329.01435467890934,20.0
802223,22.5,14.0,78.0,22.5,14.0,78.0,86911.17515629396,347.64470062517586,20.0
802224,22.5,14.0,80.0,22.5,14.0,80.0,93844.0401705751,375.3761606823004,20.0
802225,22.5,14.0,82.0,22.5,14.0,82.0,105177.61311205837,420.7104524482335,20.0
802226,22.5,14.0,84.0,22.5,14.0,84.0,125769.39249646437,503.07756998585745,20.0
802227,22.5,14.0,86.0,22.5,14.0,86.0,167151.48080017755,668.6059232007102,20.0
802228,22.5,14.0,88.0,22.5,14.0,88.0,248340.49606058697,993.361984242348,20.0
802229,22.5,14.0,90.0,22.5,14.0,90.0,318580.71772038704,1274.3228708815482,20.0
802230,22.5,14.0,92.0,22.5,14.0,92.0,248340.49606058747,993.3619842423499,20.0
802231,22.5,14.0,94.0,22.5,14.0,94.0,167151.48080017796,668.6059232007118,20.0
802232,22.5,14.0,96.0,22.5,14.0,96.0,125769.39249646458,503.07756998585836,20.0
802233,22.5,14.0,98.0,22.5,14.0,98.0,105177.61311205833,420.71045244823335,20.0
802234,22.5,14.0,100.0,22.5,14.0,100.0,93844.04017057508,375.37616068230034,20.0
802235,22.5,14.0,102.0,22.5,14.0,102.0,86911.17515629396,347.64470062517586,20.0
802236,22.5,14.0,104.0,22.5,14.0,104.0,82253.58866972734,329.01435467890934,20.0
802237,22.5,14.0,106.0,22.5,14.0,106.0,78860.22319143609,315.44089276574437,20.0
802238,22.5,14.0,108.0,22.5,14.0,108.0,76211.30036452097,304.84520145808386,20.0
802239,22.5,14.0,110.0,22.5,14.0,110.0,74022.07019089919,296.08828076359674,20.0
802240,22.5,14.0,112.0,22.5,14.0,112.0,72128.6043961406,288.5144175845624,20.0
802241,22.5,14.0,114.0,22.5,14.0,114.0,70432.9557150417,281.7318228601668,20.0
802242,22.5,14.0,116.0,22.5,14.0,116.0,68875.04846131126,275.50019384524506,20.0
802243,22.5,14.0,118.0,22.5,14.0,118.0,67417.4367334963,269.6697469339852,20.0
802244,22.5,14.0,120.0,22.5,14.0,120.0,66036.6307409219,264.14652296368763,20.0
802245,22.5,14.0,122.0,22.5,14.0,122.0,64717.95277230855,258.8718110892342,20.0
802246,22.5,14.0,124.0,22.5,14.0,124.0,63452.3780968732,253.80951238749282,20.0
802247,22.5,14.0,126.0,22.5,14.0,126.0,62234.53845666868,248.93815382667472,20.0
802248,22.5,14.0,128.0,22.5,14.0,128.0,61061.434129155765,244.24573651662305,20.0
802249,22.5,14.0,130.0,22.5,14.0,130.0,59931.601889025136,239.72640755610055,20.0
802250,22.5,14.0,132.0,22.5,14.0,132.0,58844.607788567264,235.37843115426907,20.0
802251,22.5,14.0,134.0,22.5,14.0,134.0,57800.80914276384,231.20323657105538,20.0
802252,22.5,14.0,136.0,22.5,14.0,136.0,56801.36091845418,227.20544367381672,20.0
802253,22.5,14.0,138.0,22.5,14.0,138.0,55848.42290359175,223.39369161436701,20.0
802254,22.5,14.0,140.0,22.5,14.0,140.0,54945.46971390062,219.78187885560246,20.0
802255,22.5,14.0,142.0,22.5,14.0,142.0,54097.55302623425,216.390212104937,20.0
802256,22.5,14.0,144.0,22.5,14.0,144.0,53311.353359451976,213.2454134378079,20.0
802257,22.5,14.0,146.0,22.5,14.0,146.0,52594.90317661181,210.37961270644726,20.0
802258,22.5,14.0,148.0,22.5,14.0,148.0,51956.949664019536,207.82779865607816,20.0
802259,22.5,14.0,150.0,22.5,14.0,150.0,51406.02167557922,205.62408670231687,20.0
802260,22.5,14.0,152.0,22.5,14.0,152.0,50949.33914820784,203.79735659283136,20.0
802261,22.5,14.0,154.0,22.5,14.0,154.0,50591.73673153862,202.3669469261545,20.0
802262,22.5,14.0,156.0,22.5,14.0,156.0,50334.765063263236,201.33906025305293,20.0
802263,22.5,14.0,158.0,22.5,14.0,158.0,50176.09374673309,200.70437498693235,20.0
802264,22.5,14.0,160.0,22.5,14.0,160.0,50109.28520386125,200.437140815445,20.0
802265,22.5,14.0,162.0,22.5,14.0,162.0,50123.952630997475,200.49581052398992,20.0
802266,22.5,14.0,164.0,22.5,14.0,164.0,50206.26836348546,200.82507345394185,20.0
802267,22.5,14.0,166.0,22.5,14.0,166.0,50339.75604714859,201.35902418859436,20.0
802268,22.5,14.0,168.0,22.5,14.0,168.0,50506.28187477318,202.02512749909272,20.0
802269,22.5,14.0,170.0,22.5,14.0,170.0,50687.154772318594,202.74861908927437,20.0
802270,22.5,14.0,172.0,22.5,14.0,172.0,50864.24951360124,203.45699805440495,20.0
802271,22.5,14.0,174.0,22.5,14.0,174.0,51021.07680621871,204.08430722487486,20.0
802272,22.5,14.0,176.0,22.5,14.0,176.0,51143.737405161846,204.5749496206474,20.0
802273,22.5,14.0,178.0,22.5,14.0,178.0,51221.711041419534,204.88684416567813,20.0
802274,22.5,14.0,180.0,22.5,14.0,180.0,51248.44401305864,204.99377605223455,20.0
802275,22.5,16.0,0.0,22.5,16.0,0.0,44369.9053180067,177.4796212720268,20.0
802276,22.5,16.0,2.0,22.5,16.0,2.0,44347.800870081206,177.39120348032483,20.0
802277,22.5,16.0,4.0,22.5,16.0,4.0,44283.425182498395,177.1337007299936,20.0
802278,22.5,16.0,6.0,22.5,16.0,6.0,44182.48522848575,176.72994091394298,20.0
802279,22.5,16.0,8.0,22.5,16.0,8.0,44054.14325321263,176.21657301285052,20.0
802280,22.5,16.0,10.0,22.5,16.0,10.0,43910.506804958975,175.6420272198359,20.0
802281,22.5,16.0,12.0,22.5,16.0,12.0,43765.9439938409,175.0637759753636,20.0
802282,22.5,16.0,14.0,22.5,16.0,14.0,43636.25532125873,174.54502128503492,20.0
802283,22.5,16.0,16.0,22.5,16.0,16.0,43537.74474675029,174.15097898700117,20.0
802284,22.5,16.0,18.0,22.5,16.0,18.0,43486.24456355784,173.94497825423136,20.0
802285,22.5,16.0,20.0,22.5,16.0,20.0,43496.159935634445,173.98463974253778,20.0
802286,22.5,16.0,22.0,22.5,16.0,22.0,43579.60766990427,174.31843067961708,20.0
802287,22.5,16.0,24.0,22.5,16.0,24.0,43745.72733768034,174.98290935072137,20.0
802288,22.5,16.0,26.0,22.5,16.0,26.0,44000.23818372646,176.00095273490587,20.0
802289,22.5,16.0,28.0,22.5,16.0,28.0,44345.29950774244,177.38119803096978,20.0
802290,22.5,16.0,30.0,22.5,16.0,30.0,44779.7036354192,179.1188145416768,20.0
802291,22.5,16.0,32.0,22.5,16.0,32.0,45299.38986784792,181.19755947139168,20.0
802292,22.5,16.0,34.0,22.5,16.0,34.0,45898.21923951548,183.5928769580619,20.0
802293,22.5,16.0,36.0,22.5,16.0,36.0,46568.90227665914,186.27560910663655,20.0
802294,22.5,16.0,38.0,22.5,16.0,38.0,47303.93776397313,189.21575105589253,20.0
802295,22.5,16.0,40.0,22.5,16.0,40.0,48096.41329305093,192.38565317220372,20.0
802296,22.5,16.0,42.0,22.5,16.0,42.0,48940.547350762994,195.762189403052,20.0
802297,22.5,16.0,44.0,22.5,16.0,44.0,49831.91671825803,199.32766687303211,20.0
802298,22.5,16.0,46.0,22.5,16.0,46.0,50767.39631158829,203.06958524635314,20.0
802299,22.5,16.0,48.0,22.5,16.0,48.0,51744.91364258631,206.97965457034525,20.0
802300,22.5,16.0,50.0,22.5,16.0,50.0,52763.15852793694,211.05263411174775,20.0
802301,22.5,16.0,52.0,22.5,16.0,52.0,53821.37800401347,215.2855120160539,20.0
802302,22.5,16.0,54.0,22.5,16.0,54.0,54919.34037341712,219.67736149366849,20.0
802303,22.5,16.0,56.0,22.5,16.0,56.0,56057.50461692194,224.23001846768778,20.0
802304,22.5,16.0,58.0,22.5,16.0,58.0,57237.41412726898,228.94965650907594,20.0
802305,22.5,16.0,60.0,22.5,16.0,60.0,58462.3588731449,233.8494354925796,20.0
802306,22.5,16.0,62.0,22.5,16.0,62.0,59738.412935001026,238.95365174000412,20.0
802307,22.5,16.0,64.0,22.5,16.0,64.0,61076.05544130705,244.3042217652282,20.0
802308,22.5,16.0,66.0,22.5,16.0,66.0,62492.750318807426,249.9710012752297,20.0
802309,22.5,16.0,68.0,22.5,16.0,68.0,64017.167897815285,256.06867159126114,20.0
802310,22.5,16.0,70.0,22.5,16.0,70.0,65696.33956169806,262.7853582467922,20.0
802311,22.5,16.0,72.0,22.5,16.0,72.0,67608.30765859762,270.4332306343905,20.0
802312,22.5,16.0,74.0,22.5,16.0,74.0,69885.64702618687,279.5425881047475,20.0
802313,22.5,16.0,76.0,22.5,16.0,76.0,72761.88846835092,291.04755387340373,20.0
802314,22.5,16.0,78.0,22.5,16.0,78.0,76669.84514658904,306.67938058635616,20.0
802315,22.5,16.0,80.0,22.5,16.0,80.0,82468.01105811767,329.87204423247067,20.0
802316,22.5,16.0,82.0,22.5,16.0,82.0,92014.86957538848,368.05947830155395,20.0
802317,22.5,16.0,84.0,22.5,16.0,84.0,109780.28206366677,439.1211282546671,20.0
802318,22.5,16.0,86.0,22.5,16.0,86.0,147541.458417742,590.165833670968,20.0
802319,22.5,16.0,88.0,22.5,16.0,88.0,231183.36539959954,924.7334615983982,20.0
802320,22.5,16.0,90.0,22.5,16.0,90.0,316098.4612242378,1264.3938448969514,20.0
802321,22.5,16.0,92.0,22.5,16.0,92.0,231183.36539960012,924.7334615984005,20.0
802322,22.5,16.0,94.0,22.5,16.0,94.0,147541.45841774237,590.1658336709695,20.0
802323,22.5,16.0,96.0,22.5,16.0,96.0,109780.28206366696,439.12112825466784,20.0
802324,22.5,16.0,98.0,22.5,16.0,98.0,92014.86957538844,368.0594783015538,20.0
802325,22.5,16.0,100.0,22.5,16.0,100.0,82468.01105811764,329.87204423247056,20.0
802326,22.5,16.0,102.0,22.5,16.0,102.0,76669.84514658904,306.67938058635616,20.0
802327,22.5,16.0,104.0,22.5,16.0,104.0,72761.88846835092,291.04755387340373,20.0
802328,22.5,16.0,106.0,22.5,16.0,106.0,69885.64702618687,279.5425881047475,20.0
802329,22.5,16.0,108.0,22.5,16.0,108.0,67608.30765859762,270.4332306343905,20.0
802330,22.5,16.0,110.0,22.5,16.0,110.0,65696.33956169806,262.7853582467922,20.0
802331,22.5,16.0,112.0,22.5,16.0,112.0,64017.167897815285,256.06867159126114,20.0
802332,22.5,16.0,114.0,22.5,16.0,114.0,62492.75031880743,249.97100127522972,20.0
802333,22.5,16.0,116.0,22.5,16.0,116.0,61076.05544130704,244.30422176522816,20.0
802334,22.5,16.0,118.0,22.5,16.0,118.0,59738.41293500101,238.95365174000406,20.0
802335,22.5,16.0,120.0,22.5,16.0,120.0,58462.3588731449,233.8494354925796,20.0
802336,22.5,16.0,122.0,22.5,16.0,122.0,57237.41412726898,228.94965650907594,20.0
802337,22.5,16.0,124.0,22.5,16.0,124.0,56057.50461692194,224.23001846768778,20.0
802338,22.5,16.0,126.0,22.5,16.0,126.0,54919.34037341713,219.6773614936685,20.0
802339,22.5,16.0,128.0,22.5,16.0,128.0,53821.378004013495,215.28551201605399,20.0
802340,22.5,16.0,130.0,22.5,16.0,130.0,52763.15852793695,211.05263411174778,20.0
802341,22.5,16.0,132.0,22.5,16.0,132.0,51744.91364258631,206.97965457034525,20.0
802342,22.5,16.0,134.0,22.5,16.0,134.0,50767.39631158828,203.0695852463531,20.0
802343,22.5,16.0,136.0,22.5,16.0,136.0,49831.91671825803,199.32766687303211,20.0
802344,22.5,16.0,138.0,22.5,16.0,138.0,48940.547350762994,195.762189403052,20.0
802345,22.5,16.0,140.0,22.5,16.0,140.0,48096.41329305093,192.38565317220372,20.0
802346,22.5,16.0,142.0,22.5,16.0,142.0,47303.93776397313,189.21575105589253,20.0
802347,22.5,16.0,144.0,22.5,16.0,144.0,46568.90227665914,186.27560910663655,20.0
802348,22.5,16.0,146.0,22.5,16.0,146.0,45898.21923951548,183.5928769580619,20.0
802349,22.5,16.0,148.0,22.5,16.0,148.0,45299.38986784792,181.19755947139168,20.0
802350,22.5,16.0,150.0,22.5,16.0,150.0,44779.70363541921,179.11881454167684,20.0
802351,22.5,16.0,152.0,22.5,16.0,152.0,44345.29950774244,177.38119803096978,20.0
802352,22.5,16.0,154.0,22.5,16.0,154.0,44000.23818372646,176.00095273490584,20.0
802353,22.5,16.0,156.0,22.5,16.0,156.0,43745.72733768034,174.98290935072137,20.0
802354,22.5,16.0,158.0,22.5,16.0,158.0,43579.60766990427,174.31843067961708,20.0
802355,22.5,16.0,160.0,22.5,16.0,160.0,43496.15993563445,173.9846397425378,20.0
802356,22.5,16.0,162.0,22.5,16.0,162.0,43486.24456355786,173.94497825423144,20.0
802357,22.5,16.0,164.0,22.5,16.0,164.0,43537.74474675029,174.15097898700117,20.0
802358,22.5,16.0,166.0,22.5,16.0,166.0,43636.25532125873,174.54502128503492,20.0
802359,22.5,16.0,168.0,22.5,16.0,168.0,43765.94399384091,175.06377597536365,20.0
802360,22.5,16.0,170.0,22.5,16.0,170.0,43910.506804958975,175.6420272198359,20.0
802361,22.5,16.0,172.0,22.5,16.0,172.0,44054.14325321263,176.21657301285052,20.0
802362,22.5,16.0,174.0,22.5,16.0,174.0,44182.48522848575,176.72994091394298,20.0
802363,22.5,16.0,176.0,22.5,16.0,176.0,44283.425182498395,177.1337007299936,20.0
802364,22.5,16.0,178.0,22.5,16.0,178.0,44347.800870081206,177.39120348032483,20.0
802365,22.5,16.0,180.0,22.5,16.0,180.0,44369.9053180067,177.4796212720268,20.0
802366,22.5,17.0,0.0,22.5,17.0,0.0,41015.11862986565,164.0604745194626,20.0
802367,22.5,17.0,2.0,22.5,17.0,2.0,40995.23181380729,163.98092725522915,20.0
802368,22.5,17.0,4.0,22.5,17.0,4.0,40937.36469247283,163.74945876989133,20.0
802369,22.5,17.0,6.0,22.5,17.0,6.0,40846.79932780322,163.3871973112129,20.0
802370,22.5,17.0,8.0,22.5,17.0,8.0,40732.01639990993,162.92806559963972,20.0
802371,22.5,17.0,10.0,22.5,17.0,10.0,40604.22408816025,162.416896352641,20.0
802372,22.5,17.0,12.0,22.5,17.0,12.0,40476.72548021183,161.90690192084733,20.0
802373,22.5,17.0,14.0,22.5,17.0,14.0,40364.15344983406,161.45661379933625,20.0
802374,22.5,17.0,16.0,22.5,17.0,16.0,40281.6124002317,161.1264496009268,20.0
802375,22.5,17.0,18.0,22.5,17.0,18.0,40243.777261787895,160.9751090471516,20.0
802376,22.5,17.0,20.0,22.5,17.0,20.0,40264.01054912409,161.05604219649638,20.0
802377,22.5,17.0,22.0,22.5,17.0,22.0,40353.566332678,161.414265330712,20.0
802378,22.5,17.0,24.0,22.5,17.0,24.0,40520.95324377965,162.0838129751186,20.0
802379,22.5,17.0,26.0,22.5,17.0,26.0,40771.524306355255,163.086097225421,20.0
802380,22.5,17.0,28.0,22.5,17.0,28.0,41107.34682845286,164.42938731381145,20.0
802381,22.5,17.0,30.0,22.5,17.0,30.0,41527.37918950904,166.10951675803616,20.0
802382,22.5,17.0,32.0,22.5,17.0,32.0,42027.943728054604,168.1117749122184,20.0
802383,22.5,17.0,34.0,22.5,17.0,34.0,42603.440069650525,170.4137602786021,20.0
802384,22.5,17.0,36.0,22.5,17.0,36.0,43247.19921912583,172.98879687650333,20.0
802385,22.5,17.0,38.0,22.5,17.0,38.0,43952.347153103394,175.80938861241358,20.0
802386,22.5,17.0,40.0,22.5,17.0,40.0,44712.53995329433,178.8501598131773,20.0
802387,22.5,17.0,42.0,22.5,17.0,42.0,45522.45928061567,182.08983712246268,20.0
802388,22.5,17.0,44.0,22.5,17.0,44.0,46378.01610256324,185.51206441025298,20.0
802389,22.5,17.0,46.0,22.5,17.0,46.0,47276.28756478099,189.10515025912397,20.0
802390,22.5,17.0,48.0,22.5,17.0,48.0,48215.28118652086,192.86112474608342,20.0
802391,22.5,17.0,50.0,22.5,17.0,50.0,49193.65602131878,196.77462408527512,20.0
802392,22.5,17.0,52.0,22.5,17.0,52.0,50210.52047639077,200.84208190556308,20.0
802393,22.5,17.0,54.0,22.5,17.0,54.0,51265.38380863577,205.0615352345431,20.0
802394,22.5,17.0,56.0,22.5,17.0,56.0,52358.293995495325,209.4331759819813,20.0
802395,22.5,17.0,58.0,22.5,17.0,58.0,53490.17826580055,213.96071306320218,20.0
802396,22.5,17.0,60.0,22.5,17.0,60.0,54663.42503348106,218.65370013392422,20.0
802397,22.5,17.0,62.0,22.5,17.0,62.0,55882.802691347424,223.5312107653897,20.0
802398,22.5,17.0,64.0,22.5,17.0,64.0,57156.901826737856,228.62760730695143,20.0
802399,22.5,17.0,66.0,22.5,17.0,66.0,58500.4381378929,234.00175255157163,20.0
802400,22.5,17.0,68.0,22.5,17.0,68.0,59938.030801929795,239.7521232077192,20.0
802401,22.5,17.0,70.0,22.5,17.0,70.0,61510.62148048743,246.04248592194975,20.0
802402,22.5,17.0,72.0,22.5,17.0,72.0,63286.85502219183,253.14742008876732,20.0
802403,22.5,17.0,74.0,22.5,17.0,74.0,65384.318197901535,261.53727279160614,20.0
802404,22.5,17.0,76.0,22.5,17.0,76.0,68011.67405001141,272.04669620004563,20.0
802405,22.5,17.0,78.0,22.5,17.0,78.0,71558.58206897952,286.2343282759181,20.0
802406,22.5,17.0,80.0,22.5,17.0,80.0,76805.15978219225,307.220639128769,20.0
802407,22.5,17.0,82.0,22.5,17.0,82.0,85463.51653383403,341.85406613533615,20.0
802408,22.5,17.0,84.0,22.5,17.0,84.0,101750.5818488941,407.0023273955764,20.0
802409,22.5,17.0,86.0,22.5,17.0,86.0,137335.31338502895,549.3412535401158,20.0
802410,22.5,17.0,88.0,22.5,17.0,88.0,221441.36949441297,885.7654779776519,20.0
802411,22.5,17.0,90.0,22.5,17.0,90.0,315238.3570307849,1260.9534281231395,20.0
802412,22.5,17.0,92.0,22.5,17.0,92.0,221441.36949441355,885.7654779776542,20.0
802413,22.5,17.0,94.0,22.5,17.0,94.0,137335.31338502927,549.3412535401171,20.0
802414,22.5,17.0,96.0,22.5,17.0,96.0,101750.58184889426,407.002327395577,20.0
802415,22.5,17.0,98.0,22.5,17.0,98.0,85463.516533834,341.85406613533604,20.0
802416,22.5,17.0,100.0,22.5,17.0,100.0,76805.15978219223,307.22063912876894,20.0
802417,22.5,17.0,102.0,22.5,17.0,102.0,71558.58206897952,286.2343282759181,20.0
802418,22.5,17.0,104.0,22.5,17.0,104.0,68011.67405001141,272.04669620004563,20.0
802419,22.5,17.0,106.0,22.5,17.0,106.0,65384.31819790155,261.5372727916062,20.0
802420,22.5,17.0,108.0,22.5,17.0,108.0,63286.855022191834,253.14742008876735,20.0
802421,22.5,17.0,110.0,22.5,17.0,110.0,61510.62148048744,246.04248592194978,20.0
802422,22.5,17.0,112.0,22.5,17.0,112.0,59938.0308019298,239.75212320771922,20.0
802423,22.5,17.0,114.0,22.5,17.0,114.0,58500.43813789291,234.00175255157166,20.0
802424,22.5,17.0,116.0,22.5,17.0,116.0,57156.901826737856,228.62760730695143,20.0
802425,22.5,17.0,118.0,22.5,17.0,118.0,55882.802691347424,223.5312107653897,20.0
802426,22.5,17.0,120.0,22.5,17.0,120.0,54663.42503348106,218.65370013392422,20.0
802427,22.5,17.0,122.0,22.5,17.0,122.0,53490.17826580055,213.96071306320218,20.0
802428,22.5,17.0,124.0,22.5,17.0,124.0,52358.293995495325,209.4331759819813,20.0
802429,22.5,17.0,126.0,22.5,17.0,126.0,51265.38380863577,205.0615352345431,20.0
802430,22.5,17.0,128.0,22.5,17.0,128.0,50210.5204763908,200.8420819055632,20.0
802431,22.5,17.0,130.0,22.5,17.0,130.0,49193.65602131879,196.77462408527518,20.0
802432,22.5,17.0,132.0,22.5,17.0,132.0,48215.28118652085,192.8611247460834,20.0
802433,22.5,17.0,134.0,22.5,17.0,134.0,47276.287564780985,189.10515025912395,20.0
802434,22.5,17.0,136.0,22.5,17.0,136.0,46378.01610256325,185.512064410253,20.0
802435,22.5,17.0,138.0,22.5,17.0,138.0,45522.45928061567,182.08983712246268,20.0
802436,22.5,17.0,140.0,22.5,17.0,140.0,44712.53995329433,178.8501598131773,20.0
802437,22.5,17.0,142.0,22.5,17.0,142.0,43952.347153103394,175.80938861241358,20.0
802438,22.5,17.0,144.0,22.5,17.0,144.0,43247.199219125825,172.9887968765033,20.0
802439,22.5,17.0,146.0,22.5,17.0,146.0,42603.44006965052,170.41376027860207,20.0
802440,22.5,17.0,148.0,22.5,17.0,148.0,42027.94372805461,168.11177491221846,20.0
802441,22.5,17.0,150.0,22.5,17.0,150.0,41527.37918950905,166.1095167580362,20.0
802442,22.5,17.0,152.0,22.5,17.0,152.0,41107.34682845286,164.42938731381145,20.0
802443,22.5,17.0,154.0,22.5,17.0,154.0,40771.52430635524,163.08609722542096,20.0
802444,22.5,17.0,156.0,22.5,17.0,156.0,40520.95324377965,162.0838129751186,20.0
802445,22.5,17.0,158.0,22.5,17.0,158.0,40353.566332678,161.414265330712,20.0
802446,22.5,17.0,160.0,22.5,17.0,160.0,40264.0105491241,161.0560421964964,20.0
802447,22.5,17.0,162.0,22.5,17.0,162.0,40243.77726178791,160.97510904715165,20.0
802448,22.5,17.0,164.0,22.5,17.0,164.0,40281.612400231694,161.12644960092678,20.0
802449,22.5,17.0,166.0,22.5,17.0,166.0,40364.15344983406,161.45661379933625,20.0
802450,22.5,17.0,168.0,22.5,17.0,168.0,40476.72548021184,161.90690192084736,20.0
802451,22.5,17.0,170.0,22.5,17.0,170.0,40604.22408816025,162.416896352641,20.0
802452,22.5,17.0,172.0,22.5,17.0,172.0,40732.01639990993,162.92806559963972,20.0
802453,22.5,17.0,174.0,22.5,17.0,174.0,40846.79932780322,163.3871973112129,20.0
802454,22.5,17.0,176.0,22.5,17.0,176.0,40937.36469247283,163.74945876989133,20.0
802455,22.5,17.0,178.0,22.5,17.0,178.0,40995.23181380729,163.98092725522915,20.0
802456,22.5,17.0,180.0,22.5,17.0,180.0,41015.11862986565,164.0604745194626,20.0
802457,22.5,18.0,0.0,22.5,18.0,0.0,37716.65371464788,150.86661485859153,20.0
802458,22.5,18.0,2.0,22.5,18.0,2.0,37698.924950783396,150.79569980313357,20.0
802459,22.5,18.0,4.0,22.5,18.0,4.0,37647.38727478284,150.58954909913137,20.0
802460,22.5,18.0,6.0,22.5,18.0,6.0,37566.896695545096,150.2675867821804,20.0
802461,22.5,18.0,8.0,22.5,18.0,8.0,37465.250438524934,149.86100175409973,20.0
802462,22.5,18.0,10.0,22.5,18.0,10.0,37352.75469753969,149.41101879015878,20.0
802463,22.5,18.0,12.0,22.5,18.0,12.0,37241.64422487859,148.96657689951437,20.0
802464,22.5,18.0,14.0,22.5,18.0,14.0,37145.38029988931,148.58152119955724,20.0
802465,22.5,18.0,16.0,22.5,18.0,16.0,37077.86320496243,148.3114528198497,20.0
802466,22.5,18.0,18.0,22.5,18.0,18.0,37052.6054181425,148.21042167257,20.0
802467,22.5,18.0,20.0,22.5,18.0,20.0,37081.921282686046,148.3276851307442,20.0
802468,22.5,18.0,22.0,22.5,18.0,22.0,37176.196293971996,148.704785175888,20.0
802469,22.5,18.0,24.0,22.5,18.0,24.0,37343.30213221323,149.37320852885293,20.0
802470,22.5,18.0,26.0,22.5,18.0,26.0,37588.2195937085,150.352878374834,20.0
802471,22.5,18.0,28.0,22.5,18.0,28.0,37912.918207769835,151.65167283107934,20.0
802472,22.5,18.0,30.0,22.5,18.0,30.0,38316.51710007401,153.26606840029604,20.0
802473,22.5,18.0,32.0,22.5,18.0,32.0,38795.71712959628,155.18286851838513,20.0
802474,22.5,18.0,34.0,22.5,18.0,34.0,39345.45315546803,157.38181262187211,20.0
802475,22.5,18.0,36.0,22.5,18.0,36.0,39959.67489753644,159.83869959014575,20.0
802476,22.5,18.0,38.0,22.5,18.0,38.0,40632.135862458235,162.52854344983294,20.0
802477,22.5,18.0,40.0,22.5,18.0,40.0,41357.06365134513,165.42825460538054,20.0
802478,22.5,18.0,42.0,22.5,18.0,42.0,42129.6095002745,168.518438001098,20.0
802479,22.5,18.0,44.0,22.5,18.0,44.0,42946.02911897422,171.7841164758969,20.0
802480,22.5,18.0,46.0,22.5,18.0,46.0,43803.61749285738,175.21446997142954,20.0
802481,22.5,18.0,48.0,22.5,18.0,48.0,44700.48384911249,178.80193539644998,20.0
802482,22.5,18.0,50.0,22.5,18.0,50.0,45635.285471311065,182.54114188524426,20.0
802483,22.5,18.0,52.0,22.5,18.0,52.0,46607.029838285234,186.42811935314094,20.0
802484,22.5,18.0,54.0,22.5,18.0,54.0,47615.0152707038,190.4600610828152,20.0
802485,22.5,18.0,56.0,22.5,18.0,56.0,48658.93936580544,194.63575746322175,20.0
802486,22.5,18.0,58.0,22.5,18.0,58.0,49739.18902184255,198.9567560873702,20.0
802487,22.5,18.0,60.0,22.5,18.0,60.0,50857.345727287604,203.42938290915043,20.0
802488,22.5,18.0,62.0,22.5,18.0,62.0,52016.990554987235,208.06796221994895,20.0
802489,22.5,18.0,64.0,22.5,18.0,64.0,53224.97467978945,212.8998987191578,20.0
802490,22.5,18.0,66.0,22.5,18.0,66.0,54493.455654965685,217.97382261986274,20.0
802491,22.5,18.0,68.0,22.5,18.0,68.0,55843.24746258356,223.37298985033425,20.0
802492,22.5,18.0,70.0,22.5,18.0,70.0,57309.525418560304,229.23810167424122,20.0
802493,22.5,18.0,72.0,22.5,18.0,72.0,58951.966938006735,235.80786775202694,20.0
802494,22.5,18.0,74.0,22.5,18.0,74.0,60873.73955719764,243.49495822879055,20.0
802495,22.5,18.0,76.0,22.5,18.0,76.0,63259.34855879564,253.03739423518255,20.0
802496,22.5,18.0,78.0,22.5,18.0,78.0,66455.97490069052,265.8238996027621,20.0
802497,22.5,18.0,80.0,22.5,18.0,80.0,71164.99360457754,284.6599744183102,20.0
802498,22.5,18.0,82.0,22.5,18.0,82.0,78945.91172190465,315.7836468876186,20.0
802499,22.5,18.0,84.0,22.5,18.0,84.0,93727.49685024745,374.9099874009898,20.0
802500,22.5,18.0,86.0,22.5,18.0,86.0,126903.26407189695,507.6130562875878,20.0
802501,22.5,18.0,88.0,22.5,18.0,88.0,210794.983761151,843.179935044604,20.0
802502,22.5,18.0,90.0,22.5,18.0,90.0,314728.6162142321,1258.9144648569286,20.0
802503,22.5,18.0,92.0,22.5,18.0,92.0,210794.98376115158,843.1799350446064,20.0
802504,22.5,18.0,94.0,22.5,18.0,94.0,126903.2640718973,507.6130562875892,20.0
802505,22.5,18.0,96.0,22.5,18.0,96.0,93727.49685024758,374.90998740099036,20.0
802506,22.5,18.0,98.0,22.5,18.0,98.0,78945.91172190462,315.7836468876185,20.0
802507,22.5,18.0,100.0,22.5,18.0,100.0,71164.99360457752,284.6599744183101,20.0
802508,22.5,18.0,102.0,22.5,18.0,102.0,66455.97490069052,265.8238996027621,20.0
802509,22.5,18.0,104.0,22.5,18.0,104.0,63259.34855879564,253.03739423518255,20.0
802510,22.5,18.0,106.0,22.5,18.0,106.0,60873.73955719764,243.49495822879055,20.0
802511,22.5,18.0,108.0,22.5,18.0,108.0,58951.966938006735,235.80786775202694,20.0
802512,22.5,18.0,110.0,22.5,18.0,110.0,57309.52541856029,229.23810167424116,20.0
802513,22.5,18.0,112.0,22.5,18.0,112.0,55843.24746258357,223.37298985033428,20.0
802514,22.5,18.0,114.0,22.5,18.0,114.0,54493.455654965685,217.97382261986274,20.0
802515,22.5,18.0,116.0,22.5,18.0,116.0,53224.97467978945,212.8998987191578,20.0
802516,22.5,18.0,118.0,22.5,18.0,118.0,52016.99055498722,208.0679622199489,20.0
802517,22.5,18.0,120.0,22.5,18.0,120.0,50857.345727287604,203.42938290915043,20.0
802518,22.5,18.0,122.0,22.5,18.0,122.0,49739.18902184255,198.9567560873702,20.0
802519,22.5,18.0,124.0,22.5,18.0,124.0,48658.93936580544,194.63575746322175,20.0
802520,22.5,18.0,126.0,22.5,18.0,126.0,47615.015270703814,190.46006108281526,20.0
802521,22.5,18.0,128.0,22.5,18.0,128.0,46607.02983828525,186.428119353141,20.0
802522,22.5,18.0,130.0,22.5,18.0,130.0,45635.285471311065,182.54114188524426,20.0
802523,22.5,18.0,132.0,22.5,18.0,132.0,44700.48384911249,178.80193539644998,20.0
802524,22.5,18.0,134.0,22.5,18.0,134.0,43803.61749285738,175.21446997142954,20.0
802525,22.5,18.0,136.0,22.5,18.0,136.0,42946.02911897423,171.78411647589692,20.0
802526,22.5,18.0,138.0,22.5,18.0,138.0,42129.6095002745,168.518438001098,20.0
802527,22.5,18.0,140.0,22.5,18.0,140.0,41357.06365134513,165.42825460538054,20.0
802528,22.5,18.0,142.0,22.5,18.0,142.0,40632.135862458235,162.52854344983294,20.0
802529,22.5,18.0,144.0,22.5,18.0,144.0,39959.67489753644,159.83869959014575,20.0
802530,22.5,18.0,146.0,22.5,18.0,146.0,39345.45315546802,157.3818126218721,20.0
802531,22.5,18.0,148.0,22.5,18.0,148.0,38795.71712959629,155.18286851838516,20.0
802532,22.5,18.0,150.0,22.5,18.0,150.0,38316.517100074016,153.26606840029606,20.0
802533,22.5,18.0,152.0,22.5,18.0,152.0,37912.918207769835,151.65167283107934,20.0
802534,22.5,18.0,154.0,22.5,18.0,154.0,37588.21959370849,150.35287837483398,20.0
802535,22.5,18.0,156.0,22.5,18.0,156.0,37343.30213221323,149.37320852885293,20.0
802536,22.5,18.0,158.0,22.5,18.0,158.0,37176.196293971996,148.704785175888,20.0
802537,22.5,18.0,160.0,22.5,18.0,160.0,37081.92128268606,148.32768513074424,20.0
802538,22.5,18.0,162.0,22.5,18.0,162.0,37052.605418142506,148.21042167257002,20.0
802539,22.5,18.0,164.0,22.5,18.0,164.0,37077.86320496243,148.3114528198497,20.0
802540,22.5,18.0,166.0,22.5,18.0,166.0,37145.38029988931,148.58152119955724,20.0
802541,22.5,18.0,168.0,22.5,18.0,168.0,37241.6442248786,148.9665768995144,20.0
802542,22.5,18.0,170.0,22.5,18.0,170.0,37352.75469753969,149.41101879015878,20.0
802543,22.5,18.0,172.0,22.5,18.0,172.0,37465.250438524934,149.86100175409973,20.0
802544,22.5,18.0,174.0,22.5,18.0,174.0,37566.896695545096,150.2675867821804,20.0
802545,22.5,18.0,176.0,22.5,18.0,176.0,37647.38727478284,150.58954909913137,20.0
802546,22.5,18.0,178.0,22.5,18.0,178.0,37698.924950783396,150.79569980313357,20.0
802547,22.5,18.0,180.0,22.5,18.0,180.0,37716.65371464788,150.86661485859153,20.0
802548,25.0,8.0,0.0,25.0,8.0,0.0,69288.33285141447,277.15333140565787,20.0
802549,25.0,8.0,2.0,25.0,8.0,2.0,69238.5593085567,276.9542372342268,20.0
802550,25.0,8.0,4.0,25.0,8.0,4.0,69093.02359400531,276.37209437602127,20.0
802551,25.0,8.0,6.0,25.0,8.0,6.0,68862.83031832246,275.45132127328986,20.0
802552,25.0,8.0,8.0,25.0,8.0,8.0,68565.6674310362,274.2626697241448,20.0
802553,25.0,8.0,10.0,25.0,8.0,10.0,68224.62591639224,272.89850366556897,20.0
802554,25.0,8.0,12.0,25.0,8.0,12.0,67866.64637490454,271.46658549961813,20.0
802555,25.0,8.0,14.0,25.0,8.0,14.0,67520.69175399703,270.0827670159881,20.0
802556,25.0,8.0,16.0,25.0,8.0,16.0,67215.77245141655,268.86308980566616,20.0
802557,25.0,8.0,18.0,25.0,8.0,18.0,66978.97299174612,267.9158919669845,20.0
802558,25.0,8.0,20.0,25.0,8.0,20.0,66833.64471584602,267.3345788633841,20.0
802559,25.0,8.0,22.0,25.0,8.0,22.0,66797.93165161398,267.1917266064559,20.0
802560,25.0,8.0,24.0,25.0,8.0,24.0,66883.78181204335,267.5351272481734,20.0
802561,25.0,8.0,26.0,25.0,8.0,26.0,67096.559291314,268.386237165256,20.0
802562,25.0,8.0,28.0,25.0,8.0,28.0,67435.31200151793,269.7412480060717,20.0
802563,25.0,8.0,30.0,25.0,8.0,30.0,67893.66871656087,271.5746748662435,20.0
802564,25.0,8.0,32.0,25.0,8.0,32.0,68461.24684048007,273.8449873619203,20.0
802565,25.0,8.0,34.0,25.0,8.0,34.0,69125.3657694139,276.5014630776556,20.0
802566,25.0,8.0,36.0,25.0,8.0,36.0,69872.80197726235,279.4912079090494,20.0
802567,25.0,8.0,38.0,25.0,8.0,38.0,70691.31309807146,282.76525239228584,20.0
802568,25.0,8.0,40.0,25.0,8.0,40.0,71570.71268501703,286.2828507400681,20.0
802569,25.0,8.0,42.0,25.0,8.0,42.0,72503.3902458628,290.0135609834512,20.0
802570,25.0,8.0,44.0,25.0,8.0,44.0,73484.31462060142,293.9372584824057,20.0
802571,25.0,8.0,46.0,25.0,8.0,46.0,74510.68690861718,298.0427476344687,20.0
802572,25.0,8.0,48.0,25.0,8.0,48.0,75581.47638516861,302.32590554067446,20.0
802573,25.0,8.0,50.0,25.0,8.0,50.0,76697.05856359804,306.78823425439214,20.0
802574,25.0,8.0,52.0,25.0,8.0,52.0,77859.09859836267,311.4363943934507,20.0
802575,25.0,8.0,54.0,25.0,8.0,54.0,79070.73684888345,316.28294739553377,20.0
802576,25.0,8.0,56.0,25.0,8.0,56.0,80337.08765312472,321.3483506124989,20.0
802577,25.0,8.0,58.0,25.0,8.0,58.0,81666.07830475857,326.6643132190343,20.0
802578,25.0,8.0,60.0,25.0,8.0,60.0,83069.72346554308,332.2788938621723,20.0
802579,25.0,8.0,62.0,25.0,8.0,62.0,84566.03850915382,338.2641540366153,20.0
802580,25.0,8.0,64.0,25.0,8.0,64.0,86181.95761961129,344.7278304784452,20.0
802581,25.0,8.0,66.0,25.0,8.0,66.0,87957.89413003113,351.83157652012454,20.0
802582,25.0,8.0,68.0,25.0,8.0,68.0,89955.07644836577,359.8203057934631,20.0
802583,25.0,8.0,70.0,25.0,8.0,70.0,92267.74522038133,369.0709808815253,20.0
802584,25.0,8.0,72.0,25.0,8.0,72.0,95044.2047714194,380.1768190856776,20.0
802585,25.0,8.0,74.0,25.0,8.0,74.0,98524.71025326737,394.0988410130695,20.0
802586,25.0,8.0,76.0,25.0,8.0,76.0,103112.88628671538,412.4515451468615,20.0
802587,25.0,8.0,78.0,25.0,8.0,78.0,109517.18192836748,438.06872771346997,20.0
802588,25.0,8.0,80.0,25.0,8.0,80.0,119044.75676144908,476.1790270457963,20.0
802589,25.0,8.0,82.0,25.0,8.0,82.0,134230.24757470927,536.9209902988371,20.0
802590,25.0,8.0,84.0,25.0,8.0,84.0,160110.230108644,640.440920434576,20.0
802591,25.0,8.0,86.0,25.0,8.0,86.0,205673.59231836282,822.6943692734513,20.0
802592,25.0,8.0,88.0,25.0,8.0,88.0,275712.4276087062,1102.8497104348246,20.0
802593,25.0,8.0,90.0,25.0,8.0,90.0,321807.45751469024,1287.2298300587609,20.0
802594,25.0,8.0,92.0,25.0,8.0,92.0,275712.4276087065,1102.8497104348262,20.0
802595,25.0,8.0,94.0,25.0,8.0,94.0,205673.59231836323,822.6943692734529,20.0
802596,25.0,8.0,96.0,25.0,8.0,96.0,160110.23010864423,640.4409204345769,20.0
802597,25.0,8.0,98.0,25.0,8.0,98.0,134230.24757470918,536.9209902988367,20.0
802598,25.0,8.0,100.0,25.0,8.0,100.0,119044.75676144905,476.1790270457962,20.0
802599,25.0,8.0,102.0,25.0,8.0,102.0,109517.18192836748,438.06872771346997,20.0
802600,25.0,8.0,104.0,25.0,8.0,104.0,103112.88628671538,412.4515451468615,20.0
802601,25.0,8.0,106.0,25.0,8.0,106.0,98524.71025326739,394.09884101306955,20.0
802602,25.0,8.0,108.0,25.0,8.0,108.0,95044.20477141943,380.1768190856777,20.0
802603,25.0,8.0,110.0,25.0,8.0,110.0,92267.74522038133,369.0709808815253,20.0
802604,25.0,8.0,112.0,25.0,8.0,112.0,89955.07644836578,359.82030579346315,20.0
802605,25.0,8.0,114.0,25.0,8.0,114.0,87957.89413003114,351.8315765201246,20.0
802606,25.0,8.0,116.0,25.0,8.0,116.0,86181.95761961128,344.7278304784451,20.0
802607,25.0,8.0,118.0,25.0,8.0,118.0,84566.03850915379,338.2641540366152,20.0
802608,25.0,8.0,120.0,25.0,8.0,120.0,83069.72346554308,332.2788938621723,20.0
802609,25.0,8.0,122.0,25.0,8.0,122.0,81666.07830475857,326.6643132190343,20.0
802610,25.0,8.0,124.0,25.0,8.0,124.0,80337.08765312472,321.3483506124989,20.0
802611,25.0,8.0,126.0,25.0,8.0,126.0,79070.73684888345,316.2829473955338,20.0
802612,25.0,8.0,128.0,25.0,8.0,128.0,77859.09859836269,311.43639439345077,20.0
802613,25.0,8.0,130.0,25.0,8.0,130.0,76697.05856359805,306.7882342543922,20.0
802614,25.0,8.0,132.0,25.0,8.0,132.0,75581.4763851686,302.3259055406744,20.0
802615,25.0,8.0,134.0,25.0,8.0,134.0,74510.68690861716,298.04274763446864,20.0
802616,25.0,8.0,136.0,25.0,8.0,136.0,73484.31462060144,293.93725848240575,20.0
802617,25.0,8.0,138.0,25.0,8.0,138.0,72503.3902458628,290.0135609834512,20.0
802618,25.0,8.0,140.0,25.0,8.0,140.0,71570.71268501703,286.2828507400681,20.0
802619,25.0,8.0,142.0,25.0,8.0,142.0,70691.31309807146,282.76525239228584,20.0
802620,25.0,8.0,144.0,25.0,8.0,144.0,69872.80197726235,279.4912079090494,20.0
802621,25.0,8.0,146.0,25.0,8.0,146.0,69125.36576941388,276.50146307765556,20.0
802622,25.0,8.0,148.0,25.0,8.0,148.0,68461.24684048007,273.8449873619203,20.0
802623,25.0,8.0,150.0,25.0,8.0,150.0,67893.66871656089,271.5746748662436,20.0
802624,25.0,8.0,152.0,25.0,8.0,152.0,67435.31200151793,269.7412480060717,20.0
802625,25.0,8.0,154.0,25.0,8.0,154.0,67096.55929131398,268.3862371652559,20.0
802626,25.0,8.0,156.0,25.0,8.0,156.0,66883.78181204335,267.5351272481734,20.0
802627,25.0,8.0,158.0,25.0,8.0,158.0,66797.93165161398,267.1917266064559,20.0
802628,25.0,8.0,160.0,25.0,8.0,160.0,66833.64471584604,267.33457886338414,20.0
802629,25.0,8.0,162.0,25.0,8.0,162.0,66978.97299174614,267.91589196698453,20.0
802630,25.0,8.0,164.0,25.0,8.0,164.0,67215.77245141653,268.8630898056661,20.0
802631,25.0,8.0,166.0,25.0,8.0,166.0,67520.69175399703,270.0827670159881,20.0
802632,25.0,8.0,168.0,25.0,8.0,168.0,67866.64637490455,271.4665854996182,20.0
802633,25.0,8.0,170.0,25.0,8.0,170.0,68224.62591639224,272.89850366556897,20.0
802634,25.0,8.0,172.0,25.0,8.0,172.0,68565.6674310362,274.2626697241448,20.0
802635,25.0,8.0,174.0,25.0,8.0,174.0,68862.83031832246,275.45132127328986,20.0
802636,25.0,8.0,176.0,25.0,8.0,176.0,69093.02359400531,276.37209437602127,20.0
802637,25.0,8.0,178.0,25.0,8.0,178.0,69238.5593085567,276.9542372342268,20.0
802638,25.0,8.0,180.0,25.0,8.0,180.0,69288.33285141447,277.15333140565787,20.0
802639,25.0,10.0,0.0,25.0,10.0,0.0,61773.353744216874,247.0934149768675,20.0
802640,25.0,10.0,2.0,25.0,10.0,2.0,61730.11785944573,246.92047143778294,20.0
802641,25.0,10.0,4.0,25.0,10.0,4.0,61603.8176389018,246.41527055560718,20.0
802642,25.0,10.0,6.0,25.0,10.0,6.0,61404.45053176211,245.61780212704844,20.0
802643,25.0,10.0,8.0,25.0,10.0,8.0,61147.942056012274,244.5917682240491,20.0
802644,25.0,10.0,10.0,25.0,10.0,10.0,60855.08473822288,243.42033895289154,20.0
802645,25.0,10.0,12.0,25.0,10.0,12.0,60550.141570614964,242.20056628245987,20.0
802646,25.0,10.0,14.0,25.0,10.0,14.0,60259.203156393865,241.03681262557546,20.0
802647,25.0,10.0,16.0,25.0,10.0,16.0,60008.41193290704,240.03364773162815,20.0
802648,25.0,10.0,18.0,25.0,10.0,18.0,59822.18750082432,239.28875000329728,20.0
802649,25.0,10.0,20.0,25.0,10.0,20.0,59721.60077349676,238.88640309398704,20.0
802650,25.0,10.0,22.0,25.0,10.0,22.0,59723.047104296485,238.89218841718593,20.0
802651,25.0,10.0,24.0,25.0,10.0,24.0,59837.35513236023,239.34942052944092,20.0
802652,25.0,10.0,26.0,25.0,10.0,26.0,60069.43494323089,240.27773977292355,20.0
802653,25.0,10.0,28.0,25.0,10.0,28.0,60418.51474282243,241.67405897128972,20.0
802654,25.0,10.0,30.0,25.0,10.0,30.0,60878.94229113775,243.515769164551,20.0
802655,25.0,10.0,32.0,25.0,10.0,32.0,61441.44443982012,245.7657777592805,20.0
802656,25.0,10.0,34.0,25.0,10.0,34.0,62094.66033794872,248.3786413517949,20.0
802657,25.0,10.0,36.0,25.0,10.0,36.0,62826.71107830016,251.30684431320066,20.0
802658,25.0,10.0,38.0,25.0,10.0,38.0,63626.560585131025,254.5062423405241,20.0
802659,25.0,10.0,40.0,25.0,10.0,40.0,64484.971416701934,257.93988566680775,20.0
802660,25.0,10.0,42.0,25.0,10.0,42.0,65394.960598618694,261.5798423944748,20.0
802661,25.0,10.0,44.0,25.0,10.0,44.0,66351.78948050798,265.40715792203196,20.0
802662,25.0,10.0,46.0,25.0,10.0,46.0,67352.6366907691,269.4105467630764,20.0
802663,25.0,10.0,48.0,25.0,10.0,48.0,68396.163575038,273.58465430015195,20.0
802664,25.0,10.0,50.0,25.0,10.0,50.0,69482.16850327449,277.928674013098,20.0
802665,25.0,10.0,52.0,25.0,10.0,52.0,70611.45790817375,282.445831632695,20.0
802666,25.0,10.0,54.0,25.0,10.0,54.0,71785.98388448359,287.1439355379344,20.0
802667,25.0,10.0,56.0,25.0,10.0,56.0,73009.25639647144,292.0370255858858,20.0
802668,25.0,10.0,58.0,25.0,10.0,58.0,74287.05145876028,297.14820583504115,20.0
802669,25.0,10.0,60.0,25.0,10.0,60.0,75628.4964336723,302.51398573468924,20.0
802670,25.0,10.0,62.0,25.0,10.0,62.0,77047.7085791271,308.19083431650836,20.0
802671,25.0,10.0,64.0,25.0,10.0,64.0,78566.30557526299,314.26522230105195,20.0
802672,25.0,10.0,66.0,25.0,10.0,66.0,80217.34666427602,320.8693866571041,20.0
802673,25.0,10.0,68.0,25.0,10.0,68.0,82051.7047325371,328.2068189301484,20.0
802674,25.0,10.0,70.0,25.0,10.0,70.0,84148.72763045326,336.59491052181306,20.0
802675,25.0,10.0,72.0,25.0,10.0,72.0,86634.79104654108,346.5391641861643,20.0
802676,25.0,10.0,74.0,25.0,10.0,74.0,89717.0649211354,358.8682596845416,20.0
802677,25.0,10.0,76.0,25.0,10.0,76.0,93748.17069634865,374.9926827853946,20.0
802678,25.0,10.0,78.0,25.0,10.0,78.0,99357.19761361128,397.4287904544451,20.0
802679,25.0,10.0,80.0,25.0,10.0,80.0,107731.59608842272,430.92638435369093,20.0
802680,25.0,10.0,82.0,25.0,10.0,82.0,121256.73522452432,485.0269408980973,20.0
802681,25.0,10.0,84.0,25.0,10.0,84.0,144972.80461574515,579.8912184629806,20.0
802682,25.0,10.0,86.0,25.0,10.0,86.0,189086.31170716922,756.3452468286769,20.0
802683,25.0,10.0,88.0,25.0,10.0,88.0,263627.3925086281,1054.5095700345123,20.0
802684,25.0,10.0,90.0,25.0,10.0,90.0,317807.8740812386,1271.2314963249544,20.0
802685,25.0,10.0,92.0,25.0,10.0,92.0,263627.3925086285,1054.509570034514,20.0
802686,25.0,10.0,94.0,25.0,10.0,94.0,189086.31170716955,756.3452468286782,20.0
802687,25.0,10.0,96.0,25.0,10.0,96.0,144972.80461574544,579.8912184629818,20.0
802688,25.0,10.0,98.0,25.0,10.0,98.0,121256.73522452425,485.026940898097,20.0
802689,25.0,10.0,100.0,25.0,10.0,100.0,107731.59608842272,430.9263843536909,20.0
802690,25.0,10.0,102.0,25.0,10.0,102.0,99357.19761361128,397.4287904544451,20.0
802691,25.0,10.0,104.0,25.0,10.0,104.0,93748.17069634865,374.9926827853946,20.0
802692,25.0,10.0,106.0,25.0,10.0,106.0,89717.0649211354,358.8682596845416,20.0
802693,25.0,10.0,108.0,25.0,10.0,108.0,86634.7910465411,346.5391641861644,20.0
802694,25.0,10.0,110.0,25.0,10.0,110.0,84148.72763045324,336.594910521813,20.0
802695,25.0,10.0,112.0,25.0,10.0,112.0,82051.7047325371,328.2068189301484,20.0
802696,25.0,10.0,114.0,25.0,10.0,114.0,80217.34666427605,320.8693866571042,20.0
802697,25.0,10.0,116.0,25.0,10.0,116.0,78566.30557526297,314.2652223010519,20.0
802698,25.0,10.0,118.0,25.0,10.0,118.0,77047.70857912708,308.1908343165083,20.0
802699,25.0,10.0,120.0,25.0,10.0,120.0,75628.4964336723,302.51398573468924,20.0
802700,25.0,10.0,122.0,25.0,10.0,122.0,74287.05145876028,297.14820583504115,20.0
802701,25.0,10.0,124.0,25.0,10.0,124.0,73009.25639647144,292.0370255858858,20.0
802702,25.0,10.0,126.0,25.0,10.0,126.0,71785.98388448359,287.1439355379344,20.0
802703,25.0,10.0,128.0,25.0,10.0,128.0,70611.45790817376,282.44583163269505,20.0
802704,25.0,10.0,130.0,25.0,10.0,130.0,69482.16850327449,277.928674013098,20.0
802705,25.0,10.0,132.0,25.0,10.0,132.0,68396.163575038,273.58465430015195,20.0
802706,25.0,10.0,134.0,25.0,10.0,134.0,67352.63669076908,269.41054676307635,20.0
802707,25.0,10.0,136.0,25.0,10.0,136.0,66351.789480508,265.407157922032,20.0
802708,25.0,10.0,138.0,25.0,10.0,138.0,65394.960598618694,261.5798423944748,20.0
802709,25.0,10.0,140.0,25.0,10.0,140.0,64484.971416701934,257.93988566680775,20.0
802710,25.0,10.0,142.0,25.0,10.0,142.0,63626.560585131025,254.5062423405241,20.0
802711,25.0,10.0,144.0,25.0,10.0,144.0,62826.71107830015,251.3068443132006,20.0
802712,25.0,10.0,146.0,25.0,10.0,146.0,62094.6603379487,248.3786413517948,20.0
802713,25.0,10.0,148.0,25.0,10.0,148.0,61441.44443982014,245.76577775928055,20.0
802714,25.0,10.0,150.0,25.0,10.0,150.0,60878.94229113775,243.515769164551,20.0
802715,25.0,10.0,152.0,25.0,10.0,152.0,60418.51474282243,241.67405897128972,20.0
802716,25.0,10.0,154.0,25.0,10.0,154.0,60069.43494323087,240.2777397729235,20.0
802717,25.0,10.0,156.0,25.0,10.0,156.0,59837.35513236023,239.34942052944092,20.0
802718,25.0,10.0,158.0,25.0,10.0,158.0,59723.047104296485,238.89218841718593,20.0
802719,25.0,10.0,160.0,25.0,10.0,160.0,59721.60077349677,238.8864030939871,20.0
802720,25.0,10.0,162.0,25.0,10.0,162.0,59822.18750082434,239.28875000329737,20.0
802721,25.0,10.0,164.0,25.0,10.0,164.0,60008.41193290703,240.03364773162812,20.0
802722,25.0,10.0,166.0,25.0,10.0,166.0,60259.203156393865,241.03681262557546,20.0
802723,25.0,10.0,168.0,25.0,10.0,168.0,60550.14157061497,242.2005662824599,20.0
802724,25.0,10.0,170.0,25.0,10.0,170.0,60855.08473822288,243.42033895289154,20.0
802725,25.0,10.0,172.0,25.0,10.0,172.0,61147.942056012274,244.5917682240491,20.0
802726,25.0,10.0,174.0,25.0,10.0,174.0,61404.45053176211,245.61780212704844,20.0
802727,25.0,10.0,176.0,25.0,10.0,176.0,61603.8176389018,246.41527055560718,20.0
802728,25.0,10.0,178.0,25.0,10.0,178.0,61730.11785944573,246.92047143778294,20.0
802729,25.0,10.0,180.0,25.0,10.0,180.0,61773.353744216874,247.0934149768675,20.0
802730,25.0,12.0,0.0,25.0,12.0,0.0,54483.66172871239,217.93464691484957,20.0
802731,25.0,12.0,2.0,25.0,12.0,2.0,54446.62426718808,217.78649706875234,20.0
802732,25.0,12.0,4.0,25.0,12.0,4.0,54338.541321520956,217.35416528608383,20.0
802733,25.0,12.0,6.0,25.0,12.0,6.0,54168.30166810776,216.67320667243104,20.0
802734,25.0,12.0,8.0,25.0,12.0,8.0,53950.06598298415,215.80026393193663,20.0
802735,25.0,12.0,10.0,25.0,12.0,10.0,53702.32519008206,214.80930076032826,20.0
802736,25.0,12.0,12.0,25.0,12.0,12.0,53446.66102714306,213.78664410857226,20.0
802737,25.0,12.0,14.0,25.0,12.0,14.0,53206.28791089929,212.82515164359717,20.0
802738,25.0,12.0,16.0,25.0,12.0,16.0,53004.47666051812,212.0179066420725,20.0
802739,25.0,12.0,18.0,25.0,12.0,18.0,52862.978939396744,211.451915757587,20.0
802740,25.0,12.0,20.0,25.0,12.0,20.0,52800.58340804536,211.20233363218142,20.0
802741,25.0,12.0,22.0,25.0,12.0,22.0,52831.93673951045,211.3277469580418,20.0
802742,25.0,12.0,24.0,25.0,12.0,24.0,52966.750736135604,211.8670029445424,20.0
802743,25.0,12.0,26.0,25.0,12.0,26.0,53209.48737322711,212.83794949290845,20.0
802744,25.0,12.0,28.0,25.0,12.0,28.0,53559.56532625871,214.23826130503483,20.0
802745,25.0,12.0,30.0,25.0,12.0,30.0,54012.06680912584,216.04826723650336,20.0
802746,25.0,12.0,32.0,25.0,12.0,32.0,54558.84999420634,218.23539997682536,20.0
802747,25.0,12.0,34.0,25.0,12.0,34.0,55189.90327232195,220.7596130892878,20.0
802748,25.0,12.0,36.0,25.0,12.0,36.0,55894.73076454642,223.57892305818567,20.0
802749,25.0,12.0,38.0,25.0,12.0,38.0,56663.55141235373,226.6542056494149,20.0
802750,25.0,12.0,40.0,25.0,12.0,40.0,57488.137311558065,229.95254924623225,20.0
802751,25.0,12.0,42.0,25.0,12.0,42.0,58362.20692529645,233.4488277011858,20.0
802752,25.0,12.0,44.0,25.0,12.0,44.0,59281.40310649653,237.12561242598613,20.0
802753,25.0,12.0,46.0,25.0,12.0,46.0,60242.98789718113,240.97195158872452,20.0
802754,25.0,12.0,48.0,25.0,12.0,48.0,61245.43948377343,244.98175793509373,20.0
802755,25.0,12.0,50.0,25.0,12.0,50.0,62288.12500337033,249.15250001348133,20.0
802756,25.0,12.0,52.0,25.0,12.0,52.0,63371.16186144971,253.48464744579886,20.0
802757,25.0,12.0,54.0,25.0,12.0,54.0,64495.51059673784,257.9820423869514,20.0
802758,25.0,12.0,56.0,25.0,12.0,56.0,65663.30462034687,262.65321848138746,20.0
802759,25.0,12.0,58.0,25.0,12.0,58.0,66878.4329442045,267.513731776818,20.0
802760,25.0,12.0,60.0,25.0,12.0,60.0,68147.44341320533,272.5897736528213,20.0
802761,25.0,12.0,62.0,25.0,12.0,62.0,69480.91565593434,277.92366262373736,20.0
802762,25.0,12.0,64.0,25.0,12.0,64.0,70895.57548851412,283.5823019540565,20.0
802763,25.0,12.0,66.0,25.0,12.0,66.0,72417.62938325838,289.6705175330335,20.0
802764,25.0,12.0,68.0,25.0,12.0,68.0,74088.18130978516,296.3527252391406,20.0
802765,25.0,12.0,70.0,25.0,12.0,70.0,75972.34703298323,303.88938813193295,20.0
802766,25.0,12.0,72.0,25.0,12.0,72.0,78175.231103783,312.70092441513196,20.0
802767,25.0,12.0,74.0,25.0,12.0,74.0,80871.29535141253,323.4851814056501,20.0
802768,25.0,12.0,76.0,25.0,12.0,76.0,84361.38470545842,337.4455388218337,20.0
802769,25.0,12.0,78.0,25.0,12.0,78.0,89190.64717751215,356.7625887100486,20.0
802770,25.0,12.0,80.0,25.0,12.0,80.0,96410.2344506476,385.6409378025904,20.0
802771,25.0,12.0,82.0,25.0,12.0,82.0,108202.23170653776,432.80892682615104,20.0
802772,25.0,12.0,84.0,25.0,12.0,84.0,129448.38134108721,517.7935253643489,20.0
802773,25.0,12.0,86.0,25.0,12.0,86.0,171251.01957344863,685.0040782937946,20.0
802774,25.0,12.0,88.0,25.0,12.0,88.0,249745.11899603243,998.9804759841297,20.0
802775,25.0,12.0,90.0,25.0,12.0,90.0,314098.10181681445,1256.3924072672578,20.0
802776,25.0,12.0,92.0,25.0,12.0,92.0,249745.1189960329,998.9804759841315,20.0
802777,25.0,12.0,94.0,25.0,12.0,94.0,171251.01957344898,685.0040782937959,20.0
802778,25.0,12.0,96.0,25.0,12.0,96.0,129448.38134108741,517.7935253643496,20.0
802779,25.0,12.0,98.0,25.0,12.0,98.0,108202.23170653768,432.80892682615075,20.0
802780,25.0,12.0,100.0,25.0,12.0,100.0,96410.23445064755,385.6409378025902,20.0
802781,25.0,12.0,102.0,25.0,12.0,102.0,89190.64717751215,356.7625887100486,20.0
802782,25.0,12.0,104.0,25.0,12.0,104.0,84361.38470545842,337.4455388218337,20.0
802783,25.0,12.0,106.0,25.0,12.0,106.0,80871.29535141253,323.4851814056501,20.0
802784,25.0,12.0,108.0,25.0,12.0,108.0,78175.231103783,312.70092441513196,20.0
802785,25.0,12.0,110.0,25.0,12.0,110.0,75972.34703298325,303.889388131933,20.0
802786,25.0,12.0,112.0,25.0,12.0,112.0,74088.18130978516,296.3527252391406,20.0
802787,25.0,12.0,114.0,25.0,12.0,114.0,72417.62938325839,289.67051753303355,20.0
802788,25.0,12.0,116.0,25.0,12.0,116.0,70895.57548851409,283.5823019540564,20.0
802789,25.0,12.0,118.0,25.0,12.0,118.0,69480.91565593432,277.9236626237373,20.0
802790,25.0,12.0,120.0,25.0,12.0,120.0,68147.44341320533,272.5897736528213,20.0
802791,25.0,12.0,122.0,25.0,12.0,122.0,66878.4329442045,267.513731776818,20.0
802792,25.0,12.0,124.0,25.0,12.0,124.0,65663.30462034687,262.65321848138746,20.0
802793,25.0,12.0,126.0,25.0,12.0,126.0,64495.51059673784,257.9820423869514,20.0
802794,25.0,12.0,128.0,25.0,12.0,128.0,63371.16186144973,253.4846474457989,20.0
802795,25.0,12.0,130.0,25.0,12.0,130.0,62288.12500337033,249.15250001348133,20.0
802796,25.0,12.0,132.0,25.0,12.0,132.0,61245.43948377344,244.98175793509378,20.0
802797,25.0,12.0,134.0,25.0,12.0,134.0,60242.98789718112,240.9719515887245,20.0
802798,25.0,12.0,136.0,25.0,12.0,136.0,59281.40310649654,237.12561242598616,20.0
802799,25.0,12.0,138.0,25.0,12.0,138.0,58362.20692529645,233.4488277011858,20.0
802800,25.0,12.0,140.0,25.0,12.0,140.0,57488.137311558065,229.95254924623225,20.0
802801,25.0,12.0,142.0,25.0,12.0,142.0,56663.55141235373,226.6542056494149,20.0
802802,25.0,12.0,144.0,25.0,12.0,144.0,55894.73076454642,223.57892305818567,20.0
802803,25.0,12.0,146.0,25.0,12.0,146.0,55189.903272321935,220.75961308928774,20.0
802804,25.0,12.0,148.0,25.0,12.0,148.0,54558.84999420634,218.23539997682536,20.0
802805,25.0,12.0,150.0,25.0,12.0,150.0,54012.066809125856,216.04826723650342,20.0
802806,25.0,12.0,152.0,25.0,12.0,152.0,53559.56532625871,214.23826130503483,20.0
802807,25.0,12.0,154.0,25.0,12.0,154.0,53209.4873732271,212.83794949290842,20.0
802808,25.0,12.0,156.0,25.0,12.0,156.0,52966.750736135604,211.8670029445424,20.0
802809,25.0,12.0,158.0,25.0,12.0,158.0,52831.93673951045,211.3277469580418,20.0
802810,25.0,12.0,160.0,25.0,12.0,160.0,52800.58340804537,211.20233363218148,20.0
802811,25.0,12.0,162.0,25.0,12.0,162.0,52862.97893939675,211.45191575758702,20.0
802812,25.0,12.0,164.0,25.0,12.0,164.0,53004.47666051811,212.01790664207243,20.0
802813,25.0,12.0,166.0,25.0,12.0,166.0,53206.28791089929,212.82515164359717,20.0
802814,25.0,12.0,168.0,25.0,12.0,168.0,53446.66102714306,213.78664410857226,20.0
802815,25.0,12.0,170.0,25.0,12.0,170.0,53702.32519008206,214.80930076032826,20.0
802816,25.0,12.0,172.0,25.0,12.0,172.0,53950.06598298415,215.80026393193663,20.0
802817,25.0,12.0,174.0,25.0,12.0,174.0,54168.30166810776,216.67320667243104,20.0
802818,25.0,12.0,176.0,25.0,12.0,176.0,54338.541321520956,217.35416528608383,20.0
802819,25.0,12.0,178.0,25.0,12.0,178.0,54446.62426718808,217.78649706875234,20.0
802820,25.0,12.0,180.0,25.0,12.0,180.0,54483.66172871239,217.93464691484957,20.0
802821,25.0,14.0,0.0,25.0,14.0,0.0,47419.25680490103,189.67702721960413,20.0
802822,25.0,14.0,2.0,25.0,14.0,2.0,47388.1094706024,189.5524378824096,20.0
802823,25.0,14.0,4.0,25.0,14.0,4.0,47297.31803480728,189.1892721392291,20.0
802824,25.0,14.0,6.0,25.0,14.0,6.0,47154.659998854506,188.61863999541802,20.0
802825,25.0,14.0,8.0,25.0,14.0,8.0,46972.52695550288,187.89010782201152,20.0
802826,25.0,14.0,10.0,25.0,14.0,10.0,46767.10249162729,187.06840996650917,20.0
802827,25.0,14.0,12.0,25.0,14.0,12.0,46557.28007179238,186.22912028716954,20.0
802828,25.0,14.0,14.0,25.0,14.0,14.0,46363.38989932423,185.45355959729693,20.0
802829,25.0,14.0,16.0,25.0,14.0,16.0,46205.82248880517,184.82328995522067,20.0
802830,25.0,14.0,18.0,25.0,14.0,18.0,46103.65264844325,184.414610593773,20.0
802831,25.0,14.0,20.0,25.0,14.0,20.0,46073.37815094997,184.29351260379988,20.0
802832,25.0,14.0,22.0,25.0,14.0,22.0,46127.889245969636,184.51155698387856,20.0
802833,25.0,14.0,24.0,25.0,14.0,24.0,46275.7747595633,185.1030990382532,20.0
802834,25.0,14.0,26.0,25.0,14.0,26.0,46521.04484381917,186.08417937527668,20.0
802835,25.0,14.0,28.0,25.0,14.0,28.0,46863.308299652635,187.45323319861055,20.0
802836,25.0,14.0,30.0,25.0,14.0,30.0,47298.38588908913,189.1935435563565,20.0
802837,25.0,14.0,32.0,25.0,14.0,32.0,47819.27684138743,191.2771073655497,20.0
802838,25.0,14.0,34.0,25.0,14.0,34.0,48417.33551081505,193.6693420432602,20.0
802839,25.0,14.0,36.0,25.0,14.0,36.0,49083.47424302705,196.3338969721082,20.0
802840,25.0,14.0,38.0,25.0,14.0,38.0,49809.20230711836,199.23680922847345,20.0
802841,25.0,14.0,40.0,25.0,14.0,40.0,50587.34855734331,202.34939422937325,20.0
802842,25.0,14.0,42.0,25.0,14.0,42.0,51412.393988850905,205.64957595540363,20.0
802843,25.0,14.0,44.0,25.0,14.0,44.0,52280.44007339528,209.12176029358113,20.0
802844,25.0,14.0,46.0,25.0,14.0,46.0,53188.92776664858,212.75571106659433,20.0
802845,25.0,14.0,48.0,25.0,14.0,48.0,54136.268615234505,216.54507446093803,20.0
802846,25.0,14.0,50.0,25.0,14.0,50.0,55121.539061892574,220.4861562475703,20.0
802847,25.0,14.0,52.0,25.0,14.0,52.0,56144.33555859107,224.57734223436427,20.0
802848,25.0,14.0,54.0,25.0,14.0,54.0,57204.82696725726,228.81930786902902,20.0
802849,25.0,14.0,56.0,25.0,14.0,56.0,58304.00721633956,233.21602886535825,20.0
802850,25.0,14.0,58.0,25.0,14.0,58.0,59444.15960867589,237.77663843470356,20.0
802851,25.0,14.0,60.0,25.0,14.0,60.0,60629.587414041154,242.51834965616462,20.0
802852,25.0,14.0,62.0,25.0,14.0,62.0,61867.734028459556,247.47093611383823,20.0
802853,25.0,14.0,64.0,25.0,14.0,64.0,63170.91857630801,252.68367430523205,20.0
802854,25.0,14.0,66.0,25.0,14.0,66.0,64559.08637153349,258.236345486134,20.0
802855,25.0,14.0,68.0,25.0,14.0,68.0,66064.29747901093,264.2571899160437,20.0
802856,25.0,14.0,70.0,25.0,14.0,70.0,67738.31745850678,270.9532698340271,20.0
802857,25.0,14.0,72.0,25.0,14.0,72.0,69666.00901091032,278.66403604364126,20.0
802858,25.0,14.0,74.0,25.0,14.0,74.0,71990.16271142858,287.9606508457143,20.0
802859,25.0,14.0,76.0,25.0,14.0,76.0,74960.30572296509,299.84122289186035,20.0
802860,25.0,14.0,78.0,25.0,14.0,78.0,79035.44941764364,316.1417976705746,20.0
802861,25.0,14.0,80.0,25.0,14.0,80.0,85118.42256469457,340.4736902587783,20.0
802862,25.0,14.0,82.0,25.0,14.0,82.0,95141.02777463073,380.5641110985229,20.0
802863,25.0,14.0,84.0,25.0,14.0,84.0,113659.22521163194,454.6369008465278,20.0
802864,25.0,14.0,86.0,25.0,14.0,86.0,152209.14909481956,608.8365963792783,20.0
802865,25.0,14.0,88.0,25.0,14.0,88.0,233570.134359564,934.280537438256,20.0
802866,25.0,14.0,90.0,25.0,14.0,90.0,310866.187342081,1243.464749368324,20.0
802867,25.0,14.0,92.0,25.0,14.0,92.0,233570.13435956454,934.2805374382582,20.0
802868,25.0,14.0,94.0,25.0,14.0,94.0,152209.1490948199,608.8365963792796,20.0
802869,25.0,14.0,96.0,25.0,14.0,96.0,113659.22521163213,454.63690084652853,20.0
802870,25.0,14.0,98.0,25.0,14.0,98.0,95141.02777463067,380.5641110985227,20.0
802871,25.0,14.0,100.0,25.0,14.0,100.0,85118.42256469456,340.4736902587782,20.0
802872,25.0,14.0,102.0,25.0,14.0,102.0,79035.44941764361,316.1417976705745,20.0
802873,25.0,14.0,104.0,25.0,14.0,104.0,74960.30572296509,299.84122289186035,20.0
802874,25.0,14.0,106.0,25.0,14.0,106.0,71990.1627114286,287.9606508457144,20.0
802875,25.0,14.0,108.0,25.0,14.0,108.0,69666.00901091032,278.66403604364126,20.0
802876,25.0,14.0,110.0,25.0,14.0,110.0,67738.31745850679,270.95326983402714,20.0
802877,25.0,14.0,112.0,25.0,14.0,112.0,66064.29747901093,264.2571899160437,20.0
802878,25.0,14.0,114.0,25.0,14.0,114.0,64559.08637153351,258.23634548613404,20.0
802879,25.0,14.0,116.0,25.0,14.0,116.0,63170.918576308,252.68367430523202,20.0
802880,25.0,14.0,118.0,25.0,14.0,118.0,61867.73402845955,247.4709361138382,20.0
802881,25.0,14.0,120.0,25.0,14.0,120.0,60629.587414041154,242.51834965616462,20.0
802882,25.0,14.0,122.0,25.0,14.0,122.0,59444.15960867589,237.77663843470356,20.0
802883,25.0,14.0,124.0,25.0,14.0,124.0,58304.00721633956,233.21602886535825,20.0
802884,25.0,14.0,126.0,25.0,14.0,126.0,57204.82696725726,228.81930786902905,20.0
802885,25.0,14.0,128.0,25.0,14.0,128.0,56144.33555859109,224.57734223436438,20.0
802886,25.0,14.0,130.0,25.0,14.0,130.0,55121.539061892596,220.4861562475704,20.0
802887,25.0,14.0,132.0,25.0,14.0,132.0,54136.268615234505,216.54507446093803,20.0
802888,25.0,14.0,134.0,25.0,14.0,134.0,53188.92776664858,212.75571106659433,20.0
802889,25.0,14.0,136.0,25.0,14.0,136.0,52280.440073395286,209.12176029358116,20.0
802890,25.0,14.0,138.0,25.0,14.0,138.0,51412.393988850905,205.64957595540363,20.0
802891,25.0,14.0,140.0,25.0,14.0,140.0,50587.34855734331,202.34939422937325,20.0
802892,25.0,14.0,142.0,25.0,14.0,142.0,49809.20230711836,199.23680922847345,20.0
802893,25.0,14.0,144.0,25.0,14.0,144.0,49083.47424302704,196.33389697210816,20.0
802894,25.0,14.0,146.0,25.0,14.0,146.0,48417.33551081505,193.6693420432602,20.0
802895,25.0,14.0,148.0,25.0,14.0,148.0,47819.27684138744,191.27710736554974,20.0
802896,25.0,14.0,150.0,25.0,14.0,150.0,47298.38588908911,189.19354355635645,20.0
802897,25.0,14.0,152.0,25.0,14.0,152.0,46863.308299652635,187.45323319861055,20.0
802898,25.0,14.0,154.0,25.0,14.0,154.0,46521.04484381915,186.08417937527662,20.0
802899,25.0,14.0,156.0,25.0,14.0,156.0,46275.7747595633,185.1030990382532,20.0
802900,25.0,14.0,158.0,25.0,14.0,158.0,46127.889245969636,184.51155698387856,20.0
802901,25.0,14.0,160.0,25.0,14.0,160.0,46073.378150949975,184.2935126037999,20.0
802902,25.0,14.0,162.0,25.0,14.0,162.0,46103.652648443254,184.41461059377303,20.0
802903,25.0,14.0,164.0,25.0,14.0,164.0,46205.82248880516,184.82328995522064,20.0
802904,25.0,14.0,166.0,25.0,14.0,166.0,46363.38989932423,185.45355959729693,20.0
802905,25.0,14.0,168.0,25.0,14.0,168.0,46557.280071792404,186.22912028716962,20.0
802906,25.0,14.0,170.0,25.0,14.0,170.0,46767.10249162729,187.06840996650917,20.0
802907,25.0,14.0,172.0,25.0,14.0,172.0,46972.52695550288,187.89010782201152,20.0
802908,25.0,14.0,174.0,25.0,14.0,174.0,47154.659998854506,188.61863999541802,20.0
802909,25.0,14.0,176.0,25.0,14.0,176.0,47297.31803480728,189.1892721392291,20.0
802910,25.0,14.0,178.0,25.0,14.0,178.0,47388.1094706024,189.5524378824096,20.0
802911,25.0,14.0,180.0,25.0,14.0,180.0,47419.25680490103,189.67702721960413,20.0
802912,25.0,16.0,0.0,25.0,16.0,0.0,40580.138972782785,162.32055589113114,20.0
802913,25.0,16.0,2.0,25.0,16.0,2.0,40554.60365843539,162.2184146337416,20.0
802914,25.0,16.0,4.0,25.0,16.0,4.0,40480.26823011459,161.92107292045836,20.0
802915,25.0,16.0,6.0,25.0,16.0,6.0,40363.79539594409,161.45518158377638,20.0
802916,25.0,16.0,8.0,25.0,16.0,8.0,40215.80188115378,160.86320752461512,20.0
802917,25.0,16.0,10.0,25.0,16.0,10.0,40050.15600699882,160.20062402799527,20.0
802918,25.0,16.0,12.0,25.0,16.0,12.0,39883.05306802148,159.53221227208593,20.0
802919,25.0,16.0,14.0,25.0,16.0,14.0,39731.927424799025,158.9277096991961,20.0
802920,25.0,16.0,16.0,25.0,16.0,16.0,39614.27622808325,158.457104912333,20.0
802921,25.0,16.0,18.0,25.0,16.0,18.0,39546.483319696556,158.18593327878622,20.0
802922,25.0,16.0,20.0,25.0,16.0,20.0,39542.740884685925,158.1709635387437,20.0
802923,25.0,16.0,22.0,25.0,16.0,22.0,39614.16802066281,158.45667208265124,20.0
802924,25.0,16.0,24.0,25.0,16.0,24.0,39768.216488999205,159.07286595599683,20.0
802925,25.0,16.0,26.0,25.0,16.0,26.0,40008.431961893504,160.03372784757403,20.0
802926,25.0,16.0,28.0,25.0,16.0,28.0,40334.603068970835,161.33841227588334,20.0
802927,25.0,16.0,30.0,25.0,16.0,30.0,40743.28226313726,162.97312905254904,20.0
802928,25.0,16.0,32.0,25.0,16.0,32.0,41228.60765850368,164.9144306340147,20.0
802929,25.0,16.0,34.0,25.0,16.0,34.0,41783.30351280036,167.13321405120143,20.0
802930,25.0,16.0,36.0,25.0,16.0,36.0,42399.7020711874,169.5988082847496,20.0
802931,25.0,16.0,38.0,25.0,16.0,38.0,43070.62417450352,172.28249669801409,20.0
802932,25.0,16.0,40.0,25.0,16.0,40.0,43789.98831140609,175.15995324562434,20.0
802933,25.0,16.0,42.0,25.0,16.0,42.0,44553.08482844919,178.21233931379675,20.0
802934,25.0,16.0,44.0,25.0,16.0,44.0,45356.5371677554,181.4261486710216,20.0
802935,25.0,16.0,46.0,25.0,16.0,46.0,46198.04799048354,184.79219196193415,20.0
802936,25.0,16.0,48.0,25.0,16.0,48.0,47076.06773007111,188.30427092028444,20.0
802937,25.0,16.0,50.0,25.0,16.0,50.0,47989.51418493765,191.95805673975062,20.0
802938,25.0,16.0,52.0,25.0,16.0,52.0,48937.62588337919,195.75050353351676,20.0
802939,25.0,16.0,54.0,25.0,16.0,54.0,49919.9794205906,199.6799176823624,20.0
802940,25.0,16.0,56.0,25.0,16.0,56.0,50936.67181063024,203.74668724252098,20.0
802941,25.0,16.0,58.0,25.0,16.0,58.0,51988.6751982441,207.9547007929764,20.0
802942,25.0,16.0,60.0,25.0,16.0,60.0,53078.40669627715,212.3136267851086,20.0
802943,25.0,16.0,62.0,25.0,16.0,62.0,54210.6121962605,216.84244878504202,20.0
802944,25.0,16.0,64.0,25.0,16.0,64.0,55393.746299073915,221.57498519629567,20.0
802945,25.0,16.0,66.0,25.0,16.0,66.0,56642.17137881076,226.56868551524303,20.0
802946,25.0,16.0,68.0,25.0,16.0,68.0,57979.7628915649,231.91905156625958,20.0
802947,25.0,16.0,70.0,25.0,16.0,70.0,59446.034560979824,237.7841382439193,20.0
802948,25.0,16.0,72.0,25.0,16.0,72.0,61107.00435646222,244.42801742584888,20.0
802949,25.0,16.0,74.0,25.0,16.0,74.0,63075.492416723726,252.3019696668949,20.0
802950,25.0,16.0,76.0,25.0,16.0,76.0,65551.44306854457,262.2057722741783,20.0
802951,25.0,16.0,78.0,25.0,16.0,78.0,68908.1334020654,275.6325336082616,20.0
802952,25.0,16.0,80.0,25.0,16.0,80.0,73893.51025658833,295.5740410263533,20.0
802953,25.0,16.0,82.0,25.0,16.0,82.0,82152.84586091437,328.6113834436575,20.0
802954,25.0,16.0,84.0,25.0,16.0,84.0,97757.8374653306,391.0313498613224,20.0
802955,25.0,16.0,86.0,25.0,16.0,86.0,132093.20122881737,528.3728049152695,20.0
802956,25.0,16.0,88.0,25.0,16.0,88.0,214476.02799873558,857.9041119949424,20.0
802957,25.0,16.0,90.0,25.0,16.0,90.0,308415.4813638976,1233.6619254555906,20.0
802958,25.0,16.0,92.0,25.0,16.0,92.0,214476.0279987362,857.9041119949447,20.0
802959,25.0,16.0,94.0,25.0,16.0,94.0,132093.20122881772,528.3728049152709,20.0
802960,25.0,16.0,96.0,25.0,16.0,96.0,97757.83746533075,391.031349861323,20.0
802961,25.0,16.0,98.0,25.0,16.0,98.0,82152.84586091434,328.61138344365736,20.0
802962,25.0,16.0,100.0,25.0,16.0,100.0,73893.51025658831,295.57404102635326,20.0
802963,25.0,16.0,102.0,25.0,16.0,102.0,68908.1334020654,275.6325336082616,20.0
802964,25.0,16.0,104.0,25.0,16.0,104.0,65551.44306854457,262.2057722741783,20.0
802965,25.0,16.0,106.0,25.0,16.0,106.0,63075.492416723726,252.3019696668949,20.0
802966,25.0,16.0,108.0,25.0,16.0,108.0,61107.004356462225,244.4280174258489,20.0
802967,25.0,16.0,110.0,25.0,16.0,110.0,59446.034560979824,237.7841382439193,20.0
802968,25.0,16.0,112.0,25.0,16.0,112.0,57979.7628915649,231.91905156625958,20.0
802969,25.0,16.0,114.0,25.0,16.0,114.0,56642.17137881078,226.56868551524312,20.0
802970,25.0,16.0,116.0,25.0,16.0,116.0,55393.74629907391,221.57498519629564,20.0
802971,25.0,16.0,118.0,25.0,16.0,118.0,54210.6121962605,216.84244878504202,20.0
802972,25.0,16.0,120.0,25.0,16.0,120.0,53078.40669627715,212.3136267851086,20.0
802973,25.0,16.0,122.0,25.0,16.0,122.0,51988.6751982441,207.9547007929764,20.0
802974,25.0,16.0,124.0,25.0,16.0,124.0,50936.67181063024,203.74668724252098,20.0
802975,25.0,16.0,126.0,25.0,16.0,126.0,49919.97942059061,199.67991768236243,20.0
802976,25.0,16.0,128.0,25.0,16.0,128.0,48937.62588337921,195.75050353351685,20.0
802977,25.0,16.0,130.0,25.0,16.0,130.0,47989.514184937674,191.9580567397507,20.0
802978,25.0,16.0,132.0,25.0,16.0,132.0,47076.06773007111,188.30427092028444,20.0
802979,25.0,16.0,134.0,25.0,16.0,134.0,46198.047990483516,184.79219196193407,20.0
802980,25.0,16.0,136.0,25.0,16.0,136.0,45356.53716775541,181.42614867102162,20.0
802981,25.0,16.0,138.0,25.0,16.0,138.0,44553.08482844919,178.21233931379675,20.0
802982,25.0,16.0,140.0,25.0,16.0,140.0,43789.98831140609,175.15995324562434,20.0
802983,25.0,16.0,142.0,25.0,16.0,142.0,43070.62417450352,172.28249669801409,20.0
802984,25.0,16.0,144.0,25.0,16.0,144.0,42399.7020711874,169.5988082847496,20.0
802985,25.0,16.0,146.0,25.0,16.0,146.0,41783.30351280036,167.13321405120143,20.0
802986,25.0,16.0,148.0,25.0,16.0,148.0,41228.60765850368,164.9144306340147,20.0
802987,25.0,16.0,150.0,25.0,16.0,150.0,40743.28226313728,162.9731290525491,20.0
802988,25.0,16.0,152.0,25.0,16.0,152.0,40334.603068970835,161.33841227588334,20.0
802989,25.0,16.0,154.0,25.0,16.0,154.0,40008.43196189349,160.03372784757397,20.0
802990,25.0,16.0,156.0,25.0,16.0,156.0,39768.216488999205,159.07286595599683,20.0
802991,25.0,16.0,158.0,25.0,16.0,158.0,39614.16802066281,158.45667208265124,20.0
802992,25.0,16.0,160.0,25.0,16.0,160.0,39542.74088468593,158.17096353874373,20.0
802993,25.0,16.0,162.0,25.0,16.0,162.0,39546.48331969656,158.18593327878625,20.0
802994,25.0,16.0,164.0,25.0,16.0,164.0,39614.27622808324,158.45710491233297,20.0
802995,25.0,16.0,166.0,25.0,16.0,166.0,39731.927424799025,158.9277096991961,20.0
802996,25.0,16.0,168.0,25.0,16.0,168.0,39883.05306802149,159.53221227208596,20.0
802997,25.0,16.0,170.0,25.0,16.0,170.0,40050.15600699882,160.20062402799527,20.0
802998,25.0,16.0,172.0,25.0,16.0,172.0,40215.80188115378,160.86320752461512,20.0
802999,25.0,16.0,174.0,25.0,16.0,174.0,40363.79539594409,161.45518158377638,20.0
803000,25.0,16.0,176.0,25.0,16.0,176.0,40480.26823011459,161.92107292045836,20.0
803001,25.0,16.0,178.0,25.0,16.0,178.0,40554.60365843539,162.2184146337416,20.0
803002,25.0,16.0,180.0,25.0,16.0,180.0,40580.138972782785,162.32055589113114,20.0
803003,25.0,17.0,0.0,25.0,17.0,0.0,37245.06271610858,148.9802508644343,20.0
803004,25.0,17.0,2.0,25.0,17.0,2.0,37222.23835032225,148.888953401289,20.0
803005,25.0,17.0,4.0,25.0,17.0,4.0,37155.84521908864,148.62338087635456,20.0
803006,25.0,17.0,6.0,25.0,17.0,6.0,37051.987073765384,148.20794829506153,20.0
803007,25.0,17.0,8.0,25.0,17.0,8.0,36920.3906294164,147.68156251766558,20.0
803008,25.0,17.0,10.0,25.0,17.0,10.0,36773.76301878594,147.09505207514377,20.0
803009,25.0,17.0,12.0,25.0,17.0,12.0,36626.94597043351,146.50778388173404,20.0
803010,25.0,17.0,14.0,25.0,17.0,14.0,36495.92059076216,145.98368236304864,20.0
803011,25.0,17.0,16.0,25.0,17.0,16.0,36396.73125985285,145.5869250394114,20.0
803012,25.0,17.0,18.0,25.0,17.0,18.0,36344.40961364518,145.3776384545807,20.0
803013,25.0,17.0,20.0,25.0,17.0,20.0,36351.98783932645,145.40795135730582,20.0
803014,25.0,17.0,22.0,25.0,17.0,22.0,36429.69196143472,145.71876784573888,20.0
803015,25.0,17.0,24.0,25.0,17.0,24.0,36584.397648759485,146.33759059503794,20.0
803016,25.0,17.0,26.0,25.0,17.0,26.0,36819.41098802052,147.2776439520821,20.0
803017,25.0,17.0,28.0,25.0,17.0,28.0,37134.6037254077,148.5384149016308,20.0
803018,25.0,17.0,30.0,25.0,17.0,30.0,37526.888305089946,150.1075532203598,20.0
803019,25.0,17.0,32.0,25.0,17.0,32.0,37990.96783990759,151.96387135963036,20.0
803020,25.0,17.0,34.0,25.0,17.0,34.0,38520.24905258193,154.08099621032773,20.0
803021,25.0,17.0,36.0,25.0,17.0,36.0,39107.774243368556,156.43109697347424,20.0
803022,25.0,17.0,38.0,25.0,17.0,38.0,39747.02346978064,158.98809387912254,20.0
803023,25.0,17.0,40.0,25.0,17.0,40.0,40432.467636050846,161.72987054420338,20.0
803024,25.0,17.0,42.0,25.0,17.0,42.0,41159.814493334525,164.6392579733381,20.0
803025,25.0,17.0,44.0,25.0,17.0,44.0,41925.96742726631,167.70386970906526,20.0
803026,25.0,17.0,46.0,25.0,17.0,46.0,42728.78639489342,170.91514557957368,20.0
803027,25.0,17.0,48.0,25.0,17.0,48.0,43566.776642916426,174.2671065716657,20.0
803028,25.0,17.0,50.0,25.0,17.0,50.0,44438.82261865053,177.7552904746021,20.0
803029,25.0,17.0,52.0,25.0,17.0,52.0,45344.042440486504,181.37616976194602,20.0
803030,25.0,17.0,54.0,25.0,17.0,54.0,46281.790103320614,185.12716041328247,20.0
803031,25.0,17.0,56.0,25.0,17.0,56.0,47251.80568249361,189.00722272997444,20.0
803032,25.0,17.0,58.0,25.0,17.0,58.0,48254.519146086444,193.01807658434578,20.0
803033,25.0,17.0,60.0,25.0,17.0,60.0,49291.54506352376,197.16618025409502,20.0
803034,25.0,17.0,62.0,25.0,17.0,62.0,50366.45555123504,201.46582220494017,20.0
803035,25.0,17.0,64.0,25.0,17.0,64.0,51485.99282986742,205.94397131946968,20.0
803036,25.0,17.0,66.0,25.0,17.0,66.0,52662.00784238131,210.64803136952526,20.0
803037,25.0,17.0,68.0,25.0,17.0,68.0,53914.64630178735,215.6585852071494,20.0
803038,25.0,17.0,70.0,25.0,17.0,70.0,55277.773392445735,221.11109356978295,20.0
803039,25.0,17.0,72.0,25.0,17.0,72.0,56808.62073716824,227.23448294867296,20.0
803040,25.0,17.0,74.0,25.0,17.0,74.0,58605.865785510454,234.4234631420418,20.0
803041,25.0,17.0,76.0,25.0,17.0,76.0,60845.71364865617,243.3828545946247,20.0
803042,25.0,17.0,78.0,25.0,17.0,78.0,63859.572246294214,255.43828898517685,20.0
803043,25.0,17.0,80.0,25.0,17.0,80.0,68317.3893619148,273.2695574476592,20.0
803044,25.0,17.0,82.0,25.0,17.0,82.0,75711.89278274495,302.8475711309798,20.0
803045,25.0,17.0,84.0,25.0,17.0,84.0,89820.46327171834,359.28185308687335,20.0
803046,25.0,17.0,86.0,25.0,17.0,86.0,121706.54089947214,486.8261635978886,20.0
803047,25.0,17.0,88.0,25.0,17.0,88.0,203605.85262468635,814.4234104987454,20.0
803048,25.0,17.0,90.0,25.0,17.0,90.0,307631.55776558677,1230.526231062347,20.0
803049,25.0,17.0,92.0,25.0,17.0,92.0,203605.85262468693,814.4234104987478,20.0
803050,25.0,17.0,94.0,25.0,17.0,94.0,121706.54089947246,486.82616359788983,20.0
803051,25.0,17.0,96.0,25.0,17.0,96.0,89820.46327171849,359.281853086874,20.0
803052,25.0,17.0,98.0,25.0,17.0,98.0,75711.89278274492,302.8475711309797,20.0
803053,25.0,17.0,100.0,25.0,17.0,100.0,68317.3893619148,273.2695574476592,20.0
803054,25.0,17.0,102.0,25.0,17.0,102.0,63859.572246294214,255.43828898517685,20.0
803055,25.0,17.0,104.0,25.0,17.0,104.0,60845.71364865617,243.3828545946247,20.0
803056,25.0,17.0,106.0,25.0,17.0,106.0,58605.86578551047,234.42346314204187,20.0
803057,25.0,17.0,108.0,25.0,17.0,108.0,56808.62073716825,227.234482948673,20.0
803058,25.0,17.0,110.0,25.0,17.0,110.0,55277.77339244574,221.11109356978298,20.0
803059,25.0,17.0,112.0,25.0,17.0,112.0,53914.64630178736,215.65858520714946,20.0
803060,25.0,17.0,114.0,25.0,17.0,114.0,52662.00784238133,210.64803136952534,20.0
803061,25.0,17.0,116.0,25.0,17.0,116.0,51485.99282986741,205.94397131946965,20.0
803062,25.0,17.0,118.0,25.0,17.0,118.0,50366.45555123504,201.46582220494017,20.0
803063,25.0,17.0,120.0,25.0,17.0,120.0,49291.54506352376,197.16618025409502,20.0
803064,25.0,17.0,122.0,25.0,17.0,122.0,48254.519146086444,193.01807658434578,20.0
803065,25.0,17.0,124.0,25.0,17.0,124.0,47251.80568249361,189.00722272997444,20.0
803066,25.0,17.0,126.0,25.0,17.0,126.0,46281.790103320614,185.12716041328247,20.0
803067,25.0,17.0,128.0,25.0,17.0,128.0,45344.04244048652,181.37616976194607,20.0
803068,25.0,17.0,130.0,25.0,17.0,130.0,44438.82261865055,177.7552904746022,20.0
803069,25.0,17.0,132.0,25.0,17.0,132.0,43566.776642916426,174.2671065716657,20.0
803070,25.0,17.0,134.0,25.0,17.0,134.0,42728.7863948934,170.91514557957362,20.0
803071,25.0,17.0,136.0,25.0,17.0,136.0,41925.96742726632,167.7038697090653,20.0
803072,25.0,17.0,138.0,25.0,17.0,138.0,41159.814493334525,164.6392579733381,20.0
803073,25.0,17.0,140.0,25.0,17.0,140.0,40432.467636050846,161.72987054420338,20.0
803074,25.0,17.0,142.0,25.0,17.0,142.0,39747.02346978064,158.98809387912254,20.0
803075,25.0,17.0,144.0,25.0,17.0,144.0,39107.774243368556,156.43109697347424,20.0
803076,25.0,17.0,146.0,25.0,17.0,146.0,38520.24905258192,154.0809962103277,20.0
803077,25.0,17.0,148.0,25.0,17.0,148.0,37990.96783990759,151.96387135963036,20.0
803078,25.0,17.0,150.0,25.0,17.0,150.0,37526.88830508994,150.10755322035976,20.0
803079,25.0,17.0,152.0,25.0,17.0,152.0,37134.6037254077,148.5384149016308,20.0
803080,25.0,17.0,154.0,25.0,17.0,154.0,36819.410988020514,147.27764395208206,20.0
803081,25.0,17.0,156.0,25.0,17.0,156.0,36584.397648759485,146.33759059503794,20.0
803082,25.0,17.0,158.0,25.0,17.0,158.0,36429.69196143472,145.71876784573888,20.0
803083,25.0,17.0,160.0,25.0,17.0,160.0,36351.98783932646,145.40795135730585,20.0
803084,25.0,17.0,162.0,25.0,17.0,162.0,36344.409613645184,145.37763845458073,20.0
803085,25.0,17.0,164.0,25.0,17.0,164.0,36396.73125985285,145.5869250394114,20.0
803086,25.0,17.0,166.0,25.0,17.0,166.0,36495.92059076216,145.98368236304864,20.0
803087,25.0,17.0,168.0,25.0,17.0,168.0,36626.94597043352,146.50778388173407,20.0
803088,25.0,17.0,170.0,25.0,17.0,170.0,36773.76301878594,147.09505207514377,20.0
803089,25.0,17.0,172.0,25.0,17.0,172.0,36920.3906294164,147.68156251766558,20.0
803090,25.0,17.0,174.0,25.0,17.0,174.0,37051.987073765384,148.20794829506153,20.0
803091,25.0,17.0,176.0,25.0,17.0,176.0,37155.84521908864,148.62338087635456,20.0
803092,25.0,17.0,178.0,25.0,17.0,178.0,37222.23835032225,148.888953401289,20.0
803093,25.0,17.0,180.0,25.0,17.0,180.0,37245.06271610858,148.9802508644343,20.0
803094,30.0,10.0,0.0,30.0,10.0,0.0,53877.779513125904,215.51111805250363,20.0
803095,30.0,10.0,2.0,30.0,10.0,2.0,53820.918197986815,215.28367279194725,20.0
803096,30.0,10.0,4.0,30.0,10.0,4.0,53655.40984882533,214.62163939530132,20.0
803097,30.0,10.0,6.0,30.0,10.0,6.0,53396.01393129268,213.5840557251707,20.0
803098,30.0,10.0,8.0,30.0,10.0,8.0,53065.81735941766,212.26326943767066,20.0
803099,30.0,10.0,10.0,30.0,10.0,10.0,52694.12237307355,210.77648949229422,20.0
803100,30.0,10.0,12.0,30.0,10.0,12.0,52313.79004221462,209.25516016885848,20.0
803101,30.0,10.0,14.0,30.0,10.0,14.0,51958.31167265906,207.83324669063623,20.0
803102,30.0,10.0,16.0,30.0,10.0,16.0,51658.916968475205,206.63566787390081,20.0
803103,30.0,10.0,18.0,30.0,10.0,18.0,51442.03292487167,205.7681316994867,20.0
803104,30.0,10.0,20.0,30.0,10.0,20.0,51327.37549526227,205.3095019810491,20.0
803105,30.0,10.0,22.0,30.0,10.0,22.0,51326.88484490467,205.30753937961867,20.0
803106,30.0,10.0,24.0,30.0,10.0,24.0,51444.60774028604,205.77843096114415,20.0
803107,30.0,10.0,26.0,30.0,10.0,26.0,51677.4980929516,206.7099923718064,20.0
803108,30.0,10.0,28.0,30.0,10.0,28.0,52016.96798940462,208.06787195761848,20.0
803109,30.0,10.0,30.0,30.0,10.0,30.0,52450.90275149383,209.8036110059753,20.0
803110,30.0,10.0,32.0,30.0,10.0,32.0,52965.783087417956,211.86313234967184,20.0
803111,30.0,10.0,34.0,30.0,10.0,34.0,53548.558072924876,214.1942322916995,20.0
803112,30.0,10.0,36.0,30.0,10.0,36.0,54187.99225394455,216.7519690157782,20.0
803113,30.0,10.0,38.0,30.0,10.0,38.0,54875.3534713386,219.50141388535442,20.0
803114,30.0,10.0,40.0,30.0,10.0,40.0,55604.476449908376,222.4179057996335,20.0
803115,30.0,10.0,42.0,30.0,10.0,42.0,56371.37887589009,225.48551550356038,20.0
803116,30.0,10.0,44.0,30.0,10.0,44.0,57173.676718604125,228.6947068744165,20.0
803117,30.0,10.0,46.0,30.0,10.0,46.0,58010.027900862624,232.0401116034505,20.0
803118,30.0,10.0,48.0,30.0,10.0,48.0,58879.75074657298,235.51900298629192,20.0
803119,30.0,10.0,50.0,30.0,10.0,50.0,59782.665328088384,239.13066131235354,20.0
803120,30.0,10.0,52.0,30.0,10.0,52.0,60719.13914995068,242.8765565998027,20.0
803121,30.0,10.0,54.0,30.0,10.0,54.0,61690.303016156155,246.76121206462463,20.0
803122,30.0,10.0,56.0,30.0,10.0,56.0,62698.427451938755,250.79370980775502,20.0
803123,30.0,10.0,58.0,30.0,10.0,58.0,63747.49293899575,254.989971755983,20.0
803124,30.0,10.0,60.0,30.0,10.0,60.0,64844.0377801695,259.376151120678,20.0
803125,30.0,10.0,62.0,30.0,10.0,62.0,65998.43355637099,263.993734225484,20.0
803126,30.0,10.0,64.0,30.0,10.0,64.0,67226.84405001278,268.9073762000511,20.0
803127,30.0,10.0,66.0,30.0,10.0,66.0,68554.31288633152,274.21725154532606,20.0
803128,30.0,10.0,68.0,30.0,10.0,68.0,70019.78229630535,280.0791291852214,20.0
803129,30.0,10.0,70.0,30.0,10.0,70.0,71684.5489490352,286.7381957961408,20.0
803130,30.0,10.0,72.0,30.0,10.0,72.0,73647.11547457117,294.58846189828466,20.0
803131,30.0,10.0,74.0,30.0,10.0,74.0,76070.55907931237,304.2822363172495,20.0
803132,30.0,10.0,76.0,30.0,10.0,76.0,79235.84809095263,316.9433923638105,20.0
803133,30.0,10.0,78.0,30.0,10.0,78.0,83652.58253308784,334.6103301323514,20.0
803134,30.0,10.0,80.0,30.0,10.0,80.0,90306.3644162756,361.2254576651024,20.0
803135,30.0,10.0,82.0,30.0,10.0,82.0,101255.7237744776,405.0228950979104,20.0
803136,30.0,10.0,84.0,30.0,10.0,84.0,121159.79207819048,484.63916831276197,20.0
803137,30.0,10.0,86.0,30.0,10.0,86.0,160874.135910266,643.496543641064,20.0
803138,30.0,10.0,88.0,30.0,10.0,88.0,237361.6605140483,949.4466420561932,20.0
803139,30.0,10.0,90.0,30.0,10.0,90.0,301982.4089102428,1207.9296356409711,20.0
803140,30.0,10.0,92.0,30.0,10.0,92.0,237361.6605140488,949.4466420561952,20.0
803141,30.0,10.0,94.0,30.0,10.0,94.0,160874.13591026637,643.4965436410655,20.0
803142,30.0,10.0,96.0,30.0,10.0,96.0,121159.79207819072,484.6391683127629,20.0
803143,30.0,10.0,98.0,30.0,10.0,98.0,101255.72377447756,405.02289509791024,20.0
803144,30.0,10.0,100.0,30.0,10.0,100.0,90306.36441627558,361.22545766510234,20.0
803145,30.0,10.0,102.0,30.0,10.0,102.0,83652.58253308784,334.6103301323514,20.0
803146,30.0,10.0,104.0,30.0,10.0,104.0,79235.84809095263,316.9433923638105,20.0
803147,30.0,10.0,106.0,30.0,10.0,106.0,76070.55907931237,304.2822363172495,20.0
803148,30.0,10.0,108.0,30.0,10.0,108.0,73647.11547457118,294.5884618982847,20.0
803149,30.0,10.0,110.0,30.0,10.0,110.0,71684.5489490352,286.7381957961408,20.0
803150,30.0,10.0,112.0,30.0,10.0,112.0,70019.78229630535,280.0791291852214,20.0
803151,30.0,10.0,114.0,30.0,10.0,114.0,68554.31288633154,274.2172515453262,20.0
803152,30.0,10.0,116.0,30.0,10.0,116.0,67226.84405001276,268.90737620005103,20.0
803153,30.0,10.0,118.0,30.0,10.0,118.0,65998.43355637098,263.99373422548393,20.0
803154,30.0,10.0,120.0,30.0,10.0,120.0,64844.0377801695,259.376151120678,20.0
803155,30.0,10.0,122.0,30.0,10.0,122.0,63747.49293899575,254.989971755983,20.0
803156,30.0,10.0,124.0,30.0,10.0,124.0,62698.427451938755,250.79370980775502,20.0
803157,30.0,10.0,126.0,30.0,10.0,126.0,61690.30301615617,246.7612120646247,20.0
803158,30.0,10.0,128.0,30.0,10.0,128.0,60719.13914995069,242.87655659980277,20.0
803159,30.0,10.0,130.0,30.0,10.0,130.0,59782.66532808839,239.13066131235357,20.0
803160,30.0,10.0,132.0,30.0,10.0,132.0,58879.75074657298,235.51900298629192,20.0
803161,30.0,10.0,134.0,30.0,10.0,134.0,58010.02790086262,232.04011160345047,20.0
803162,30.0,10.0,136.0,30.0,10.0,136.0,57173.67671860413,228.69470687441654,20.0
803163,30.0,10.0,138.0,30.0,10.0,138.0,56371.37887589009,225.48551550356038,20.0
803164,30.0,10.0,140.0,30.0,10.0,140.0,55604.476449908376,222.4179057996335,20.0
803165,30.0,10.0,142.0,30.0,10.0,142.0,54875.3534713386,219.50141388535442,20.0
803166,30.0,10.0,144.0,30.0,10.0,144.0,54187.99225394455,216.7519690157782,20.0
803167,30.0,10.0,146.0,30.0,10.0,146.0,53548.55807292487,214.19423229169948,20.0
803168,30.0,10.0,148.0,30.0,10.0,148.0,52965.78308741796,211.86313234967187,20.0
803169,30.0,10.0,150.0,30.0,10.0,150.0,52450.90275149383,209.8036110059753,20.0
803170,30.0,10.0,152.0,30.0,10.0,152.0,52016.96798940462,208.06787195761848,20.0
803171,30.0,10.0,154.0,30.0,10.0,154.0,51677.4980929516,206.7099923718064,20.0
803172,30.0,10.0,156.0,30.0,10.0,156.0,51444.60774028604,205.77843096114415,20.0
803173,30.0,10.0,158.0,30.0,10.0,158.0,51326.88484490467,205.30753937961867,20.0
803174,30.0,10.0,160.0,30.0,10.0,160.0,51327.37549526229,205.30950198104918,20.0
803175,30.0,10.0,162.0,30.0,10.0,162.0,51442.03292487169,205.76813169948676,20.0
803176,30.0,10.0,164.0,30.0,10.0,164.0,51658.91696847519,206.63566787390076,20.0
803177,30.0,10.0,166.0,30.0,10.0,166.0,51958.31167265906,207.83324669063623,20.0
803178,30.0,10.0,168.0,30.0,10.0,168.0,52313.79004221463,209.2551601688585,20.0
803179,30.0,10.0,170.0,30.0,10.0,170.0,52694.12237307355,210.77648949229422,20.0
803180,30.0,10.0,172.0,30.0,10.0,172.0,53065.81735941766,212.26326943767066,20.0
803181,30.0,10.0,174.0,30.0,10.0,174.0,53396.01393129268,213.5840557251707,20.0
803182,30.0,10.0,176.0,30.0,10.0,176.0,53655.40984882533,214.62163939530132,20.0
803183,30.0,10.0,178.0,30.0,10.0,178.0,53820.918197986815,215.28367279194725,20.0
803184,30.0,10.0,180.0,30.0,10.0,180.0,53877.779513125904,215.51111805250363,20.0
803185,30.0,12.0,0.0,30.0,12.0,0.0,46657.011544420464,186.62804617768185,20.0
803186,30.0,12.0,2.0,30.0,12.0,2.0,46608.995229926935,186.43598091970773,20.0
803187,30.0,12.0,4.0,30.0,12.0,4.0,46469.34792336556,185.87739169346224,20.0
803188,30.0,12.0,6.0,30.0,12.0,6.0,46250.86970438419,185.00347881753677,20.0
803189,30.0,12.0,8.0,30.0,12.0,8.0,45973.58405053843,183.89433620215374,20.0
803190,30.0,12.0,10.0,30.0,12.0,10.0,45662.9081104824,182.6516324419296,20.0
803191,30.0,12.0,12.0,30.0,12.0,12.0,45347.35132116396,181.38940528465585,20.0
803192,30.0,12.0,14.0,30.0,12.0,14.0,45055.97817727794,180.22391270911177,20.0
803193,30.0,12.0,16.0,30.0,12.0,16.0,44815.902638576656,179.26361055430664,20.0
803194,30.0,12.0,18.0,30.0,12.0,18.0,44650.08608753399,178.60034435013597,20.0
803195,30.0,12.0,20.0,30.0,12.0,20.0,44575.683086576355,178.30273234630542,20.0
803196,30.0,12.0,22.0,30.0,12.0,22.0,44603.11748010515,178.41246992042062,20.0
803197,30.0,12.0,24.0,30.0,12.0,24.0,44735.97847336553,178.94391389346214,20.0
803198,30.0,12.0,26.0,30.0,12.0,26.0,44971.71152170687,179.8868460868275,20.0
803199,30.0,12.0,28.0,30.0,12.0,28.0,45302.95873259174,181.21183493036696,20.0
803200,30.0,12.0,30.0,30.0,12.0,30.0,45719.30058754322,182.8772023501729,20.0
803201,30.0,12.0,32.0,30.0,12.0,32.0,46209.089733241606,184.83635893296642,20.0
803202,30.0,12.0,34.0,30.0,12.0,34.0,46761.06817081577,187.0442726832631,20.0
803203,30.0,12.0,36.0,30.0,12.0,36.0,47365.52806627098,189.4621122650839,20.0
803204,30.0,12.0,38.0,30.0,12.0,38.0,48014.90052079012,192.05960208316048,20.0
803205,30.0,12.0,40.0,30.0,12.0,40.0,48703.80252016159,194.81521008064635,20.0
803206,30.0,12.0,42.0,30.0,12.0,42.0,49428.69497941369,197.71477991765477,20.0
803207,30.0,12.0,44.0,30.0,12.0,44.0,50187.36542451492,200.7494616980597,20.0
803208,30.0,12.0,46.0,30.0,12.0,46.0,50978.43351354731,203.91373405418923,20.0
803209,30.0,12.0,48.0,30.0,12.0,48.0,51801.00590622372,207.2040236248949,20.0
803210,30.0,12.0,50.0,30.0,12.0,50.0,52654.52170491219,210.61808681964877,20.0
803211,30.0,12.0,52.0,30.0,12.0,52.0,53538.77170282277,214.15508681129108,20.0
803212,30.0,12.0,54.0,30.0,12.0,54.0,54454.06079932841,217.81624319731364,20.0
803213,30.0,12.0,56.0,30.0,12.0,56.0,55401.503575623436,221.60601430249375,20.0
803214,30.0,12.0,58.0,30.0,12.0,58.0,56383.479181546165,225.53391672618466,20.0
803215,30.0,12.0,60.0,30.0,12.0,60.0,57404.31386279989,229.61725545119958,20.0
803216,30.0,12.0,62.0,30.0,12.0,62.0,58471.31412106386,233.88525648425542,20.0
803217,30.0,12.0,64.0,30.0,12.0,64.0,59596.36093556127,238.3854437422451,20.0
803218,30.0,12.0,66.0,30.0,12.0,66.0,60798.43249252713,243.1937299701085,20.0
803219,30.0,12.0,68.0,30.0,12.0,68.0,62107.72096134859,248.43088384539436,20.0
803220,30.0,12.0,70.0,30.0,12.0,70.0,63572.60108809249,254.29040435236996,20.0
803221,30.0,12.0,72.0,30.0,12.0,72.0,65271.94469183193,261.08777876732773,20.0
803222,30.0,12.0,74.0,30.0,12.0,74.0,67338.00600608226,269.352024024329,20.0
803223,30.0,12.0,76.0,30.0,12.0,76.0,70001.53951279646,280.0061580511858,20.0
803224,30.0,12.0,78.0,30.0,12.0,78.0,73687.15628370084,294.7486251348034,20.0
803225,30.0,12.0,80.0,30.0,12.0,80.0,79232.05466701098,316.9282186680439,20.0
803226,30.0,12.0,82.0,30.0,12.0,82.0,88437.23805556899,353.748952222276,20.0
803227,30.0,12.0,84.0,30.0,12.0,84.0,105595.25904868194,422.38103619472776,20.0
803228,30.0,12.0,86.0,30.0,12.0,86.0,141820.96978601607,567.2838791440643,20.0
803229,30.0,12.0,88.0,30.0,12.0,88.0,220443.04228737025,881.772169149481,20.0
803230,30.0,12.0,90.0,30.0,12.0,90.0,297951.5313732399,1191.8061254929596,20.0
803231,30.0,12.0,92.0,30.0,12.0,92.0,220443.04228737077,881.7721691494831,20.0
803232,30.0,12.0,94.0,30.0,12.0,94.0,141820.96978601645,567.2838791440657,20.0
803233,30.0,12.0,96.0,30.0,12.0,96.0,105595.25904868214,422.38103619472855,20.0
803234,30.0,12.0,98.0,30.0,12.0,98.0,88437.23805556896,353.7489522222759,20.0
803235,30.0,12.0,100.0,30.0,12.0,100.0,79232.05466701096,316.9282186680438,20.0
803236,30.0,12.0,102.0,30.0,12.0,102.0,73687.15628370082,294.7486251348033,20.0
803237,30.0,12.0,104.0,30.0,12.0,104.0,70001.53951279646,280.0061580511858,20.0
803238,30.0,12.0,106.0,30.0,12.0,106.0,67338.00600608227,269.35202402432907,20.0
803239,30.0,12.0,108.0,30.0,12.0,108.0,65271.94469183196,261.08777876732785,20.0
803240,30.0,12.0,110.0,30.0,12.0,110.0,63572.60108809249,254.29040435236996,20.0
803241,30.0,12.0,112.0,30.0,12.0,112.0,62107.72096134859,248.43088384539436,20.0
803242,30.0,12.0,114.0,30.0,12.0,114.0,60798.432492527136,243.19372997010854,20.0
803243,30.0,12.0,116.0,30.0,12.0,116.0,59596.36093556126,238.38544374224503,20.0
803244,30.0,12.0,118.0,30.0,12.0,118.0,58471.31412106386,233.88525648425542,20.0
803245,30.0,12.0,120.0,30.0,12.0,120.0,57404.31386279989,229.61725545119958,20.0
803246,30.0,12.0,122.0,30.0,12.0,122.0,56383.479181546165,225.53391672618466,20.0
803247,30.0,12.0,124.0,30.0,12.0,124.0,55401.503575623436,221.60601430249375,20.0
803248,30.0,12.0,126.0,30.0,12.0,126.0,54454.06079932842,217.8162431973137,20.0
803249,30.0,12.0,128.0,30.0,12.0,128.0,53538.77170282278,214.1550868112911,20.0
803250,30.0,12.0,130.0,30.0,12.0,130.0,52654.5217049122,210.6180868196488,20.0
803251,30.0,12.0,132.0,30.0,12.0,132.0,51801.00590622372,207.2040236248949,20.0
803252,30.0,12.0,134.0,30.0,12.0,134.0,50978.4335135473,203.9137340541892,20.0
803253,30.0,12.0,136.0,30.0,12.0,136.0,50187.36542451494,200.74946169805975,20.0
803254,30.0,12.0,138.0,30.0,12.0,138.0,49428.69497941369,197.71477991765477,20.0
803255,30.0,12.0,140.0,30.0,12.0,140.0,48703.80252016159,194.81521008064635,20.0
803256,30.0,12.0,142.0,30.0,12.0,142.0,48014.90052079012,192.05960208316048,20.0
803257,30.0,12.0,144.0,30.0,12.0,144.0,47365.52806627098,189.4621122650839,20.0
803258,30.0,12.0,146.0,30.0,12.0,146.0,46761.06817081576,187.04427268326305,20.0
803259,30.0,12.0,148.0,30.0,12.0,148.0,46209.089733241606,184.83635893296642,20.0
803260,30.0,12.0,150.0,30.0,12.0,150.0,45719.30058754322,182.8772023501729,20.0
803261,30.0,12.0,152.0,30.0,12.0,152.0,45302.95873259174,181.21183493036696,20.0
803262,30.0,12.0,154.0,30.0,12.0,154.0,44971.71152170686,179.88684608682743,20.0
803263,30.0,12.0,156.0,30.0,12.0,156.0,44735.97847336553,178.94391389346214,20.0
803264,30.0,12.0,158.0,30.0,12.0,158.0,44603.11748010515,178.41246992042062,20.0
803265,30.0,12.0,160.0,30.0,12.0,160.0,44575.68308657636,178.30273234630545,20.0
803266,30.0,12.0,162.0,30.0,12.0,162.0,44650.086087534,178.600344350136,20.0
803267,30.0,12.0,164.0,30.0,12.0,164.0,44815.90263857665,179.2636105543066,20.0
803268,30.0,12.0,166.0,30.0,12.0,166.0,45055.97817727794,180.22391270911177,20.0
803269,30.0,12.0,168.0,30.0,12.0,168.0,45347.351321163966,181.38940528465588,20.0
803270,30.0,12.0,170.0,30.0,12.0,170.0,45662.9081104824,182.6516324419296,20.0
803271,30.0,12.0,172.0,30.0,12.0,172.0,45973.58405053843,183.89433620215374,20.0
803272,30.0,12.0,174.0,30.0,12.0,174.0,46250.86970438419,185.00347881753677,20.0
803273,30.0,12.0,176.0,30.0,12.0,176.0,46469.34792336556,185.87739169346224,20.0
803274,30.0,12.0,178.0,30.0,12.0,178.0,46608.995229926935,186.43598091970773,20.0
803275,30.0,12.0,180.0,30.0,12.0,180.0,46657.011544420464,186.62804617768185,20.0
803276,30.0,14.0,0.0,30.0,14.0,0.0,39661.53066740816,158.64612266963263,20.0
803277,30.0,14.0,2.0,30.0,14.0,2.0,39622.05974409061,158.48823897636245,20.0
803278,30.0,14.0,4.0,30.0,14.0,4.0,39507.37373339571,158.02949493358284,20.0
803279,30.0,14.0,6.0,30.0,14.0,6.0,39328.31060058562,157.31324240234247,20.0
803280,30.0,14.0,8.0,30.0,14.0,8.0,39101.82592872731,156.40730371490923,20.0
803281,30.0,14.0,10.0,30.0,14.0,10.0,38849.44572379872,155.3977828951949,20.0
803282,30.0,14.0,12.0,30.0,14.0,12.0,38595.32034000187,154.38128136000748,20.0
803283,30.0,14.0,14.0,30.0,14.0,14.0,38364.07887144114,153.45631548576455,20.0
803284,30.0,14.0,16.0,30.0,14.0,16.0,38178.71013190604,152.71484052762415,20.0
803285,30.0,14.0,18.0,30.0,14.0,18.0,38058.70008053145,152.2348003221258,20.0
803286,30.0,14.0,20.0,30.0,14.0,20.0,38018.63215575079,152.07452862300318,20.0
803287,30.0,14.0,22.0,30.0,14.0,22.0,38067.40480408544,152.26961921634177,20.0
803288,30.0,14.0,24.0,30.0,14.0,24.0,38208.14192786665,152.8325677114666,20.0
803289,30.0,14.0,26.0,30.0,14.0,26.0,38438.77490991892,153.75509963967568,20.0
803290,30.0,14.0,28.0,30.0,14.0,28.0,38753.17329819826,155.01269319279302,20.0
803291,30.0,14.0,30.0,30.0,14.0,30.0,39142.61423036118,156.5704569214447,20.0
803292,30.0,14.0,32.0,30.0,14.0,32.0,39597.329046578925,158.3893161863157,20.0
803293,30.0,14.0,34.0,30.0,14.0,34.0,40107.86601921691,160.43146407686766,20.0
803294,30.0,14.0,36.0,30.0,14.0,36.0,40666.06636459798,162.66426545839192,20.0
803295,30.0,14.0,38.0,30.0,14.0,38.0,41265.55562557154,165.06222250228618,20.0
803296,30.0,14.0,40.0,30.0,14.0,40.0,41901.775836242676,167.6071033449707,20.0
803297,30.0,14.0,42.0,30.0,14.0,42.0,42571.6875977951,170.2867503911804,20.0
803298,30.0,14.0,44.0,30.0,14.0,44.0,43273.32242530745,173.09328970122982,20.0
803299,30.0,14.0,46.0,30.0,14.0,46.0,44005.35271610012,176.02141086440048,20.0
803300,30.0,14.0,48.0,30.0,14.0,48.0,44766.786009459654,179.06714403783863,20.0
803301,30.0,14.0,50.0,30.0,14.0,50.0,45556.81799005342,182.2272719602137,20.0
803302,30.0,14.0,52.0,30.0,14.0,52.0,46374.82947284748,185.49931789138992,20.0
803303,30.0,14.0,54.0,30.0,14.0,54.0,47220.50055970489,188.88200223881955,20.0
803304,30.0,14.0,56.0,30.0,14.0,56.0,48094.03207329202,192.3761282931681,20.0
803305,30.0,14.0,58.0,30.0,14.0,58.0,48996.49406026578,195.98597624106313,20.0
803306,30.0,14.0,60.0,30.0,14.0,60.0,49930.35533908,199.72142135632,20.0
803307,30.0,14.0,62.0,30.0,14.0,62.0,50900.2918040599,203.60116721623962,20.0
803308,30.0,14.0,64.0,30.0,14.0,64.0,51914.440929808035,207.65776371923215,20.0
803309,30.0,14.0,66.0,30.0,14.0,66.0,52986.395531640155,211.94558212656062,20.0
803310,30.0,14.0,68.0,30.0,14.0,68.0,54138.4696401628,216.5538785606512,20.0
803311,30.0,14.0,70.0,30.0,14.0,70.0,55407.24928457879,221.62899713831519,20.0
803312,30.0,14.0,72.0,30.0,14.0,72.0,56853.45239156336,227.41380956625346,20.0
803313,30.0,14.0,74.0,30.0,14.0,74.0,58580.38395217018,234.32153580868072,20.0
803314,30.0,14.0,76.0,30.0,14.0,76.0,60770.694313129905,243.08277725251963,20.0
803315,30.0,14.0,78.0,30.0,14.0,78.0,63765.24632132485,255.0609852852994,20.0
803316,30.0,14.0,80.0,30.0,14.0,80.0,68248.23769431311,272.9929507772524,20.0
803317,30.0,14.0,82.0,30.0,14.0,82.0,75731.59580899042,302.9263832359617,20.0
803318,30.0,14.0,84.0,30.0,14.0,84.0,89992.39487906633,359.9695795162653,20.0
803319,30.0,14.0,86.0,30.0,14.0,86.0,121810.10661976098,487.2404264790439,20.0
803320,30.0,14.0,88.0,30.0,14.0,88.0,200510.4136709977,802.0416546839908,20.0
803321,30.0,14.0,90.0,30.0,14.0,90.0,294486.9173569061,1177.9476694276245,20.0
803322,30.0,14.0,92.0,30.0,14.0,92.0,200510.41367099827,802.0416546839931,20.0
803323,30.0,14.0,94.0,30.0,14.0,94.0,121810.10661976128,487.24042647904514,20.0
803324,30.0,14.0,96.0,30.0,14.0,96.0,89992.39487906647,359.9695795162659,20.0
803325,30.0,14.0,98.0,30.0,14.0,98.0,75731.59580899036,302.92638323596145,20.0
803326,30.0,14.0,100.0,30.0,14.0,100.0,68248.2376943131,272.99295077725236,20.0
803327,30.0,14.0,102.0,30.0,14.0,102.0,63765.24632132485,255.0609852852994,20.0
803328,30.0,14.0,104.0,30.0,14.0,104.0,60770.694313129905,243.08277725251963,20.0
803329,30.0,14.0,106.0,30.0,14.0,106.0,58580.38395217018,234.32153580868072,20.0
803330,30.0,14.0,108.0,30.0,14.0,108.0,56853.452391563376,227.41380956625352,20.0
803331,30.0,14.0,110.0,30.0,14.0,110.0,55407.24928457881,221.62899713831524,20.0
803332,30.0,14.0,112.0,30.0,14.0,112.0,54138.46964016281,216.55387856065124,20.0
803333,30.0,14.0,114.0,30.0,14.0,114.0,52986.39553164017,211.94558212656068,20.0
803334,30.0,14.0,116.0,30.0,14.0,116.0,51914.44092980803,207.65776371923212,20.0
803335,30.0,14.0,118.0,30.0,14.0,118.0,50900.2918040599,203.60116721623962,20.0
803336,30.0,14.0,120.0,30.0,14.0,120.0,49930.35533908,199.72142135632,20.0
803337,30.0,14.0,122.0,30.0,14.0,122.0,48996.49406026578,195.98597624106313,20.0
803338,30.0,14.0,124.0,30.0,14.0,124.0,48094.03207329202,192.3761282931681,20.0
803339,30.0,14.0,126.0,30.0,14.0,126.0,47220.5005597049,188.8820022388196,20.0
803340,30.0,14.0,128.0,30.0,14.0,128.0,46374.82947284748,185.49931789138992,20.0
803341,30.0,14.0,130.0,30.0,14.0,130.0,45556.81799005342,182.2272719602137,20.0
803342,30.0,14.0,132.0,30.0,14.0,132.0,44766.786009459654,179.06714403783863,20.0
803343,30.0,14.0,134.0,30.0,14.0,134.0,44005.35271610011,176.02141086440045,20.0
803344,30.0,14.0,136.0,30.0,14.0,136.0,43273.32242530746,173.09328970122985,20.0
803345,30.0,14.0,138.0,30.0,14.0,138.0,42571.6875977951,170.2867503911804,20.0
803346,30.0,14.0,140.0,30.0,14.0,140.0,41901.775836242676,167.6071033449707,20.0
803347,30.0,14.0,142.0,30.0,14.0,142.0,41265.55562557154,165.06222250228618,20.0
803348,30.0,14.0,144.0,30.0,14.0,144.0,40666.06636459798,162.66426545839192,20.0
803349,30.0,14.0,146.0,30.0,14.0,146.0,40107.8660192169,160.4314640768676,20.0
803350,30.0,14.0,148.0,30.0,14.0,148.0,39597.32904657894,158.38931618631577,20.0
803351,30.0,14.0,150.0,30.0,14.0,150.0,39142.61423036118,156.5704569214447,20.0
803352,30.0,14.0,152.0,30.0,14.0,152.0,38753.17329819826,155.01269319279302,20.0
803353,30.0,14.0,154.0,30.0,14.0,154.0,38438.77490991891,153.75509963967565,20.0
803354,30.0,14.0,156.0,30.0,14.0,156.0,38208.14192786665,152.8325677114666,20.0
803355,30.0,14.0,158.0,30.0,14.0,158.0,38067.40480408544,152.26961921634177,20.0
803356,30.0,14.0,160.0,30.0,14.0,160.0,38018.632155750805,152.07452862300323,20.0
803357,30.0,14.0,162.0,30.0,14.0,162.0,38058.70008053146,152.23480032212584,20.0
803358,30.0,14.0,164.0,30.0,14.0,164.0,38178.71013190604,152.71484052762415,20.0
803359,30.0,14.0,166.0,30.0,14.0,166.0,38364.07887144114,153.45631548576455,20.0
803360,30.0,14.0,168.0,30.0,14.0,168.0,38595.32034000187,154.38128136000748,20.0
803361,30.0,14.0,170.0,30.0,14.0,170.0,38849.44572379872,155.3977828951949,20.0
803362,30.0,14.0,172.0,30.0,14.0,172.0,39101.82592872731,156.40730371490923,20.0
803363,30.0,14.0,174.0,30.0,14.0,174.0,39328.31060058562,157.31324240234247,20.0
803364,30.0,14.0,176.0,30.0,14.0,176.0,39507.37373339571,158.02949493358284,20.0
803365,30.0,14.0,178.0,30.0,14.0,178.0,39622.05974409061,158.48823897636245,20.0
803366,30.0,14.0,180.0,30.0,14.0,180.0,39661.53066740816,158.64612266963263,20.0
803367,30.0,16.0,0.0,30.0,16.0,0.0,32891.336882088974,131.5653475283559,20.0
803368,30.0,16.0,2.0,30.0,16.0,2.0,32860.14178400293,131.44056713601174,20.0
803369,30.0,16.0,4.0,30.0,16.0,4.0,32769.60715711066,131.07842862844262,20.0
803370,30.0,16.0,6.0,30.0,16.0,6.0,32628.605231201334,130.51442092480534,20.0
803371,30.0,16.0,8.0,30.0,16.0,8.0,32451.01773250242,129.8040709300097,20.0
803372,30.0,16.0,10.0,30.0,16.0,10.0,32254.471332629222,129.0178853305169,20.0
803373,30.0,16.0,12.0,30.0,16.0,12.0,32058.747044193326,128.2349881767733,20.0
803374,30.0,16.0,14.0,30.0,16.0,14.0,31884.026452620034,127.53610581048014,20.0
803375,30.0,16.0,16.0,30.0,16.0,16.0,31749.159549114516,126.99663819645806,20.0
803376,30.0,16.0,18.0,30.0,16.0,18.0,31670.141976452156,126.68056790580863,20.0
803377,30.0,16.0,20.0,30.0,16.0,20.0,31658.970373375236,126.63588149350095,20.0
803378,30.0,16.0,22.0,30.0,16.0,22.0,31723.001857116553,126.89200742846621,20.0
803379,30.0,16.0,24.0,30.0,16.0,24.0,31864.87947326775,127.459517893071,20.0
803380,30.0,16.0,26.0,30.0,16.0,26.0,32083.006109906244,128.33202443962497,20.0
803381,30.0,16.0,28.0,30.0,16.0,28.0,32372.466355214852,129.48986542085942,20.0
803382,30.0,16.0,30.0,30.0,16.0,30.0,32726.224668042432,130.90489867216974,20.0
803383,30.0,16.0,32.0,30.0,16.0,32.0,33136.38602651226,132.54554410604902,20.0
803384,30.0,16.0,34.0,30.0,16.0,34.0,33595.305601599444,134.38122240639777,20.0
803385,30.0,16.0,36.0,30.0,16.0,36.0,34096.381583211754,136.385526332847,20.0
803386,30.0,16.0,38.0,30.0,16.0,38.0,34634.45101954317,138.53780407817268,20.0
803387,30.0,16.0,40.0,30.0,16.0,40.0,35205.80929870915,140.8232371948366,20.0
803388,30.0,16.0,42.0,30.0,16.0,42.0,35807.95864618579,143.23183458474315,20.0
803389,30.0,16.0,44.0,30.0,16.0,44.0,36439.23285855735,145.7569314342294,20.0
803390,30.0,16.0,46.0,30.0,16.0,46.0,37098.43483331184,148.39373933324737,20.0
803391,30.0,16.0,48.0,30.0,16.0,48.0,37784.5738174582,151.1382952698328,20.0
803392,30.0,16.0,50.0,30.0,16.0,50.0,38496.73019879114,153.98692079516456,20.0
803393,30.0,16.0,52.0,30.0,16.0,52.0,39234.035303116085,156.93614121246435,20.0
803394,30.0,16.0,54.0,30.0,16.0,54.0,39995.7435697133,159.9829742788532,20.0
803395,30.0,16.0,56.0,30.0,16.0,56.0,40781.38787762311,163.12555151049244,20.0
803396,30.0,16.0,58.0,30.0,16.0,58.0,41591.03232875812,166.36412931503247,20.0
803397,30.0,16.0,60.0,30.0,16.0,60.0,42425.66348198868,169.70265392795474,20.0
803398,30.0,16.0,62.0,30.0,16.0,62.0,43287.79462618763,173.1511785047505,20.0
803399,30.0,16.0,64.0,30.0,16.0,64.0,44182.41093510272,176.7296437404109,20.0
803400,30.0,16.0,66.0,30.0,16.0,66.0,45118.47943686807,180.47391774747229,20.0
803401,30.0,16.0,68.0,30.0,16.0,68.0,46111.431995892344,184.44572798356938,20.0
803402,30.0,16.0,70.0,30.0,16.0,70.0,47187.400574216066,188.74960229686428,20.0
803403,30.0,16.0,72.0,30.0,16.0,72.0,48390.77233305259,193.56308933221038,20.0
803404,30.0,16.0,74.0,30.0,16.0,74.0,49798.41372025222,199.19365488100888,20.0
803405,30.0,16.0,76.0,30.0,16.0,76.0,51548.24383573723,206.19297534294893,20.0
803406,30.0,16.0,78.0,30.0,16.0,78.0,53901.32529827304,215.60530119309217,20.0
803407,30.0,16.0,80.0,30.0,16.0,80.0,57390.49690666111,229.56198762664445,20.0
803408,30.0,16.0,82.0,30.0,16.0,82.0,63221.98190751219,252.88792763004878,20.0
803409,30.0,16.0,84.0,30.0,16.0,84.0,74538.49774822078,298.1539909928831,20.0
803410,30.0,16.0,86.0,30.0,16.0,86.0,101139.04252205385,404.55617008821537,20.0
803411,30.0,16.0,88.0,30.0,16.0,88.0,176868.33312134558,707.4733324853823,20.0
803412,30.0,16.0,90.0,30.0,16.0,90.0,292008.91581316065,1168.0356632526427,20.0
803413,30.0,16.0,92.0,30.0,16.0,92.0,176868.3331213462,707.4733324853847,20.0
803414,30.0,16.0,94.0,30.0,16.0,94.0,101139.0425220541,404.5561700882164,20.0
803415,30.0,16.0,96.0,30.0,16.0,96.0,74538.4977482209,298.1539909928836,20.0
803416,30.0,16.0,98.0,30.0,16.0,98.0,63221.98190751216,252.88792763004867,20.0
803417,30.0,16.0,100.0,30.0,16.0,100.0,57390.4969066611,229.56198762664442,20.0
803418,30.0,16.0,102.0,30.0,16.0,102.0,53901.32529827304,215.60530119309217,20.0
803419,30.0,16.0,104.0,30.0,16.0,104.0,51548.24383573723,206.19297534294893,20.0
803420,30.0,16.0,106.0,30.0,16.0,106.0,49798.41372025222,199.19365488100888,20.0
803421,30.0,16.0,108.0,30.0,16.0,108.0,48390.7723330526,193.5630893322104,20.0
803422,30.0,16.0,110.0,30.0,16.0,110.0,47187.400574216066,188.74960229686428,20.0
803423,30.0,16.0,112.0,30.0,16.0,112.0,46111.431995892344,184.44572798356938,20.0
803424,30.0,16.0,114.0,30.0,16.0,114.0,45118.47943686807,180.47391774747229,20.0
803425,30.0,16.0,116.0,30.0,16.0,116.0,44182.41093510271,176.72964374041084,20.0
803426,30.0,16.0,118.0,30.0,16.0,118.0,43287.79462618761,173.15117850475045,20.0
803427,30.0,16.0,120.0,30.0,16.0,120.0,42425.66348198868,169.70265392795474,20.0
803428,30.0,16.0,122.0,30.0,16.0,122.0,41591.03232875812,166.36412931503247,20.0
803429,30.0,16.0,124.0,30.0,16.0,124.0,40781.38787762311,163.12555151049244,20.0
803430,30.0,16.0,126.0,30.0,16.0,126.0,39995.743569713304,159.98297427885322,20.0
803431,30.0,16.0,128.0,30.0,16.0,128.0,39234.035303116085,156.93614121246435,20.0
803432,30.0,16.0,130.0,30.0,16.0,130.0,38496.73019879114,153.98692079516456,20.0
803433,30.0,16.0,132.0,30.0,16.0,132.0,37784.5738174582,151.1382952698328,20.0
803434,30.0,16.0,134.0,30.0,16.0,134.0,37098.43483331184,148.39373933324737,20.0
803435,30.0,16.0,136.0,30.0,16.0,136.0,36439.232858557356,145.75693143422941,20.0
803436,30.0,16.0,138.0,30.0,16.0,138.0,35807.95864618579,143.23183458474315,20.0
803437,30.0,16.0,140.0,30.0,16.0,140.0,35205.80929870915,140.8232371948366,20.0
803438,30.0,16.0,142.0,30.0,16.0,142.0,34634.45101954317,138.53780407817268,20.0
803439,30.0,16.0,144.0,30.0,16.0,144.0,34096.381583211754,136.385526332847,20.0
803440,30.0,16.0,146.0,30.0,16.0,146.0,33595.30560159944,134.38122240639774,20.0
803441,30.0,16.0,148.0,30.0,16.0,148.0,33136.38602651226,132.54554410604902,20.0
803442,30.0,16.0,150.0,30.0,16.0,150.0,32726.22466804244,130.90489867216976,20.0
803443,30.0,16.0,152.0,30.0,16.0,152.0,32372.466355214852,129.48986542085942,20.0
803444,30.0,16.0,154.0,30.0,16.0,154.0,32083.006109906237,128.33202443962494,20.0
803445,30.0,16.0,156.0,30.0,16.0,156.0,31864.87947326775,127.459517893071,20.0
803446,30.0,16.0,158.0,30.0,16.0,158.0,31723.001857116553,126.89200742846621,20.0
803447,30.0,16.0,160.0,30.0,16.0,160.0,31658.970373375247,126.63588149350099,20.0
803448,30.0,16.0,162.0,30.0,16.0,162.0,31670.14197645216,126.68056790580864,20.0
803449,30.0,16.0,164.0,30.0,16.0,164.0,31749.159549114513,126.99663819645805,20.0
803450,30.0,16.0,166.0,30.0,16.0,166.0,31884.026452620034,127.53610581048014,20.0
803451,30.0,16.0,168.0,30.0,16.0,168.0,32058.747044193333,128.23498817677333,20.0
803452,30.0,16.0,170.0,30.0,16.0,170.0,32254.471332629222,129.0178853305169,20.0
803453,30.0,16.0,172.0,30.0,16.0,172.0,32451.01773250242,129.8040709300097,20.0
803454,30.0,16.0,174.0,30.0,16.0,174.0,32628.605231201334,130.51442092480534,20.0
803455,30.0,16.0,176.0,30.0,16.0,176.0,32769.60715711066,131.07842862844262,20.0
803456,30.0,16.0,178.0,30.0,16.0,178.0,32860.14178400293,131.44056713601174,20.0
803457,30.0,16.0,180.0,30.0,16.0,180.0,32891.336882088974,131.5653475283559,20.0
803458,35.0,10.0,0.0,35.0,10.0,0.0,45853.44100128223,183.41376400512894,20.0
803459,35.0,10.0,2.0,35.0,10.0,2.0,45781.99441287349,183.12797765149398,20.0
803460,35.0,10.0,4.0,35.0,10.0,4.0,45575.25571226811,182.30102284907244,20.0
803461,35.0,10.0,6.0,35.0,10.0,6.0,45255.06610102022,181.02026440408088,20.0
803462,35.0,10.0,8.0,35.0,10.0,8.0,44854.76394901959,179.41905579607834,20.0
803463,35.0,10.0,10.0,35.0,10.0,10.0,44415.068594298704,177.6602743771948,20.0
803464,35.0,10.0,12.0,35.0,10.0,12.0,43979.20195215776,175.91680780863103,20.0
803465,35.0,10.0,14.0,35.0,10.0,14.0,43587.9679380014,174.3518717520056,20.0
803466,35.0,10.0,16.0,35.0,10.0,16.0,43275.50364276333,173.10201457105333,20.0
803467,35.0,10.0,18.0,35.0,10.0,18.0,43066.29122100842,172.26516488403368,20.0
803468,35.0,10.0,20.0,35.0,10.0,20.0,42973.79188696486,171.89516754785944,20.0
803469,35.0,10.0,22.0,35.0,10.0,22.0,43000.77057407427,172.00308229629707,20.0
803470,35.0,10.0,24.0,35.0,10.0,24.0,43141.07651390907,172.5643060556363,20.0
803471,35.0,10.0,26.0,35.0,10.0,26.0,43382.39461529266,173.52957846117064,20.0
803472,35.0,10.0,28.0,35.0,10.0,28.0,43709.34281088401,174.83737124353604,20.0
803473,35.0,10.0,30.0,35.0,10.0,30.0,44106.296569516904,176.42518627806763,20.0
803474,35.0,10.0,32.0,35.0,10.0,32.0,44559.471395064335,178.23788558025734,20.0
803475,35.0,10.0,34.0,35.0,10.0,34.0,45058.04273987587,180.2321709595035,20.0
803476,35.0,10.0,36.0,35.0,10.0,36.0,45594.353250677945,182.3774130027118,20.0
803477,35.0,10.0,38.0,35.0,10.0,38.0,46163.46563117631,184.65386252470523,20.0
803478,35.0,10.0,40.0,35.0,10.0,40.0,46762.40776091031,187.04963104364126,20.0
803479,35.0,10.0,42.0,35.0,10.0,42.0,47389.41799036182,189.55767196144728,20.0
803480,35.0,10.0,44.0,35.0,10.0,44.0,48043.37740741695,192.1735096296678,20.0
803481,35.0,10.0,46.0,35.0,10.0,46.0,48723.48235647713,194.8939294259085,20.0
803482,35.0,10.0,48.0,35.0,10.0,48.0,49429.121242479414,197.71648496991767,20.0
803483,35.0,10.0,50.0,35.0,10.0,50.0,50159.89237944422,200.6395695177769,20.0
803484,35.0,10.0,52.0,35.0,10.0,52.0,50915.716507632555,203.6628660305302,20.0
803485,35.0,10.0,54.0,35.0,10.0,54.0,51697.029610332436,206.78811844132974,20.0
803486,35.0,10.0,56.0,35.0,10.0,56.0,52505.07090573816,210.02028362295266,20.0
803487,35.0,10.0,58.0,35.0,10.0,58.0,53342.30587824902,213.3692235129961,20.0
803488,35.0,10.0,60.0,35.0,10.0,60.0,54213.05314523233,216.85221258092932,20.0
803489,35.0,10.0,62.0,35.0,10.0,62.0,55124.428913826945,220.4977156553078,20.0
803490,35.0,10.0,64.0,35.0,10.0,64.0,56087.801226898766,224.35120490759508,20.0
803491,35.0,10.0,66.0,35.0,10.0,66.0,57121.08978328651,228.48435913314603,20.0
803492,35.0,10.0,68.0,35.0,10.0,68.0,58252.52065176161,233.01008260704646,20.0
803493,35.0,10.0,70.0,35.0,10.0,70.0,59526.98961403019,238.10795845612077,20.0
803494,35.0,10.0,72.0,35.0,10.0,72.0,61017.3267727266,244.0693070909064,20.0
803495,35.0,10.0,74.0,35.0,10.0,74.0,62845.27782150399,251.38111128601597,20.0
803496,35.0,10.0,76.0,35.0,10.0,76.0,65222.98666644916,260.89194666579664,20.0
803497,35.0,10.0,78.0,35.0,10.0,78.0,68541.00593954121,274.16402375816483,20.0
803498,35.0,10.0,80.0,35.0,10.0,80.0,73571.3032199586,294.28521287983443,20.0
803499,35.0,10.0,82.0,35.0,10.0,82.0,81983.40383200468,327.93361532801873,20.0
803500,35.0,10.0,84.0,35.0,10.0,84.0,97797.98691974391,391.1919476789757,20.0
803501,35.0,10.0,86.0,35.0,10.0,86.0,131657.26365682774,526.629054627311,20.0
803502,35.0,10.0,88.0,35.0,10.0,88.0,207264.42669109724,829.057706764389,20.0
803503,35.0,10.0,90.0,35.0,10.0,90.0,284746.92139802425,1138.987685592097,20.0
803504,35.0,10.0,92.0,35.0,10.0,92.0,207264.4266910978,829.0577067643911,20.0
803505,35.0,10.0,94.0,35.0,10.0,94.0,131657.26365682806,526.6290546273123,20.0
803506,35.0,10.0,96.0,35.0,10.0,96.0,97797.9869197441,391.1919476789764,20.0
803507,35.0,10.0,98.0,35.0,10.0,98.0,81983.40383200464,327.93361532801856,20.0
803508,35.0,10.0,100.0,35.0,10.0,100.0,73571.30321995859,294.2852128798344,20.0
803509,35.0,10.0,102.0,35.0,10.0,102.0,68541.0059395412,274.1640237581648,20.0
803510,35.0,10.0,104.0,35.0,10.0,104.0,65222.98666644916,260.89194666579664,20.0
803511,35.0,10.0,106.0,35.0,10.0,106.0,62845.277821503994,251.381111286016,20.0
803512,35.0,10.0,108.0,35.0,10.0,108.0,61017.32677272662,244.06930709090648,20.0
803513,35.0,10.0,110.0,35.0,10.0,110.0,59526.9896140302,238.1079584561208,20.0
803514,35.0,10.0,112.0,35.0,10.0,112.0,58252.52065176162,233.01008260704648,20.0
803515,35.0,10.0,114.0,35.0,10.0,114.0,57121.08978328652,228.48435913314609,20.0
803516,35.0,10.0,116.0,35.0,10.0,116.0,56087.80122689875,224.35120490759502,20.0
803517,35.0,10.0,118.0,35.0,10.0,118.0,55124.42891382694,220.49771565530776,20.0
803518,35.0,10.0,120.0,35.0,10.0,120.0,54213.05314523233,216.85221258092932,20.0
803519,35.0,10.0,122.0,35.0,10.0,122.0,53342.30587824902,213.3692235129961,20.0
803520,35.0,10.0,124.0,35.0,10.0,124.0,52505.07090573816,210.02028362295266,20.0
803521,35.0,10.0,126.0,35.0,10.0,126.0,51697.02961033245,206.7881184413298,20.0
803522,35.0,10.0,128.0,35.0,10.0,128.0,50915.71650763258,203.66286603053032,20.0
803523,35.0,10.0,130.0,35.0,10.0,130.0,50159.89237944423,200.63956951777692,20.0
803524,35.0,10.0,132.0,35.0,10.0,132.0,49429.12124247941,197.71648496991764,20.0
803525,35.0,10.0,134.0,35.0,10.0,134.0,48723.48235647713,194.8939294259085,20.0
803526,35.0,10.0,136.0,35.0,10.0,136.0,48043.37740741695,192.1735096296678,20.0
803527,35.0,10.0,138.0,35.0,10.0,138.0,47389.41799036182,189.55767196144728,20.0
803528,35.0,10.0,140.0,35.0,10.0,140.0,46762.40776091031,187.04963104364126,20.0
803529,35.0,10.0,142.0,35.0,10.0,142.0,46163.46563117631,184.65386252470523,20.0
803530,35.0,10.0,144.0,35.0,10.0,144.0,45594.353250677945,182.3774130027118,20.0
803531,35.0,10.0,146.0,35.0,10.0,146.0,45058.04273987586,180.23217095950346,20.0
803532,35.0,10.0,148.0,35.0,10.0,148.0,44559.471395064335,178.23788558025734,20.0
803533,35.0,10.0,150.0,35.0,10.0,150.0,44106.296569516904,176.42518627806763,20.0
803534,35.0,10.0,152.0,35.0,10.0,152.0,43709.34281088401,174.83737124353604,20.0
803535,35.0,10.0,154.0,35.0,10.0,154.0,43382.39461529265,173.52957846117062,20.0
803536,35.0,10.0,156.0,35.0,10.0,156.0,43141.07651390907,172.5643060556363,20.0
803537,35.0,10.0,158.0,35.0,10.0,158.0,43000.77057407427,172.00308229629707,20.0
803538,35.0,10.0,160.0,35.0,10.0,160.0,42973.79188696487,171.8951675478595,20.0
803539,35.0,10.0,162.0,35.0,10.0,162.0,43066.29122100843,172.26516488403374,20.0
803540,35.0,10.0,164.0,35.0,10.0,164.0,43275.50364276333,173.10201457105333,20.0
803541,35.0,10.0,166.0,35.0,10.0,166.0,43587.9679380014,174.3518717520056,20.0
803542,35.0,10.0,168.0,35.0,10.0,168.0,43979.201952157775,175.9168078086311,20.0
803543,35.0,10.0,170.0,35.0,10.0,170.0,44415.068594298704,177.6602743771948,20.0
803544,35.0,10.0,172.0,35.0,10.0,172.0,44854.76394901959,179.41905579607834,20.0
803545,35.0,10.0,174.0,35.0,10.0,174.0,45255.06610102022,181.02026440408088,20.0
803546,35.0,10.0,176.0,35.0,10.0,176.0,45575.25571226811,182.30102284907244,20.0
803547,35.0,10.0,178.0,35.0,10.0,178.0,45781.99441287349,183.12797765149398,20.0
803548,35.0,10.0,180.0,35.0,10.0,180.0,45853.44100128223,183.41376400512894,20.0
803549,35.0,12.0,0.0,35.0,12.0,0.0,38684.55901533537,154.7382360613415,20.0
803550,35.0,12.0,2.0,35.0,12.0,2.0,38626.02975529366,154.50411902117466,20.0
803551,35.0,12.0,4.0,35.0,12.0,4.0,38456.79742875556,153.82718971502226,20.0
803552,35.0,12.0,6.0,35.0,12.0,6.0,38195.124539125994,152.780498156504,20.0
803553,35.0,12.0,8.0,35.0,12.0,8.0,37868.88855689952,151.47555422759808,20.0
803554,35.0,12.0,10.0,35.0,12.0,10.0,37512.14229864381,150.04856919457524,20.0
803555,35.0,12.0,12.0,35.0,12.0,12.0,37161.037315645925,148.6441492625837,20.0
803556,35.0,12.0,14.0,35.0,12.0,14.0,36849.71188045873,147.3988475218349,20.0
803557,35.0,12.0,16.0,35.0,12.0,16.0,36606.740086333375,146.4269603453335,20.0
803558,35.0,12.0,18.0,35.0,12.0,18.0,36452.63414218205,145.8105365687282,20.0
803559,35.0,12.0,20.0,35.0,12.0,20.0,36398.70179662034,145.59480718648138,20.0
803560,35.0,12.0,22.0,35.0,12.0,22.0,36447.316134494824,145.7892645379793,20.0
803561,35.0,12.0,24.0,35.0,12.0,24.0,36593.401559049955,146.37360623619983,20.0
803562,35.0,12.0,26.0,35.0,12.0,26.0,36826.73056425288,147.30692225701154,20.0
803563,35.0,12.0,28.0,35.0,12.0,28.0,37134.50915720795,148.5380366288318,20.0
803564,35.0,12.0,30.0,35.0,12.0,30.0,37503.73382411298,150.0149352964519,20.0
803565,35.0,12.0,32.0,35.0,12.0,32.0,37922.92794575327,151.6917117830131,20.0
803566,35.0,12.0,34.0,35.0,12.0,34.0,38383.07328852902,153.53229315411608,20.0
803567,35.0,12.0,36.0,35.0,12.0,36.0,38877.77820074362,155.51111280297448,20.0
803568,35.0,12.0,38.0,35.0,12.0,38.0,39402.89823868304,157.61159295473217,20.0
803569,35.0,12.0,40.0,35.0,12.0,40.0,39955.89876309319,159.82359505237275,20.0
803570,35.0,12.0,42.0,35.0,12.0,42.0,40535.21667931322,162.1408667172529,20.0
803571,35.0,12.0,44.0,35.0,12.0,44.0,41139.777263286756,164.55910905314704,20.0
803572,35.0,12.0,46.0,35.0,12.0,46.0,41768.710416788155,167.0748416671526,20.0
803573,35.0,12.0,48.0,35.0,12.0,48.0,42421.236054499765,169.68494421799906,20.0
803574,35.0,12.0,50.0,35.0,12.0,50.0,43096.66542373463,172.3866616949385,20.0
803575,35.0,12.0,52.0,35.0,12.0,52.0,43794.479059052544,175.1779162362102,20.0
803576,35.0,12.0,54.0,35.0,12.0,54.0,44514.46850361918,178.05787401447674,20.0
803577,35.0,12.0,56.0,35.0,12.0,56.0,45256.952846662745,181.027811386651,20.0
803578,35.0,12.0,58.0,35.0,12.0,58.0,46023.1011516189,184.0924046064756,20.0
803579,35.0,12.0,60.0,35.0,12.0,60.0,46815.414608091225,187.2616584323649,20.0
803580,35.0,12.0,62.0,35.0,12.0,62.0,47638.45744192989,190.55382976771955,20.0
803581,35.0,12.0,64.0,35.0,12.0,64.0,48499.98717049492,193.99994868197967,20.0
803582,35.0,12.0,66.0,35.0,12.0,66.0,49412.74794144773,197.6509917657909,20.0
803583,35.0,12.0,68.0,35.0,12.0,68.0,50397.407469376616,201.58962987750647,20.0
803584,35.0,12.0,70.0,35.0,12.0,70.0,51487.55263511799,205.95021054047194,20.0
803585,35.0,12.0,72.0,35.0,12.0,72.0,52738.576231568455,210.95430492627384,20.0
803586,35.0,12.0,74.0,35.0,12.0,74.0,54244.343944633714,216.97737577853485,20.0
803587,35.0,12.0,76.0,35.0,12.0,76.0,56170.47625458447,224.6819050183379,20.0
803588,35.0,12.0,78.0,35.0,12.0,78.0,58825.99967710033,235.3039987084013,20.0
803589,35.0,12.0,80.0,35.0,12.0,80.0,62832.349731221344,251.32939892488537,20.0
803590,35.0,12.0,82.0,35.0,12.0,82.0,69568.9870085234,278.27594803409363,20.0
803591,35.0,12.0,84.0,35.0,12.0,84.0,82513.97230725655,330.0558892290262,20.0
803592,35.0,12.0,86.0,35.0,12.0,86.0,111794.7604409921,447.1790417639684,20.0
803593,35.0,12.0,88.0,35.0,12.0,88.0,186490.7429222984,745.9629716891936,20.0
803594,35.0,12.0,90.0,35.0,12.0,90.0,280118.4725758915,1120.473890303566,20.0
803595,35.0,12.0,92.0,35.0,12.0,92.0,186490.74292229896,745.9629716891958,20.0
803596,35.0,12.0,94.0,35.0,12.0,94.0,111794.76044099238,447.1790417639695,20.0
803597,35.0,12.0,96.0,35.0,12.0,96.0,82513.97230725668,330.0558892290268,20.0
803598,35.0,12.0,98.0,35.0,12.0,98.0,69568.98700852337,278.2759480340935,20.0
803599,35.0,12.0,100.0,35.0,12.0,100.0,62832.34973122134,251.32939892488534,20.0
803600,35.0,12.0,102.0,35.0,12.0,102.0,58825.99967710033,235.3039987084013,20.0
803601,35.0,12.0,104.0,35.0,12.0,104.0,56170.47625458447,224.6819050183379,20.0
803602,35.0,12.0,106.0,35.0,12.0,106.0,54244.343944633714,216.97737577853485,20.0
803603,35.0,12.0,108.0,35.0,12.0,108.0,52738.57623156847,210.9543049262739,20.0
803604,35.0,12.0,110.0,35.0,12.0,110.0,51487.552635117994,205.95021054047197,20.0
803605,35.0,12.0,112.0,35.0,12.0,112.0,50397.40746937664,201.58962987750655,20.0
803606,35.0,12.0,114.0,35.0,12.0,114.0,49412.747941447735,197.65099176579093,20.0
803607,35.0,12.0,116.0,35.0,12.0,116.0,48499.987170494904,193.99994868197962,20.0
803608,35.0,12.0,118.0,35.0,12.0,118.0,47638.45744192988,190.55382976771952,20.0
803609,35.0,12.0,120.0,35.0,12.0,120.0,46815.414608091225,187.2616584323649,20.0
803610,35.0,12.0,122.0,35.0,12.0,122.0,46023.1011516189,184.0924046064756,20.0
803611,35.0,12.0,124.0,35.0,12.0,124.0,45256.952846662745,181.027811386651,20.0
803612,35.0,12.0,126.0,35.0,12.0,126.0,44514.4685036192,178.05787401447682,20.0
803613,35.0,12.0,128.0,35.0,12.0,128.0,43794.479059052566,175.17791623621028,20.0
803614,35.0,12.0,130.0,35.0,12.0,130.0,43096.66542373463,172.3866616949385,20.0
803615,35.0,12.0,132.0,35.0,12.0,132.0,42421.236054499765,169.68494421799906,20.0
803616,35.0,12.0,134.0,35.0,12.0,134.0,41768.71041678815,167.07484166715258,20.0
803617,35.0,12.0,136.0,35.0,12.0,136.0,41139.77726328676,164.55910905314707,20.0
803618,35.0,12.0,138.0,35.0,12.0,138.0,40535.21667931322,162.1408667172529,20.0
803619,35.0,12.0,140.0,35.0,12.0,140.0,39955.89876309319,159.82359505237275,20.0
803620,35.0,12.0,142.0,35.0,12.0,142.0,39402.89823868304,157.61159295473217,20.0
803621,35.0,12.0,144.0,35.0,12.0,144.0,38877.77820074361,155.51111280297445,20.0
803622,35.0,12.0,146.0,35.0,12.0,146.0,38383.07328852901,153.53229315411605,20.0
803623,35.0,12.0,148.0,35.0,12.0,148.0,37922.927945753276,151.69171178301312,20.0
803624,35.0,12.0,150.0,35.0,12.0,150.0,37503.733824112984,150.01493529645194,20.0
803625,35.0,12.0,152.0,35.0,12.0,152.0,37134.50915720795,148.5380366288318,20.0
803626,35.0,12.0,154.0,35.0,12.0,154.0,36826.73056425287,147.3069222570115,20.0
803627,35.0,12.0,156.0,35.0,12.0,156.0,36593.401559049955,146.37360623619983,20.0
803628,35.0,12.0,158.0,35.0,12.0,158.0,36447.316134494824,145.7892645379793,20.0
803629,35.0,12.0,160.0,35.0,12.0,160.0,36398.70179662035,145.5948071864814,20.0
803630,35.0,12.0,162.0,35.0,12.0,162.0,36452.634142182054,145.81053656872822,20.0
803631,35.0,12.0,164.0,35.0,12.0,164.0,36606.74008633337,146.42696034533347,20.0
803632,35.0,12.0,166.0,35.0,12.0,166.0,36849.71188045873,147.3988475218349,20.0
803633,35.0,12.0,168.0,35.0,12.0,168.0,37161.03731564593,148.64414926258374,20.0
803634,35.0,12.0,170.0,35.0,12.0,170.0,37512.14229864381,150.04856919457524,20.0
803635,35.0,12.0,172.0,35.0,12.0,172.0,37868.88855689952,151.47555422759808,20.0
803636,35.0,12.0,174.0,35.0,12.0,174.0,38195.124539125994,152.780498156504,20.0
803637,35.0,12.0,176.0,35.0,12.0,176.0,38456.79742875556,153.82718971502226,20.0
803638,35.0,12.0,178.0,35.0,12.0,178.0,38626.02975529366,154.50411902117466,20.0
803639,35.0,12.0,180.0,35.0,12.0,180.0,38684.55901533537,154.7382360613415,20.0
803640,35.0,14.0,0.0,35.0,14.0,0.0,31740.964121081623,126.9638564843265,20.0
803641,35.0,14.0,2.0,35.0,14.0,2.0,31695.06133918106,126.78024535672424,20.0
803642,35.0,14.0,4.0,35.0,14.0,4.0,31562.46186958334,126.24984747833336,20.0
803643,35.0,14.0,6.0,35.0,14.0,6.0,31357.846642874527,125.43138657149811,20.0
803644,35.0,14.0,8.0,35.0,14.0,8.0,31103.62752195184,124.41451008780736,20.0
803645,35.0,14.0,10.0,35.0,14.0,10.0,30827.184386835885,123.30873754734354,20.0
803646,35.0,14.0,12.0,35.0,14.0,12.0,30557.590484701523,122.2303619388061,20.0
803647,35.0,14.0,14.0,35.0,14.0,14.0,30322.309221724074,121.28923688689629,20.0
803648,35.0,14.0,16.0,35.0,14.0,16.0,30144.34149358849,120.57736597435397,20.0
803649,35.0,14.0,18.0,35.0,14.0,18.0,30040.218766801157,120.16087506720463,20.0
803650,35.0,14.0,20.0,35.0,14.0,20.0,30019.084390714168,120.07633756285668,20.0
803651,35.0,14.0,22.0,35.0,14.0,22.0,30082.90908058831,120.33163632235325,20.0
803652,35.0,14.0,24.0,35.0,14.0,24.0,30227.682952195883,120.91073180878354,20.0
803653,35.0,14.0,26.0,35.0,14.0,26.0,30445.258447038814,121.78103378815526,20.0
803654,35.0,14.0,28.0,35.0,14.0,28.0,30725.424712390846,122.90169884956339,20.0
803655,35.0,14.0,30.0,35.0,14.0,30.0,31057.798037065542,124.23119214826217,20.0
803656,35.0,14.0,32.0,35.0,14.0,32.0,31433.213347143916,125.73285338857566,20.0
803657,35.0,14.0,34.0,35.0,14.0,34.0,31844.468599582928,127.37787439833171,20.0
803658,35.0,14.0,36.0,35.0,14.0,36.0,32286.455430786937,129.14582172314775,20.0
803659,35.0,14.0,38.0,35.0,14.0,38.0,32755.84924314558,131.02339697258233,20.0
803660,35.0,14.0,40.0,35.0,14.0,40.0,33250.59119406212,133.0023647762485,20.0
803661,35.0,14.0,42.0,35.0,14.0,42.0,33769.36854489954,135.07747417959817,20.0
803662,35.0,14.0,44.0,35.0,14.0,44.0,34311.21850364291,137.24487401457162,20.0
803663,35.0,14.0,46.0,35.0,14.0,46.0,34875.29103331947,139.50116413327788,20.0
803664,35.0,14.0,48.0,35.0,14.0,48.0,35460.746101596196,141.8429844063848,20.0
803665,35.0,14.0,50.0,35.0,14.0,50.0,36066.74237260668,144.2669694904267,20.0
803666,35.0,14.0,52.0,35.0,14.0,52.0,36692.48536951018,146.76994147804072,20.0
803667,35.0,14.0,54.0,35.0,14.0,54.0,37337.32412763815,149.34929651055262,20.0
803668,35.0,14.0,56.0,35.0,14.0,56.0,38000.90416589369,152.00361666357477,20.0
803669,35.0,14.0,58.0,35.0,14.0,58.0,38683.400006062235,154.73360002424894,20.0
803670,35.0,14.0,60.0,35.0,14.0,60.0,39385.86759152163,157.54347036608652,20.0
803671,35.0,14.0,62.0,35.0,14.0,62.0,40110.78325193161,160.44313300772643,20.0
803672,35.0,14.0,64.0,35.0,14.0,64.0,40862.88187853182,163.4515275141273,20.0
803673,35.0,14.0,66.0,35.0,14.0,66.0,41650.491847344296,166.6019673893772,20.0
803674,35.0,14.0,68.0,35.0,14.0,68.0,42487.72758917717,169.9509103567087,20.0
803675,35.0,14.0,70.0,35.0,14.0,70.0,43398.23017154498,173.59292068617992,20.0
803676,35.0,14.0,72.0,35.0,14.0,72.0,44421.84724279785,177.6873889711914,20.0
803677,35.0,14.0,74.0,35.0,14.0,74.0,45627.2310639034,182.50892425561358,20.0
803678,35.0,14.0,76.0,35.0,14.0,76.0,47137.202738163425,188.5488109526537,20.0
803679,35.0,14.0,78.0,35.0,14.0,78.0,49184.0332230537,196.7361328922148,20.0
803680,35.0,14.0,80.0,35.0,14.0,80.0,52242.327865299274,208.9693114611971,20.0
803681,35.0,14.0,82.0,35.0,14.0,82.0,57390.428965950494,229.561715863802,20.0
803682,35.0,14.0,84.0,35.0,14.0,84.0,67460.3123951014,269.8412495804056,20.0
803683,35.0,14.0,86.0,35.0,14.0,86.0,91442.22143558307,365.76888574233226,20.0
803684,35.0,14.0,88.0,35.0,14.0,88.0,161990.1784672194,647.9607138688776,20.0
803685,35.0,14.0,90.0,35.0,14.0,90.0,276085.39834732644,1104.3415933893057,20.0
803686,35.0,14.0,92.0,35.0,14.0,92.0,161990.17846722,647.9607138688799,20.0
803687,35.0,14.0,94.0,35.0,14.0,94.0,91442.22143558331,365.7688857423333,20.0
803688,35.0,14.0,96.0,35.0,14.0,96.0,67460.3123951015,269.841249580406,20.0
803689,35.0,14.0,98.0,35.0,14.0,98.0,57390.42896595047,229.56171586380188,20.0
803690,35.0,14.0,100.0,35.0,14.0,100.0,52242.32786529926,208.96931146119704,20.0
803691,35.0,14.0,102.0,35.0,14.0,102.0,49184.0332230537,196.7361328922148,20.0
803692,35.0,14.0,104.0,35.0,14.0,104.0,47137.202738163425,188.5488109526537,20.0
803693,35.0,14.0,106.0,35.0,14.0,106.0,45627.2310639034,182.50892425561358,20.0
803694,35.0,14.0,108.0,35.0,14.0,108.0,44421.84724279787,177.6873889711915,20.0
803695,35.0,14.0,110.0,35.0,14.0,110.0,43398.23017154498,173.59292068617992,20.0
803696,35.0,14.0,112.0,35.0,14.0,112.0,42487.72758917718,169.95091035670873,20.0
803697,35.0,14.0,114.0,35.0,14.0,114.0,41650.4918473443,166.60196738937722,20.0
803698,35.0,14.0,116.0,35.0,14.0,116.0,40862.88187853181,163.45152751412724,20.0
803699,35.0,14.0,118.0,35.0,14.0,118.0,40110.78325193161,160.44313300772643,20.0
803700,35.0,14.0,120.0,35.0,14.0,120.0,39385.86759152163,157.54347036608652,20.0
803701,35.0,14.0,122.0,35.0,14.0,122.0,38683.400006062235,154.73360002424894,20.0
803702,35.0,14.0,124.0,35.0,14.0,124.0,38000.90416589369,152.00361666357477,20.0
803703,35.0,14.0,126.0,35.0,14.0,126.0,37337.32412763816,149.34929651055265,20.0
803704,35.0,14.0,128.0,35.0,14.0,128.0,36692.48536951019,146.76994147804078,20.0
803705,35.0,14.0,130.0,35.0,14.0,130.0,36066.742372606685,144.26696949042673,20.0
803706,35.0,14.0,132.0,35.0,14.0,132.0,35460.746101596196,141.8429844063848,20.0
803707,35.0,14.0,134.0,35.0,14.0,134.0,34875.29103331947,139.50116413327788,20.0
803708,35.0,14.0,136.0,35.0,14.0,136.0,34311.21850364291,137.24487401457162,20.0
803709,35.0,14.0,138.0,35.0,14.0,138.0,33769.36854489954,135.07747417959817,20.0
803710,35.0,14.0,140.0,35.0,14.0,140.0,33250.59119406212,133.0023647762485,20.0
803711,35.0,14.0,142.0,35.0,14.0,142.0,32755.84924314558,131.02339697258233,20.0
803712,35.0,14.0,144.0,35.0,14.0,144.0,32286.455430786937,129.14582172314775,20.0
803713,35.0,14.0,146.0,35.0,14.0,146.0,31844.468599582924,127.3778743983317,20.0
803714,35.0,14.0,148.0,35.0,14.0,148.0,31433.213347143916,125.73285338857566,20.0
803715,35.0,14.0,150.0,35.0,14.0,150.0,31057.798037065542,124.23119214826217,20.0
803716,35.0,14.0,152.0,35.0,14.0,152.0,30725.424712390846,122.90169884956339,20.0
803717,35.0,14.0,154.0,35.0,14.0,154.0,30445.258447038803,121.78103378815521,20.0
803718,35.0,14.0,156.0,35.0,14.0,156.0,30227.682952195883,120.91073180878354,20.0
803719,35.0,14.0,158.0,35.0,14.0,158.0,30082.90908058831,120.33163632235325,20.0
803720,35.0,14.0,160.0,35.0,14.0,160.0,30019.08439071418,120.07633756285672,20.0
803721,35.0,14.0,162.0,35.0,14.0,162.0,30040.21876680116,120.16087506720464,20.0
803722,35.0,14.0,164.0,35.0,14.0,164.0,30144.341493588487,120.57736597435395,20.0
803723,35.0,14.0,166.0,35.0,14.0,166.0,30322.309221724074,121.28923688689629,20.0
803724,35.0,14.0,168.0,35.0,14.0,168.0,30557.590484701534,122.23036193880614,20.0
803725,35.0,14.0,170.0,35.0,14.0,170.0,30827.184386835885,123.30873754734354,20.0
803726,35.0,14.0,172.0,35.0,14.0,172.0,31103.62752195184,124.41451008780736,20.0
803727,35.0,14.0,174.0,35.0,14.0,174.0,31357.846642874527,125.43138657149811,20.0
803728,35.0,14.0,176.0,35.0,14.0,176.0,31562.46186958334,126.24984747833336,20.0
803729,35.0,14.0,178.0,35.0,14.0,178.0,31695.06133918106,126.78024535672424,20.0
803730,35.0,14.0,180.0,35.0,14.0,180.0,31740.964121081623,126.9638564843265,20.0
