source_row,nominal_temperature_k,nominal_field_t,nominal_angle_deg,temperature_k,applied_field_t,angle_from_normal_deg,ic_a_per_m,bridge_ic_a,n_value
800000,10.0,12.0,0.0,10.0,12.0,0.0,89568.04543363044,358.2721817345218,20.0
800001,10.0,12.0,2.0,10.0,12.0,2.0,89527.20558048283,358.1088223219313,20.0
800002,10.0,12.0,4.0,10.0,12.0,4.0,89406.85874609511,357.62743498438044,20.0
800003,10.0,12.0,6.0,10.0,12.0,6.0,89213.46991917289,356.8538796766916,20.0
800004,10.0,12.0,8.0,10.0,12.0,8.0,88957.63492527472,355.83053970109887,20.0
800005,10.0,12.0,10.0,10.0,12.0,10.0,88653.805482823,354.61522193129196,20.0
800006,10.0,12.0,12.0,10.0,12.0,12.0,88319.89305058277,353.2795722023311,20.0
800007,10.0,12.0,14.0,10.0,12.0,14.0,87976.7430749892,351.9069722999568,20.0
800008,10.0,12.0,16.0,10.0,12.0,16.0,87647.47303882029,350.5898921552812,20.0
800009,10.0,12.0,18.0,10.0,12.0,18.0,87356.67281077887,349.4266912431155,20.0
800010,10.0,12.0,20.0,10.0,12.0,20.0,87129.47495614157,348.51789982456626,20.0
800011,10.0,12.0,22.0,10.0,12.0,22.0,86990.5164270786,347.9620657083144,20.0
800012,10.0,12.0,24.0,10.0,12.0,24.0,86962.83144997573,347.8513257999029,20.0
800013,10.0,12.0,26.0,10.0,12.0,26.0,87066.73763741823,348.26695054967297,20.0
800014,10.0,12.0,28.0,10.0,12.0,28.0,87318.80121953164,349.27520487812654,20.0
800015,10.0,12.0,30.0,10.0,12.0,30.0,87730.98889785657,350.9239555914263,20.0
800016,10.0,12.0,32.0,10.0,12.0,32.0,88310.12728717398,353.24050914869593,20.0
800017,10.0,12.0,34.0,10.0,12.0,34.0,89057.78870460951,356.2311548184381,20.0
800018,10.0,12.0,36.0,10.0,12.0,36.0,89970.69635088352,359.88278540353406,20.0
800019,10.0,12.0,38.0,10.0,12.0,38.0,91041.68723055361,364.1667489222144,20.0
800020,10.0,12.0,40.0,10.0,12.0,40.0,92261.18843834006,369.0447537533602,20.0
800021,10.0,12.0,42.0,10.0,12.0,42.0,93619.06369173591,374.4762547669436,20.0
800022,10.0,12.0,44.0,10.0,12.0,44.0,95106.59806853594,380.4263922741438,20.0
800023,10.0,12.0,46.0,10.0,12.0,46.0,96718.34685607173,386.87338742428693,20.0
800024,10.0,12.0,48.0,10.0,12.0,48.0,98453.61567696069,393.8144627078428,20.0
800025,10.0,12.0,50.0,10.0,12.0,50.0,100317.4787471983,401.26991498879323,20.0
800026,10.0,12.0,52.0,10.0,12.0,52.0,102321.45339167649,409.285813566706,20.0
800027,10.0,12.0,54.0,10.0,12.0,54.0,104484.16095858016,417.93664383432065,20.0
800028,10.0,12.0,56.0,10.0,12.0,56.0,106832.43608135554,427.32974432542215,20.0
800029,10.0,12.0,58.0,10.0,12.0,58.0,109403.36866426314,437.61347465705256,20.0
800030,10.0,12.0,60.0,10.0,12.0,60.0,112247.74223240122,448.9909689296049,20.0
800031,10.0,12.0,62.0,10.0,12.0,62.0,115435.40412316623,461.74161649266495,20.0
800032,10.0,12.0,64.0,10.0,12.0,64.0,119063.39396950614,476.25357587802455,20.0
800033,10.0,12.0,66.0,10.0,12.0,66.0,123268.24920097877,493.0729968039151,20.0
800034,10.0,12.0,68.0,10.0,12.0,68.0,128244.9078646435,512.979631458574,20.0
800035,10.0,12.0,70.0,10.0,12.0,70.0,134276.2887695234,537.1051550780936,20.0
800036,10.0,12.0,72.0,10.0,12.0,72.0,141780.40400117202,567.1216160046881,20.0
800037,10.0,12.0,74.0,10.0,12.0,74.0,151386.3622024502,605.5454488098007,20.0
800038,10.0,12.0,76.0,10.0,12.0,76.0,164057.0407995523,656.2281631982092,20.0
800039,10.0,12.0,78.0,10.0,12.0,78.0,181281.1900926316,725.1247603705264,20.0
800040,10.0,12.0,80.0,10.0,12.0,80.0,205340.57654248454,821.3623061699382,20.0
800041,10.0,12.0,82.0,10.0,12.0,82.0,239526.45994529105,958.1058397811643,20.0
800042,10.0,12.0,84.0,10.0,12.0,84.0,287604.1423204389,1150.4165692817558,20.0
800043,10.0,12.0,86.0,10.0,12.0,86.0,350089.23705562204,1400.3569482224882,20.0
800044,10.0,12.0,88.0,10.0,12.0,88.0,413480.1473045808,1653.9205892183231,20.0
800045,10.0,12.0,90.0,10.0,12.0,90.0,442615.8788087034,1770.4635152348135,20.0
800046,10.0,12.0,92.0,10.0,12.0,92.0,413480.147304581,1653.920589218324,20.0
800047,10.0,12.0,94.0,10.0,12.0,94.0,350089.2370556225,1400.35694822249,20.0
800048,10.0,12.0,96.0,10.0,12.0,96.0,287604.14232043934,1150.4165692817573,20.0
800049,10.0,12.0,98.0,10.0,12.0,98.0,239526.45994529093,958.1058397811637,20.0
800050,10.0,12.0,100.0,10.0,12.0,100.0,205340.5765424845,821.3623061699379,20.0
800051,10.0,12.0,102.0,10.0,12.0,102.0,181281.1900926316,725.1247603705264,20.0
800052,10.0,12.0,104.0,10.0,12.0,104.0,164057.0407995523,656.2281631982092,20.0
800053,10.0,12.0,106.0,10.0,12.0,106.0,151386.3622024502,605.5454488098007,20.0
800054,10.0,12.0,108.0,10.0,12.0,108.0,141780.40400117208,567.1216160046883,20.0
800055,10.0,12.0,110.0,10.0,12.0,110.0,134276.2887695234,537.1051550780936,20.0
800056,10.0,12.0,112.0,10.0,12.0,112.0,128244.90786464352,512.9796314585741,20.0
800057,10.0,12.0,114.0,10.0,12.0,114.0,123268.2492009788,493.0729968039152,20.0
800058,10.0,12.0,116.0,10.0,12.0,116.0,119063.39396950613,476.2535758780245,20.0
800059,10.0,12.0,118.0,10.0,12.0,118.0,115435.40412316623,461.74161649266495,20.0
800060,10.0,12.0,120.0,10.0,12.0,120.0,112247.74223240122,448.9909689296049,20.0
800061,10.0,12.0,122.0,10.0,12.0,122.0,109403.36866426314,437.61347465705256,20.0
800062,10.0,12.0,124.0,10.0,12.0,124.0,106832.43608135554,427.32974432542215,20.0
800063,10.0,12.0,126.0,10.0,12.0,126.0,104484.16095858018,417.9366438343207,20.0
800064,10.0,12.0,128.0,10.0,12.0,128.0,102321.45339167654,409.28581356670617,20.0
800065,10.0,12.0,130.0,10.0,12.0,130.0,100317.47874719836,401.26991498879346,20.0
800066,10.0,12.0,132.0,10.0,12.0,132.0,98453.61567696069,393.8144627078428,20.0
800067,10.0,12.0,134.0,10.0,12.0,134.0,96718.3468560717,386.8733874242868,20.0
800068,10.0,12.0,136.0,10.0,12.0,136.0,95106.59806853594,380.4263922741438,20.0
800069,10.0,12.0,138.0,10.0,12.0,138.0,93619.06369173591,374.4762547669436,20.0
800070,10.0,12.0,140.0,10.0,12.0,140.0,92261.18843834006,369.0447537533602,20.0
800071,10.0,12.0,142.0,10.0,12.0,142.0,91041.68723055361,364.1667489222144,20.0
800072,10.0,12.0,144.0,10.0,12.0,144.0,89970.6963508835,359.882785403534,20.0
800073,10.0,12.0,146.0,10.0,12.0,146.0,89057.78870460951,356.2311548184381,20.0
800074,10.0,12.0,148.0,10.0,12.0,148.0,88310.12728717401,353.24050914869605,20.0
800075,10.0,12.0,150.0,10.0,12.0,150.0,87730.98889785656,350.92395559142625,20.0
800076,10.0,12.0,152.0,10.0,12.0,152.0,87318.80121953164,349.27520487812654,20.0
800077,10.0,12.0,154.0,10.0,12.0,154.0,87066.7376374182,348.26695054967286,20.0
800078,10.0,12.0,156.0,10.0,12.0,156.0,86962.83144997573,347.8513257999029,20.0
800079,10.0,12.0,158.0,10.0,12.0,158.0,86990.5164270786,347.9620657083144,20.0
800080,10.0,12.0,160.0,10.0,12.0,160.0,87129.47495614158,348.5178998245663,20.0
800081,10.0,12.0,162.0,10.0,12.0,162.0,87356.6728107789,349.4266912431156,20.0
800082,10.0,12.0,164.0,10.0,12.0,164.0,87647.47303882027,350.5898921552811,20.0
800083,10.0,12.0,166.0,10.0,12.0,166.0,87976.7430749892,351.9069722999568,20.0
800084,10.0,12.0,168.0,10.0,12.0,168.0,88319.8930505828,353.2795722023312,20.0
800085,10.0,12.0,170.0,10.0,12.0,170.0,88653.805482823,354.61522193129196,20.0
800086,10.0,12.0,172.0,10.0,12.0,172.0,88957.63492527472,355.83053970109887,20.0
800087,10.0,12.0,174.0,10.0,12.0,174.0,89213.46991917289,356.8538796766916,20.0
800088,10.0,12.0,176.0,10.0,12.0,176.0,89406.85874609511,357.62743498438044,20.0
800089,10.0,12.0,178.0,10.0,12.0,178.0,89527.20558048283,358.1088223219313,20.0
800090,10.0,12.0,180.0,10.0,12.0,180.0,89568.04543363044,358.2721817345218,20.0
800091,10.0,14.0,0.0,10.0,14.0,0.0,81736.6677615057,326.9466710460228,20.0
800092,10.0,14.0,2.0,10.0,14.0,2.0,81698.99764111784,326.79599056447137,20.0
800093,10.0,14.0,4.0,10.0,14.0,4.0,81588.04968524586,326.35219874098345,20.0
800094,10.0,14.0,6.0,10.0,14.0,6.0,81409.96072770441,325.63984291081766,20.0
800095,10.0,14.0,8.0,10.0,14.0,8.0,81174.78911430853,324.6991564572341,20.0
800096,10.0,14.0,10.0,10.0,14.0,10.0,80896.25424850913,323.5850169940365,20.0
800097,10.0,14.0,12.0,10.0,14.0,12.0,80591.36130344192,322.3654452137677,20.0
800098,10.0,14.0,14.0,10.0,14.0,14.0,80279.90313299377,321.11961253197506,20.0
800099,10.0,14.0,16.0,10.0,14.0,16.0,79983.83310028254,319.93533240113015,20.0
800100,10.0,14.0,18.0,10.0,14.0,18.0,79726.50735254306,318.90602941017227,20.0
800101,10.0,14.0,20.0,10.0,14.0,20.0,79531.8037231635,318.12721489265397,20.0
800102,10.0,14.0,22.0,10.0,14.0,22.0,79423.13744075414,317.6925497630166,20.0
800103,10.0,14.0,24.0,10.0,14.0,24.0,79422.41121183937,317.6896448473575,20.0
800104,10.0,14.0,26.0,10.0,14.0,26.0,79548.95823455523,318.1958329382209,20.0
800105,10.0,14.0,28.0,10.0,14.0,28.0,79818.55925809543,319.27423703238173,20.0
800106,10.0,14.0,30.0,10.0,14.0,30.0,80242.63522449318,320.97054089797274,20.0
800107,10.0,14.0,32.0,10.0,14.0,32.0,80827.7297484813,323.3109189939252,20.0
800108,10.0,14.0,34.0,10.0,14.0,34.0,81575.39359500585,326.3015743800234,20.0
800109,10.0,14.0,36.0,10.0,14.0,36.0,82482.55898924175,329.930235956967,20.0
800110,10.0,14.0,38.0,10.0,14.0,38.0,83542.43986376957,334.1697594550783,20.0
800111,10.0,14.0,40.0,10.0,14.0,40.0,84745.91592213702,338.9836636885481,20.0
800112,10.0,14.0,42.0,10.0,14.0,42.0,86083.2650208121,344.3330600832484,20.0
800113,10.0,14.0,44.0,10.0,14.0,44.0,87546.02429136122,350.1840971654449,20.0
800114,10.0,14.0,46.0,10.0,14.0,46.0,89128.72067638252,356.5148827055301,20.0
800115,10.0,14.0,48.0,10.0,14.0,48.0,90830.25060577867,363.3210024231147,20.0
800116,10.0,14.0,50.0,10.0,14.0,50.0,92654.82071909982,370.61928287639927,20.0
800117,10.0,14.0,52.0,10.0,14.0,52.0,94612.5615019109,378.4502460076436,20.0
800118,10.0,14.0,54.0,10.0,14.0,54.0,96720.12657827378,386.8805063130951,20.0
800119,10.0,14.0,56.0,10.0,14.0,56.0,99001.71585977438,396.0068634390975,20.0
800120,10.0,14.0,58.0,10.0,14.0,58.0,101490.98368363554,405.96393473454214,20.0
800121,10.0,14.0,60.0,10.0,14.0,60.0,104234.27709838521,416.9371083935408,20.0
800122,10.0,14.0,62.0,10.0,14.0,62.0,107295.7250833439,429.18290033337564,20.0
800123,10.0,14.0,64.0,10.0,14.0,64.0,110764.99111842127,443.0599644736851,20.0
800124,10.0,14.0,66.0,10.0,14.0,66.0,114769.0974037298,459.0763896149192,20.0
800125,10.0,14.0,68.0,10.0,14.0,68.0,119490.75550372475,477.963022014899,20.0
800126,10.0,14.0,70.0,10.0,14.0,70.0,125197.38763418623,500.78955053674497,20.0
800127,10.0,14.0,72.0,10.0,14.0,72.0,132288.06575262424,529.152263010497,20.0
800128,10.0,14.0,74.0,10.0,14.0,74.0,141370.85335288406,565.4834134115363,20.0
800129,10.0,14.0,76.0,10.0,14.0,76.0,153391.53475215472,613.566139008619,20.0
800130,10.0,14.0,78.0,10.0,14.0,78.0,169845.3224496846,679.3812897987384,20.0
800131,10.0,14.0,80.0,10.0,14.0,80.0,193100.31829170257,772.4012731668103,20.0
800132,10.0,14.0,82.0,10.0,14.0,82.0,226759.98119417732,907.0399247767093,20.0
800133,10.0,14.0,84.0,10.0,14.0,84.0,275428.98276756995,1101.7159310702798,20.0
800134,10.0,14.0,86.0,10.0,14.0,86.0,341179.53967217455,1364.7181586886982,20.0
800135,10.0,14.0,88.0,10.0,14.0,88.0,410977.21901598625,1643.908876063945,20.0
800136,10.0,14.0,90.0,10.0,14.0,90.0,444166.64620235946,1776.6665848094378,20.0
800137,10.0,14.0,92.0,10.0,14.0,92.0,410977.2190159865,1643.908876063946,20.0
800138,10.0,14.0,94.0,10.0,14.0,94.0,341179.539672175,1364.7181586887,20.0
800139,10.0,14.0,96.0,10.0,14.0,96.0,275428.9827675704,1101.7159310702816,20.0
800140,10.0,14.0,98.0,10.0,14.0,98.0,226759.98119417715,907.0399247767086,20.0
800141,10.0,14.0,100.0,10.0,14.0,100.0,193100.31829170257,772.4012731668103,20.0
800142,10.0,14.0,102.0,10.0,14.0,102.0,169845.3224496846,679.3812897987384,20.0
800143,10.0,14.0,104.0,10.0,14.0,104.0,153391.53475215472,613.566139008619,20.0
800144,10.0,14.0,106.0,10.0,14.0,106.0,141370.85335288412,565.4834134115365,20.0
800145,10.0,14.0,108.0,10.0,14.0,108.0,132288.0657526243,529.1522630104972,20.0
800146,10.0,14.0,110.0,10.0,14.0,110.0,125197.38763418626,500.7895505367451,20.0
800147,10.0,14.0,112.0,10.0,14.0,112.0,119490.75550372477,477.9630220148991,20.0
800148,10.0,14.0,114.0,10.0,14.0,114.0,114769.09740372984,459.0763896149194,20.0
800149,10.0,14.0,116.0,10.0,14.0,116.0,110764.99111842124,443.05996447368494,20.0
800150,10.0,14.0,118.0,10.0,14.0,118.0,107295.7250833439,429.18290033337564,20.0
800151,10.0,14.0,120.0,10.0,14.0,120.0,104234.27709838521,416.9371083935408,20.0
800152,10.0,14.0,122.0,10.0,14.0,122.0,101490.98368363554,405.96393473454214,20.0
800153,10.0,14.0,124.0,10.0,14.0,124.0,99001.71585977438,396.0068634390975,20.0
800154,10.0,14.0,126.0,10.0,14.0,126.0,96720.1265782738,386.8805063130952,20.0
800155,10.0,14.0,128.0,10.0,14.0,128.0,94612.5615019109,378.4502460076436,20.0
800156,10.0,14.0,130.0,10.0,14.0,130.0,92654.82071909982,370.61928287639927,20.0
800157,10.0,14.0,132.0,10.0,14.0,132.0,90830.25060577867,363.3210024231147,20.0
800158,10.0,14.0,134.0,10.0,14.0,134.0,89128.72067638251,356.51488270553006,20.0
800159,10.0,14.0,136.0,10.0,14.0,136.0,87546.02429136122,350.1840971654449,20.0
800160,10.0,14.0,138.0,10.0,14.0,138.0,86083.2650208121,344.3330600832484,20.0
800161,10.0,14.0,140.0,10.0,14.0,140.0,84745.91592213702,338.9836636885481,20.0
800162,10.0,14.0,142.0,10.0,14.0,142.0,83542.43986376957,334.1697594550783,20.0
800163,10.0,14.0,144.0,10.0,14.0,144.0,82482.55898924175,329.930235956967,20.0
800164,10.0,14.0,146.0,10.0,14.0,146.0,81575.39359500584,326.30157438002334,20.0
800165,10.0,14.0,148.0,10.0,14.0,148.0,80827.7297484813,323.3109189939252,20.0
800166,10.0,14.0,150.0,10.0,14.0,150.0,80242.63522449318,320.97054089797274,20.0
800167,10.0,14.0,152.0,10.0,14.0,152.0,79818.55925809543,319.27423703238173,20.0
800168,10.0,14.0,154.0,10.0,14.0,154.0,79548.95823455523,318.1958329382209,20.0
800169,10.0,14.0,156.0,10.0,14.0,156.0,79422.41121183937,317.6896448473575,20.0
800170,10.0,14.0,158.0,10.0,14.0,158.0,79423.13744075414,317.6925497630166,20.0
800171,10.0,14.0,160.0,10.0,14.0,160.0,79531.80372316351,318.127214892654,20.0
800172,10.0,14.0,162.0,10.0,14.0,162.0,79726.50735254308,318.9060294101723,20.0
800173,10.0,14.0,164.0,10.0,14.0,164.0,79983.83310028253,319.9353324011301,20.0
800174,10.0,14.0,166.0,10.0,14.0,166.0,80279.90313299377,321.11961253197506,20.0
800175,10.0,14.0,168.0,10.0,14.0,168.0,80591.36130344195,322.3654452137678,20.0
800176,10.0,14.0,170.0,10.0,14.0,170.0,80896.25424850913,323.5850169940365,20.0
800177,10.0,14.0,172.0,10.0,14.0,172.0,81174.78911430853,324.6991564572341,20.0
800178,10.0,14.0,174.0,10.0,14.0,174.0,81409.96072770441,325.63984291081766,20.0
800179,10.0,14.0,176.0,10.0,14.0,176.0,81588.04968524586,326.35219874098345,20.0
800180,10.0,14.0,178.0,10.0,14.0,178.0,81698.99764111784,326.79599056447137,20.0
800181,10.0,14.0,180.0,10.0,14.0,180.0,81736.6677615057,326.9466710460228,20.0
800182,15.0,10.0,0.0,15.0,10.0,0.0,83283.6808241051,333.1347232964204,20.0
800183,15.0,10.0,2.0,15.0,10.0,2.0,83243.68001707799,332.97472006831197,20.0
800184,15.0,10.0,4.0,15.0,10.0,4.0,83126.07713589932,332.5043085435973,20.0
800185,15.0,10.0,6.0,15.0,10.0,6.0,82937.98799611682,331.75195198446727,20.0
800186,15.0,10.0,8.0,15.0,10.0,8.0,82690.99583246783,330.76398332987134,20.0
800187,15.0,10.0,10.0,15.0,10.0,10.0,82400.73551420619,329.60294205682476,20.0
800188,15.0,10.0,12.0,15.0,10.0,12.0,82086.31088598896,328.34524354395586,20.0
800189,15.0,10.0,14.0,15.0,10.0,14.0,81769.54845595977,327.07819382383906,20.0
800190,15.0,10.0,16.0,15.0,10.0,16.0,81474.09685291398,325.89638741165595,20.0
800191,15.0,10.0,18.0,15.0,10.0,18.0,81224.39131573823,324.8975652629529,20.0
800192,15.0,10.0,20.0,15.0,10.0,20.0,81044.51621331634,324.17806485326537,20.0
800193,15.0,10.0,22.0,15.0,10.0,22.0,80957.01587278058,323.82806349112235,20.0
800194,15.0,10.0,24.0,15.0,10.0,24.0,80981.72355874705,323.9268942349882,20.0
800195,15.0,10.0,26.0,15.0,10.0,26.0,81134.69780234701,324.5387912093881,20.0
800196,15.0,10.0,28.0,15.0,10.0,28.0,81427.3704675342,325.7094818701368,20.0
800197,15.0,10.0,30.0,15.0,10.0,30.0,81866.01658314874,327.46406633259494,20.0
800198,15.0,10.0,32.0,15.0,10.0,32.0,82451.64583817135,329.8065833526854,20.0
800199,15.0,10.0,34.0,15.0,10.0,34.0,83180.38405796808,332.72153623187234,20.0
800200,15.0,10.0,36.0,15.0,10.0,36.0,84044.3571971865,336.177428788746,20.0
800201,15.0,10.0,38.0,15.0,10.0,38.0,85033.01372369907,340.1320548947963,20.0
800202,15.0,10.0,40.0,15.0,10.0,40.0,86134.73614987101,344.53894459948407,20.0
800203,15.0,10.0,42.0,15.0,10.0,42.0,87338.52143490675,349.354085739627,20.0
800204,15.0,10.0,44.0,15.0,10.0,44.0,88635.48215406339,354.54192861625353,20.0
800205,15.0,10.0,46.0,15.0,10.0,46.0,90019.96134026423,360.0798453610569,20.0
800206,15.0,10.0,48.0,15.0,10.0,48.0,91490.17055529183,365.9606822211673,20.0
800207,15.0,10.0,50.0,15.0,10.0,50.0,93048.42754874966,372.1937101949987,20.0
800208,15.0,10.0,52.0,15.0,10.0,52.0,94701.23001085958,378.80492004343836,20.0
800209,15.0,10.0,54.0,15.0,10.0,54.0,96459.49279151869,385.83797116607474,20.0
800210,15.0,10.0,56.0,15.0,10.0,56.0,98339.27215665381,393.3570886266152,20.0
800211,15.0,10.0,58.0,15.0,10.0,58.0,100363.24386620098,401.45297546480396,20.0
800212,15.0,10.0,60.0,15.0,10.0,60.0,102563.18394293914,410.2527357717566,20.0
800213,15.0,10.0,62.0,15.0,10.0,62.0,104983.8083383265,419.93523335330605,20.0
800214,15.0,10.0,64.0,15.0,10.0,64.0,107688.60747440836,430.75442989763343,20.0
800215,15.0,10.0,66.0,15.0,10.0,66.0,110768.8097520019,443.0752390080076,20.0
800216,15.0,10.0,68.0,15.0,10.0,68.0,114357.45558710798,457.4298223484319,20.0
800217,15.0,10.0,70.0,15.0,10.0,70.0,118652.06747412788,474.6082698965115,20.0
800218,15.0,10.0,72.0,15.0,10.0,72.0,123952.16912568908,495.8086765027563,20.0
800219,15.0,10.0,74.0,15.0,10.0,74.0,130723.07870979926,522.8923148391971,20.0
800220,15.0,10.0,76.0,15.0,10.0,76.0,139706.95814958206,558.8278325983282,20.0
800221,15.0,10.0,78.0,15.0,10.0,78.0,152118.44336385682,608.4737734554272,20.0
800222,15.0,10.0,80.0,15.0,10.0,80.0,169981.81443771088,679.9272577508435,20.0
800223,15.0,10.0,82.0,15.0,10.0,82.0,196639.69874702903,786.5587949881161,20.0
800224,15.0,10.0,84.0,15.0,10.0,84.0,237085.78097505722,948.3431239002289,20.0
800225,15.0,10.0,86.0,15.0,10.0,86.0,295738.01893165003,1182.9520757266002,20.0
800226,15.0,10.0,88.0,15.0,10.0,88.0,363728.2621983782,1454.9130487935129,20.0
800227,15.0,10.0,90.0,15.0,10.0,90.0,398377.90401477757,1593.5116160591103,20.0
800228,15.0,10.0,92.0,15.0,10.0,92.0,363728.2621983785,1454.913048793514,20.0
800229,15.0,10.0,94.0,15.0,10.0,94.0,295738.01893165044,1182.9520757266018,20.0
800230,15.0,10.0,96.0,15.0,10.0,96.0,237085.78097505757,948.3431239002302,20.0
800231,15.0,10.0,98.0,15.0,10.0,98.0,196639.69874702892,786.5587949881157,20.0
800232,15.0,10.0,100.0,15.0,10.0,100.0,169981.81443771085,679.9272577508434,20.0
800233,15.0,10.0,102.0,15.0,10.0,102.0,152118.44336385682,608.4737734554272,20.0
800234,15.0,10.0,104.0,15.0,10.0,104.0,139706.95814958206,558.8278325983282,20.0
800235,15.0,10.0,106.0,15.0,10.0,106.0,130723.07870979929,522.8923148391972,20.0
800236,15.0,10.0,108.0,15.0,10.0,108.0,123952.16912568909,495.8086765027564,20.0
800237,15.0,10.0,110.0,15.0,10.0,110.0,118652.06747412789,474.60826989651156,20.0
800238,15.0,10.0,112.0,15.0,10.0,112.0,114357.455587108,457.42982234843197,20.0
800239,15.0,10.0,114.0,15.0,10.0,114.0,110768.80975200192,443.0752390080077,20.0
800240,15.0,10.0,116.0,15.0,10.0,116.0,107688.60747440833,430.7544298976333,20.0
800241,15.0,10.0,118.0,15.0,10.0,118.0,104983.8083383265,419.93523335330605,20.0
800242,15.0,10.0,120.0,15.0,10.0,120.0,102563.18394293914,410.2527357717566,20.0
800243,15.0,10.0,122.0,15.0,10.0,122.0,100363.24386620098,401.45297546480396,20.0
800244,15.0,10.0,124.0,15.0,10.0,124.0,98339.27215665381,393.3570886266152,20.0
800245,15.0,10.0,126.0,15.0,10.0,126.0,96459.4927915187,385.8379711660748,20.0
800246,15.0,10.0,128.0,15.0,10.0,128.0,94701.23001085961,378.80492004343847,20.0
800247,15.0,10.0,130.0,15.0,10.0,130.0,93048.42754874968,372.19371019499874,20.0
800248,15.0,10.0,132.0,15.0,10.0,132.0,91490.17055529183,365.9606822211673,20.0
800249,15.0,10.0,134.0,15.0,10.0,134.0,90019.96134026421,360.07984536105687,20.0
800250,15.0,10.0,136.0,15.0,10.0,136.0,88635.48215406339,354.54192861625353,20.0
800251,15.0,10.0,138.0,15.0,10.0,138.0,87338.52143490675,349.354085739627,20.0
800252,15.0,10.0,140.0,15.0,10.0,140.0,86134.73614987101,344.53894459948407,20.0
800253,15.0,10.0,142.0,15.0,10.0,142.0,85033.01372369907,340.1320548947963,20.0
800254,15.0,10.0,144.0,15.0,10.0,144.0,84044.3571971865,336.177428788746,20.0
800255,15.0,10.0,146.0,15.0,10.0,146.0,83180.38405796807,332.7215362318723,20.0
800256,15.0,10.0,148.0,15.0,10.0,148.0,82451.64583817135,329.8065833526854,20.0
800257,15.0,10.0,150.0,15.0,10.0,150.0,81866.01658314874,327.46406633259494,20.0
800258,15.0,10.0,152.0,15.0,10.0,152.0,81427.3704675342,325.7094818701368,20.0
800259,15.0,10.0,154.0,15.0,10.0,154.0,81134.697802347,324.538791209388,20.0
800260,15.0,10.0,156.0,15.0,10.0,156.0,80981.72355874705,323.9268942349882,20.0
800261,15.0,10.0,158.0,15.0,10.0,158.0,80957.01587278058,323.82806349112235,20.0
800262,15.0,10.0,160.0,15.0,10.0,160.0,81044.51621331635,324.1780648532654,20.0
800263,15.0,10.0,162.0,15.0,10.0,162.0,81224.39131573825,324.897565262953,20.0
800264,15.0,10.0,164.0,15.0,10.0,164.0,81474.09685291398,325.89638741165595,20.0
800265,15.0,10.0,166.0,15.0,10.0,166.0,81769.54845595977,327.07819382383906,20.0
800266,15.0,10.0,168.0,15.0,10.0,168.0,82086.31088598898,328.3452435439559,20.0
800267,15.0,10.0,170.0,15.0,10.0,170.0,82400.73551420619,329.60294205682476,20.0
800268,15.0,10.0,172.0,15.0,10.0,172.0,82690.99583246783,330.76398332987134,20.0
800269,15.0,10.0,174.0,15.0,10.0,174.0,82937.98799611682,331.75195198446727,20.0
800270,15.0,10.0,176.0,15.0,10.0,176.0,83126.07713589932,332.5043085435973,20.0
800271,15.0,10.0,178.0,15.0,10.0,178.0,83243.68001707799,332.97472006831197,20.0
800272,15.0,10.0,180.0,15.0,10.0,180.0,83283.6808241051,333.1347232964204,20.0
800273,15.0,12.0,0.0,15.0,12.0,0.0,75571.30425398526,302.28521701594104,20.0
800274,15.0,12.0,2.0,15.0,12.0,2.0,75535.1879250843,302.1407517003372,20.0
800275,15.0,12.0,4.0,15.0,12.0,4.0,75429.08425158601,301.7163370063441,20.0
800276,15.0,12.0,6.0,15.0,12.0,6.0,75259.65186879179,301.03860747516717,20.0
800277,15.0,12.0,8.0,15.0,12.0,8.0,75037.73040283297,300.15092161133185,20.0
800278,15.0,12.0,10.0,15.0,12.0,10.0,74777.95228263535,299.1118091305414,20.0
800279,15.0,12.0,12.0,15.0,12.0,12.0,74498.1987234188,297.9927948936752,20.0
800280,15.0,12.0,14.0,15.0,12.0,14.0,74218.90285502134,296.87561142008536,20.0
800281,15.0,12.0,16.0,15.0,12.0,16.0,73962.2087407452,295.84883496298085,20.0
800282,15.0,12.0,18.0,15.0,12.0,18.0,73751.00419978781,295.00401679915126,20.0
800283,15.0,12.0,20.0,15.0,12.0,20.0,73607.85814419689,294.43143257678753,20.0
800284,15.0,12.0,22.0,15.0,12.0,22.0,73553.90924422277,294.21563697689106,20.0
800285,15.0,12.0,24.0,15.0,12.0,24.0,73607.77096935398,294.4310838774159,20.0
800286,15.0,12.0,26.0,15.0,12.0,26.0,73784.53609089453,295.13814436357814,20.0
800287,15.0,12.0,28.0,15.0,12.0,28.0,74094.97788399873,296.3799115359949,20.0
800288,15.0,12.0,30.0,15.0,12.0,30.0,74545.05051560108,298.1802020624043,20.0
800289,15.0,12.0,32.0,15.0,12.0,32.0,75135.78164535444,300.54312658141777,20.0
800290,15.0,12.0,34.0,15.0,12.0,34.0,75863.62080595086,303.45448322380344,20.0
800291,15.0,12.0,36.0,15.0,12.0,36.0,76721.25509864878,306.88502039459513,20.0
800292,15.0,12.0,38.0,15.0,12.0,38.0,77698.83223786073,310.7953289514429,20.0
800293,15.0,12.0,40.0,15.0,12.0,40.0,78785.45158794362,315.1418063517745,20.0
800294,15.0,12.0,42.0,15.0,12.0,42.0,79970.71757494821,319.88287029979284,20.0
800295,15.0,12.0,44.0,15.0,12.0,44.0,81246.12387670495,324.9844955068198,20.0
800296,15.0,12.0,46.0,15.0,12.0,46.0,82606.07499511835,330.4242999804734,20.0
800297,15.0,12.0,48.0,15.0,12.0,48.0,84048.4605344425,336.19384213777005,20.0
800298,15.0,12.0,50.0,15.0,12.0,50.0,85574.85297114587,342.2994118845835,20.0
800299,15.0,12.0,52.0,15.0,12.0,52.0,87190.54893415568,348.76219573662274,20.0
800300,15.0,12.0,54.0,15.0,12.0,54.0,88904.75862899638,355.6190345159855,20.0
800301,15.0,12.0,56.0,15.0,12.0,56.0,90731.24441147603,362.9249776459041,20.0
800302,15.0,12.0,58.0,15.0,12.0,58.0,92689.65665655879,370.7586266262351,20.0
800303,15.0,12.0,60.0,15.0,12.0,60.0,94807.79899746922,379.2311959898769,20.0
800304,15.0,12.0,62.0,15.0,12.0,62.0,97125.15717843299,388.50062871373194,20.0
800305,15.0,12.0,64.0,15.0,12.0,64.0,99698.29236568898,398.79316946275594,20.0
800306,15.0,12.0,66.0,15.0,12.0,66.0,102609.17899118904,410.43671596475616,20.0
800307,15.0,12.0,68.0,15.0,12.0,68.0,105978.39473095101,423.91357892380404,20.0
800308,15.0,12.0,70.0,15.0,12.0,70.0,109986.56709243628,439.9462683697451,20.0
800309,15.0,12.0,72.0,15.0,12.0,72.0,114910.30558852812,459.6412223541125,20.0
800310,15.0,12.0,74.0,15.0,12.0,74.0,121184.3184108119,484.73727364324765,20.0
800311,15.0,12.0,76.0,15.0,12.0,76.0,129512.10130248731,518.0484052099492,20.0
800312,15.0,12.0,78.0,15.0,12.0,78.0,141067.86722941656,564.2714689176662,20.0
800313,15.0,12.0,80.0,15.0,12.0,80.0,157865.2068229033,631.4608272916132,20.0
800314,15.0,12.0,82.0,15.0,12.0,82.0,183382.446026037,733.529784104148,20.0
800315,15.0,12.0,84.0,15.0,12.0,84.0,223258.40363582308,893.0336145432923,20.0
800316,15.0,12.0,86.0,15.0,12.0,86.0,283805.0905162645,1135.220362065058,20.0
800317,15.0,12.0,88.0,15.0,12.0,88.0,358407.3784768838,1433.6295139075353,20.0
800318,15.0,12.0,90.0,15.0,12.0,90.0,398406.79590966826,1593.6271836386732,20.0
800319,15.0,12.0,92.0,15.0,12.0,92.0,358407.3784768842,1433.6295139075369,20.0
800320,15.0,12.0,94.0,15.0,12.0,94.0,283805.09051626496,1135.2203620650598,20.0
800321,15.0,12.0,96.0,15.0,12.0,96.0,223258.4036358234,893.0336145432937,20.0
800322,15.0,12.0,98.0,15.0,12.0,98.0,183382.44602603692,733.5297841041477,20.0
800323,15.0,12.0,100.0,15.0,12.0,100.0,157865.20682290327,631.4608272916131,20.0
800324,15.0,12.0,102.0,15.0,12.0,102.0,141067.86722941656,564.2714689176662,20.0
800325,15.0,12.0,104.0,15.0,12.0,104.0,129512.10130248731,518.0484052099492,20.0
800326,15.0,12.0,106.0,15.0,12.0,106.0,121184.3184108119,484.73727364324765,20.0
800327,15.0,12.0,108.0,15.0,12.0,108.0,114910.30558852815,459.6412223541126,20.0
800328,15.0,12.0,110.0,15.0,12.0,110.0,109986.56709243628,439.9462683697451,20.0
800329,15.0,12.0,112.0,15.0,12.0,112.0,105978.39473095104,423.91357892380415,20.0
800330,15.0,12.0,114.0,15.0,12.0,114.0,102609.17899118907,410.4367159647563,20.0
800331,15.0,12.0,116.0,15.0,12.0,116.0,99698.29236568895,398.79316946275577,20.0
800332,15.0,12.0,118.0,15.0,12.0,118.0,97125.15717843296,388.5006287137318,20.0
800333,15.0,12.0,120.0,15.0,12.0,120.0,94807.79899746922,379.2311959898769,20.0
800334,15.0,12.0,122.0,15.0,12.0,122.0,92689.65665655879,370.7586266262351,20.0
800335,15.0,12.0,124.0,15.0,12.0,124.0,90731.24441147603,362.9249776459041,20.0
800336,15.0,12.0,126.0,15.0,12.0,126.0,88904.7586289964,355.61903451598556,20.0
800337,15.0,12.0,128.0,15.0,12.0,128.0,87190.54893415571,348.76219573662286,20.0
800338,15.0,12.0,130.0,15.0,12.0,130.0,85574.85297114588,342.29941188458355,20.0
800339,15.0,12.0,132.0,15.0,12.0,132.0,84048.4605344425,336.19384213777005,20.0
800340,15.0,12.0,134.0,15.0,12.0,134.0,82606.07499511835,330.4242999804734,20.0
800341,15.0,12.0,136.0,15.0,12.0,136.0,81246.12387670497,324.9844955068199,20.0
800342,15.0,12.0,138.0,15.0,12.0,138.0,79970.71757494821,319.88287029979284,20.0
800343,15.0,12.0,140.0,15.0,12.0,140.0,78785.45158794362,315.1418063517745,20.0
800344,15.0,12.0,142.0,15.0,12.0,142.0,77698.83223786073,310.7953289514429,20.0
800345,15.0,12.0,144.0,15.0,12.0,144.0,76721.25509864876,306.8850203945951,20.0
800346,15.0,12.0,146.0,15.0,12.0,146.0,75863.62080595085,303.4544832238034,20.0
800347,15.0,12.0,148.0,15.0,12.0,148.0,75135.78164535444,300.54312658141777,20.0
800348,15.0,12.0,150.0,15.0,12.0,150.0,74545.05051560109,298.18020206240436,20.0
800349,15.0,12.0,152.0,15.0,12.0,152.0,74094.97788399873,296.3799115359949,20.0
800350,15.0,12.0,154.0,15.0,12.0,154.0,73784.53609089451,295.1381443635781,20.0
800351,15.0,12.0,156.0,15.0,12.0,156.0,73607.77096935398,294.4310838774159,20.0
800352,15.0,12.0,158.0,15.0,12.0,158.0,73553.90924422277,294.21563697689106,20.0
800353,15.0,12.0,160.0,15.0,12.0,160.0,73607.8581441969,294.4314325767876,20.0
800354,15.0,12.0,162.0,15.0,12.0,162.0,73751.00419978783,295.0040167991513,20.0
800355,15.0,12.0,164.0,15.0,12.0,164.0,73962.20874074519,295.8488349629808,20.0
800356,15.0,12.0,166.0,15.0,12.0,166.0,74218.90285502134,296.87561142008536,20.0
800357,15.0,12.0,168.0,15.0,12.0,168.0,74498.19872341883,297.9927948936753,20.0
800358,15.0,12.0,170.0,15.0,12.0,170.0,74777.95228263535,299.1118091305414,20.0
800359,15.0,12.0,172.0,15.0,12.0,172.0,75037.73040283297,300.15092161133185,20.0
800360,15.0,12.0,174.0,15.0,12.0,174.0,75259.65186879179,301.03860747516717,20.0
800361,15.0,12.0,176.0,15.0,12.0,176.0,75429.08425158601,301.7163370063441,20.0
800362,15.0,12.0,178.0,15.0,12.0,178.0,75535.1879250843,302.1407517003372,20.0
800363,15.0,12.0,180.0,15.0,12.0,180.0,75571.30425398526,302.28521701594104,20.0
800364,15.0,14.0,0.0,15.0,14.0,0.0,68084.21477555856,272.33685910223426,20.0
800365,15.0,14.0,2.0,15.0,14.0,2.0,68051.62745199117,272.20650980796466,20.0
800366,15.0,14.0,4.0,15.0,14.0,4.0,67955.95615408817,271.8238246163527,20.0
800367,15.0,14.0,6.0,15.0,14.0,6.0,67803.40113081403,271.21360452325615,20.0
800368,15.0,14.0,8.0,15.0,14.0,8.0,67604.05650670872,270.41622602683486,20.0
800369,15.0,14.0,10.0,15.0,14.0,10.0,67371.54986759444,269.48619947037776,20.0
800370,15.0,14.0,12.0,15.0,14.0,12.0,67122.53713725656,268.49014854902623,20.0
800371,15.0,14.0,14.0,15.0,14.0,14.0,66876.05547244752,267.5042218897901,20.0
800372,15.0,14.0,16.0,15.0,14.0,16.0,66652.7422485044,266.6109689940176,20.0
800373,15.0,14.0,18.0,15.0,14.0,18.0,66473.93670141713,265.8957468056685,20.0
800374,15.0,14.0,20.0,15.0,14.0,20.0,66360.69265274973,265.44277061099893,20.0
800375,15.0,14.0,22.0,15.0,14.0,22.0,66332.7456694202,265.3309826776808,20.0
800376,15.0,14.0,24.0,15.0,14.0,24.0,66407.49491138005,265.6299796455202,20.0
800377,15.0,14.0,26.0,15.0,14.0,26.0,66599.07663965262,266.3963065586105,20.0
800378,15.0,14.0,28.0,15.0,14.0,28.0,66917.61947050109,267.6704778820043,20.0
800379,15.0,14.0,30.0,15.0,14.0,30.0,67368.77631479363,269.47510525917454,20.0
800380,15.0,14.0,32.0,15.0,14.0,32.0,67953.61915066093,271.8144766026437,20.0
800381,15.0,14.0,34.0,15.0,14.0,34.0,68668.95543174578,274.67582172698314,20.0
800382,15.0,14.0,36.0,15.0,14.0,36.0,69508.07664992864,278.03230659971456,20.0
800383,15.0,14.0,38.0,15.0,14.0,38.0,70461.8832239192,281.8475328956768,20.0
800384,15.0,14.0,40.0,15.0,14.0,40.0,71520.2562167579,286.0810248670316,20.0
800385,15.0,14.0,42.0,15.0,14.0,42.0,72673.4848918581,290.6939395674324,20.0
800386,15.0,14.0,44.0,15.0,14.0,44.0,73913.53498100082,295.6541399240033,20.0
800387,15.0,14.0,46.0,15.0,14.0,46.0,75234.9779225447,300.9399116901788,20.0
800388,15.0,14.0,48.0,15.0,14.0,48.0,76635.50210693735,306.5420084277494,20.0
800389,15.0,14.0,50.0,15.0,14.0,50.0,78116.07127243388,312.46428508973554,20.0
800390,15.0,14.0,52.0,15.0,14.0,52.0,79680.93347830734,318.72373391322935,20.0
800391,15.0,14.0,54.0,15.0,14.0,54.0,81337.76237446569,325.35104949786273,20.0
800392,15.0,14.0,56.0,15.0,14.0,56.0,83098.20888260097,332.3928355304039,20.0
800393,15.0,14.0,58.0,15.0,14.0,58.0,84979.09216100622,339.9163686440249,20.0
800394,15.0,14.0,60.0,15.0,14.0,60.0,87004.44386134722,348.01777544538885,20.0
800395,15.0,14.0,62.0,15.0,14.0,62.0,89208.71537114019,356.83486148456075,20.0
800396,15.0,14.0,64.0,15.0,14.0,64.0,91641.70843544483,366.5668337417793,20.0
800397,15.0,14.0,66.0,15.0,14.0,66.0,94376.24414963558,377.5049765985423,20.0
800398,15.0,14.0,68.0,15.0,14.0,68.0,97520.38055464931,390.08152221859723,20.0
800399,15.0,14.0,70.0,15.0,14.0,70.0,101237.4517955066,404.9498071820264,20.0
800400,15.0,14.0,72.0,15.0,14.0,72.0,105780.0226097405,423.120090438962,20.0
800401,15.0,14.0,74.0,15.0,14.0,74.0,111549.48221534333,446.1979288613733,20.0
800402,15.0,14.0,76.0,15.0,14.0,76.0,119204.51381865233,476.8180552746093,20.0
800403,15.0,14.0,78.0,15.0,14.0,78.0,129865.2621992027,519.4610487968108,20.0
800404,15.0,14.0,80.0,15.0,14.0,80.0,145505.2094654578,582.0208378618312,20.0
800405,15.0,14.0,82.0,15.0,14.0,82.0,169681.29790708312,678.7251916283325,20.0
800406,15.0,14.0,84.0,15.0,14.0,84.0,208610.72796931432,834.4429118772573,20.0
800407,15.0,14.0,86.0,15.0,14.0,86.0,270673.3526044104,1082.6934104176416,20.0
800408,15.0,14.0,88.0,15.0,14.0,88.0,352554.25600880623,1410.217024035225,20.0
800409,15.0,14.0,90.0,15.0,14.0,90.0,399156.82028490055,1596.6272811396022,20.0
800410,15.0,14.0,92.0,15.0,14.0,92.0,352554.25600880664,1410.2170240352266,20.0
800411,15.0,14.0,94.0,15.0,14.0,94.0,270673.3526044109,1082.6934104176437,20.0
800412,15.0,14.0,96.0,15.0,14.0,96.0,208610.7279693146,834.4429118772584,20.0
800413,15.0,14.0,98.0,15.0,14.0,98.0,169681.29790708303,678.7251916283321,20.0
800414,15.0,14.0,100.0,15.0,14.0,100.0,145505.20946545774,582.020837861831,20.0
800415,15.0,14.0,102.0,15.0,14.0,102.0,129865.2621992027,519.4610487968108,20.0
800416,15.0,14.0,104.0,15.0,14.0,104.0,119204.51381865233,476.8180552746093,20.0
800417,15.0,14.0,106.0,15.0,14.0,106.0,111549.48221534336,446.19792886137344,20.0
800418,15.0,14.0,108.0,15.0,14.0,108.0,105780.02260974054,423.12009043896217,20.0
800419,15.0,14.0,110.0,15.0,14.0,110.0,101237.4517955066,404.9498071820264,20.0
800420,15.0,14.0,112.0,15.0,14.0,112.0,97520.38055464934,390.08152221859734,20.0
800421,15.0,14.0,114.0,15.0,14.0,114.0,94376.24414963562,377.5049765985425,20.0
800422,15.0,14.0,116.0,15.0,14.0,116.0,91641.70843544479,366.56683374177913,20.0
800423,15.0,14.0,118.0,15.0,14.0,118.0,89208.71537114018,356.8348614845607,20.0
800424,15.0,14.0,120.0,15.0,14.0,120.0,87004.44386134722,348.01777544538885,20.0
800425,15.0,14.0,122.0,15.0,14.0,122.0,84979.09216100622,339.9163686440249,20.0
800426,15.0,14.0,124.0,15.0,14.0,124.0,83098.20888260097,332.3928355304039,20.0
800427,15.0,14.0,126.0,15.0,14.0,126.0,81337.76237446569,325.35104949786273,20.0
800428,15.0,14.0,128.0,15.0,14.0,128.0,79680.93347830736,318.7237339132294,20.0
800429,15.0,14.0,130.0,15.0,14.0,130.0,78116.07127243391,312.46428508973565,20.0
800430,15.0,14.0,132.0,15.0,14.0,132.0,76635.50210693735,306.5420084277494,20.0
800431,15.0,14.0,134.0,15.0,14.0,134.0,75234.9779225447,300.9399116901788,20.0
800432,15.0,14.0,136.0,15.0,14.0,136.0,73913.53498100083,295.65413992400335,20.0
800433,15.0,14.0,138.0,15.0,14.0,138.0,72673.4848918581,290.6939395674324,20.0
800434,15.0,14.0,140.0,15.0,14.0,140.0,71520.2562167579,286.0810248670316,20.0
800435,15.0,14.0,142.0,15.0,14.0,142.0,70461.8832239192,281.8475328956768,20.0
800436,15.0,14.0,144.0,15.0,14.0,144.0,69508.07664992864,278.03230659971456,20.0
800437,15.0,14.0,146.0,15.0,14.0,146.0,68668.95543174575,274.67582172698303,20.0
800438,15.0,14.0,148.0,15.0,14.0,148.0,67953.61915066095,271.81447660264377,20.0
800439,15.0,14.0,150.0,15.0,14.0,150.0,67368.77631479363,269.47510525917454,20.0
800440,15.0,14.0,152.0,15.0,14.0,152.0,66917.61947050109,267.6704778820043,20.0
800441,15.0,14.0,154.0,15.0,14.0,154.0,66599.0766396526,266.39630655861043,20.0
800442,15.0,14.0,156.0,15.0,14.0,156.0,66407.49491138005,265.6299796455202,20.0
800443,15.0,14.0,158.0,15.0,14.0,158.0,66332.7456694202,265.3309826776808,20.0
800444,15.0,14.0,160.0,15.0,14.0,160.0,66360.69265274974,265.442770610999,20.0
800445,15.0,14.0,162.0,15.0,14.0,162.0,66473.93670141716,265.89574680566864,20.0
800446,15.0,14.0,164.0,15.0,14.0,164.0,66652.74224850438,266.6109689940175,20.0
800447,15.0,14.0,166.0,15.0,14.0,166.0,66876.05547244752,267.5042218897901,20.0
800448,15.0,14.0,168.0,15.0,14.0,168.0,67122.53713725657,268.4901485490263,20.0
800449,15.0,14.0,170.0,15.0,14.0,170.0,67371.54986759444,269.48619947037776,20.0
800450,15.0,14.0,172.0,15.0,14.0,172.0,67604.05650670872,270.41622602683486,20.0
800451,15.0,14.0,174.0,15.0,14.0,174.0,67803.40113081403,271.21360452325615,20.0
800452,15.0,14.0,176.0,15.0,14.0,176.0,67955.95615408817,271.8238246163527,20.0
800453,15.0,14.0,178.0,15.0,14.0,178.0,68051.62745199117,272.20650980796466,20.0
800454,15.0,14.0,180.0,15.0,14.0,180.0,68084.21477555856,272.33685910223426,20.0
800455,15.0,16.0,0.0,15.0,16.0,0.0,60822.41238882501,243.28964955530006,20.0
800456,15.0,16.0,2.0,15.0,16.0,2.0,60793.02986567361,243.17211946269444,20.0
800457,15.0,16.0,4.0,15.0,16.0,4.0,60706.81753467843,242.82727013871371,20.0
800458,15.0,16.0,6.0,15.0,16.0,6.0,60569.51490801561,242.27805963206245,20.0
800459,15.0,16.0,8.0,15.0,16.0,8.0,60390.46679633286,241.56186718533144,20.0
800460,15.0,16.0,10.0,15.0,16.0,10.0,60182.29082798343,240.72916331193372,20.0
800461,15.0,16.0,12.0,15.0,16.0,12.0,59960.4114467384,239.8416457869536,20.0
800462,15.0,16.0,14.0,15.0,16.0,14.0,59742.462873379714,238.96985149351886,20.0
800463,15.0,16.0,16.0,15.0,16.0,16.0,59547.568434956505,238.19027373982604,20.0
800464,15.0,16.0,18.0,15.0,16.0,18.0,59395.51148592435,237.5820459436974,20.0
800465,15.0,16.0,20.0,15.0,16.0,20.0,59305.82406908504,237.22329627634016,20.0
800466,15.0,16.0,22.0,15.0,16.0,22.0,59296.83321263114,237.18733285052457,20.0
800467,15.0,16.0,24.0,15.0,16.0,24.0,59384.72032794638,237.53888131178553,20.0
800468,15.0,16.0,26.0,15.0,16.0,26.0,59582.66457226178,238.33065828904714,20.0
800469,15.0,16.0,28.0,15.0,16.0,28.0,59900.153113421504,239.600612453686,20.0
800470,15.0,16.0,30.0,15.0,16.0,30.0,60342.545689994746,241.37018275997897,20.0
800471,15.0,16.0,32.0,15.0,16.0,32.0,60910.97273452615,243.6438909381046,20.0
800472,15.0,16.0,34.0,15.0,16.0,34.0,61602.621093284106,246.41048437313643,20.0
800473,15.0,16.0,36.0,15.0,16.0,36.0,62411.41683527599,249.64566734110394,20.0
800474,15.0,16.0,38.0,15.0,16.0,38.0,63329.05344534321,253.31621378137285,20.0
800475,15.0,16.0,40.0,15.0,16.0,40.0,64346.245744767766,257.3849829790711,20.0
800476,15.0,16.0,42.0,15.0,16.0,42.0,65454.03315071354,261.81613260285417,20.0
800477,15.0,16.0,44.0,15.0,16.0,44.0,66644.93358698075,266.579734347923,20.0
800478,15.0,16.0,46.0,15.0,16.0,46.0,67913.78192168022,271.65512768672085,20.0
800479,15.0,16.0,48.0,15.0,16.0,48.0,69258.17963782664,277.0327185513066,20.0
800480,15.0,16.0,50.0,15.0,16.0,50.0,70678.61518114846,282.71446072459383,20.0
800481,15.0,16.0,52.0,15.0,16.0,52.0,72178.44174240255,288.71376696961016,20.0
800482,15.0,16.0,54.0,15.0,16.0,54.0,73763.97115100943,295.0558846040378,20.0
800483,15.0,16.0,56.0,15.0,16.0,56.0,75444.93886893537,301.77975547574147,20.0
800484,15.0,16.0,58.0,15.0,16.0,58.0,77235.54921157434,308.94219684629735,20.0
800485,15.0,16.0,60.0,15.0,16.0,60.0,79156.2957558923,316.6251830235692,20.0
800486,15.0,16.0,62.0,15.0,16.0,62.0,81236.84000645403,324.9473600258161,20.0
800487,15.0,16.0,64.0,15.0,16.0,64.0,83520.46383944427,334.0818553577771,20.0
800488,15.0,16.0,66.0,15.0,16.0,66.0,86071.03610347353,344.2841444138941,20.0
800489,15.0,16.0,68.0,15.0,16.0,68.0,88984.18539256776,355.936741570271,20.0
800490,15.0,16.0,70.0,15.0,16.0,70.0,92405.77393312968,369.6230957325187,20.0
800491,15.0,16.0,72.0,15.0,16.0,72.0,96563.52490537259,386.25409962149035,20.0
800492,15.0,16.0,74.0,15.0,16.0,74.0,101823.30380630838,407.29321522523355,20.0
800493,15.0,16.0,76.0,15.0,16.0,76.0,108793.54684187652,435.1741873675061,20.0
800494,15.0,16.0,78.0,15.0,16.0,78.0,118527.4195181531,474.1096780726124,20.0
800495,15.0,16.0,80.0,15.0,16.0,80.0,132928.29456006316,531.7131782402527,20.0
800496,15.0,16.0,82.0,15.0,16.0,82.0,155566.60879491895,622.2664351796758,20.0
800497,15.0,16.0,84.0,15.0,16.0,84.0,193135.46981249357,772.5418792499743,20.0
800498,15.0,16.0,86.0,15.0,16.0,86.0,256187.20072115393,1024.7488028846158,20.0
800499,15.0,16.0,88.0,15.0,16.0,88.0,345997.45760935463,1383.9898304374185,20.0
800500,15.0,16.0,90.0,15.0,16.0,90.0,400856.6155361829,1603.4264621447317,20.0
800501,15.0,16.0,92.0,15.0,16.0,92.0,345997.4576093551,1383.9898304374203,20.0
800502,15.0,16.0,94.0,15.0,16.0,94.0,256187.2007211544,1024.7488028846176,20.0
800503,15.0,16.0,96.0,15.0,16.0,96.0,193135.46981249395,772.5418792499758,20.0
800504,15.0,16.0,98.0,15.0,16.0,98.0,155566.60879491884,622.2664351796753,20.0
800505,15.0,16.0,100.0,15.0,16.0,100.0,132928.29456006316,531.7131782402527,20.0
800506,15.0,16.0,102.0,15.0,16.0,102.0,118527.4195181531,474.1096780726124,20.0
800507,15.0,16.0,104.0,15.0,16.0,104.0,108793.54684187652,435.1741873675061,20.0
800508,15.0,16.0,106.0,15.0,16.0,106.0,101823.30380630838,407.29321522523355,20.0
800509,15.0,16.0,108.0,15.0,16.0,108.0,96563.5249053726,386.2540996214904,20.0
800510,15.0,16.0,110.0,15.0,16.0,110.0,92405.77393312968,369.6230957325187,20.0
800511,15.0,16.0,112.0,15.0,16.0,112.0,88984.18539256777,355.93674157027107,20.0
800512,15.0,16.0,114.0,15.0,16.0,114.0,86071.03610347357,344.2841444138943,20.0
800513,15.0,16.0,116.0,15.0,16.0,116.0,83520.46383944426,334.08185535777704,20.0
800514,15.0,16.0,118.0,15.0,16.0,118.0,81236.840006454,324.947360025816,20.0
800515,15.0,16.0,120.0,15.0,16.0,120.0,79156.2957558923,316.6251830235692,20.0
800516,15.0,16.0,122.0,15.0,16.0,122.0,77235.54921157434,308.94219684629735,20.0
800517,15.0,16.0,124.0,15.0,16.0,124.0,75444.93886893537,301.77975547574147,20.0
800518,15.0,16.0,126.0,15.0,16.0,126.0,73763.97115100943,295.0558846040378,20.0
800519,15.0,16.0,128.0,15.0,16.0,128.0,72178.44174240255,288.71376696961016,20.0
800520,15.0,16.0,130.0,15.0,16.0,130.0,70678.61518114847,282.7144607245939,20.0
800521,15.0,16.0,132.0,15.0,16.0,132.0,69258.17963782663,277.0327185513065,20.0
800522,15.0,16.0,134.0,15.0,16.0,134.0,67913.7819216802,271.6551276867208,20.0
800523,15.0,16.0,136.0,15.0,16.0,136.0,66644.93358698075,266.579734347923,20.0
800524,15.0,16.0,138.0,15.0,16.0,138.0,65454.03315071354,261.81613260285417,20.0
800525,15.0,16.0,140.0,15.0,16.0,140.0,64346.245744767766,257.3849829790711,20.0
800526,15.0,16.0,142.0,15.0,16.0,142.0,63329.05344534321,253.31621378137285,20.0
800527,15.0,16.0,144.0,15.0,16.0,144.0,62411.41683527599,249.64566734110394,20.0
800528,15.0,16.0,146.0,15.0,16.0,146.0,61602.62109328409,246.41048437313637,20.0
800529,15.0,16.0,148.0,15.0,16.0,148.0,60910.97273452617,243.64389093810468,20.0
800530,15.0,16.0,150.0,15.0,16.0,150.0,60342.545689994746,241.37018275997897,20.0
800531,15.0,16.0,152.0,15.0,16.0,152.0,59900.153113421504,239.600612453686,20.0
800532,15.0,16.0,154.0,15.0,16.0,154.0,59582.664572261776,238.3306582890471,20.0
800533,15.0,16.0,156.0,15.0,16.0,156.0,59384.72032794638,237.53888131178553,20.0
800534,15.0,16.0,158.0,15.0,16.0,158.0,59296.83321263114,237.18733285052457,20.0
800535,15.0,16.0,160.0,15.0,16.0,160.0,59305.82406908504,237.2232962763402,20.0
800536,15.0,16.0,162.0,15.0,16.0,162.0,59395.511485924355,237.58204594369744,20.0
800537,15.0,16.0,164.0,15.0,16.0,164.0,59547.5684349565,238.190273739826,20.0
800538,15.0,16.0,166.0,15.0,16.0,166.0,59742.462873379714,238.96985149351886,20.0
800539,15.0,16.0,168.0,15.0,16.0,168.0,59960.41144673841,239.84164578695365,20.0
800540,15.0,16.0,170.0,15.0,16.0,170.0,60182.29082798343,240.72916331193372,20.0
800541,15.0,16.0,172.0,15.0,16.0,172.0,60390.46679633286,241.56186718533144,20.0
800542,15.0,16.0,174.0,15.0,16.0,174.0,60569.51490801561,242.27805963206245,20.0
800543,15.0,16.0,176.0,15.0,16.0,176.0,60706.81753467843,242.82727013871371,20.0
800544,15.0,16.0,178.0,15.0,16.0,178.0,60793.02986567361,243.17211946269444,20.0
800545,15.0,16.0,180.0,15.0,16.0,180.0,60822.41238882501,243.28964955530006,20.0
800546,20.0,8.0,0.0,20.0,8.0,0.0,77162.84503976082,308.6513801590433,20.0
800547,20.0,8.0,2.0,20.0,8.0,2.0,77127.28529708156,308.5091411883262,20.0
800548,20.0,8.0,4.0,20.0,8.0,4.0,77023.12073673258,308.0924829469303,20.0
800549,20.0,8.0,6.0,20.0,8.0,6.0,76857.78071391648,307.43112285566593,20.0
800550,20.0,8.0,8.0,20.0,8.0,8.0,76643.26749088119,306.57306996352474,20.0
800551,20.0,8.0,10.0,20.0,8.0,10.0,76395.59431213206,305.58237724852825,20.0
800552,20.0,8.0,12.0,20.0,8.0,12.0,76134.01659636387,304.5360663854555,20.0
800553,20.0,8.0,14.0,20.0,8.0,14.0,75880.07801748026,303.5203120699211,20.0
800554,20.0,8.0,16.0,20.0,8.0,16.0,75656.50449309513,302.6260179723805,20.0
800555,20.0,8.0,18.0,20.0,8.0,18.0,75485.99310322064,301.94397241288254,20.0
800556,20.0,8.0,20.0,20.0,8.0,20.0,75389.95905879432,301.55983623517733,20.0
800557,20.0,8.0,22.0,20.0,8.0,22.0,75387.32044320322,301.5492817728129,20.0
800558,20.0,8.0,24.0,20.0,8.0,24.0,75493.41486740808,301.9736594696323,20.0
800559,20.0,8.0,26.0,20.0,8.0,26.0,75719.15057640838,302.8766023056335,20.0
800560,20.0,8.0,28.0,20.0,8.0,28.0,76070.49221663887,304.2819688665555,20.0
800561,20.0,8.0,30.0,20.0,8.0,30.0,76548.36360501105,306.1934544200442,20.0
800562,20.0,8.0,32.0,20.0,8.0,32.0,77149.0129031198,308.5960516124792,20.0
800563,20.0,8.0,34.0,20.0,8.0,34.0,77864.82937915862,311.4593175166345,20.0
800564,20.0,8.0,36.0,20.0,8.0,36.0,78685.53082336833,314.74212329347336,20.0
800565,20.0,8.0,38.0,20.0,8.0,38.0,79599.56932672267,318.3982773068907,20.0
800566,20.0,8.0,40.0,20.0,8.0,40.0,80595.55004214379,322.38220016857514,20.0
800567,20.0,8.0,42.0,20.0,8.0,42.0,81663.44495170252,326.65377980681006,20.0
800568,20.0,8.0,44.0,20.0,8.0,44.0,82795.42799149995,331.1817119659998,20.0
800569,20.0,8.0,46.0,20.0,8.0,46.0,83986.25876061185,335.9450350424474,20.0
800570,20.0,8.0,48.0,20.0,8.0,48.0,85233.27453950666,340.93309815802667,20.0
800571,20.0,8.0,50.0,20.0,8.0,50.0,86536.16877741838,346.1446751096735,20.0
800572,20.0,8.0,52.0,20.0,8.0,52.0,87896.79227163382,351.5871690865353,20.0
800573,20.0,8.0,54.0,20.0,8.0,54.0,89319.19355124452,357.2767742049781,20.0
800574,20.0,8.0,56.0,20.0,8.0,56.0,90810.04685708563,363.24018742834255,20.0
800575,20.0,8.0,58.0,20.0,8.0,58.0,92379.56164109989,369.5182465643996,20.0
800576,20.0,8.0,60.0,20.0,8.0,60.0,94042.9818108872,376.1719272435488,20.0
800577,20.0,8.0,62.0,20.0,8.0,62.0,95822.88707342319,383.29154829369276,20.0
800578,20.0,8.0,64.0,20.0,8.0,64.0,97752.70700264706,391.0108280105882,20.0
800579,20.0,8.0,66.0,20.0,8.0,66.0,99882.18710592682,399.52874842370727,20.0
800580,20.0,8.0,68.0,20.0,8.0,68.0,102286.12126713293,409.1444850685317,20.0
800581,20.0,8.0,70.0,20.0,8.0,70.0,105078.74085174239,420.3149634069696,20.0
800582,20.0,8.0,72.0,20.0,8.0,72.0,108438.25803687792,433.75303214751165,20.0
800583,20.0,8.0,74.0,20.0,8.0,74.0,112650.34426800717,450.6013770720287,20.0
800584,20.0,8.0,76.0,20.0,8.0,76.0,118188.31418425373,472.7532567370149,20.0
800585,20.0,8.0,78.0,20.0,8.0,78.0,125866.99015310286,503.46796061241145,20.0
800586,20.0,8.0,80.0,20.0,8.0,80.0,137147.10589290157,548.5884235716063,20.0
800587,20.0,8.0,82.0,20.0,8.0,82.0,154733.96279171493,618.9358511668597,20.0
800588,20.0,8.0,84.0,20.0,8.0,84.0,183586.8949068121,734.3475796272484,20.0
800589,20.0,8.0,86.0,20.0,8.0,86.0,231152.5037694172,924.6100150776689,20.0
800590,20.0,8.0,88.0,20.0,8.0,88.0,297142.95305208827,1188.571812208353,20.0
800591,20.0,8.0,90.0,20.0,8.0,90.0,336474.3236713815,1345.897294685526,20.0
800592,20.0,8.0,92.0,20.0,8.0,92.0,297142.9530520886,1188.5718122083545,20.0
800593,20.0,8.0,94.0,20.0,8.0,94.0,231152.50376941756,924.6100150776703,20.0
800594,20.0,8.0,96.0,20.0,8.0,96.0,183586.89490681232,734.3475796272493,20.0
800595,20.0,8.0,98.0,20.0,8.0,98.0,154733.96279171485,618.9358511668594,20.0
800596,20.0,8.0,100.0,20.0,8.0,100.0,137147.10589290157,548.5884235716063,20.0
800597,20.0,8.0,102.0,20.0,8.0,102.0,125866.99015310286,503.46796061241145,20.0
800598,20.0,8.0,104.0,20.0,8.0,104.0,118188.31418425373,472.7532567370149,20.0
800599,20.0,8.0,106.0,20.0,8.0,106.0,112650.34426800717,450.6013770720287,20.0
800600,20.0,8.0,108.0,20.0,8.0,108.0,108438.25803687793,433.7530321475117,20.0
800601,20.0,8.0,110.0,20.0,8.0,110.0,105078.74085174239,420.3149634069696,20.0
800602,20.0,8.0,112.0,20.0,8.0,112.0,102286.12126713293,409.1444850685317,20.0
800603,20.0,8.0,114.0,20.0,8.0,114.0,99882.18710592685,399.5287484237074,20.0
800604,20.0,8.0,116.0,20.0,8.0,116.0,97752.70700264705,391.01082801058817,20.0
800605,20.0,8.0,118.0,20.0,8.0,118.0,95822.88707342318,383.2915482936927,20.0
800606,20.0,8.0,120.0,20.0,8.0,120.0,94042.9818108872,376.1719272435488,20.0
800607,20.0,8.0,122.0,20.0,8.0,122.0,92379.56164109989,369.5182465643996,20.0
800608,20.0,8.0,124.0,20.0,8.0,124.0,90810.04685708563,363.24018742834255,20.0
800609,20.0,8.0,126.0,20.0,8.0,126.0,89319.19355124453,357.27677420497815,20.0
800610,20.0,8.0,128.0,20.0,8.0,128.0,87896.79227163382,351.5871690865353,20.0
800611,20.0,8.0,130.0,20.0,8.0,130.0,86536.16877741838,346.1446751096735,20.0
800612,20.0,8.0,132.0,20.0,8.0,132.0,85233.27453950666,340.93309815802667,20.0
800613,20.0,8.0,134.0,20.0,8.0,134.0,83986.25876061182,335.9450350424473,20.0
800614,20.0,8.0,136.0,20.0,8.0,136.0,82795.42799149995,331.1817119659998,20.0
800615,20.0,8.0,138.0,20.0,8.0,138.0,81663.44495170252,326.65377980681006,20.0
800616,20.0,8.0,140.0,20.0,8.0,140.0,80595.55004214379,322.38220016857514,20.0
800617,20.0,8.0,142.0,20.0,8.0,142.0,79599.56932672267,318.3982773068907,20.0
800618,20.0,8.0,144.0,20.0,8.0,144.0,78685.53082336833,314.74212329347336,20.0
800619,20.0,8.0,146.0,20.0,8.0,146.0,77864.8293791586,311.4593175166344,20.0
800620,20.0,8.0,148.0,20.0,8.0,148.0,77149.0129031198,308.5960516124792,20.0
800621,20.0,8.0,150.0,20.0,8.0,150.0,76548.36360501105,306.1934544200442,20.0
800622,20.0,8.0,152.0,20.0,8.0,152.0,76070.49221663887,304.2819688665555,20.0
800623,20.0,8.0,154.0,20.0,8.0,154.0,75719.15057640836,302.8766023056334,20.0
800624,20.0,8.0,156.0,20.0,8.0,156.0,75493.41486740808,301.9736594696323,20.0
800625,20.0,8.0,158.0,20.0,8.0,158.0,75387.32044320322,301.5492817728129,20.0
800626,20.0,8.0,160.0,20.0,8.0,160.0,75389.95905879435,301.55983623517744,20.0
800627,20.0,8.0,162.0,20.0,8.0,162.0,75485.99310322067,301.94397241288266,20.0
800628,20.0,8.0,164.0,20.0,8.0,164.0,75656.50449309511,302.62601797238045,20.0
800629,20.0,8.0,166.0,20.0,8.0,166.0,75880.07801748026,303.5203120699211,20.0
800630,20.0,8.0,168.0,20.0,8.0,168.0,76134.01659636387,304.5360663854555,20.0
800631,20.0,8.0,170.0,20.0,8.0,170.0,76395.59431213206,305.58237724852825,20.0
800632,20.0,8.0,172.0,20.0,8.0,172.0,76643.26749088119,306.57306996352474,20.0
800633,20.0,8.0,174.0,20.0,8.0,174.0,76857.78071391648,307.43112285566593,20.0
800634,20.0,8.0,176.0,20.0,8.0,176.0,77023.12073673258,308.0924829469303,20.0
800635,20.0,8.0,178.0,20.0,8.0,178.0,77127.28529708156,308.5091411883262,20.0
800636,20.0,8.0,180.0,20.0,8.0,180.0,77162.84503976082,308.6513801590433,20.0
800637,20.0,10.0,0.0,20.0,10.0,0.0,69566.28503819123,278.2651401527649,20.0
800638,20.0,10.0,2.0,20.0,10.0,2.0,69535.4906917811,278.1419627671244,20.0
800639,20.0,10.0,4.0,20.0,10.0,4.0,69445.40628505907,277.7816251402363,20.0
800640,20.0,10.0,6.0,20.0,10.0,6.0,69302.82316477109,277.2112926590844,20.0
800641,20.0,10.0,8.0,20.0,10.0,8.0,69118.71370627517,276.4748548251007,20.0
800642,20.0,10.0,10.0,20.0,10.0,10.0,68907.71884773117,275.6308753909247,20.0
800643,20.0,10.0,12.0,20.0,10.0,12.0,68687.4469055066,274.7497876220264,20.0
800644,20.0,10.0,14.0,20.0,10.0,14.0,68477.60347833327,273.9104139133331,20.0
800645,20.0,10.0,16.0,20.0,10.0,16.0,68298.98248523867,273.19592994095467,20.0
800646,20.0,10.0,18.0,20.0,10.0,18.0,68172.36113257971,272.68944453031884,20.0
800647,20.0,10.0,20.0,20.0,10.0,20.0,68117.35626213346,272.4694250485338,20.0
800648,20.0,10.0,22.0,20.0,10.0,22.0,68151.31465008372,272.6052586003349,20.0
800649,20.0,10.0,24.0,20.0,10.0,24.0,68288.322952654,273.153291810616,20.0
800650,20.0,10.0,26.0,20.0,10.0,26.0,68538.43063473531,274.1537225389413,20.0
800651,20.0,10.0,28.0,20.0,10.0,28.0,68907.17708646166,275.62870834584663,20.0
800652,20.0,10.0,30.0,20.0,10.0,30.0,69395.49784195458,277.5819913678183,20.0
800653,20.0,10.0,32.0,20.0,10.0,32.0,70000.05115033932,280.00020460135727,20.0
800654,20.0,10.0,34.0,20.0,10.0,34.0,70713.95491510381,282.85581966041525,20.0
800655,20.0,10.0,36.0,20.0,10.0,36.0,71527.86012248033,286.11144048992134,20.0
800656,20.0,10.0,38.0,20.0,10.0,38.0,72431.221852976,289.724887411904,20.0
800657,20.0,10.0,40.0,20.0,10.0,40.0,73413.58058170813,293.6543223268325,20.0
800658,20.0,10.0,42.0,20.0,10.0,42.0,74465.6549721983,297.86261988879323,20.0
800659,20.0,10.0,44.0,20.0,10.0,44.0,75580.08771798437,302.3203508719375,20.0
800660,20.0,10.0,46.0,20.0,10.0,46.0,76751.77783343983,307.0071113337593,20.0
800661,20.0,10.0,48.0,20.0,10.0,48.0,77977.85341831729,311.9114136732692,20.0
800662,20.0,10.0,50.0,20.0,10.0,50.0,79257.4466698924,317.02978667956955,20.0
800663,20.0,10.0,52.0,20.0,10.0,52.0,80591.48557021584,322.36594228086335,20.0
800664,20.0,10.0,54.0,20.0,10.0,54.0,81982.69833075347,327.93079332301386,20.0
800665,20.0,10.0,56.0,20.0,10.0,56.0,83435.96402095367,333.7438560838147,20.0
800666,20.0,10.0,58.0,20.0,10.0,58.0,84959.09230317597,339.8363692127039,20.0
800667,20.0,10.0,60.0,20.0,10.0,60.0,86564.12697301696,346.2565078920678,20.0
800668,20.0,10.0,62.0,20.0,10.0,62.0,88269.36120434034,353.07744481736137,20.0
800669,20.0,10.0,64.0,20.0,10.0,64.0,90102.43115363616,360.40972461454464,20.0
800670,20.0,10.0,66.0,20.0,10.0,66.0,92105.1529250197,368.42061170007884,20.0
800671,20.0,10.0,68.0,20.0,10.0,68.0,94341.29520297232,377.3651808118893,20.0
800672,20.0,10.0,70.0,20.0,10.0,70.0,96909.47949809977,387.6379179923991,20.0
800673,20.0,10.0,72.0,20.0,10.0,72.0,99965.39207529386,399.86156830117545,20.0
800674,20.0,10.0,74.0,20.0,10.0,74.0,103761.63724669197,415.0465489867679,20.0
800675,20.0,10.0,76.0,20.0,10.0,76.0,108722.55955526196,434.89023822104787,20.0
800676,20.0,10.0,78.0,20.0,10.0,78.0,115591.61043000405,462.3664417200162,20.0
800677,20.0,10.0,80.0,20.0,10.0,80.0,125734.94568347953,502.9397827339181,20.0
800678,20.0,10.0,82.0,20.0,10.0,82.0,141781.84554283897,567.1273821713559,20.0
800679,20.0,10.0,84.0,20.0,10.0,84.0,168885.4323962667,675.5417295850668,20.0
800680,20.0,10.0,86.0,20.0,10.0,86.0,215976.83884481533,863.9073553792613,20.0
800681,20.0,10.0,88.0,20.0,10.0,88.0,286929.21688104706,1147.7168675241883,20.0
800682,20.0,10.0,90.0,20.0,10.0,90.0,332715.6791015241,1330.8627164060965,20.0
800683,20.0,10.0,92.0,20.0,10.0,92.0,286929.2168810474,1147.7168675241896,20.0
800684,20.0,10.0,94.0,20.0,10.0,94.0,215976.8388448157,863.9073553792629,20.0
800685,20.0,10.0,96.0,20.0,10.0,96.0,168885.43239626696,675.5417295850679,20.0
800686,20.0,10.0,98.0,20.0,10.0,98.0,141781.8455428389,567.1273821713556,20.0
800687,20.0,10.0,100.0,20.0,10.0,100.0,125734.9456834795,502.939782733918,20.0
800688,20.0,10.0,102.0,20.0,10.0,102.0,115591.61043000403,462.36644172001616,20.0
800689,20.0,10.0,104.0,20.0,10.0,104.0,108722.55955526196,434.89023822104787,20.0
800690,20.0,10.0,106.0,20.0,10.0,106.0,103761.63724669197,415.0465489867679,20.0
800691,20.0,10.0,108.0,20.0,10.0,108.0,99965.39207529387,399.8615683011755,20.0
800692,20.0,10.0,110.0,20.0,10.0,110.0,96909.47949809975,387.637917992399,20.0
800693,20.0,10.0,112.0,20.0,10.0,112.0,94341.29520297232,377.3651808118893,20.0
800694,20.0,10.0,114.0,20.0,10.0,114.0,92105.1529250197,368.42061170007884,20.0
800695,20.0,10.0,116.0,20.0,10.0,116.0,90102.43115363615,360.4097246145446,20.0
800696,20.0,10.0,118.0,20.0,10.0,118.0,88269.36120434033,353.0774448173613,20.0
800697,20.0,10.0,120.0,20.0,10.0,120.0,86564.12697301696,346.2565078920678,20.0
800698,20.0,10.0,122.0,20.0,10.0,122.0,84959.09230317597,339.8363692127039,20.0
800699,20.0,10.0,124.0,20.0,10.0,124.0,83435.96402095367,333.7438560838147,20.0
800700,20.0,10.0,126.0,20.0,10.0,126.0,81982.69833075347,327.93079332301386,20.0
800701,20.0,10.0,128.0,20.0,10.0,128.0,80591.48557021587,322.36594228086346,20.0
800702,20.0,10.0,130.0,20.0,10.0,130.0,79257.44666989242,317.0297866795697,20.0
800703,20.0,10.0,132.0,20.0,10.0,132.0,77977.85341831727,311.9114136732691,20.0
800704,20.0,10.0,134.0,20.0,10.0,134.0,76751.7778334398,307.0071113337592,20.0
800705,20.0,10.0,136.0,20.0,10.0,136.0,75580.08771798437,302.3203508719375,20.0
800706,20.0,10.0,138.0,20.0,10.0,138.0,74465.6549721983,297.86261988879323,20.0
800707,20.0,10.0,140.0,20.0,10.0,140.0,73413.58058170813,293.6543223268325,20.0
800708,20.0,10.0,142.0,20.0,10.0,142.0,72431.221852976,289.724887411904,20.0
800709,20.0,10.0,144.0,20.0,10.0,144.0,71527.86012248033,286.11144048992134,20.0
800710,20.0,10.0,146.0,20.0,10.0,146.0,70713.95491510381,282.85581966041525,20.0
800711,20.0,10.0,148.0,20.0,10.0,148.0,70000.05115033932,280.00020460135727,20.0
800712,20.0,10.0,150.0,20.0,10.0,150.0,69395.49784195458,277.5819913678183,20.0
800713,20.0,10.0,152.0,20.0,10.0,152.0,68907.17708646166,275.62870834584663,20.0
800714,20.0,10.0,154.0,20.0,10.0,154.0,68538.43063473528,274.1537225389411,20.0
800715,20.0,10.0,156.0,20.0,10.0,156.0,68288.322952654,273.153291810616,20.0
800716,20.0,10.0,158.0,20.0,10.0,158.0,68151.31465008372,272.6052586003349,20.0
800717,20.0,10.0,160.0,20.0,10.0,160.0,68117.35626213347,272.4694250485339,20.0
800718,20.0,10.0,162.0,20.0,10.0,162.0,68172.36113257971,272.68944453031884,20.0
800719,20.0,10.0,164.0,20.0,10.0,164.0,68298.98248523867,273.19592994095467,20.0
800720,20.0,10.0,166.0,20.0,10.0,166.0,68477.60347833327,273.9104139133331,20.0
800721,20.0,10.0,168.0,20.0,10.0,168.0,68687.44690550661,274.7497876220265,20.0
800722,20.0,10.0,170.0,20.0,10.0,170.0,68907.71884773117,275.6308753909247,20.0
800723,20.0,10.0,172.0,20.0,10.0,172.0,69118.71370627517,276.4748548251007,20.0
800724,20.0,10.0,174.0,20.0,10.0,174.0,69302.82316477109,277.2112926590844,20.0
800725,20.0,10.0,176.0,20.0,10.0,176.0,69445.40628505907,277.7816251402363,20.0
800726,20.0,10.0,178.0,20.0,10.0,178.0,69535.4906917811,278.1419627671244,20.0
800727,20.0,10.0,180.0,20.0,10.0,180.0,69566.28503819123,278.2651401527649,20.0
800728,20.0,12.0,0.0,20.0,12.0,0.0,62195.01212831477,248.78004851325906,20.0
800729,20.0,12.0,2.0,20.0,12.0,2.0,62168.63518426444,248.67454073705778,20.0
800730,20.0,12.0,4.0,20.0,12.0,4.0,62091.58647733766,248.36634590935066,20.0
800731,20.0,12.0,6.0,20.0,12.0,6.0,61970.01796393487,247.8800718557395,20.0
800732,20.0,12.0,8.0,20.0,12.0,8.0,61813.86994456793,247.25547977827173,20.0
800733,20.0,12.0,10.0,20.0,12.0,10.0,61636.4082313704,246.5456329254816,20.0
800734,20.0,12.0,12.0,20.0,12.0,12.0,61453.59083409289,245.81436333637154,20.0
800735,20.0,12.0,14.0,20.0,12.0,14.0,61283.28201013572,245.13312804054289,20.0
800736,20.0,12.0,16.0,20.0,12.0,16.0,61144.34075367164,244.57736301468657,20.0
800737,20.0,12.0,18.0,20.0,12.0,18.0,61055.62229554365,244.22248918217463,20.0
800738,20.0,12.0,20.0,20.0,12.0,20.0,61034.944402004534,244.13977760801814,20.0
800739,20.0,12.0,22.0,20.0,12.0,22.0,61098.083892376875,244.3923355695075,20.0
800740,20.0,12.0,24.0,20.0,12.0,24.0,61257.880629479005,245.03152251791602,20.0
800741,20.0,12.0,26.0,20.0,12.0,26.0,61523.53311969191,246.09413247876762,20.0
800742,20.0,12.0,28.0,20.0,12.0,28.0,61900.16792344988,247.60067169379954,20.0
800743,20.0,12.0,30.0,20.0,12.0,30.0,62388.750362491366,249.55500144996546,20.0
800744,20.0,12.0,32.0,20.0,12.0,32.0,62986.37361697161,251.94549446788642,20.0
800745,20.0,12.0,34.0,20.0,12.0,34.0,63686.91705608953,254.7476682243581,20.0
800746,20.0,12.0,36.0,20.0,12.0,36.0,64482.00696956181,257.92802787824724,20.0
800747,20.0,12.0,38.0,20.0,12.0,38.0,65362.15416857722,261.4486166743089,20.0
800748,20.0,12.0,40.0,20.0,12.0,40.0,66317.8992377867,265.2715969511468,20.0
800749,20.0,12.0,42.0,20.0,12.0,42.0,67340.7858152086,269.3631432608344,20.0
800750,20.0,12.0,44.0,20.0,12.0,44.0,68424.01865274832,273.69607461099326,20.0
800751,20.0,12.0,46.0,20.0,12.0,46.0,69562.7460385712,278.2509841542848,20.0
800752,20.0,12.0,48.0,20.0,12.0,48.0,70754.01492496565,283.01605969986264,20.0
800753,20.0,12.0,50.0,20.0,12.0,50.0,71996.54419240633,287.98617676962533,20.0
800754,20.0,12.0,52.0,20.0,12.0,52.0,73290.50875424029,293.16203501696117,20.0
800755,20.0,12.0,54.0,20.0,12.0,54.0,74637.51026117003,298.55004104468014,20.0
800756,20.0,12.0,56.0,20.0,12.0,56.0,76040.85300406188,304.16341201624755,20.0
800757,20.0,12.0,58.0,20.0,12.0,58.0,77506.19707294353,310.0247882917741,20.0
800758,20.0,12.0,60.0,20.0,12.0,60.0,79042.66998428086,316.17067993712345,20.0
800759,20.0,12.0,62.0,20.0,12.0,62.0,80664.59991421939,322.6583996568776,20.0
800760,20.0,12.0,64.0,20.0,12.0,64.0,82394.19194798796,329.57676779195185,20.0
800761,20.0,12.0,66.0,20.0,12.0,66.0,84265.7343111463,337.0629372445852,20.0
800762,20.0,12.0,68.0,20.0,12.0,68.0,86332.39481226941,345.32957924907765,20.0
800763,20.0,12.0,70.0,20.0,12.0,70.0,88677.57535443225,354.710301417729,20.0
800764,20.0,12.0,72.0,20.0,12.0,72.0,91434.62885461286,365.73851541845147,20.0
800765,20.0,12.0,74.0,20.0,12.0,74.0,94822.64347516668,379.29057390066674,20.0
800766,20.0,12.0,76.0,20.0,12.0,76.0,99214.71109758082,396.85884439032327,20.0
800767,20.0,12.0,78.0,20.0,12.0,78.0,105275.56009484259,421.10224037937036,20.0
800768,20.0,12.0,80.0,20.0,12.0,80.0,114255.46507423335,457.0218602969334,20.0
800769,20.0,12.0,82.0,20.0,12.0,82.0,128648.89903499781,514.5955961399912,20.0
800770,20.0,12.0,84.0,20.0,12.0,84.0,153659.62654719577,614.6385061887831,20.0
800771,20.0,12.0,86.0,20.0,12.0,86.0,199547.91085088847,798.1916434035539,20.0
800772,20.0,12.0,88.0,20.0,12.0,88.0,275374.4182244572,1101.4976728978288,20.0
800773,20.0,12.0,90.0,20.0,12.0,90.0,329199.4198611553,1316.797679444621,20.0
800774,20.0,12.0,92.0,20.0,12.0,92.0,275374.4182244576,1101.4976728978304,20.0
800775,20.0,12.0,94.0,20.0,12.0,94.0,199547.91085088885,798.1916434035554,20.0
800776,20.0,12.0,96.0,20.0,12.0,96.0,153659.62654719604,614.6385061887842,20.0
800777,20.0,12.0,98.0,20.0,12.0,98.0,128648.89903499772,514.5955961399909,20.0
800778,20.0,12.0,100.0,20.0,12.0,100.0,114255.46507423335,457.02186029693337,20.0
800779,20.0,12.0,102.0,20.0,12.0,102.0,105275.56009484259,421.10224037937036,20.0
800780,20.0,12.0,104.0,20.0,12.0,104.0,99214.71109758082,396.85884439032327,20.0
800781,20.0,12.0,106.0,20.0,12.0,106.0,94822.64347516671,379.29057390066686,20.0
800782,20.0,12.0,108.0,20.0,12.0,108.0,91434.6288546129,365.73851541845164,20.0
800783,20.0,12.0,110.0,20.0,12.0,110.0,88677.57535443222,354.7103014177289,20.0
800784,20.0,12.0,112.0,20.0,12.0,112.0,86332.39481226943,345.3295792490777,20.0
800785,20.0,12.0,114.0,20.0,12.0,114.0,84265.73431114631,337.06293724458527,20.0
800786,20.0,12.0,116.0,20.0,12.0,116.0,82394.19194798796,329.57676779195185,20.0
800787,20.0,12.0,118.0,20.0,12.0,118.0,80664.59991421939,322.6583996568776,20.0
800788,20.0,12.0,120.0,20.0,12.0,120.0,79042.66998428086,316.17067993712345,20.0
800789,20.0,12.0,122.0,20.0,12.0,122.0,77506.19707294353,310.0247882917741,20.0
800790,20.0,12.0,124.0,20.0,12.0,124.0,76040.85300406188,304.16341201624755,20.0
800791,20.0,12.0,126.0,20.0,12.0,126.0,74637.51026117006,298.55004104468026,20.0
800792,20.0,12.0,128.0,20.0,12.0,128.0,73290.50875424032,293.1620350169613,20.0
800793,20.0,12.0,130.0,20.0,12.0,130.0,71996.54419240633,287.98617676962533,20.0
800794,20.0,12.0,132.0,20.0,12.0,132.0,70754.01492496562,283.0160596998625,20.0
800795,20.0,12.0,134.0,20.0,12.0,134.0,69562.74603857117,278.2509841542847,20.0
800796,20.0,12.0,136.0,20.0,12.0,136.0,68424.01865274832,273.69607461099326,20.0
800797,20.0,12.0,138.0,20.0,12.0,138.0,67340.7858152086,269.3631432608344,20.0
800798,20.0,12.0,140.0,20.0,12.0,140.0,66317.8992377867,265.2715969511468,20.0
800799,20.0,12.0,142.0,20.0,12.0,142.0,65362.15416857722,261.4486166743089,20.0
800800,20.0,12.0,144.0,20.0,12.0,144.0,64482.00696956181,257.92802787824724,20.0
800801,20.0,12.0,146.0,20.0,12.0,146.0,63686.917056089515,254.74766822435805,20.0
800802,20.0,12.0,148.0,20.0,12.0,148.0,62986.37361697162,251.9454944678865,20.0
800803,20.0,12.0,150.0,20.0,12.0,150.0,62388.75036249135,249.5550014499654,20.0
800804,20.0,12.0,152.0,20.0,12.0,152.0,61900.16792344988,247.60067169379954,20.0
800805,20.0,12.0,154.0,20.0,12.0,154.0,61523.53311969189,246.09413247876756,20.0
800806,20.0,12.0,156.0,20.0,12.0,156.0,61257.880629479005,245.03152251791602,20.0
800807,20.0,12.0,158.0,20.0,12.0,158.0,61098.083892376875,244.3923355695075,20.0
800808,20.0,12.0,160.0,20.0,12.0,160.0,61034.94440200454,244.13977760801816,20.0
800809,20.0,12.0,162.0,20.0,12.0,162.0,61055.62229554366,244.22248918217466,20.0
800810,20.0,12.0,164.0,20.0,12.0,164.0,61144.34075367163,244.57736301468654,20.0
800811,20.0,12.0,166.0,20.0,12.0,166.0,61283.28201013572,245.13312804054289,20.0
800812,20.0,12.0,168.0,20.0,12.0,168.0,61453.5908340929,245.8143633363716,20.0
800813,20.0,12.0,170.0,20.0,12.0,170.0,61636.4082313704,246.5456329254816,20.0
800814,20.0,12.0,172.0,20.0,12.0,172.0,61813.86994456793,247.25547977827173,20.0
800815,20.0,12.0,174.0,20.0,12.0,174.0,61970.01796393487,247.8800718557395,20.0
800816,20.0,12.0,176.0,20.0,12.0,176.0,62091.58647733766,248.36634590935066,20.0
800817,20.0,12.0,178.0,20.0,12.0,178.0,62168.63518426444,248.67454073705778,20.0
800818,20.0,12.0,180.0,20.0,12.0,180.0,62195.01212831477,248.78004851325906,20.0
800819,20.0,14.0,0.0,20.0,14.0,0.0,55049.02631013143,220.19610524052572,20.0
800820,20.0,14.0,2.0,20.0,14.0,2.0,55026.74985857015,220.1069994342806,20.0
800821,20.0,14.0,4.0,20.0,14.0,4.0,54961.78527964439,219.84714111857758,20.0
800822,20.0,14.0,6.0,20.0,14.0,6.0,54859.642643395484,219.43857057358193,20.0
800823,20.0,14.0,8.0,20.0,14.0,8.0,54729.226117892016,218.91690447156807,20.0
800824,20.0,14.0,10.0,20.0,14.0,10.0,54582.42092596984,218.32968370387937,20.0
800825,20.0,14.0,12.0,20.0,14.0,12.0,54433.52812457862,217.7341124983145,20.0
800826,20.0,14.0,14.0,20.0,14.0,14.0,54298.56309467077,217.19425237868307,20.0
800827,20.0,14.0,16.0,20.0,14.0,16.0,54194.4418521405,216.77776740856203,20.0
800828,20.0,14.0,18.0,20.0,14.0,18.0,54138.08953418704,216.55235813674818,20.0
800829,20.0,14.0,20.0,20.0,14.0,20.0,54145.51719230621,216.58206876922483,20.0
800830,20.0,14.0,22.0,20.0,14.0,22.0,54230.92516968945,216.9237006787578,20.0
800831,20.0,14.0,24.0,20.0,14.0,24.0,54405.90188253042,217.6236075301217,20.0
800832,20.0,14.0,26.0,20.0,14.0,26.0,54678.79294992048,218.7151717996819,20.0
800833,20.0,14.0,28.0,20.0,14.0,28.0,55054.313875501335,220.21725550200534,20.0
800834,20.0,14.0,30.0,20.0,14.0,30.0,55533.46634470034,222.13386537880137,20.0
800835,20.0,14.0,32.0,20.0,14.0,32.0,56113.79107739605,224.4551643095842,20.0
800836,20.0,14.0,34.0,20.0,14.0,34.0,56789.94890902806,227.15979563611225,20.0
800837,20.0,14.0,36.0,20.0,14.0,36.0,57554.57031382024,230.21828125528094,20.0
800838,20.0,14.0,38.0,20.0,14.0,38.0,58399.26121109891,233.59704484439564,20.0
800839,20.0,14.0,40.0,20.0,14.0,40.0,59315.61390904709,237.26245563618838,20.0
800840,20.0,14.0,42.0,20.0,14.0,42.0,60296.06273274866,241.18425093099464,20.0
800841,20.0,14.0,44.0,20.0,14.0,44.0,61334.45628935103,245.33782515740413,20.0
800842,20.0,14.0,46.0,20.0,14.0,46.0,62426.29214228826,249.70516856915305,20.0
800843,20.0,14.0,48.0,20.0,14.0,48.0,63568.656584645025,254.2746263385801,20.0
800844,20.0,14.0,50.0,20.0,14.0,50.0,64759.998653312774,259.0399946132511,20.0
800845,20.0,14.0,52.0,20.0,14.0,52.0,65999.90945953278,263.9996378381311,20.0
800846,20.0,14.0,54.0,20.0,14.0,54.0,67289.06242196026,269.15624968784107,20.0
800847,20.0,14.0,56.0,20.0,14.0,56.0,68629.41839326268,274.51767357305073,20.0
800848,20.0,14.0,58.0,20.0,14.0,58.0,70024.75716840368,280.0990286736147,20.0
800849,20.0,14.0,60.0,20.0,14.0,60.0,71481.60343694146,285.9264137477658,20.0
800850,20.0,14.0,62.0,20.0,14.0,62.0,73010.68580261212,292.04274321044846,20.0
800851,20.0,14.0,64.0,20.0,14.0,64.0,74629.2047973835,298.516819189534,20.0
800852,20.0,14.0,66.0,20.0,14.0,66.0,76364.41701561878,305.45766806247514,20.0
800853,20.0,14.0,68.0,20.0,14.0,68.0,78259.45727400493,313.0378290960197,20.0
800854,20.0,14.0,70.0,20.0,14.0,70.0,80383.12416808045,321.5324966723218,20.0
800855,20.0,14.0,72.0,20.0,14.0,72.0,82847.00190485732,331.3880076194293,20.0
800856,20.0,14.0,74.0,20.0,14.0,74.0,85836.85317980702,343.3474127192281,20.0
800857,20.0,14.0,76.0,20.0,14.0,76.0,89673.37133724298,358.69348534897193,20.0
800858,20.0,14.0,78.0,20.0,14.0,78.0,94937.2312962297,379.7489251849188,20.0
800859,20.0,14.0,80.0,20.0,14.0,80.0,102744.76131655042,410.9790452662017,20.0
800860,20.0,14.0,82.0,20.0,14.0,82.0,115399.16508999837,461.59666035999345,20.0
800861,20.0,14.0,84.0,20.0,14.0,84.0,137992.81488605894,551.9712595442357,20.0
800862,20.0,14.0,86.0,20.0,14.0,86.0,181825.77338739196,727.3030935495678,20.0
800863,20.0,14.0,88.0,20.0,14.0,88.0,262112.9609409049,1048.4518437636195,20.0
800864,20.0,14.0,90.0,20.0,14.0,90.0,326069.4431433243,1304.2777725732972,20.0
800865,20.0,14.0,92.0,20.0,14.0,92.0,262112.96094090538,1048.4518437636216,20.0
800866,20.0,14.0,94.0,20.0,14.0,94.0,181825.7733873924,727.3030935495697,20.0
800867,20.0,14.0,96.0,20.0,14.0,96.0,137992.81488605918,551.9712595442367,20.0
800868,20.0,14.0,98.0,20.0,14.0,98.0,115399.1650899983,461.5966603599932,20.0
800869,20.0,14.0,100.0,20.0,14.0,100.0,102744.7613165504,410.97904526620164,20.0
800870,20.0,14.0,102.0,20.0,14.0,102.0,94937.2312962297,379.7489251849188,20.0
800871,20.0,14.0,104.0,20.0,14.0,104.0,89673.37133724298,358.69348534897193,20.0
800872,20.0,14.0,106.0,20.0,14.0,106.0,85836.85317980702,343.3474127192281,20.0
800873,20.0,14.0,108.0,20.0,14.0,108.0,82847.00190485734,331.3880076194294,20.0
800874,20.0,14.0,110.0,20.0,14.0,110.0,80383.12416808045,321.5324966723218,20.0
800875,20.0,14.0,112.0,20.0,14.0,112.0,78259.45727400495,313.0378290960198,20.0
800876,20.0,14.0,114.0,20.0,14.0,114.0,76364.4170156188,305.45766806247525,20.0
800877,20.0,14.0,116.0,20.0,14.0,116.0,74629.20479738347,298.51681918953386,20.0
800878,20.0,14.0,118.0,20.0,14.0,118.0,73010.68580261209,292.04274321044835,20.0
800879,20.0,14.0,120.0,20.0,14.0,120.0,71481.60343694146,285.9264137477658,20.0
800880,20.0,14.0,122.0,20.0,14.0,122.0,70024.75716840368,280.0990286736147,20.0
800881,20.0,14.0,124.0,20.0,14.0,124.0,68629.41839326268,274.51767357305073,20.0
800882,20.0,14.0,126.0,20.0,14.0,126.0,67289.06242196026,269.15624968784107,20.0
800883,20.0,14.0,128.0,20.0,14.0,128.0,65999.9094595328,263.9996378381312,20.0
800884,20.0,14.0,130.0,20.0,14.0,130.0,64759.9986533128,259.0399946132512,20.0
800885,20.0,14.0,132.0,20.0,14.0,132.0,63568.656584645025,254.2746263385801,20.0
800886,20.0,14.0,134.0,20.0,14.0,134.0,62426.29214228826,249.70516856915305,20.0
800887,20.0,14.0,136.0,20.0,14.0,136.0,61334.456289351045,245.33782515740418,20.0
800888,20.0,14.0,138.0,20.0,14.0,138.0,60296.06273274866,241.18425093099464,20.0
800889,20.0,14.0,140.0,20.0,14.0,140.0,59315.61390904709,237.26245563618838,20.0
800890,20.0,14.0,142.0,20.0,14.0,142.0,58399.26121109891,233.59704484439564,20.0
800891,20.0,14.0,144.0,20.0,14.0,144.0,57554.57031382023,230.2182812552809,20.0
800892,20.0,14.0,146.0,20.0,14.0,146.0,56789.948909028055,227.15979563611222,20.0
800893,20.0,14.0,148.0,20.0,14.0,148.0,56113.79107739605,224.4551643095842,20.0
800894,20.0,14.0,150.0,20.0,14.0,150.0,55533.46634470034,222.13386537880137,20.0
800895,20.0,14.0,152.0,20.0,14.0,152.0,55054.313875501335,220.21725550200534,20.0
800896,20.0,14.0,154.0,20.0,14.0,154.0,54678.792949920455,218.71517179968183,20.0
800897,20.0,14.0,156.0,20.0,14.0,156.0,54405.90188253042,217.6236075301217,20.0
800898,20.0,14.0,158.0,20.0,14.0,158.0,54230.92516968945,216.9237006787578,20.0
800899,20.0,14.0,160.0,20.0,14.0,160.0,54145.51719230621,216.58206876922483,20.0
800900,20.0,14.0,162.0,20.0,14.0,162.0,54138.08953418705,216.5523581367482,20.0
800901,20.0,14.0,164.0,20.0,14.0,164.0,54194.4418521405,216.77776740856203,20.0
800902,20.0,14.0,166.0,20.0,14.0,166.0,54298.56309467077,217.19425237868307,20.0
800903,20.0,14.0,168.0,20.0,14.0,168.0,54433.528124578625,217.73411249831452,20.0
800904,20.0,14.0,170.0,20.0,14.0,170.0,54582.42092596984,218.32968370387937,20.0
800905,20.0,14.0,172.0,20.0,14.0,172.0,54729.226117892016,218.91690447156807,20.0
800906,20.0,14.0,174.0,20.0,14.0,174.0,54859.642643395484,219.43857057358193,20.0
800907,20.0,14.0,176.0,20.0,14.0,176.0,54961.78527964439,219.84714111857758,20.0
800908,20.0,14.0,178.0,20.0,14.0,178.0,55026.74985857015,220.1069994342806,20.0
800909,20.0,14.0,180.0,20.0,14.0,180.0,55049.02631013143,220.19610524052572,20.0
800910,20.0,16.0,0.0,20.0,16.0,0.0,48128.327583641214,192.51331033456486,20.0
800911,20.0,16.0,2.0,20.0,16.0,2.0,48109.865048690954,192.43946019476383,20.0
800912,20.0,16.0,4.0,20.0,16.0,4.0,48056.12371688115,192.2244948675246,20.0
800913,20.0,16.0,6.0,20.0,16.0,6.0,47971.96833767702,191.88787335070808,20.0
800914,20.0,16.0,8.0,20.0,16.0,8.0,47865.26130893811,191.46104523575247,20.0
800915,20.0,16.0,10.0,20.0,16.0,10.0,47746.49955460134,190.98599821840534,20.0
800916,20.0,16.0,12.0,20.0,16.0,12.0,47628.317587399564,190.51327034959826,20.0
800917,20.0,16.0,14.0,20.0,16.0,14.0,47524.870692511984,190.09948277004793,20.0
800918,20.0,16.0,16.0,20.0,16.0,16.0,47451.119385201426,189.80447754080572,20.0
800919,20.0,16.0,18.0,20.0,16.0,18.0,47422.04528803135,189.68818115212542,20.0
800920,20.0,16.0,20.0,20.0,16.0,20.0,47451.83891185381,189.80735564741525,20.0
800921,20.0,16.0,22.0,20.0,16.0,22.0,47553.11048704598,190.21244194818394,20.0
800922,20.0,16.0,24.0,20.0,16.0,24.0,47736.18424206944,190.94473696827777,20.0
800923,20.0,16.0,26.0,20.0,16.0,26.0,48008.54189437893,192.03416757751572,20.0
800924,20.0,16.0,28.0,20.0,16.0,28.0,48374.4795720253,193.4979182881012,20.0
800925,20.0,16.0,30.0,20.0,16.0,30.0,48835.03081988081,195.34012327952325,20.0
800926,20.0,16.0,32.0,20.0,16.0,32.0,49388.18448906342,197.55273795625368,20.0
800927,20.0,16.0,34.0,20.0,16.0,34.0,50029.390022860425,200.1175600914417,20.0
800928,20.0,16.0,36.0,20.0,16.0,36.0,50752.297408743834,203.00918963497534,20.0
800929,20.0,16.0,38.0,20.0,16.0,38.0,51549.63301808083,206.19853207232333,20.0
800930,20.0,16.0,40.0,20.0,16.0,40.0,52414.0782682137,209.6563130728548,20.0
800931,20.0,16.0,42.0,20.0,16.0,42.0,53339.00983210204,213.35603932840817,20.0
800932,20.0,16.0,44.0,20.0,16.0,44.0,54318.98856066538,217.27595424266153,20.0
800933,20.0,16.0,46.0,20.0,16.0,46.0,55349.949101669095,221.3997964066764,20.0
800934,20.0,16.0,48.0,20.0,16.0,48.0,56429.12729023809,225.71650916095237,20.0
800935,20.0,16.0,50.0,20.0,16.0,50.0,57554.838232184644,230.21935292873857,20.0
800936,20.0,16.0,52.0,20.0,16.0,52.0,58726.2546439501,234.90501857580043,20.0
800937,20.0,16.0,54.0,20.0,16.0,54.0,59943.32105317583,239.77328421270332,20.0
800938,20.0,16.0,56.0,20.0,16.0,56.0,61206.8935412091,244.82757416483642,20.0
800939,20.0,16.0,58.0,20.0,16.0,58.0,62519.15638870936,250.07662555483745,20.0
800940,20.0,16.0,60.0,20.0,16.0,60.0,63884.371156094894,255.53748462437957,20.0
800941,20.0,16.0,62.0,20.0,16.0,62.0,65310.07309170634,261.2402923668254,20.0
800942,20.0,16.0,64.0,20.0,16.0,64.0,66808.94610013375,267.235784400535,20.0
800943,20.0,16.0,66.0,20.0,16.0,66.0,68401.80374144914,273.6072149657966,20.0
800944,20.0,16.0,68.0,20.0,16.0,68.0,70122.45752904551,280.489830116182,20.0
800945,20.0,16.0,70.0,20.0,16.0,70.0,72025.94497797285,288.10377991189137,20.0
800946,20.0,16.0,72.0,20.0,16.0,72.0,74203.02363498945,296.81209453995785,20.0
800947,20.0,16.0,74.0,20.0,16.0,74.0,76806.98523833427,307.22794095333705,20.0
800948,20.0,16.0,76.0,20.0,16.0,76.0,80106.20364508052,320.42481458032205,20.0
800949,20.0,16.0,78.0,20.0,16.0,78.0,84594.29996031296,338.3771998412518,20.0
800950,20.0,16.0,80.0,20.0,16.0,80.0,91239.9026560026,364.9596106240104,20.0
800951,20.0,16.0,82.0,20.0,16.0,82.0,102104.45697232748,408.41782788930993,20.0
800952,20.0,16.0,84.0,20.0,16.0,84.0,121997.81541926846,487.99126167707385,20.0
800953,20.0,16.0,86.0,20.0,16.0,86.0,162825.36820777692,651.3014728311077,20.0
800954,20.0,16.0,88.0,20.0,16.0,88.0,246661.85484215422,986.647419368617,20.0
800955,20.0,16.0,90.0,20.0,16.0,90.0,323545.86840183224,1294.183473607329,20.0
800956,20.0,16.0,92.0,20.0,16.0,92.0,246661.85484215477,986.6474193686191,20.0
800957,20.0,16.0,94.0,20.0,16.0,94.0,162825.3682077773,651.3014728311092,20.0
800958,20.0,16.0,96.0,20.0,16.0,96.0,121997.81541926866,487.99126167707465,20.0
800959,20.0,16.0,98.0,20.0,16.0,98.0,102104.45697232742,408.4178278893097,20.0
800960,20.0,16.0,100.0,20.0,16.0,100.0,91239.9026560026,364.9596106240104,20.0
800961,20.0,16.0,102.0,20.0,16.0,102.0,84594.29996031296,338.3771998412518,20.0
800962,20.0,16.0,104.0,20.0,16.0,104.0,80106.20364508052,320.42481458032205,20.0
800963,20.0,16.0,106.0,20.0,16.0,106.0,76806.98523833427,307.22794095333705,20.0
800964,20.0,16.0,108.0,20.0,16.0,108.0,74203.02363498948,296.81209453995797,20.0
800965,20.0,16.0,110.0,20.0,16.0,110.0,72025.94497797285,288.10377991189137,20.0
800966,20.0,16.0,112.0,20.0,16.0,112.0,70122.45752904551,280.489830116182,20.0
800967,20.0,16.0,114.0,20.0,16.0,114.0,68401.80374144914,273.6072149657966,20.0
800968,20.0,16.0,116.0,20.0,16.0,116.0,66808.94610013373,267.23578440053495,20.0
800969,20.0,16.0,118.0,20.0,16.0,118.0,65310.07309170631,261.24029236682526,20.0
800970,20.0,16.0,120.0,20.0,16.0,120.0,63884.371156094894,255.53748462437957,20.0
800971,20.0,16.0,122.0,20.0,16.0,122.0,62519.15638870936,250.07662555483745,20.0
800972,20.0,16.0,124.0,20.0,16.0,124.0,61206.8935412091,244.82757416483642,20.0
800973,20.0,16.0,126.0,20.0,16.0,126.0,59943.32105317583,239.77328421270332,20.0
800974,20.0,16.0,128.0,20.0,16.0,128.0,58726.254643950124,234.9050185758005,20.0
800975,20.0,16.0,130.0,20.0,16.0,130.0,57554.83823218465,230.2193529287386,20.0
800976,20.0,16.0,132.0,20.0,16.0,132.0,56429.12729023809,225.71650916095237,20.0
800977,20.0,16.0,134.0,20.0,16.0,134.0,55349.949101669095,221.3997964066764,20.0
800978,20.0,16.0,136.0,20.0,16.0,136.0,54318.988560665384,217.27595424266156,20.0
800979,20.0,16.0,138.0,20.0,16.0,138.0,53339.00983210204,213.35603932840817,20.0
800980,20.0,16.0,140.0,20.0,16.0,140.0,52414.0782682137,209.6563130728548,20.0
800981,20.0,16.0,142.0,20.0,16.0,142.0,51549.63301808083,206.19853207232333,20.0
800982,20.0,16.0,144.0,20.0,16.0,144.0,50752.29740874382,203.0091896349753,20.0
800983,20.0,16.0,146.0,20.0,16.0,146.0,50029.39002286041,200.11756009144165,20.0
800984,20.0,16.0,148.0,20.0,16.0,148.0,49388.184489063424,197.5527379562537,20.0
800985,20.0,16.0,150.0,20.0,16.0,150.0,48835.03081988081,195.34012327952325,20.0
800986,20.0,16.0,152.0,20.0,16.0,152.0,48374.4795720253,193.4979182881012,20.0
800987,20.0,16.0,154.0,20.0,16.0,154.0,48008.54189437892,192.0341675775157,20.0
800988,20.0,16.0,156.0,20.0,16.0,156.0,47736.18424206944,190.94473696827777,20.0
800989,20.0,16.0,158.0,20.0,16.0,158.0,47553.11048704598,190.21244194818394,20.0
800990,20.0,16.0,160.0,20.0,16.0,160.0,47451.83891185383,189.80735564741533,20.0
800991,20.0,16.0,162.0,20.0,16.0,162.0,47422.04528803137,189.68818115212548,20.0
800992,20.0,16.0,164.0,20.0,16.0,164.0,47451.11938520142,189.80447754080566,20.0
800993,20.0,16.0,166.0,20.0,16.0,166.0,47524.870692511984,190.09948277004793,20.0
800994,20.0,16.0,168.0,20.0,16.0,168.0,47628.31758739958,190.51327034959832,20.0
800995,20.0,16.0,170.0,20.0,16.0,170.0,47746.49955460134,190.98599821840534,20.0
800996,20.0,16.0,172.0,20.0,16.0,172.0,47865.26130893811,191.46104523575247,20.0
800997,20.0,16.0,174.0,20.0,16.0,174.0,47971.96833767702,191.88787335070808,20.0
800998,20.0,16.0,176.0,20.0,16.0,176.0,48056.12371688115,192.2244948675246,20.0
800999,20.0,16.0,178.0,20.0,16.0,178.0,48109.865048690954,192.43946019476383,20.0
801000,20.0,16.0,180.0,20.0,16.0,180.0,48128.327583641214,192.51331033456486,20.0
801001,25.0,8.0,0.0,25.0,8.0,0.0,69288.33285141447,277.15333140565787,20.0
801002,25.0,8.0,2.0,25.0,8.0,2.0,69238.5593085567,276.9542372342268,20.0
801003,25.0,8.0,4.0,25.0,8.0,4.0,69093.02359400531,276.37209437602127,20.0
801004,25.0,8.0,6.0,25.0,8.0,6.0,68862.83031832246,275.45132127328986,20.0
801005,25.0,8.0,8.0,25.0,8.0,8.0,68565.6674310362,274.2626697241448,20.0
801006,25.0,8.0,10.0,25.0,8.0,10.0,68224.62591639224,272.89850366556897,20.0
801007,25.0,8.0,12.0,25.0,8.0,12.0,67866.64637490454,271.46658549961813,20.0
801008,25.0,8.0,14.0,25.0,8.0,14.0,67520.69175399703,270.0827670159881,20.0
801009,25.0,8.0,16.0,25.0,8.0,16.0,67215.77245141655,268.86308980566616,20.0
801010,25.0,8.0,18.0,25.0,8.0,18.0,66978.97299174612,267.9158919669845,20.0
801011,25.0,8.0,20.0,25.0,8.0,20.0,66833.64471584602,267.3345788633841,20.0
801012,25.0,8.0,22.0,25.0,8.0,22.0,66797.93165161398,267.1917266064559,20.0
801013,25.0,8.0,24.0,25.0,8.0,24.0,66883.78181204335,267.5351272481734,20.0
801014,25.0,8.0,26.0,25.0,8.0,26.0,67096.559291314,268.386237165256,20.0
801015,25.0,8.0,28.0,25.0,8.0,28.0,67435.31200151793,269.7412480060717,20.0
801016,25.0,8.0,30.0,25.0,8.0,30.0,67893.66871656087,271.5746748662435,20.0
801017,25.0,8.0,32.0,25.0,8.0,32.0,68461.24684048007,273.8449873619203,20.0
801018,25.0,8.0,34.0,25.0,8.0,34.0,69125.3657694139,276.5014630776556,20.0
801019,25.0,8.0,36.0,25.0,8.0,36.0,69872.80197726235,279.4912079090494,20.0
801020,25.0,8.0,38.0,25.0,8.0,38.0,70691.31309807146,282.76525239228584,20.0
801021,25.0,8.0,40.0,25.0,8.0,40.0,71570.71268501703,286.2828507400681,20.0
801022,25.0,8.0,42.0,25.0,8.0,42.0,72503.3902458628,290.0135609834512,20.0
801023,25.0,8.0,44.0,25.0,8.0,44.0,73484.31462060142,293.9372584824057,20.0
801024,25.0,8.0,46.0,25.0,8.0,46.0,74510.68690861718,298.0427476344687,20.0
801025,25.0,8.0,48.0,25.0,8.0,48.0,75581.47638516861,302.32590554067446,20.0
801026,25.0,8.0,50.0,25.0,8.0,50.0,76697.05856359804,306.78823425439214,20.0
801027,25.0,8.0,52.0,25.0,8.0,52.0,77859.09859836267,311.4363943934507,20.0
801028,25.0,8.0,54.0,25.0,8.0,54.0,79070.73684888345,316.28294739553377,20.0
801029,25.0,8.0,56.0,25.0,8.0,56.0,80337.08765312472,321.3483506124989,20.0
801030,25.0,8.0,58.0,25.0,8.0,58.0,81666.07830475857,326.6643132190343,20.0
801031,25.0,8.0,60.0,25.0,8.0,60.0,83069.72346554308,332.2788938621723,20.0
801032,25.0,8.0,62.0,25.0,8.0,62.0,84566.03850915382,338.2641540366153,20.0
801033,25.0,8.0,64.0,25.0,8.0,64.0,86181.95761961129,344.7278304784452,20.0
801034,25.0,8.0,66.0,25.0,8.0,66.0,87957.89413003113,351.83157652012454,20.0
801035,25.0,8.0,68.0,25.0,8.0,68.0,89955.07644836577,359.8203057934631,20.0
801036,25.0,8.0,70.0,25.0,8.0,70.0,92267.74522038133,369.0709808815253,20.0
801037,25.0,8.0,72.0,25.0,8.0,72.0,95044.2047714194,380.1768190856776,20.0
801038,25.0,8.0,74.0,25.0,8.0,74.0,98524.71025326737,394.0988410130695,20.0
801039,25.0,8.0,76.0,25.0,8.0,76.0,103112.88628671538,412.4515451468615,20.0
801040,25.0,8.0,78.0,25.0,8.0,78.0,109517.18192836748,438.06872771346997,20.0
801041,25.0,8.0,80.0,25.0,8.0,80.0,119044.75676144908,476.1790270457963,20.0
801042,25.0,8.0,82.0,25.0,8.0,82.0,134230.24757470927,536.9209902988371,20.0
801043,25.0,8.0,84.0,25.0,8.0,84.0,160110.230108644,640.440920434576,20.0
801044,25.0,8.0,86.0,25.0,8.0,86.0,205673.59231836282,822.6943692734513,20.0
801045,25.0,8.0,88.0,25.0,8.0,88.0,275712.4276087062,1102.8497104348246,20.0
801046,25.0,8.0,90.0,25.0,8.0,90.0,321807.45751469024,1287.2298300587609,20.0
801047,25.0,8.0,92.0,25.0,8.0,92.0,275712.4276087065,1102.8497104348262,20.0
801048,25.0,8.0,94.0,25.0,8.0,94.0,205673.59231836323,822.6943692734529,20.0
801049,25.0,8.0,96.0,25.0,8.0,96.0,160110.23010864423,640.4409204345769,20.0
801050,25.0,8.0,98.0,25.0,8.0,98.0,134230.24757470918,536.9209902988367,20.0
801051,25.0,8.0,100.0,25.0,8.0,100.0,119044.75676144905,476.1790270457962,20.0
801052,25.0,8.0,102.0,25.0,8.0,102.0,109517.18192836748,438.06872771346997,20.0
801053,25.0,8.0,104.0,25.0,8.0,104.0,103112.88628671538,412.4515451468615,20.0
801054,25.0,8.0,106.0,25.0,8.0,106.0,98524.71025326739,394.09884101306955,20.0
801055,25.0,8.0,108.0,25.0,8.0,108.0,95044.20477141943,380.1768190856777,20.0
801056,25.0,8.0,110.0,25.0,8.0,110.0,92267.74522038133,369.0709808815253,20.0
801057,25.0,8.0,112.0,25.0,8.0,112.0,89955.07644836578,359.82030579346315,20.0
801058,25.0,8.0,114.0,25.0,8.0,114.0,87957.89413003114,351.8315765201246,20.0
801059,25.0,8.0,116.0,25.0,8.0,116.0,86181.95761961128,344.7278304784451,20.0
801060,25.0,8.0,118.0,25.0,8.0,118.0,84566.03850915379,338.2641540366152,20.0
801061,25.0,8.0,120.0,25.0,8.0,120.0,83069.72346554308,332.2788938621723,20.0
801062,25.0,8.0,122.0,25.0,8.0,122.0,81666.07830475857,326.6643132190343,20.0
801063,25.0,8.0,124.0,25.0,8.0,124.0,80337.08765312472,321.3483506124989,20.0
801064,25.0,8.0,126.0,25.0,8.0,126.0,79070.73684888345,316.2829473955338,20.0
801065,25.0,8.0,128.0,25.0,8.0,128.0,77859.09859836269,311.43639439345077,20.0
801066,25.0,8.0,130.0,25.0,8.0,130.0,76697.05856359805,306.7882342543922,20.0
801067,25.0,8.0,132.0,25.0,8.0,132.0,75581.4763851686,302.3259055406744,20.0
801068,25.0,8.0,134.0,25.0,8.0,134.0,74510.68690861716,298.04274763446864,20.0
801069,25.0,8.0,136.0,25.0,8.0,136.0,73484.31462060144,293.93725848240575,20.0
801070,25.0,8.0,138.0,25.0,8.0,138.0,72503.3902458628,290.0135609834512,20.0
801071,25.0,8.0,140.0,25.0,8.0,140.0,71570.71268501703,286.2828507400681,20.0
801072,25.0,8.0,142.0,25.0,8.0,142.0,70691.31309807146,282.76525239228584,20.0
801073,25.0,8.0,144.0,25.0,8.0,144.0,69872.80197726235,279.4912079090494,20.0
801074,25.0,8.0,146.0,25.0,8.0,146.0,69125.36576941388,276.50146307765556,20.0
801075,25.0,8.0,148.0,25.0,8.0,148.0,68461.24684048007,273.8449873619203,20.0
801076,25.0,8.0,150.0,25.0,8.0,150.0,67893.66871656089,271.5746748662436,20.0
801077,25.0,8.0,152.0,25.0,8.0,152.0,67435.31200151793,269.7412480060717,20.0
801078,25.0,8.0,154.0,25.0,8.0,154.0,67096.55929131398,268.3862371652559,20.0
801079,25.0,8.0,156.0,25.0,8.0,156.0,66883.78181204335,267.5351272481734,20.0
801080,25.0,8.0,158.0,25.0,8.0,158.0,66797.93165161398,267.1917266064559,20.0
801081,25.0,8.0,160.0,25.0,8.0,160.0,66833.64471584604,267.33457886338414,20.0
801082,25.0,8.0,162.0,25.0,8.0,162.0,66978.97299174614,267.91589196698453,20.0
801083,25.0,8.0,164.0,25.0,8.0,164.0,67215.77245141653,268.8630898056661,20.0
801084,25.0,8.0,166.0,25.0,8.0,166.0,67520.69175399703,270.0827670159881,20.0
801085,25.0,8.0,168.0,25.0,8.0,168.0,67866.64637490455,271.4665854996182,20.0
801086,25.0,8.0,170.0,25.0,8.0,170.0,68224.62591639224,272.89850366556897,20.0
801087,25.0,8.0,172.0,25.0,8.0,172.0,68565.6674310362,274.2626697241448,20.0
801088,25.0,8.0,174.0,25.0,8.0,174.0,68862.83031832246,275.45132127328986,20.0
801089,25.0,8.0,176.0,25.0,8.0,176.0,69093.02359400531,276.37209437602127,20.0
801090,25.0,8.0,178.0,25.0,8.0,178.0,69238.5593085567,276.9542372342268,20.0
801091,25.0,8.0,180.0,25.0,8.0,180.0,69288.33285141447,277.15333140565787,20.0
801092,25.0,10.0,0.0,25.0,10.0,0.0,61773.353744216874,247.0934149768675,20.0
801093,25.0,10.0,2.0,25.0,10.0,2.0,61730.11785944573,246.92047143778294,20.0
801094,25.0,10.0,4.0,25.0,10.0,4.0,61603.8176389018,246.41527055560718,20.0
801095,25.0,10.0,6.0,25.0,10.0,6.0,61404.45053176211,245.61780212704844,20.0
801096,25.0,10.0,8.0,25.0,10.0,8.0,61147.942056012274,244.5917682240491,20.0
801097,25.0,10.0,10.0,25.0,10.0,10.0,60855.08473822288,243.42033895289154,20.0
801098,25.0,10.0,12.0,25.0,10.0,12.0,60550.141570614964,242.20056628245987,20.0
801099,25.0,10.0,14.0,25.0,10.0,14.0,60259.203156393865,241.03681262557546,20.0
801100,25.0,10.0,16.0,25.0,10.0,16.0,60008.41193290704,240.03364773162815,20.0
801101,25.0,10.0,18.0,25.0,10.0,18.0,59822.18750082432,239.28875000329728,20.0
801102,25.0,10.0,20.0,25.0,10.0,20.0,59721.60077349676,238.88640309398704,20.0
801103,25.0,10.0,22.0,25.0,10.0,22.0,59723.047104296485,238.89218841718593,20.0
801104,25.0,10.0,24.0,25.0,10.0,24.0,59837.35513236023,239.34942052944092,20.0
801105,25.0,10.0,26.0,25.0,10.0,26.0,60069.43494323089,240.27773977292355,20.0
801106,25.0,10.0,28.0,25.0,10.0,28.0,60418.51474282243,241.67405897128972,20.0
801107,25.0,10.0,30.0,25.0,10.0,30.0,60878.94229113775,243.515769164551,20.0
801108,25.0,10.0,32.0,25.0,10.0,32.0,61441.44443982012,245.7657777592805,20.0
801109,25.0,10.0,34.0,25.0,10.0,34.0,62094.66033794872,248.3786413517949,20.0
801110,25.0,10.0,36.0,25.0,10.0,36.0,62826.71107830016,251.30684431320066,20.0
801111,25.0,10.0,38.0,25.0,10.0,38.0,63626.560585131025,254.5062423405241,20.0
801112,25.0,10.0,40.0,25.0,10.0,40.0,64484.971416701934,257.93988566680775,20.0
801113,25.0,10.0,42.0,25.0,10.0,42.0,65394.960598618694,261.5798423944748,20.0
801114,25.0,10.0,44.0,25.0,10.0,44.0,66351.78948050798,265.40715792203196,20.0
801115,25.0,10.0,46.0,25.0,10.0,46.0,67352.6366907691,269.4105467630764,20.0
801116,25.0,10.0,48.0,25.0,10.0,48.0,68396.163575038,273.58465430015195,20.0
801117,25.0,10.0,50.0,25.0,10.0,50.0,69482.16850327449,277.928674013098,20.0
801118,25.0,10.0,52.0,25.0,10.0,52.0,70611.45790817375,282.445831632695,20.0
801119,25.0,10.0,54.0,25.0,10.0,54.0,71785.98388448359,287.1439355379344,20.0
801120,25.0,10.0,56.0,25.0,10.0,56.0,73009.25639647144,292.0370255858858,20.0
801121,25.0,10.0,58.0,25.0,10.0,58.0,74287.05145876028,297.14820583504115,20.0
801122,25.0,10.0,60.0,25.0,10.0,60.0,75628.4964336723,302.51398573468924,20.0
801123,25.0,10.0,62.0,25.0,10.0,62.0,77047.7085791271,308.19083431650836,20.0
801124,25.0,10.0,64.0,25.0,10.0,64.0,78566.30557526299,314.26522230105195,20.0
801125,25.0,10.0,66.0,25.0,10.0,66.0,80217.34666427602,320.8693866571041,20.0
801126,25.0,10.0,68.0,25.0,10.0,68.0,82051.7047325371,328.2068189301484,20.0
801127,25.0,10.0,70.0,25.0,10.0,70.0,84148.72763045326,336.59491052181306,20.0
801128,25.0,10.0,72.0,25.0,10.0,72.0,86634.79104654108,346.5391641861643,20.0
801129,25.0,10.0,74.0,25.0,10.0,74.0,89717.0649211354,358.8682596845416,20.0
801130,25.0,10.0,76.0,25.0,10.0,76.0,93748.17069634865,374.9926827853946,20.0
801131,25.0,10.0,78.0,25.0,10.0,78.0,99357.19761361128,397.4287904544451,20.0
801132,25.0,10.0,80.0,25.0,10.0,80.0,107731.59608842272,430.92638435369093,20.0
801133,25.0,10.0,82.0,25.0,10.0,82.0,121256.73522452432,485.0269408980973,20.0
801134,25.0,10.0,84.0,25.0,10.0,84.0,144972.80461574515,579.8912184629806,20.0
801135,25.0,10.0,86.0,25.0,10.0,86.0,189086.31170716922,756.3452468286769,20.0
801136,25.0,10.0,88.0,25.0,10.0,88.0,263627.3925086281,1054.5095700345123,20.0
801137,25.0,10.0,90.0,25.0,10.0,90.0,317807.8740812386,1271.2314963249544,20.0
801138,25.0,10.0,92.0,25.0,10.0,92.0,263627.3925086285,1054.509570034514,20.0
801139,25.0,10.0,94.0,25.0,10.0,94.0,189086.31170716955,756.3452468286782,20.0
801140,25.0,10.0,96.0,25.0,10.0,96.0,144972.80461574544,579.8912184629818,20.0
801141,25.0,10.0,98.0,25.0,10.0,98.0,121256.73522452425,485.026940898097,20.0
801142,25.0,10.0,100.0,25.0,10.0,100.0,107731.59608842272,430.9263843536909,20.0
801143,25.0,10.0,102.0,25.0,10.0,102.0,99357.19761361128,397.4287904544451,20.0
801144,25.0,10.0,104.0,25.0,10.0,104.0,93748.17069634865,374.9926827853946,20.0
801145,25.0,10.0,106.0,25.0,10.0,106.0,89717.0649211354,358.8682596845416,20.0
801146,25.0,10.0,108.0,25.0,10.0,108.0,86634.7910465411,346.5391641861644,20.0
801147,25.0,10.0,110.0,25.0,10.0,110.0,84148.72763045324,336.594910521813,20.0
801148,25.0,10.0,112.0,25.0,10.0,112.0,82051.7047325371,328.2068189301484,20.0
801149,25.0,10.0,114.0,25.0,10.0,114.0,80217.34666427605,320.8693866571042,20.0
801150,25.0,10.0,116.0,25.0,10.0,116.0,78566.30557526297,314.2652223010519,20.0
801151,25.0,10.0,118.0,25.0,10.0,118.0,77047.70857912708,308.1908343165083,20.0
801152,25.0,10.0,120.0,25.0,10.0,120.0,75628.4964336723,302.51398573468924,20.0
801153,25.0,10.0,122.0,25.0,10.0,122.0,74287.05145876028,297.14820583504115,20.0
801154,25.0,10.0,124.0,25.0,10.0,124.0,73009.25639647144,292.0370255858858,20.0
801155,25.0,10.0,126.0,25.0,10.0,126.0,71785.98388448359,287.1439355379344,20.0
801156,25.0,10.0,128.0,25.0,10.0,128.0,70611.45790817376,282.44583163269505,20.0
801157,25.0,10.0,130.0,25.0,10.0,130.0,69482.16850327449,277.928674013098,20.0
801158,25.0,10.0,132.0,25.0,10.0,132.0,68396.163575038,273.58465430015195,20.0
801159,25.0,10.0,134.0,25.0,10.0,134.0,67352.63669076908,269.41054676307635,20.0
801160,25.0,10.0,136.0,25.0,10.0,136.0,66351.789480508,265.407157922032,20.0
801161,25.0,10.0,138.0,25.0,10.0,138.0,65394.960598618694,261.5798423944748,20.0
801162,25.0,10.0,140.0,25.0,10.0,140.0,64484.971416701934,257.93988566680775,20.0
801163,25.0,10.0,142.0,25.0,10.0,142.0,63626.560585131025,254.5062423405241,20.0
801164,25.0,10.0,144.0,25.0,10.0,144.0,62826.71107830015,251.3068443132006,20.0
801165,25.0,10.0,146.0,25.0,10.0,146.0,62094.6603379487,248.3786413517948,20.0
801166,25.0,10.0,148.0,25.0,10.0,148.0,61441.44443982014,245.76577775928055,20.0
801167,25.0,10.0,150.0,25.0,10.0,150.0,60878.94229113775,243.515769164551,20.0
801168,25.0,10.0,152.0,25.0,10.0,152.0,60418.51474282243,241.67405897128972,20.0
801169,25.0,10.0,154.0,25.0,10.0,154.0,60069.43494323087,240.2777397729235,20.0
801170,25.0,10.0,156.0,25.0,10.0,156.0,59837.35513236023,239.34942052944092,20.0
801171,25.0,10.0,158.0,25.0,10.0,158.0,59723.047104296485,238.89218841718593,20.0
801172,25.0,10.0,160.0,25.0,10.0,160.0,59721.60077349677,238.8864030939871,20.0
801173,25.0,10.0,162.0,25.0,10.0,162.0,59822.18750082434,239.28875000329737,20.0
801174,25.0,10.0,164.0,25.0,10.0,164.0,60008.41193290703,240.03364773162812,20.0
801175,25.0,10.0,166.0,25.0,10.0,166.0,60259.203156393865,241.03681262557546,20.0
801176,25.0,10.0,168.0,25.0,10.0,168.0,60550.14157061497,242.2005662824599,20.0
801177,25.0,10.0,170.0,25.0,10.0,170.0,60855.08473822288,243.42033895289154,20.0
801178,25.0,10.0,172.0,25.0,10.0,172.0,61147.942056012274,244.5917682240491,20.0
801179,25.0,10.0,174.0,25.0,10.0,174.0,61404.45053176211,245.61780212704844,20.0
801180,25.0,10.0,176.0,25.0,10.0,176.0,61603.8176389018,246.41527055560718,20.0
801181,25.0,10.0,178.0,25.0,10.0,178.0,61730.11785944573,246.92047143778294,20.0
801182,25.0,10.0,180.0,25.0,10.0,180.0,61773.353744216874,247.0934149768675,20.0
801183,25.0,12.0,0.0,25.0,12.0,0.0,54483.66172871239,217.93464691484957,20.0
801184,25.0,12.0,2.0,25.0,12.0,2.0,54446.62426718808,217.78649706875234,20.0
801185,25.0,12.0,4.0,25.0,12.0,4.0,54338.541321520956,217.35416528608383,20.0
801186,25.0,12.0,6.0,25.0,12.0,6.0,54168.30166810776,216.67320667243104,20.0
801187,25.0,12.0,8.0,25.0,12.0,8.0,53950.06598298415,215.80026393193663,20.0
801188,25.0,12.0,10.0,25.0,12.0,10.0,53702.32519008206,214.80930076032826,20.0
801189,25.0,12.0,12.0,25.0,12.0,12.0,53446.66102714306,213.78664410857226,20.0
801190,25.0,12.0,14.0,25.0,12.0,14.0,53206.28791089929,212.82515164359717,20.0
801191,25.0,12.0,16.0,25.0,12.0,16.0,53004.47666051812,212.0179066420725,20.0
801192,25.0,12.0,18.0,25.0,12.0,18.0,52862.978939396744,211.451915757587,20.0
801193,25.0,12.0,20.0,25.0,12.0,20.0,52800.58340804536,211.20233363218142,20.0
801194,25.0,12.0,22.0,25.0,12.0,22.0,52831.93673951045,211.3277469580418,20.0
801195,25.0,12.0,24.0,25.0,12.0,24.0,52966.750736135604,211.8670029445424,20.0
801196,25.0,12.0,26.0,25.0,12.0,26.0,53209.48737322711,212.83794949290845,20.0
801197,25.0,12.0,28.0,25.0,12.0,28.0,53559.56532625871,214.23826130503483,20.0
801198,25.0,12.0,30.0,25.0,12.0,30.0,54012.06680912584,216.04826723650336,20.0
801199,25.0,12.0,32.0,25.0,12.0,32.0,54558.84999420634,218.23539997682536,20.0
801200,25.0,12.0,34.0,25.0,12.0,34.0,55189.90327232195,220.7596130892878,20.0
801201,25.0,12.0,36.0,25.0,12.0,36.0,55894.73076454642,223.57892305818567,20.0
801202,25.0,12.0,38.0,25.0,12.0,38.0,56663.55141235373,226.6542056494149,20.0
801203,25.0,12.0,40.0,25.0,12.0,40.0,57488.137311558065,229.95254924623225,20.0
801204,25.0,12.0,42.0,25.0,12.0,42.0,58362.20692529645,233.4488277011858,20.0
801205,25.0,12.0,44.0,25.0,12.0,44.0,59281.40310649653,237.12561242598613,20.0
801206,25.0,12.0,46.0,25.0,12.0,46.0,60242.98789718113,240.97195158872452,20.0
801207,25.0,12.0,48.0,25.0,12.0,48.0,61245.43948377343,244.98175793509373,20.0
801208,25.0,12.0,50.0,25.0,12.0,50.0,62288.12500337033,249.15250001348133,20.0
801209,25.0,12.0,52.0,25.0,12.0,52.0,63371.16186144971,253.48464744579886,20.0
801210,25.0,12.0,54.0,25.0,12.0,54.0,64495.51059673784,257.9820423869514,20.0
801211,25.0,12.0,56.0,25.0,12.0,56.0,65663.30462034687,262.65321848138746,20.0
801212,25.0,12.0,58.0,25.0,12.0,58.0,66878.4329442045,267.513731776818,20.0
801213,25.0,12.0,60.0,25.0,12.0,60.0,68147.44341320533,272.5897736528213,20.0
801214,25.0,12.0,62.0,25.0,12.0,62.0,69480.91565593434,277.92366262373736,20.0
801215,25.0,12.0,64.0,25.0,12.0,64.0,70895.57548851412,283.5823019540565,20.0
801216,25.0,12.0,66.0,25.0,12.0,66.0,72417.62938325838,289.6705175330335,20.0
801217,25.0,12.0,68.0,25.0,12.0,68.0,74088.18130978516,296.3527252391406,20.0
801218,25.0,12.0,70.0,25.0,12.0,70.0,75972.34703298323,303.88938813193295,20.0
801219,25.0,12.0,72.0,25.0,12.0,72.0,78175.231103783,312.70092441513196,20.0
801220,25.0,12.0,74.0,25.0,12.0,74.0,80871.29535141253,323.4851814056501,20.0
801221,25.0,12.0,76.0,25.0,12.0,76.0,84361.38470545842,337.4455388218337,20.0
801222,25.0,12.0,78.0,25.0,12.0,78.0,89190.64717751215,356.7625887100486,20.0
801223,25.0,12.0,80.0,25.0,12.0,80.0,96410.2344506476,385.6409378025904,20.0
801224,25.0,12.0,82.0,25.0,12.0,82.0,108202.23170653776,432.80892682615104,20.0
801225,25.0,12.0,84.0,25.0,12.0,84.0,129448.38134108721,517.7935253643489,20.0
801226,25.0,12.0,86.0,25.0,12.0,86.0,171251.01957344863,685.0040782937946,20.0
801227,25.0,12.0,88.0,25.0,12.0,88.0,249745.11899603243,998.9804759841297,20.0
801228,25.0,12.0,90.0,25.0,12.0,90.0,314098.10181681445,1256.3924072672578,20.0
801229,25.0,12.0,92.0,25.0,12.0,92.0,249745.1189960329,998.9804759841315,20.0
801230,25.0,12.0,94.0,25.0,12.0,94.0,171251.01957344898,685.0040782937959,20.0
801231,25.0,12.0,96.0,25.0,12.0,96.0,129448.38134108741,517.7935253643496,20.0
801232,25.0,12.0,98.0,25.0,12.0,98.0,108202.23170653768,432.80892682615075,20.0
801233,25.0,12.0,100.0,25.0,12.0,100.0,96410.23445064755,385.6409378025902,20.0
801234,25.0,12.0,102.0,25.0,12.0,102.0,89190.64717751215,356.7625887100486,20.0
801235,25.0,12.0,104.0,25.0,12.0,104.0,84361.38470545842,337.4455388218337,20.0
801236,25.0,12.0,106.0,25.0,12.0,106.0,80871.29535141253,323.4851814056501,20.0
801237,25.0,12.0,108.0,25.0,12.0,108.0,78175.231103783,312.70092441513196,20.0
801238,25.0,12.0,110.0,25.0,12.0,110.0,75972.34703298325,303.889388131933,20.0
801239,25.0,12.0,112.0,25.0,12.0,112.0,74088.18130978516,296.3527252391406,20.0
801240,25.0,12.0,114.0,25.0,12.0,114.0,72417.62938325839,289.67051753303355,20.0
801241,25.0,12.0,116.0,25.0,12.0,116.0,70895.57548851409,283.5823019540564,20.0
801242,25.0,12.0,118.0,25.0,12.0,118.0,69480.91565593432,277.9236626237373,20.0
801243,25.0,12.0,120.0,25.0,12.0,120.0,68147.44341320533,272.5897736528213,20.0
801244,25.0,12.0,122.0,25.0,12.0,122.0,66878.4329442045,267.513731776818,20.0
801245,25.0,12.0,124.0,25.0,12.0,124.0,65663.30462034687,262.65321848138746,20.0
801246,25.0,12.0,126.0,25.0,12.0,126.0,64495.51059673784,257.9820423869514,20.0
801247,25.0,12.0,128.0,25.0,12.0,128.0,63371.16186144973,253.4846474457989,20.0
801248,25.0,12.0,130.0,25.0,12.0,130.0,62288.12500337033,249.15250001348133,20.0
801249,25.0,12.0,132.0,25.0,12.0,132.0,61245.43948377344,244.98175793509378,20.0
801250,25.0,12.0,134.0,25.0,12.0,134.0,60242.98789718112,240.9719515887245,20.0
801251,25.0,12.0,136.0,25.0,12.0,136.0,59281.40310649654,237.12561242598616,20.0
801252,25.0,12.0,138.0,25.0,12.0,138.0,58362.20692529645,233.4488277011858,20.0
801253,25.0,12.0,140.0,25.0,12.0,140.0,57488.137311558065,229.95254924623225,20.0
801254,25.0,12.0,142.0,25.0,12.0,142.0,56663.55141235373,226.6542056494149,20.0
801255,25.0,12.0,144.0,25.0,12.0,144.0,55894.73076454642,223.57892305818567,20.0
801256,25.0,12.0,146.0,25.0,12.0,146.0,55189.903272321935,220.75961308928774,20.0
801257,25.0,12.0,148.0,25.0,12.0,148.0,54558.84999420634,218.23539997682536,20.0
801258,25.0,12.0,150.0,25.0,12.0,150.0,54012.066809125856,216.04826723650342,20.0
801259,25.0,12.0,152.0,25.0,12.0,152.0,53559.56532625871,214.23826130503483,20.0
801260,25.0,12.0,154.0,25.0,12.0,154.0,53209.4873732271,212.83794949290842,20.0
801261,25.0,12.0,156.0,25.0,12.0,156.0,52966.750736135604,211.8670029445424,20.0
801262,25.0,12.0,158.0,25.0,12.0,158.0,52831.93673951045,211.3277469580418,20.0
801263,25.0,12.0,160.0,25.0,12.0,160.0,52800.58340804537,211.20233363218148,20.0
801264,25.0,12.0,162.0,25.0,12.0,162.0,52862.97893939675,211.45191575758702,20.0
801265,25.0,12.0,164.0,25.0,12.0,164.0,53004.47666051811,212.01790664207243,20.0
801266,25.0,12.0,166.0,25.0,12.0,166.0,53206.28791089929,212.82515164359717,20.0
801267,25.0,12.0,168.0,25.0,12.0,168.0,53446.66102714306,213.78664410857226,20.0
801268,25.0,12.0,170.0,25.0,12.0,170.0,53702.32519008206,214.80930076032826,20.0
801269,25.0,12.0,172.0,25.0,12.0,172.0,53950.06598298415,215.80026393193663,20.0
801270,25.0,12.0,174.0,25.0,12.0,174.0,54168.30166810776,216.67320667243104,20.0
801271,25.0,12.0,176.0,25.0,12.0,176.0,54338.541321520956,217.35416528608383,20.0
801272,25.0,12.0,178.0,25.0,12.0,178.0,54446.62426718808,217.78649706875234,20.0
801273,25.0,12.0,180.0,25.0,12.0,180.0,54483.66172871239,217.93464691484957,20.0
801274,25.0,14.0,0.0,25.0,14.0,0.0,47419.25680490103,189.67702721960413,20.0
801275,25.0,14.0,2.0,25.0,14.0,2.0,47388.1094706024,189.5524378824096,20.0
801276,25.0,14.0,4.0,25.0,14.0,4.0,47297.31803480728,189.1892721392291,20.0
801277,25.0,14.0,6.0,25.0,14.0,6.0,47154.659998854506,188.61863999541802,20.0
801278,25.0,14.0,8.0,25.0,14.0,8.0,46972.52695550288,187.89010782201152,20.0
801279,25.0,14.0,10.0,25.0,14.0,10.0,46767.10249162729,187.06840996650917,20.0
801280,25.0,14.0,12.0,25.0,14.0,12.0,46557.28007179238,186.22912028716954,20.0
801281,25.0,14.0,14.0,25.0,14.0,14.0,46363.38989932423,185.45355959729693,20.0
801282,25.0,14.0,16.0,25.0,14.0,16.0,46205.82248880517,184.82328995522067,20.0
801283,25.0,14.0,18.0,25.0,14.0,18.0,46103.65264844325,184.414610593773,20.0
801284,25.0,14.0,20.0,25.0,14.0,20.0,46073.37815094997,184.29351260379988,20.0
801285,25.0,14.0,22.0,25.0,14.0,22.0,46127.889245969636,184.51155698387856,20.0
801286,25.0,14.0,24.0,25.0,14.0,24.0,46275.7747595633,185.1030990382532,20.0
801287,25.0,14.0,26.0,25.0,14.0,26.0,46521.04484381917,186.08417937527668,20.0
801288,25.0,14.0,28.0,25.0,14.0,28.0,46863.308299652635,187.45323319861055,20.0
801289,25.0,14.0,30.0,25.0,14.0,30.0,47298.38588908913,189.1935435563565,20.0
801290,25.0,14.0,32.0,25.0,14.0,32.0,47819.27684138743,191.2771073655497,20.0
801291,25.0,14.0,34.0,25.0,14.0,34.0,48417.33551081505,193.6693420432602,20.0
801292,25.0,14.0,36.0,25.0,14.0,36.0,49083.47424302705,196.3338969721082,20.0
801293,25.0,14.0,38.0,25.0,14.0,38.0,49809.20230711836,199.23680922847345,20.0
801294,25.0,14.0,40.0,25.0,14.0,40.0,50587.34855734331,202.34939422937325,20.0
801295,25.0,14.0,42.0,25.0,14.0,42.0,51412.393988850905,205.64957595540363,20.0
801296,25.0,14.0,44.0,25.0,14.0,44.0,52280.44007339528,209.12176029358113,20.0
801297,25.0,14.0,46.0,25.0,14.0,46.0,53188.92776664858,212.75571106659433,20.0
801298,25.0,14.0,48.0,25.0,14.0,48.0,54136.268615234505,216.54507446093803,20.0
801299,25.0,14.0,50.0,25.0,14.0,50.0,55121.539061892574,220.4861562475703,20.0
801300,25.0,14.0,52.0,25.0,14.0,52.0,56144.33555859107,224.57734223436427,20.0
801301,25.0,14.0,54.0,25.0,14.0,54.0,57204.82696725726,228.81930786902902,20.0
801302,25.0,14.0,56.0,25.0,14.0,56.0,58304.00721633956,233.21602886535825,20.0
801303,25.0,14.0,58.0,25.0,14.0,58.0,59444.15960867589,237.77663843470356,20.0
801304,25.0,14.0,60.0,25.0,14.0,60.0,60629.587414041154,242.51834965616462,20.0
801305,25.0,14.0,62.0,25.0,14.0,62.0,61867.734028459556,247.47093611383823,20.0
801306,25.0,14.0,64.0,25.0,14.0,64.0,63170.91857630801,252.68367430523205,20.0
801307,25.0,14.0,66.0,25.0,14.0,66.0,64559.08637153349,258.236345486134,20.0
801308,25.0,14.0,68.0,25.0,14.0,68.0,66064.29747901093,264.2571899160437,20.0
801309,25.0,14.0,70.0,25.0,14.0,70.0,67738.31745850678,270.9532698340271,20.0
801310,25.0,14.0,72.0,25.0,14.0,72.0,69666.00901091032,278.66403604364126,20.0
801311,25.0,14.0,74.0,25.0,14.0,74.0,71990.16271142858,287.9606508457143,20.0
801312,25.0,14.0,76.0,25.0,14.0,76.0,74960.30572296509,299.84122289186035,20.0
801313,25.0,14.0,78.0,25.0,14.0,78.0,79035.44941764364,316.1417976705746,20.0
801314,25.0,14.0,80.0,25.0,14.0,80.0,85118.42256469457,340.4736902587783,20.0
801315,25.0,14.0,82.0,25.0,14.0,82.0,95141.02777463073,380.5641110985229,20.0
801316,25.0,14.0,84.0,25.0,14.0,84.0,113659.22521163194,454.6369008465278,20.0
801317,25.0,14.0,86.0,25.0,14.0,86.0,152209.14909481956,608.8365963792783,20.0
801318,25.0,14.0,88.0,25.0,14.0,88.0,233570.134359564,934.280537438256,20.0
801319,25.0,14.0,90.0,25.0,14.0,90.0,310866.187342081,1243.464749368324,20.0
801320,25.0,14.0,92.0,25.0,14.0,92.0,233570.13435956454,934.2805374382582,20.0
801321,25.0,14.0,94.0,25.0,14.0,94.0,152209.1490948199,608.8365963792796,20.0
801322,25.0,14.0,96.0,25.0,14.0,96.0,113659.22521163213,454.63690084652853,20.0
801323,25.0,14.0,98.0,25.0,14.0,98.0,95141.02777463067,380.5641110985227,20.0
801324,25.0,14.0,100.0,25.0,14.0,100.0,85118.42256469456,340.4736902587782,20.0
801325,25.0,14.0,102.0,25.0,14.0,102.0,79035.44941764361,316.1417976705745,20.0
801326,25.0,14.0,104.0,25.0,14.0,104.0,74960.30572296509,299.84122289186035,20.0
801327,25.0,14.0,106.0,25.0,14.0,106.0,71990.1627114286,287.9606508457144,20.0
801328,25.0,14.0,108.0,25.0,14.0,108.0,69666.00901091032,278.66403604364126,20.0
801329,25.0,14.0,110.0,25.0,14.0,110.0,67738.31745850679,270.95326983402714,20.0
801330,25.0,14.0,112.0,25.0,14.0,112.0,66064.29747901093,264.2571899160437,20.0
801331,25.0,14.0,114.0,25.0,14.0,114.0,64559.08637153351,258.23634548613404,20.0
801332,25.0,14.0,116.0,25.0,14.0,116.0,63170.918576308,252.68367430523202,20.0
801333,25.0,14.0,118.0,25.0,14.0,118.0,61867.73402845955,247.4709361138382,20.0
801334,25.0,14.0,120.0,25.0,14.0,120.0,60629.587414041154,242.51834965616462,20.0
801335,25.0,14.0,122.0,25.0,14.0,122.0,59444.15960867589,237.77663843470356,20.0
801336,25.0,14.0,124.0,25.0,14.0,124.0,58304.00721633956,233.21602886535825,20.0
801337,25.0,14.0,126.0,25.0,14.0,126.0,57204.82696725726,228.81930786902905,20.0
801338,25.0,14.0,128.0,25.0,14.0,128.0,56144.33555859109,224.57734223436438,20.0
801339,25.0,14.0,130.0,25.0,14.0,130.0,55121.539061892596,220.4861562475704,20.0
801340,25.0,14.0,132.0,25.0,14.0,132.0,54136.268615234505,216.54507446093803,20.0
801341,25.0,14.0,134.0,25.0,14.0,134.0,53188.92776664858,212.75571106659433,20.0
801342,25.0,14.0,136.0,25.0,14.0,136.0,52280.440073395286,209.12176029358116,20.0
801343,25.0,14.0,138.0,25.0,14.0,138.0,51412.393988850905,205.64957595540363,20.0
801344,25.0,14.0,140.0,25.0,14.0,140.0,50587.34855734331,202.34939422937325,20.0
801345,25.0,14.0,142.0,25.0,14.0,142.0,49809.20230711836,199.23680922847345,20.0
801346,25.0,14.0,144.0,25.0,14.0,144.0,49083.47424302704,196.33389697210816,20.0
801347,25.0,14.0,146.0,25.0,14.0,146.0,48417.33551081505,193.6693420432602,20.0
801348,25.0,14.0,148.0,25.0,14.0,148.0,47819.27684138744,191.27710736554974,20.0
801349,25.0,14.0,150.0,25.0,14.0,150.0,47298.38588908911,189.19354355635645,20.0
801350,25.0,14.0,152.0,25.0,14.0,152.0,46863.308299652635,187.45323319861055,20.0
801351,25.0,14.0,154.0,25.0,14.0,154.0,46521.04484381915,186.08417937527662,20.0
801352,25.0,14.0,156.0,25.0,14.0,156.0,46275.7747595633,185.1030990382532,20.0
801353,25.0,14.0,158.0,25.0,14.0,158.0,46127.889245969636,184.51155698387856,20.0
801354,25.0,14.0,160.0,25.0,14.0,160.0,46073.378150949975,184.2935126037999,20.0
801355,25.0,14.0,162.0,25.0,14.0,162.0,46103.652648443254,184.41461059377303,20.0
801356,25.0,14.0,164.0,25.0,14.0,164.0,46205.82248880516,184.82328995522064,20.0
801357,25.0,14.0,166.0,25.0,14.0,166.0,46363.38989932423,185.45355959729693,20.0
801358,25.0,14.0,168.0,25.0,14.0,168.0,46557.280071792404,186.22912028716962,20.0
801359,25.0,14.0,170.0,25.0,14.0,170.0,46767.10249162729,187.06840996650917,20.0
801360,25.0,14.0,172.0,25.0,14.0,172.0,46972.52695550288,187.89010782201152,20.0
801361,25.0,14.0,174.0,25.0,14.0,174.0,47154.659998854506,188.61863999541802,20.0
801362,25.0,14.0,176.0,25.0,14.0,176.0,47297.31803480728,189.1892721392291,20.0
801363,25.0,14.0,178.0,25.0,14.0,178.0,47388.1094706024,189.5524378824096,20.0
801364,25.0,14.0,180.0,25.0,14.0,180.0,47419.25680490103,189.67702721960413,20.0
801365,25.0,16.0,0.0,25.0,16.0,0.0,40580.138972782785,162.32055589113114,20.0
801366,25.0,16.0,2.0,25.0,16.0,2.0,40554.60365843539,162.2184146337416,20.0
801367,25.0,16.0,4.0,25.0,16.0,4.0,40480.26823011459,161.92107292045836,20.0
801368,25.0,16.0,6.0,25.0,16.0,6.0,40363.79539594409,161.45518158377638,20.0
801369,25.0,16.0,8.0,25.0,16.0,8.0,40215.80188115378,160.86320752461512,20.0
801370,25.0,16.0,10.0,25.0,16.0,10.0,40050.15600699882,160.20062402799527,20.0
801371,25.0,16.0,12.0,25.0,16.0,12.0,39883.05306802148,159.53221227208593,20.0
801372,25.0,16.0,14.0,25.0,16.0,14.0,39731.927424799025,158.9277096991961,20.0
801373,25.0,16.0,16.0,25.0,16.0,16.0,39614.27622808325,158.457104912333,20.0
801374,25.0,16.0,18.0,25.0,16.0,18.0,39546.483319696556,158.18593327878622,20.0
801375,25.0,16.0,20.0,25.0,16.0,20.0,39542.740884685925,158.1709635387437,20.0
801376,25.0,16.0,22.0,25.0,16.0,22.0,39614.16802066281,158.45667208265124,20.0
801377,25.0,16.0,24.0,25.0,16.0,24.0,39768.216488999205,159.07286595599683,20.0
801378,25.0,16.0,26.0,25.0,16.0,26.0,40008.431961893504,160.03372784757403,20.0
801379,25.0,16.0,28.0,25.0,16.0,28.0,40334.603068970835,161.33841227588334,20.0
801380,25.0,16.0,30.0,25.0,16.0,30.0,40743.28226313726,162.97312905254904,20.0
801381,25.0,16.0,32.0,25.0,16.0,32.0,41228.60765850368,164.9144306340147,20.0
801382,25.0,16.0,34.0,25.0,16.0,34.0,41783.30351280036,167.13321405120143,20.0
801383,25.0,16.0,36.0,25.0,16.0,36.0,42399.7020711874,169.5988082847496,20.0
801384,25.0,16.0,38.0,25.0,16.0,38.0,43070.62417450352,172.28249669801409,20.0
801385,25.0,16.0,40.0,25.0,16.0,40.0,43789.98831140609,175.15995324562434,20.0
801386,25.0,16.0,42.0,25.0,16.0,42.0,44553.08482844919,178.21233931379675,20.0
801387,25.0,16.0,44.0,25.0,16.0,44.0,45356.5371677554,181.4261486710216,20.0
801388,25.0,16.0,46.0,25.0,16.0,46.0,46198.04799048354,184.79219196193415,20.0
801389,25.0,16.0,48.0,25.0,16.0,48.0,47076.06773007111,188.30427092028444,20.0
801390,25.0,16.0,50.0,25.0,16.0,50.0,47989.51418493765,191.95805673975062,20.0
801391,25.0,16.0,52.0,25.0,16.0,52.0,48937.62588337919,195.75050353351676,20.0
801392,25.0,16.0,54.0,25.0,16.0,54.0,49919.9794205906,199.6799176823624,20.0
801393,25.0,16.0,56.0,25.0,16.0,56.0,50936.67181063024,203.74668724252098,20.0
801394,25.0,16.0,58.0,25.0,16.0,58.0,51988.6751982441,207.9547007929764,20.0
801395,25.0,16.0,60.0,25.0,16.0,60.0,53078.40669627715,212.3136267851086,20.0
801396,25.0,16.0,62.0,25.0,16.0,62.0,54210.6121962605,216.84244878504202,20.0
801397,25.0,16.0,64.0,25.0,16.0,64.0,55393.746299073915,221.57498519629567,20.0
801398,25.0,16.0,66.0,25.0,16.0,66.0,56642.17137881076,226.56868551524303,20.0
801399,25.0,16.0,68.0,25.0,16.0,68.0,57979.7628915649,231.91905156625958,20.0
801400,25.0,16.0,70.0,25.0,16.0,70.0,59446.034560979824,237.7841382439193,20.0
801401,25.0,16.0,72.0,25.0,16.0,72.0,61107.00435646222,244.42801742584888,20.0
801402,25.0,16.0,74.0,25.0,16.0,74.0,63075.492416723726,252.3019696668949,20.0
801403,25.0,16.0,76.0,25.0,16.0,76.0,65551.44306854457,262.2057722741783,20.0
801404,25.0,16.0,78.0,25.0,16.0,78.0,68908.1334020654,275.6325336082616,20.0
801405,25.0,16.0,80.0,25.0,16.0,80.0,73893.51025658833,295.5740410263533,20.0
801406,25.0,16.0,82.0,25.0,16.0,82.0,82152.84586091437,328.6113834436575,20.0
801407,25.0,16.0,84.0,25.0,16.0,84.0,97757.8374653306,391.0313498613224,20.0
801408,25.0,16.0,86.0,25.0,16.0,86.0,132093.20122881737,528.3728049152695,20.0
801409,25.0,16.0,88.0,25.0,16.0,88.0,214476.02799873558,857.9041119949424,20.0
801410,25.0,16.0,90.0,25.0,16.0,90.0,308415.4813638976,1233.6619254555906,20.0
801411,25.0,16.0,92.0,25.0,16.0,92.0,214476.0279987362,857.9041119949447,20.0
801412,25.0,16.0,94.0,25.0,16.0,94.0,132093.20122881772,528.3728049152709,20.0
801413,25.0,16.0,96.0,25.0,16.0,96.0,97757.83746533075,391.031349861323,20.0
801414,25.0,16.0,98.0,25.0,16.0,98.0,82152.84586091434,328.61138344365736,20.0
801415,25.0,16.0,100.0,25.0,16.0,100.0,73893.51025658831,295.57404102635326,20.0
801416,25.0,16.0,102.0,25.0,16.0,102.0,68908.1334020654,275.6325336082616,20.0
801417,25.0,16.0,104.0,25.0,16.0,104.0,65551.44306854457,262.2057722741783,20.0
801418,25.0,16.0,106.0,25.0,16.0,106.0,63075.492416723726,252.3019696668949,20.0
801419,25.0,16.0,108.0,25.0,16.0,108.0,61107.004356462225,244.4280174258489,20.0
801420,25.0,16.0,110.0,25.0,16.0,110.0,59446.034560979824,237.7841382439193,20.0
801421,25.0,16.0,112.0,25.0,16.0,112.0,57979.7628915649,231.91905156625958,20.0
801422,25.0,16.0,114.0,25.0,16.0,114.0,56642.17137881078,226.56868551524312,20.0
801423,25.0,16.0,116.0,25.0,16.0,116.0,55393.74629907391,221.57498519629564,20.0
801424,25.0,16.0,118.0,25.0,16.0,118.0,54210.6121962605,216.84244878504202,20.0
801425,25.0,16.0,120.0,25.0,16.0,120.0,53078.40669627715,212.3136267851086,20.0
801426,25.0,16.0,122.0,25.0,16.0,122.0,51988.6751982441,207.9547007929764,20.0
801427,25.0,16.0,124.0,25.0,16.0,124.0,50936.67181063024,203.74668724252098,20.0
801428,25.0,16.0,126.0,25.0,16.0,126.0,49919.97942059061,199.67991768236243,20.0
801429,25.0,16.0,128.0,25.0,16.0,128.0,48937.62588337921,195.75050353351685,20.0
801430,25.0,16.0,130.0,25.0,16.0,130.0,47989.514184937674,191.9580567397507,20.0
801431,25.0,16.0,132.0,25.0,16.0,132.0,47076.06773007111,188.30427092028444,20.0
801432,25.0,16.0,134.0,25.0,16.0,134.0,46198.047990483516,184.79219196193407,20.0
801433,25.0,16.0,136.0,25.0,16.0,136.0,45356.53716775541,181.42614867102162,20.0
801434,25.0,16.0,138.0,25.0,16.0,138.0,44553.08482844919,178.21233931379675,20.0
801435,25.0,16.0,140.0,25.0,16.0,140.0,43789.98831140609,175.15995324562434,20.0
801436,25.0,16.0,142.0,25.0,16.0,142.0,43070.62417450352,172.28249669801409,20.0
801437,25.0,16.0,144.0,25.0,16.0,144.0,42399.7020711874,169.5988082847496,20.0
801438,25.0,16.0,146.0,25.0,16.0,146.0,41783.30351280036,167.13321405120143,20.0
801439,25.0,16.0,148.0,25.0,16.0,148.0,41228.60765850368,164.9144306340147,20.0
801440,25.0,16.0,150.0,25.0,16.0,150.0,40743.28226313728,162.9731290525491,20.0
801441,25.0,16.0,152.0,25.0,16.0,152.0,40334.603068970835,161.33841227588334,20.0
801442,25.0,16.0,154.0,25.0,16.0,154.0,40008.43196189349,160.03372784757397,20.0
801443,25.0,16.0,156.0,25.0,16.0,156.0,39768.216488999205,159.07286595599683,20.0
801444,25.0,16.0,158.0,25.0,16.0,158.0,39614.16802066281,158.45667208265124,20.0
801445,25.0,16.0,160.0,25.0,16.0,160.0,39542.74088468593,158.17096353874373,20.0
801446,25.0,16.0,162.0,25.0,16.0,162.0,39546.48331969656,158.18593327878625,20.0
801447,25.0,16.0,164.0,25.0,16.0,164.0,39614.27622808324,158.45710491233297,20.0
801448,25.0,16.0,166.0,25.0,16.0,166.0,39731.927424799025,158.9277096991961,20.0
801449,25.0,16.0,168.0,25.0,16.0,168.0,39883.05306802149,159.53221227208596,20.0
801450,25.0,16.0,170.0,25.0,16.0,170.0,40050.15600699882,160.20062402799527,20.0
801451,25.0,16.0,172.0,25.0,16.0,172.0,40215.80188115378,160.86320752461512,20.0
801452,25.0,16.0,174.0,25.0,16.0,174.0,40363.79539594409,161.45518158377638,20.0
801453,25.0,16.0,176.0,25.0,16.0,176.0,40480.26823011459,161.92107292045836,20.0
801454,25.0,16.0,178.0,25.0,16.0,178.0,40554.60365843539,162.2184146337416,20.0
801455,25.0,16.0,180.0,25.0,16.0,180.0,40580.138972782785,162.32055589113114,20.0
801456,30.0,10.0,0.0,30.0,10.0,0.0,53877.779513125904,215.51111805250363,20.0
801457,30.0,10.0,2.0,30.0,10.0,2.0,53820.918197986815,215.28367279194725,20.0
801458,30.0,10.0,4.0,30.0,10.0,4.0,53655.40984882533,214.62163939530132,20.0
801459,30.0,10.0,6.0,30.0,10.0,6.0,53396.01393129268,213.5840557251707,20.0
801460,30.0,10.0,8.0,30.0,10.0,8.0,53065.81735941766,212.26326943767066,20.0
801461,30.0,10.0,10.0,30.0,10.0,10.0,52694.12237307355,210.77648949229422,20.0
801462,30.0,10.0,12.0,30.0,10.0,12.0,52313.79004221462,209.25516016885848,20.0
801463,30.0,10.0,14.0,30.0,10.0,14.0,51958.31167265906,207.83324669063623,20.0
801464,30.0,10.0,16.0,30.0,10.0,16.0,51658.916968475205,206.63566787390081,20.0
801465,30.0,10.0,18.0,30.0,10.0,18.0,51442.03292487167,205.7681316994867,20.0
801466,30.0,10.0,20.0,30.0,10.0,20.0,51327.37549526227,205.3095019810491,20.0
801467,30.0,10.0,22.0,30.0,10.0,22.0,51326.88484490467,205.30753937961867,20.0
801468,30.0,10.0,24.0,30.0,10.0,24.0,51444.60774028604,205.77843096114415,20.0
801469,30.0,10.0,26.0,30.0,10.0,26.0,51677.4980929516,206.7099923718064,20.0
801470,30.0,10.0,28.0,30.0,10.0,28.0,52016.96798940462,208.06787195761848,20.0
801471,30.0,10.0,30.0,30.0,10.0,30.0,52450.90275149383,209.8036110059753,20.0
801472,30.0,10.0,32.0,30.0,10.0,32.0,52965.783087417956,211.86313234967184,20.0
801473,30.0,10.0,34.0,30.0,10.0,34.0,53548.558072924876,214.1942322916995,20.0
801474,30.0,10.0,36.0,30.0,10.0,36.0,54187.99225394455,216.7519690157782,20.0
801475,30.0,10.0,38.0,30.0,10.0,38.0,54875.3534713386,219.50141388535442,20.0
801476,30.0,10.0,40.0,30.0,10.0,40.0,55604.476449908376,222.4179057996335,20.0
801477,30.0,10.0,42.0,30.0,10.0,42.0,56371.37887589009,225.48551550356038,20.0
801478,30.0,10.0,44.0,30.0,10.0,44.0,57173.676718604125,228.6947068744165,20.0
801479,30.0,10.0,46.0,30.0,10.0,46.0,58010.027900862624,232.0401116034505,20.0
801480,30.0,10.0,48.0,30.0,10.0,48.0,58879.75074657298,235.51900298629192,20.0
801481,30.0,10.0,50.0,30.0,10.0,50.0,59782.665328088384,239.13066131235354,20.0
801482,30.0,10.0,52.0,30.0,10.0,52.0,60719.13914995068,242.8765565998027,20.0
801483,30.0,10.0,54.0,30.0,10.0,54.0,61690.303016156155,246.76121206462463,20.0
801484,30.0,10.0,56.0,30.0,10.0,56.0,62698.427451938755,250.79370980775502,20.0
801485,30.0,10.0,58.0,30.0,10.0,58.0,63747.49293899575,254.989971755983,20.0
801486,30.0,10.0,60.0,30.0,10.0,60.0,64844.0377801695,259.376151120678,20.0
801487,30.0,10.0,62.0,30.0,10.0,62.0,65998.43355637099,263.993734225484,20.0
801488,30.0,10.0,64.0,30.0,10.0,64.0,67226.84405001278,268.9073762000511,20.0
801489,30.0,10.0,66.0,30.0,10.0,66.0,68554.31288633152,274.21725154532606,20.0
801490,30.0,10.0,68.0,30.0,10.0,68.0,70019.78229630535,280.0791291852214,20.0
801491,30.0,10.0,70.0,30.0,10.0,70.0,71684.5489490352,286.7381957961408,20.0
801492,30.0,10.0,72.0,30.0,10.0,72.0,73647.11547457117,294.58846189828466,20.0
801493,30.0,10.0,74.0,30.0,10.0,74.0,76070.55907931237,304.2822363172495,20.0
801494,30.0,10.0,76.0,30.0,10.0,76.0,79235.84809095263,316.9433923638105,20.0
801495,30.0,10.0,78.0,30.0,10.0,78.0,83652.58253308784,334.6103301323514,20.0
801496,30.0,10.0,80.0,30.0,10.0,80.0,90306.3644162756,361.2254576651024,20.0
801497,30.0,10.0,82.0,30.0,10.0,82.0,101255.7237744776,405.0228950979104,20.0
801498,30.0,10.0,84.0,30.0,10.0,84.0,121159.79207819048,484.63916831276197,20.0
801499,30.0,10.0,86.0,30.0,10.0,86.0,160874.135910266,643.496543641064,20.0
801500,30.0,10.0,88.0,30.0,10.0,88.0,237361.6605140483,949.4466420561932,20.0
801501,30.0,10.0,90.0,30.0,10.0,90.0,301982.4089102428,1207.9296356409711,20.0
801502,30.0,10.0,92.0,30.0,10.0,92.0,237361.6605140488,949.4466420561952,20.0
801503,30.0,10.0,94.0,30.0,10.0,94.0,160874.13591026637,643.4965436410655,20.0
801504,30.0,10.0,96.0,30.0,10.0,96.0,121159.79207819072,484.6391683127629,20.0
801505,30.0,10.0,98.0,30.0,10.0,98.0,101255.72377447756,405.02289509791024,20.0
801506,30.0,10.0,100.0,30.0,10.0,100.0,90306.36441627558,361.22545766510234,20.0
801507,30.0,10.0,102.0,30.0,10.0,102.0,83652.58253308784,334.6103301323514,20.0
801508,30.0,10.0,104.0,30.0,10.0,104.0,79235.84809095263,316.9433923638105,20.0
801509,30.0,10.0,106.0,30.0,10.0,106.0,76070.55907931237,304.2822363172495,20.0
801510,30.0,10.0,108.0,30.0,10.0,108.0,73647.11547457118,294.5884618982847,20.0
801511,30.0,10.0,110.0,30.0,10.0,110.0,71684.5489490352,286.7381957961408,20.0
801512,30.0,10.0,112.0,30.0,10.0,112.0,70019.78229630535,280.0791291852214,20.0
801513,30.0,10.0,114.0,30.0,10.0,114.0,68554.31288633154,274.2172515453262,20.0
801514,30.0,10.0,116.0,30.0,10.0,116.0,67226.84405001276,268.90737620005103,20.0
801515,30.0,10.0,118.0,30.0,10.0,118.0,65998.43355637098,263.99373422548393,20.0
801516,30.0,10.0,120.0,30.0,10.0,120.0,64844.0377801695,259.376151120678,20.0
801517,30.0,10.0,122.0,30.0,10.0,122.0,63747.49293899575,254.989971755983,20.0
801518,30.0,10.0,124.0,30.0,10.0,124.0,62698.427451938755,250.79370980775502,20.0
801519,30.0,10.0,126.0,30.0,10.0,126.0,61690.30301615617,246.7612120646247,20.0
801520,30.0,10.0,128.0,30.0,10.0,128.0,60719.13914995069,242.87655659980277,20.0
801521,30.0,10.0,130.0,30.0,10.0,130.0,59782.66532808839,239.13066131235357,20.0
801522,30.0,10.0,132.0,30.0,10.0,132.0,58879.75074657298,235.51900298629192,20.0
801523,30.0,10.0,134.0,30.0,10.0,134.0,58010.02790086262,232.04011160345047,20.0
801524,30.0,10.0,136.0,30.0,10.0,136.0,57173.67671860413,228.69470687441654,20.0
801525,30.0,10.0,138.0,30.0,10.0,138.0,56371.37887589009,225.48551550356038,20.0
801526,30.0,10.0,140.0,30.0,10.0,140.0,55604.476449908376,222.4179057996335,20.0
801527,30.0,10.0,142.0,30.0,10.0,142.0,54875.3534713386,219.50141388535442,20.0
801528,30.0,10.0,144.0,30.0,10.0,144.0,54187.99225394455,216.7519690157782,20.0
801529,30.0,10.0,146.0,30.0,10.0,146.0,53548.55807292487,214.19423229169948,20.0
801530,30.0,10.0,148.0,30.0,10.0,148.0,52965.78308741796,211.86313234967187,20.0
801531,30.0,10.0,150.0,30.0,10.0,150.0,52450.90275149383,209.8036110059753,20.0
801532,30.0,10.0,152.0,30.0,10.0,152.0,52016.96798940462,208.06787195761848,20.0
801533,30.0,10.0,154.0,30.0,10.0,154.0,51677.4980929516,206.7099923718064,20.0
801534,30.0,10.0,156.0,30.0,10.0,156.0,51444.60774028604,205.77843096114415,20.0
801535,30.0,10.0,158.0,30.0,10.0,158.0,51326.88484490467,205.30753937961867,20.0
801536,30.0,10.0,160.0,30.0,10.0,160.0,51327.37549526229,205.30950198104918,20.0
801537,30.0,10.0,162.0,30.0,10.0,162.0,51442.03292487169,205.76813169948676,20.0
801538,30.0,10.0,164.0,30.0,10.0,164.0,51658.91696847519,206.63566787390076,20.0
801539,30.0,10.0,166.0,30.0,10.0,166.0,51958.31167265906,207.83324669063623,20.0
801540,30.0,10.0,168.0,30.0,10.0,168.0,52313.79004221463,209.2551601688585,20.0
801541,30.0,10.0,170.0,30.0,10.0,170.0,52694.12237307355,210.77648949229422,20.0
801542,30.0,10.0,172.0,30.0,10.0,172.0,53065.81735941766,212.26326943767066,20.0
801543,30.0,10.0,174.0,30.0,10.0,174.0,53396.01393129268,213.5840557251707,20.0
801544,30.0,10.0,176.0,30.0,10.0,176.0,53655.40984882533,214.62163939530132,20.0
801545,30.0,10.0,178.0,30.0,10.0,178.0,53820.918197986815,215.28367279194725,20.0
801546,30.0,10.0,180.0,30.0,10.0,180.0,53877.779513125904,215.51111805250363,20.0
801547,30.0,12.0,0.0,30.0,12.0,0.0,46657.011544420464,186.62804617768185,20.0
801548,30.0,12.0,2.0,30.0,12.0,2.0,46608.995229926935,186.43598091970773,20.0
801549,30.0,12.0,4.0,30.0,12.0,4.0,46469.34792336556,185.87739169346224,20.0
801550,30.0,12.0,6.0,30.0,12.0,6.0,46250.86970438419,185.00347881753677,20.0
801551,30.0,12.0,8.0,30.0,12.0,8.0,45973.58405053843,183.89433620215374,20.0
801552,30.0,12.0,10.0,30.0,12.0,10.0,45662.9081104824,182.6516324419296,20.0
801553,30.0,12.0,12.0,30.0,12.0,12.0,45347.35132116396,181.38940528465585,20.0
801554,30.0,12.0,14.0,30.0,12.0,14.0,45055.97817727794,180.22391270911177,20.0
801555,30.0,12.0,16.0,30.0,12.0,16.0,44815.902638576656,179.26361055430664,20.0
801556,30.0,12.0,18.0,30.0,12.0,18.0,44650.08608753399,178.60034435013597,20.0
801557,30.0,12.0,20.0,30.0,12.0,20.0,44575.683086576355,178.30273234630542,20.0
801558,30.0,12.0,22.0,30.0,12.0,22.0,44603.11748010515,178.41246992042062,20.0
801559,30.0,12.0,24.0,30.0,12.0,24.0,44735.97847336553,178.94391389346214,20.0
801560,30.0,12.0,26.0,30.0,12.0,26.0,44971.71152170687,179.8868460868275,20.0
801561,30.0,12.0,28.0,30.0,12.0,28.0,45302.95873259174,181.21183493036696,20.0
801562,30.0,12.0,30.0,30.0,12.0,30.0,45719.30058754322,182.8772023501729,20.0
801563,30.0,12.0,32.0,30.0,12.0,32.0,46209.089733241606,184.83635893296642,20.0
801564,30.0,12.0,34.0,30.0,12.0,34.0,46761.06817081577,187.0442726832631,20.0
801565,30.0,12.0,36.0,30.0,12.0,36.0,47365.52806627098,189.4621122650839,20.0
801566,30.0,12.0,38.0,30.0,12.0,38.0,48014.90052079012,192.05960208316048,20.0
801567,30.0,12.0,40.0,30.0,12.0,40.0,48703.80252016159,194.81521008064635,20.0
801568,30.0,12.0,42.0,30.0,12.0,42.0,49428.69497941369,197.71477991765477,20.0
801569,30.0,12.0,44.0,30.0,12.0,44.0,50187.36542451492,200.7494616980597,20.0
801570,30.0,12.0,46.0,30.0,12.0,46.0,50978.43351354731,203.91373405418923,20.0
801571,30.0,12.0,48.0,30.0,12.0,48.0,51801.00590622372,207.2040236248949,20.0
801572,30.0,12.0,50.0,30.0,12.0,50.0,52654.52170491219,210.61808681964877,20.0
801573,30.0,12.0,52.0,30.0,12.0,52.0,53538.77170282277,214.15508681129108,20.0
801574,30.0,12.0,54.0,30.0,12.0,54.0,54454.06079932841,217.81624319731364,20.0
801575,30.0,12.0,56.0,30.0,12.0,56.0,55401.503575623436,221.60601430249375,20.0
801576,30.0,12.0,58.0,30.0,12.0,58.0,56383.479181546165,225.53391672618466,20.0
801577,30.0,12.0,60.0,30.0,12.0,60.0,57404.31386279989,229.61725545119958,20.0
801578,30.0,12.0,62.0,30.0,12.0,62.0,58471.31412106386,233.88525648425542,20.0
801579,30.0,12.0,64.0,30.0,12.0,64.0,59596.36093556127,238.3854437422451,20.0
801580,30.0,12.0,66.0,30.0,12.0,66.0,60798.43249252713,243.1937299701085,20.0
801581,30.0,12.0,68.0,30.0,12.0,68.0,62107.72096134859,248.43088384539436,20.0
801582,30.0,12.0,70.0,30.0,12.0,70.0,63572.60108809249,254.29040435236996,20.0
801583,30.0,12.0,72.0,30.0,12.0,72.0,65271.94469183193,261.08777876732773,20.0
801584,30.0,12.0,74.0,30.0,12.0,74.0,67338.00600608226,269.352024024329,20.0
801585,30.0,12.0,76.0,30.0,12.0,76.0,70001.53951279646,280.0061580511858,20.0
801586,30.0,12.0,78.0,30.0,12.0,78.0,73687.15628370084,294.7486251348034,20.0
801587,30.0,12.0,80.0,30.0,12.0,80.0,79232.05466701098,316.9282186680439,20.0
801588,30.0,12.0,82.0,30.0,12.0,82.0,88437.23805556899,353.748952222276,20.0
801589,30.0,12.0,84.0,30.0,12.0,84.0,105595.25904868194,422.38103619472776,20.0
801590,30.0,12.0,86.0,30.0,12.0,86.0,141820.96978601607,567.2838791440643,20.0
801591,30.0,12.0,88.0,30.0,12.0,88.0,220443.04228737025,881.772169149481,20.0
801592,30.0,12.0,90.0,30.0,12.0,90.0,297951.5313732399,1191.8061254929596,20.0
801593,30.0,12.0,92.0,30.0,12.0,92.0,220443.04228737077,881.7721691494831,20.0
801594,30.0,12.0,94.0,30.0,12.0,94.0,141820.96978601645,567.2838791440657,20.0
801595,30.0,12.0,96.0,30.0,12.0,96.0,105595.25904868214,422.38103619472855,20.0
801596,30.0,12.0,98.0,30.0,12.0,98.0,88437.23805556896,353.7489522222759,20.0
801597,30.0,12.0,100.0,30.0,12.0,100.0,79232.05466701096,316.9282186680438,20.0
801598,30.0,12.0,102.0,30.0,12.0,102.0,73687.15628370082,294.7486251348033,20.0
801599,30.0,12.0,104.0,30.0,12.0,104.0,70001.53951279646,280.0061580511858,20.0
801600,30.0,12.0,106.0,30.0,12.0,106.0,67338.00600608227,269.35202402432907,20.0
801601,30.0,12.0,108.0,30.0,12.0,108.0,65271.94469183196,261.08777876732785,20.0
801602,30.0,12.0,110.0,30.0,12.0,110.0,63572.60108809249,254.29040435236996,20.0
801603,30.0,12.0,112.0,30.0,12.0,112.0,62107.72096134859,248.43088384539436,20.0
801604,30.0,12.0,114.0,30.0,12.0,114.0,60798.432492527136,243.19372997010854,20.0
801605,30.0,12.0,116.0,30.0,12.0,116.0,59596.36093556126,238.38544374224503,20.0
801606,30.0,12.0,118.0,30.0,12.0,118.0,58471.31412106386,233.88525648425542,20.0
801607,30.0,12.0,120.0,30.0,12.0,120.0,57404.31386279989,229.61725545119958,20.0
801608,30.0,12.0,122.0,30.0,12.0,122.0,56383.479181546165,225.53391672618466,20.0
801609,30.0,12.0,124.0,30.0,12.0,124.0,55401.503575623436,221.60601430249375,20.0
801610,30.0,12.0,126.0,30.0,12.0,126.0,54454.06079932842,217.8162431973137,20.0
801611,30.0,12.0,128.0,30.0,12.0,128.0,53538.77170282278,214.1550868112911,20.0
801612,30.0,12.0,130.0,30.0,12.0,130.0,52654.5217049122,210.6180868196488,20.0
801613,30.0,12.0,132.0,30.0,12.0,132.0,51801.00590622372,207.2040236248949,20.0
801614,30.0,12.0,134.0,30.0,12.0,134.0,50978.4335135473,203.9137340541892,20.0
801615,30.0,12.0,136.0,30.0,12.0,136.0,50187.36542451494,200.74946169805975,20.0
801616,30.0,12.0,138.0,30.0,12.0,138.0,49428.69497941369,197.71477991765477,20.0
801617,30.0,12.0,140.0,30.0,12.0,140.0,48703.80252016159,194.81521008064635,20.0
801618,30.0,12.0,142.0,30.0,12.0,142.0,48014.90052079012,192.05960208316048,20.0
801619,30.0,12.0,144.0,30.0,12.0,144.0,47365.52806627098,189.4621122650839,20.0
801620,30.0,12.0,146.0,30.0,12.0,146.0,46761.06817081576,187.04427268326305,20.0
801621,30.0,12.0,148.0,30.0,12.0,148.0,46209.089733241606,184.83635893296642,20.0
801622,30.0,12.0,150.0,30.0,12.0,150.0,45719.30058754322,182.8772023501729,20.0
801623,30.0,12.0,152.0,30.0,12.0,152.0,45302.95873259174,181.21183493036696,20.0
801624,30.0,12.0,154.0,30.0,12.0,154.0,44971.71152170686,179.88684608682743,20.0
801625,30.0,12.0,156.0,30.0,12.0,156.0,44735.97847336553,178.94391389346214,20.0
801626,30.0,12.0,158.0,30.0,12.0,158.0,44603.11748010515,178.41246992042062,20.0
801627,30.0,12.0,160.0,30.0,12.0,160.0,44575.68308657636,178.30273234630545,20.0
801628,30.0,12.0,162.0,30.0,12.0,162.0,44650.086087534,178.600344350136,20.0
801629,30.0,12.0,164.0,30.0,12.0,164.0,44815.90263857665,179.2636105543066,20.0
801630,30.0,12.0,166.0,30.0,12.0,166.0,45055.97817727794,180.22391270911177,20.0
801631,30.0,12.0,168.0,30.0,12.0,168.0,45347.351321163966,181.38940528465588,20.0
801632,30.0,12.0,170.0,30.0,12.0,170.0,45662.9081104824,182.6516324419296,20.0
801633,30.0,12.0,172.0,30.0,12.0,172.0,45973.58405053843,183.89433620215374,20.0
801634,30.0,12.0,174.0,30.0,12.0,174.0,46250.86970438419,185.00347881753677,20.0
801635,30.0,12.0,176.0,30.0,12.0,176.0,46469.34792336556,185.87739169346224,20.0
801636,30.0,12.0,178.0,30.0,12.0,178.0,46608.995229926935,186.43598091970773,20.0
801637,30.0,12.0,180.0,30.0,12.0,180.0,46657.011544420464,186.62804617768185,20.0
801638,30.0,14.0,0.0,30.0,14.0,0.0,39661.53066740816,158.64612266963263,20.0
801639,30.0,14.0,2.0,30.0,14.0,2.0,39622.05974409061,158.48823897636245,20.0
801640,30.0,14.0,4.0,30.0,14.0,4.0,39507.37373339571,158.02949493358284,20.0
801641,30.0,14.0,6.0,30.0,14.0,6.0,39328.31060058562,157.31324240234247,20.0
801642,30.0,14.0,8.0,30.0,14.0,8.0,39101.82592872731,156.40730371490923,20.0
801643,30.0,14.0,10.0,30.0,14.0,10.0,38849.44572379872,155.3977828951949,20.0
801644,30.0,14.0,12.0,30.0,14.0,12.0,38595.32034000187,154.38128136000748,20.0
801645,30.0,14.0,14.0,30.0,14.0,14.0,38364.07887144114,153.45631548576455,20.0
801646,30.0,14.0,16.0,30.0,14.0,16.0,38178.71013190604,152.71484052762415,20.0
801647,30.0,14.0,18.0,30.0,14.0,18.0,38058.70008053145,152.2348003221258,20.0
801648,30.0,14.0,20.0,30.0,14.0,20.0,38018.63215575079,152.07452862300318,20.0
801649,30.0,14.0,22.0,30.0,14.0,22.0,38067.40480408544,152.26961921634177,20.0
801650,30.0,14.0,24.0,30.0,14.0,24.0,38208.14192786665,152.8325677114666,20.0
801651,30.0,14.0,26.0,30.0,14.0,26.0,38438.77490991892,153.75509963967568,20.0
801652,30.0,14.0,28.0,30.0,14.0,28.0,38753.17329819826,155.01269319279302,20.0
801653,30.0,14.0,30.0,30.0,14.0,30.0,39142.61423036118,156.5704569214447,20.0
801654,30.0,14.0,32.0,30.0,14.0,32.0,39597.329046578925,158.3893161863157,20.0
801655,30.0,14.0,34.0,30.0,14.0,34.0,40107.86601921691,160.43146407686766,20.0
801656,30.0,14.0,36.0,30.0,14.0,36.0,40666.06636459798,162.66426545839192,20.0
801657,30.0,14.0,38.0,30.0,14.0,38.0,41265.55562557154,165.06222250228618,20.0
801658,30.0,14.0,40.0,30.0,14.0,40.0,41901.775836242676,167.6071033449707,20.0
801659,30.0,14.0,42.0,30.0,14.0,42.0,42571.6875977951,170.2867503911804,20.0
801660,30.0,14.0,44.0,30.0,14.0,44.0,43273.32242530745,173.09328970122982,20.0
801661,30.0,14.0,46.0,30.0,14.0,46.0,44005.35271610012,176.02141086440048,20.0
801662,30.0,14.0,48.0,30.0,14.0,48.0,44766.786009459654,179.06714403783863,20.0
801663,30.0,14.0,50.0,30.0,14.0,50.0,45556.81799005342,182.2272719602137,20.0
801664,30.0,14.0,52.0,30.0,14.0,52.0,46374.82947284748,185.49931789138992,20.0
801665,30.0,14.0,54.0,30.0,14.0,54.0,47220.50055970489,188.88200223881955,20.0
801666,30.0,14.0,56.0,30.0,14.0,56.0,48094.03207329202,192.3761282931681,20.0
801667,30.0,14.0,58.0,30.0,14.0,58.0,48996.49406026578,195.98597624106313,20.0
801668,30.0,14.0,60.0,30.0,14.0,60.0,49930.35533908,199.72142135632,20.0
801669,30.0,14.0,62.0,30.0,14.0,62.0,50900.2918040599,203.60116721623962,20.0
801670,30.0,14.0,64.0,30.0,14.0,64.0,51914.440929808035,207.65776371923215,20.0
801671,30.0,14.0,66.0,30.0,14.0,66.0,52986.395531640155,211.94558212656062,20.0
801672,30.0,14.0,68.0,30.0,14.0,68.0,54138.4696401628,216.5538785606512,20.0
801673,30.0,14.0,70.0,30.0,14.0,70.0,55407.24928457879,221.62899713831519,20.0
801674,30.0,14.0,72.0,30.0,14.0,72.0,56853.45239156336,227.41380956625346,20.0
801675,30.0,14.0,74.0,30.0,14.0,74.0,58580.38395217018,234.32153580868072,20.0
801676,30.0,14.0,76.0,30.0,14.0,76.0,60770.694313129905,243.08277725251963,20.0
801677,30.0,14.0,78.0,30.0,14.0,78.0,63765.24632132485,255.0609852852994,20.0
801678,30.0,14.0,80.0,30.0,14.0,80.0,68248.23769431311,272.9929507772524,20.0
801679,30.0,14.0,82.0,30.0,14.0,82.0,75731.59580899042,302.9263832359617,20.0
801680,30.0,14.0,84.0,30.0,14.0,84.0,89992.39487906633,359.9695795162653,20.0
801681,30.0,14.0,86.0,30.0,14.0,86.0,121810.10661976098,487.2404264790439,20.0
801682,30.0,14.0,88.0,30.0,14.0,88.0,200510.4136709977,802.0416546839908,20.0
801683,30.0,14.0,90.0,30.0,14.0,90.0,294486.9173569061,1177.9476694276245,20.0
801684,30.0,14.0,92.0,30.0,14.0,92.0,200510.41367099827,802.0416546839931,20.0
801685,30.0,14.0,94.0,30.0,14.0,94.0,121810.10661976128,487.24042647904514,20.0
801686,30.0,14.0,96.0,30.0,14.0,96.0,89992.39487906647,359.9695795162659,20.0
801687,30.0,14.0,98.0,30.0,14.0,98.0,75731.59580899036,302.92638323596145,20.0
801688,30.0,14.0,100.0,30.0,14.0,100.0,68248.2376943131,272.99295077725236,20.0
801689,30.0,14.0,102.0,30.0,14.0,102.0,63765.24632132485,255.0609852852994,20.0
801690,30.0,14.0,104.0,30.0,14.0,104.0,60770.694313129905,243.08277725251963,20.0
801691,30.0,14.0,106.0,30.0,14.0,106.0,58580.38395217018,234.32153580868072,20.0
801692,30.0,14.0,108.0,30.0,14.0,108.0,56853.452391563376,227.41380956625352,20.0
801693,30.0,14.0,110.0,30.0,14.0,110.0,55407.24928457881,221.62899713831524,20.0
801694,30.0,14.0,112.0,30.0,14.0,112.0,54138.46964016281,216.55387856065124,20.0
801695,30.0,14.0,114.0,30.0,14.0,114.0,52986.39553164017,211.94558212656068,20.0
801696,30.0,14.0,116.0,30.0,14.0,116.0,51914.44092980803,207.65776371923212,20.0
801697,30.0,14.0,118.0,30.0,14.0,118.0,50900.2918040599,203.60116721623962,20.0
801698,30.0,14.0,120.0,30.0,14.0,120.0,49930.35533908,199.72142135632,20.0
801699,30.0,14.0,122.0,30.0,14.0,122.0,48996.49406026578,195.98597624106313,20.0
801700,30.0,14.0,124.0,30.0,14.0,124.0,48094.03207329202,192.3761282931681,20.0
801701,30.0,14.0,126.0,30.0,14.0,126.0,47220.5005597049,188.8820022388196,20.0
801702,30.0,14.0,128.0,30.0,14.0,128.0,46374.82947284748,185.49931789138992,20.0
801703,30.0,14.0,130.0,30.0,14.0,130.0,45556.81799005342,182.2272719602137,20.0
801704,30.0,14.0,132.0,30.0,14.0,132.0,44766.786009459654,179.06714403783863,20.0
801705,30.0,14.0,134.0,30.0,14.0,134.0,44005.35271610011,176.02141086440045,20.0
801706,30.0,14.0,136.0,30.0,14.0,136.0,43273.32242530746,173.09328970122985,20.0
801707,30.0,14.0,138.0,30.0,14.0,138.0,42571.6875977951,170.2867503911804,20.0
801708,30.0,14.0,140.0,30.0,14.0,140.0,41901.775836242676,167.6071033449707,20.0
801709,30.0,14.0,142.0,30.0,14.0,142.0,41265.55562557154,165.06222250228618,20.0
801710,30.0,14.0,144.0,30.0,14.0,144.0,40666.06636459798,162.66426545839192,20.0
801711,30.0,14.0,146.0,30.0,14.0,146.0,40107.8660192169,160.4314640768676,20.0
801712,30.0,14.0,148.0,30.0,14.0,148.0,39597.32904657894,158.38931618631577,20.0
801713,30.0,14.0,150.0,30.0,14.0,150.0,39142.61423036118,156.5704569214447,20.0
801714,30.0,14.0,152.0,30.0,14.0,152.0,38753.17329819826,155.01269319279302,20.0
801715,30.0,14.0,154.0,30.0,14.0,154.0,38438.77490991891,153.75509963967565,20.0
801716,30.0,14.0,156.0,30.0,14.0,156.0,38208.14192786665,152.8325677114666,20.0
801717,30.0,14.0,158.0,30.0,14.0,158.0,38067.40480408544,152.26961921634177,20.0
801718,30.0,14.0,160.0,30.0,14.0,160.0,38018.632155750805,152.07452862300323,20.0
801719,30.0,14.0,162.0,30.0,14.0,162.0,38058.70008053146,152.23480032212584,20.0
801720,30.0,14.0,164.0,30.0,14.0,164.0,38178.71013190604,152.71484052762415,20.0
801721,30.0,14.0,166.0,30.0,14.0,166.0,38364.07887144114,153.45631548576455,20.0
801722,30.0,14.0,168.0,30.0,14.0,168.0,38595.32034000187,154.38128136000748,20.0
801723,30.0,14.0,170.0,30.0,14.0,170.0,38849.44572379872,155.3977828951949,20.0
801724,30.0,14.0,172.0,30.0,14.0,172.0,39101.82592872731,156.40730371490923,20.0
801725,30.0,14.0,174.0,30.0,14.0,174.0,39328.31060058562,157.31324240234247,20.0
801726,30.0,14.0,176.0,30.0,14.0,176.0,39507.37373339571,158.02949493358284,20.0
801727,30.0,14.0,178.0,30.0,14.0,178.0,39622.05974409061,158.48823897636245,20.0
801728,30.0,14.0,180.0,30.0,14.0,180.0,39661.53066740816,158.64612266963263,20.0
801729,30.0,16.0,0.0,30.0,16.0,0.0,32891.336882088974,131.5653475283559,20.0
801730,30.0,16.0,2.0,30.0,16.0,2.0,32860.14178400293,131.44056713601174,20.0
801731,30.0,16.0,4.0,30.0,16.0,4.0,32769.60715711066,131.07842862844262,20.0
801732,30.0,16.0,6.0,30.0,16.0,6.0,32628.605231201334,130.51442092480534,20.0
801733,30.0,16.0,8.0,30.0,16.0,8.0,32451.01773250242,129.8040709300097,20.0
801734,30.0,16.0,10.0,30.0,16.0,10.0,32254.471332629222,129.0178853305169,20.0
801735,30.0,16.0,12.0,30.0,16.0,12.0,32058.747044193326,128.2349881767733,20.0
801736,30.0,16.0,14.0,30.0,16.0,14.0,31884.026452620034,127.53610581048014,20.0
801737,30.0,16.0,16.0,30.0,16.0,16.0,31749.159549114516,126.99663819645806,20.0
801738,30.0,16.0,18.0,30.0,16.0,18.0,31670.141976452156,126.68056790580863,20.0
801739,30.0,16.0,20.0,30.0,16.0,20.0,31658.970373375236,126.63588149350095,20.0
801740,30.0,16.0,22.0,30.0,16.0,22.0,31723.001857116553,126.89200742846621,20.0
801741,30.0,16.0,24.0,30.0,16.0,24.0,31864.87947326775,127.459517893071,20.0
801742,30.0,16.0,26.0,30.0,16.0,26.0,32083.006109906244,128.33202443962497,20.0
801743,30.0,16.0,28.0,30.0,16.0,28.0,32372.466355214852,129.48986542085942,20.0
801744,30.0,16.0,30.0,30.0,16.0,30.0,32726.224668042432,130.90489867216974,20.0
801745,30.0,16.0,32.0,30.0,16.0,32.0,33136.38602651226,132.54554410604902,20.0
801746,30.0,16.0,34.0,30.0,16.0,34.0,33595.305601599444,134.38122240639777,20.0
801747,30.0,16.0,36.0,30.0,16.0,36.0,34096.381583211754,136.385526332847,20.0
801748,30.0,16.0,38.0,30.0,16.0,38.0,34634.45101954317,138.53780407817268,20.0
801749,30.0,16.0,40.0,30.0,16.0,40.0,35205.80929870915,140.8232371948366,20.0
801750,30.0,16.0,42.0,30.0,16.0,42.0,35807.95864618579,143.23183458474315,20.0
801751,30.0,16.0,44.0,30.0,16.0,44.0,36439.23285855735,145.7569314342294,20.0
801752,30.0,16.0,46.0,30.0,16.0,46.0,37098.43483331184,148.39373933324737,20.0
801753,30.0,16.0,48.0,30.0,16.0,48.0,37784.5738174582,151.1382952698328,20.0
801754,30.0,16.0,50.0,30.0,16.0,50.0,38496.73019879114,153.98692079516456,20.0
801755,30.0,16.0,52.0,30.0,16.0,52.0,39234.035303116085,156.93614121246435,20.0
801756,30.0,16.0,54.0,30.0,16.0,54.0,39995.7435697133,159.9829742788532,20.0
801757,30.0,16.0,56.0,30.0,16.0,56.0,40781.38787762311,163.12555151049244,20.0
801758,30.0,16.0,58.0,30.0,16.0,58.0,41591.03232875812,166.36412931503247,20.0
801759,30.0,16.0,60.0,30.0,16.0,60.0,42425.66348198868,169.70265392795474,20.0
801760,30.0,16.0,62.0,30.0,16.0,62.0,43287.79462618763,173.1511785047505,20.0
801761,30.0,16.0,64.0,30.0,16.0,64.0,44182.41093510272,176.7296437404109,20.0
801762,30.0,16.0,66.0,30.0,16.0,66.0,45118.47943686807,180.47391774747229,20.0
801763,30.0,16.0,68.0,30.0,16.0,68.0,46111.431995892344,184.44572798356938,20.0
801764,30.0,16.0,70.0,30.0,16.0,70.0,47187.400574216066,188.74960229686428,20.0
801765,30.0,16.0,72.0,30.0,16.0,72.0,48390.77233305259,193.56308933221038,20.0
801766,30.0,16.0,74.0,30.0,16.0,74.0,49798.41372025222,199.19365488100888,20.0
801767,30.0,16.0,76.0,30.0,16.0,76.0,51548.24383573723,206.19297534294893,20.0
801768,30.0,16.0,78.0,30.0,16.0,78.0,53901.32529827304,215.60530119309217,20.0
801769,30.0,16.0,80.0,30.0,16.0,80.0,57390.49690666111,229.56198762664445,20.0
801770,30.0,16.0,82.0,30.0,16.0,82.0,63221.98190751219,252.88792763004878,20.0
801771,30.0,16.0,84.0,30.0,16.0,84.0,74538.49774822078,298.1539909928831,20.0
801772,30.0,16.0,86.0,30.0,16.0,86.0,101139.04252205385,404.55617008821537,20.0
801773,30.0,16.0,88.0,30.0,16.0,88.0,176868.33312134558,707.4733324853823,20.0
801774,30.0,16.0,90.0,30.0,16.0,90.0,292008.91581316065,1168.0356632526427,20.0
801775,30.0,16.0,92.0,30.0,16.0,92.0,176868.3331213462,707.4733324853847,20.0
801776,30.0,16.0,94.0,30.0,16.0,94.0,101139.0425220541,404.5561700882164,20.0
801777,30.0,16.0,96.0,30.0,16.0,96.0,74538.4977482209,298.1539909928836,20.0
801778,30.0,16.0,98.0,30.0,16.0,98.0,63221.98190751216,252.88792763004867,20.0
801779,30.0,16.0,100.0,30.0,16.0,100.0,57390.4969066611,229.56198762664442,20.0
801780,30.0,16.0,102.0,30.0,16.0,102.0,53901.32529827304,215.60530119309217,20.0
801781,30.0,16.0,104.0,30.0,16.0,104.0,51548.24383573723,206.19297534294893,20.0
801782,30.0,16.0,106.0,30.0,16.0,106.0,49798.41372025222,199.19365488100888,20.0
801783,30.0,16.0,108.0,30.0,16.0,108.0,48390.7723330526,193.5630893322104,20.0
801784,30.0,16.0,110.0,30.0,16.0,110.0,47187.400574216066,188.74960229686428,20.0
801785,30.0,16.0,112.0,30.0,16.0,112.0,46111.431995892344,184.44572798356938,20.0
801786,30.0,16.0,114.0,30.0,16.0,114.0,45118.47943686807,180.47391774747229,20.0
801787,30.0,16.0,116.0,30.0,16.0,116.0,44182.41093510271,176.72964374041084,20.0
801788,30.0,16.0,118.0,30.0,16.0,118.0,43287.79462618761,173.15117850475045,20.0
801789,30.0,16.0,120.0,30.0,16.0,120.0,42425.66348198868,169.70265392795474,20.0
801790,30.0,16.0,122.0,30.0,16.0,122.0,41591.03232875812,166.36412931503247,20.0
801791,30.0,16.0,124.0,30.0,16.0,124.0,40781.38787762311,163.12555151049244,20.0
801792,30.0,16.0,126.0,30.0,16.0,126.0,39995.743569713304,159.98297427885322,20.0
801793,30.0,16.0,128.0,30.0,16.0,128.0,39234.035303116085,156.93614121246435,20.0
801794,30.0,16.0,130.0,30.0,16.0,130.0,38496.73019879114,153.98692079516456,20.0
801795,30.0,16.0,132.0,30.0,16.0,132.0,37784.5738174582,151.1382952698328,20.0
801796,30.0,16.0,134.0,30.0,16.0,134.0,37098.43483331184,148.39373933324737,20.0
801797,30.0,16.0,136.0,30.0,16.0,136.0,36439.232858557356,145.75693143422941,20.0
801798,30.0,16.0,138.0,30.0,16.0,138.0,35807.95864618579,143.23183458474315,20.0
801799,30.0,16.0,140.0,30.0,16.0,140.0,35205.80929870915,140.8232371948366,20.0
801800,30.0,16.0,142.0,30.0,16.0,142.0,34634.45101954317,138.53780407817268,20.0
801801,30.0,16.0,144.0,30.0,16.0,144.0,34096.381583211754,136.385526332847,20.0
801802,30.0,16.0,146.0,30.0,16.0,146.0,33595.30560159944,134.38122240639774,20.0
801803,30.0,16.0,148.0,30.0,16.0,148.0,33136.38602651226,132.54554410604902,20.0
801804,30.0,16.0,150.0,30.0,16.0,150.0,32726.22466804244,130.90489867216976,20.0
801805,30.0,16.0,152.0,30.0,16.0,152.0,32372.466355214852,129.48986542085942,20.0
801806,30.0,16.0,154.0,30.0,16.0,154.0,32083.006109906237,128.33202443962494,20.0
801807,30.0,16.0,156.0,30.0,16.0,156.0,31864.87947326775,127.459517893071,20.0
801808,30.0,16.0,158.0,30.0,16.0,158.0,31723.001857116553,126.89200742846621,20.0
801809,30.0,16.0,160.0,30.0,16.0,160.0,31658.970373375247,126.63588149350099,20.0
801810,30.0,16.0,162.0,30.0,16.0,162.0,31670.14197645216,126.68056790580864,20.0
801811,30.0,16.0,164.0,30.0,16.0,164.0,31749.159549114513,126.99663819645805,20.0
801812,30.0,16.0,166.0,30.0,16.0,166.0,31884.026452620034,127.53610581048014,20.0
801813,30.0,16.0,168.0,30.0,16.0,168.0,32058.747044193333,128.23498817677333,20.0
801814,30.0,16.0,170.0,30.0,16.0,170.0,32254.471332629222,129.0178853305169,20.0
801815,30.0,16.0,172.0,30.0,16.0,172.0,32451.01773250242,129.8040709300097,20.0
801816,30.0,16.0,174.0,30.0,16.0,174.0,32628.605231201334,130.51442092480534,20.0
801817,30.0,16.0,176.0,30.0,16.0,176.0,32769.60715711066,131.07842862844262,20.0
801818,30.0,16.0,178.0,30.0,16.0,178.0,32860.14178400293,131.44056713601174,20.0
801819,30.0,16.0,180.0,30.0,16.0,180.0,32891.336882088974,131.5653475283559,20.0
801820,35.0,10.0,0.0,35.0,10.0,0.0,45853.44100128223,183.41376400512894,20.0
801821,35.0,10.0,2.0,35.0,10.0,2.0,45781.99441287349,183.12797765149398,20.0
801822,35.0,10.0,4.0,35.0,10.0,4.0,45575.25571226811,182.30102284907244,20.0
801823,35.0,10.0,6.0,35.0,10.0,6.0,45255.06610102022,181.02026440408088,20.0
801824,35.0,10.0,8.0,35.0,10.0,8.0,44854.76394901959,179.41905579607834,20.0
801825,35.0,10.0,10.0,35.0,10.0,10.0,44415.068594298704,177.6602743771948,20.0
801826,35.0,10.0,12.0,35.0,10.0,12.0,43979.20195215776,175.91680780863103,20.0
801827,35.0,10.0,14.0,35.0,10.0,14.0,43587.9679380014,174.3518717520056,20.0
801828,35.0,10.0,16.0,35.0,10.0,16.0,43275.50364276333,173.10201457105333,20.0
801829,35.0,10.0,18.0,35.0,10.0,18.0,43066.29122100842,172.26516488403368,20.0
801830,35.0,10.0,20.0,35.0,10.0,20.0,42973.79188696486,171.89516754785944,20.0
801831,35.0,10.0,22.0,35.0,10.0,22.0,43000.77057407427,172.00308229629707,20.0
801832,35.0,10.0,24.0,35.0,10.0,24.0,43141.07651390907,172.5643060556363,20.0
801833,35.0,10.0,26.0,35.0,10.0,26.0,43382.39461529266,173.52957846117064,20.0
801834,35.0,10.0,28.0,35.0,10.0,28.0,43709.34281088401,174.83737124353604,20.0
801835,35.0,10.0,30.0,35.0,10.0,30.0,44106.296569516904,176.42518627806763,20.0
801836,35.0,10.0,32.0,35.0,10.0,32.0,44559.471395064335,178.23788558025734,20.0
801837,35.0,10.0,34.0,35.0,10.0,34.0,45058.04273987587,180.2321709595035,20.0
801838,35.0,10.0,36.0,35.0,10.0,36.0,45594.353250677945,182.3774130027118,20.0
801839,35.0,10.0,38.0,35.0,10.0,38.0,46163.46563117631,184.65386252470523,20.0
801840,35.0,10.0,40.0,35.0,10.0,40.0,46762.40776091031,187.04963104364126,20.0
801841,35.0,10.0,42.0,35.0,10.0,42.0,47389.41799036182,189.55767196144728,20.0
801842,35.0,10.0,44.0,35.0,10.0,44.0,48043.37740741695,192.1735096296678,20.0
801843,35.0,10.0,46.0,35.0,10.0,46.0,48723.48235647713,194.8939294259085,20.0
801844,35.0,10.0,48.0,35.0,10.0,48.0,49429.121242479414,197.71648496991767,20.0
801845,35.0,10.0,50.0,35.0,10.0,50.0,50159.89237944422,200.6395695177769,20.0
801846,35.0,10.0,52.0,35.0,10.0,52.0,50915.716507632555,203.6628660305302,20.0
801847,35.0,10.0,54.0,35.0,10.0,54.0,51697.029610332436,206.78811844132974,20.0
801848,35.0,10.0,56.0,35.0,10.0,56.0,52505.07090573816,210.02028362295266,20.0
801849,35.0,10.0,58.0,35.0,10.0,58.0,53342.30587824902,213.3692235129961,20.0
801850,35.0,10.0,60.0,35.0,10.0,60.0,54213.05314523233,216.85221258092932,20.0
801851,35.0,10.0,62.0,35.0,10.0,62.0,55124.428913826945,220.4977156553078,20.0
801852,35.0,10.0,64.0,35.0,10.0,64.0,56087.801226898766,224.35120490759508,20.0
801853,35.0,10.0,66.0,35.0,10.0,66.0,57121.08978328651,228.48435913314603,20.0
801854,35.0,10.0,68.0,35.0,10.0,68.0,58252.52065176161,233.01008260704646,20.0
801855,35.0,10.0,70.0,35.0,10.0,70.0,59526.98961403019,238.10795845612077,20.0
801856,35.0,10.0,72.0,35.0,10.0,72.0,61017.3267727266,244.0693070909064,20.0
801857,35.0,10.0,74.0,35.0,10.0,74.0,62845.27782150399,251.38111128601597,20.0
801858,35.0,10.0,76.0,35.0,10.0,76.0,65222.98666644916,260.89194666579664,20.0
801859,35.0,10.0,78.0,35.0,10.0,78.0,68541.00593954121,274.16402375816483,20.0
801860,35.0,10.0,80.0,35.0,10.0,80.0,73571.3032199586,294.28521287983443,20.0
801861,35.0,10.0,82.0,35.0,10.0,82.0,81983.40383200468,327.93361532801873,20.0
801862,35.0,10.0,84.0,35.0,10.0,84.0,97797.98691974391,391.1919476789757,20.0
801863,35.0,10.0,86.0,35.0,10.0,86.0,131657.26365682774,526.629054627311,20.0
801864,35.0,10.0,88.0,35.0,10.0,88.0,207264.42669109724,829.057706764389,20.0
801865,35.0,10.0,90.0,35.0,10.0,90.0,284746.92139802425,1138.987685592097,20.0
801866,35.0,10.0,92.0,35.0,10.0,92.0,207264.4266910978,829.0577067643911,20.0
801867,35.0,10.0,94.0,35.0,10.0,94.0,131657.26365682806,526.6290546273123,20.0
801868,35.0,10.0,96.0,35.0,10.0,96.0,97797.9869197441,391.1919476789764,20.0
801869,35.0,10.0,98.0,35.0,10.0,98.0,81983.40383200464,327.93361532801856,20.0
801870,35.0,10.0,100.0,35.0,10.0,100.0,73571.30321995859,294.2852128798344,20.0
801871,35.0,10.0,102.0,35.0,10.0,102.0,68541.0059395412,274.1640237581648,20.0
801872,35.0,10.0,104.0,35.0,10.0,104.0,65222.98666644916,260.89194666579664,20.0
801873,35.0,10.0,106.0,35.0,10.0,106.0,62845.277821503994,251.381111286016,20.0
801874,35.0,10.0,108.0,35.0,10.0,108.0,61017.32677272662,244.06930709090648,20.0
801875,35.0,10.0,110.0,35.0,10.0,110.0,59526.9896140302,238.1079584561208,20.0
801876,35.0,10.0,112.0,35.0,10.0,112.0,58252.52065176162,233.01008260704648,20.0
801877,35.0,10.0,114.0,35.0,10.0,114.0,57121.08978328652,228.48435913314609,20.0
801878,35.0,10.0,116.0,35.0,10.0,116.0,56087.80122689875,224.35120490759502,20.0
801879,35.0,10.0,118.0,35.0,10.0,118.0,55124.42891382694,220.49771565530776,20.0
801880,35.0,10.0,120.0,35.0,10.0,120.0,54213.05314523233,216.85221258092932,20.0
801881,35.0,10.0,122.0,35.0,10.0,122.0,53342.30587824902,213.3692235129961,20.0
801882,35.0,10.0,124.0,35.0,10.0,124.0,52505.07090573816,210.02028362295266,20.0
801883,35.0,10.0,126.0,35.0,10.0,126.0,51697.02961033245,206.7881184413298,20.0
801884,35.0,10.0,128.0,35.0,10.0,128.0,50915.71650763258,203.66286603053032,20.0
801885,35.0,10.0,130.0,35.0,10.0,130.0,50159.89237944423,200.63956951777692,20.0
801886,35.0,10.0,132.0,35.0,10.0,132.0,49429.12124247941,197.71648496991764,20.0
801887,35.0,10.0,134.0,35.0,10.0,134.0,48723.48235647713,194.8939294259085,20.0
801888,35.0,10.0,136.0,35.0,10.0,136.0,48043.37740741695,192.1735096296678,20.0
801889,35.0,10.0,138.0,35.0,10.0,138.0,47389.41799036182,189.55767196144728,20.0
801890,35.0,10.0,140.0,35.0,10.0,140.0,46762.40776091031,187.04963104364126,20.0
801891,35.0,10.0,142.0,35.0,10.0,142.0,46163.46563117631,184.65386252470523,20.0
801892,35.0,10.0,144.0,35.0,10.0,144.0,45594.353250677945,182.3774130027118,20.0
801893,35.0,10.0,146.0,35.0,10.0,146.0,45058.04273987586,180.23217095950346,20.0
801894,35.0,10.0,148.0,35.0,10.0,148.0,44559.471395064335,178.23788558025734,20.0
801895,35.0,10.0,150.0,35.0,10.0,150.0,44106.296569516904,176.42518627806763,20.0
801896,35.0,10.0,152.0,35.0,10.0,152.0,43709.34281088401,174.83737124353604,20.0
801897,35.0,10.0,154.0,35.0,10.0,154.0,43382.39461529265,173.52957846117062,20.0
801898,35.0,10.0,156.0,35.0,10.0,156.0,43141.07651390907,172.5643060556363,20.0
801899,35.0,10.0,158.0,35.0,10.0,158.0,43000.77057407427,172.00308229629707,20.0
801900,35.0,10.0,160.0,35.0,10.0,160.0,42973.79188696487,171.8951675478595,20.0
801901,35.0,10.0,162.0,35.0,10.0,162.0,43066.29122100843,172.26516488403374,20.0
801902,35.0,10.0,164.0,35.0,10.0,164.0,43275.50364276333,173.10201457105333,20.0
801903,35.0,10.0,166.0,35.0,10.0,166.0,43587.9679380014,174.3518717520056,20.0
801904,35.0,10.0,168.0,35.0,10.0,168.0,43979.201952157775,175.9168078086311,20.0
801905,35.0,10.0,170.0,35.0,10.0,170.0,44415.068594298704,177.6602743771948,20.0
801906,35.0,10.0,172.0,35.0,10.0,172.0,44854.76394901959,179.41905579607834,20.0
801907,35.0,10.0,174.0,35.0,10.0,174.0,45255.06610102022,181.02026440408088,20.0
801908,35.0,10.0,176.0,35.0,10.0,176.0,45575.25571226811,182.30102284907244,20.0
801909,35.0,10.0,178.0,35.0,10.0,178.0,45781.99441287349,183.12797765149398,20.0
801910,35.0,10.0,180.0,35.0,10.0,180.0,45853.44100128223,183.41376400512894,20.0
801911,35.0,12.0,0.0,35.0,12.0,0.0,38684.55901533537,154.7382360613415,20.0
801912,35.0,12.0,2.0,35.0,12.0,2.0,38626.02975529366,154.50411902117466,20.0
801913,35.0,12.0,4.0,35.0,12.0,4.0,38456.79742875556,153.82718971502226,20.0
801914,35.0,12.0,6.0,35.0,12.0,6.0,38195.124539125994,152.780498156504,20.0
801915,35.0,12.0,8.0,35.0,12.0,8.0,37868.88855689952,151.47555422759808,20.0
801916,35.0,12.0,10.0,35.0,12.0,10.0,37512.14229864381,150.04856919457524,20.0
801917,35.0,12.0,12.0,35.0,12.0,12.0,37161.037315645925,148.6441492625837,20.0
801918,35.0,12.0,14.0,35.0,12.0,14.0,36849.71188045873,147.3988475218349,20.0
801919,35.0,12.0,16.0,35.0,12.0,16.0,36606.740086333375,146.4269603453335,20.0
801920,35.0,12.0,18.0,35.0,12.0,18.0,36452.63414218205,145.8105365687282,20.0
801921,35.0,12.0,20.0,35.0,12.0,20.0,36398.70179662034,145.59480718648138,20.0
801922,35.0,12.0,22.0,35.0,12.0,22.0,36447.316134494824,145.7892645379793,20.0
801923,35.0,12.0,24.0,35.0,12.0,24.0,36593.401559049955,146.37360623619983,20.0
801924,35.0,12.0,26.0,35.0,12.0,26.0,36826.73056425288,147.30692225701154,20.0
801925,35.0,12.0,28.0,35.0,12.0,28.0,37134.50915720795,148.5380366288318,20.0
801926,35.0,12.0,30.0,35.0,12.0,30.0,37503.73382411298,150.0149352964519,20.0
801927,35.0,12.0,32.0,35.0,12.0,32.0,37922.92794575327,151.6917117830131,20.0
801928,35.0,12.0,34.0,35.0,12.0,34.0,38383.07328852902,153.53229315411608,20.0
801929,35.0,12.0,36.0,35.0,12.0,36.0,38877.77820074362,155.51111280297448,20.0
801930,35.0,12.0,38.0,35.0,12.0,38.0,39402.89823868304,157.61159295473217,20.0
801931,35.0,12.0,40.0,35.0,12.0,40.0,39955.89876309319,159.82359505237275,20.0
801932,35.0,12.0,42.0,35.0,12.0,42.0,40535.21667931322,162.1408667172529,20.0
801933,35.0,12.0,44.0,35.0,12.0,44.0,41139.777263286756,164.55910905314704,20.0
801934,35.0,12.0,46.0,35.0,12.0,46.0,41768.710416788155,167.0748416671526,20.0
801935,35.0,12.0,48.0,35.0,12.0,48.0,42421.236054499765,169.68494421799906,20.0
801936,35.0,12.0,50.0,35.0,12.0,50.0,43096.66542373463,172.3866616949385,20.0
801937,35.0,12.0,52.0,35.0,12.0,52.0,43794.479059052544,175.1779162362102,20.0
801938,35.0,12.0,54.0,35.0,12.0,54.0,44514.46850361918,178.05787401447674,20.0
801939,35.0,12.0,56.0,35.0,12.0,56.0,45256.952846662745,181.027811386651,20.0
801940,35.0,12.0,58.0,35.0,12.0,58.0,46023.1011516189,184.0924046064756,20.0
801941,35.0,12.0,60.0,35.0,12.0,60.0,46815.414608091225,187.2616584323649,20.0
801942,35.0,12.0,62.0,35.0,12.0,62.0,47638.45744192989,190.55382976771955,20.0
801943,35.0,12.0,64.0,35.0,12.0,64.0,48499.98717049492,193.99994868197967,20.0
801944,35.0,12.0,66.0,35.0,12.0,66.0,49412.74794144773,197.6509917657909,20.0
801945,35.0,12.0,68.0,35.0,12.0,68.0,50397.407469376616,201.58962987750647,20.0
801946,35.0,12.0,70.0,35.0,12.0,70.0,51487.55263511799,205.95021054047194,20.0
801947,35.0,12.0,72.0,35.0,12.0,72.0,52738.576231568455,210.95430492627384,20.0
801948,35.0,12.0,74.0,35.0,12.0,74.0,54244.343944633714,216.97737577853485,20.0
801949,35.0,12.0,76.0,35.0,12.0,76.0,56170.47625458447,224.6819050183379,20.0
801950,35.0,12.0,78.0,35.0,12.0,78.0,58825.99967710033,235.3039987084013,20.0
801951,35.0,12.0,80.0,35.0,12.0,80.0,62832.349731221344,251.32939892488537,20.0
801952,35.0,12.0,82.0,35.0,12.0,82.0,69568.9870085234,278.27594803409363,20.0
801953,35.0,12.0,84.0,35.0,12.0,84.0,82513.97230725655,330.0558892290262,20.0
801954,35.0,12.0,86.0,35.0,12.0,86.0,111794.7604409921,447.1790417639684,20.0
801955,35.0,12.0,88.0,35.0,12.0,88.0,186490.7429222984,745.9629716891936,20.0
801956,35.0,12.0,90.0,35.0,12.0,90.0,280118.4725758915,1120.473890303566,20.0
801957,35.0,12.0,92.0,35.0,12.0,92.0,186490.74292229896,745.9629716891958,20.0
801958,35.0,12.0,94.0,35.0,12.0,94.0,111794.76044099238,447.1790417639695,20.0
801959,35.0,12.0,96.0,35.0,12.0,96.0,82513.97230725668,330.0558892290268,20.0
801960,35.0,12.0,98.0,35.0,12.0,98.0,69568.98700852337,278.2759480340935,20.0
801961,35.0,12.0,100.0,35.0,12.0,100.0,62832.34973122134,251.32939892488534,20.0
801962,35.0,12.0,102.0,35.0,12.0,102.0,58825.99967710033,235.3039987084013,20.0
801963,35.0,12.0,104.0,35.0,12.0,104.0,56170.47625458447,224.6819050183379,20.0
801964,35.0,12.0,106.0,35.0,12.0,106.0,54244.343944633714,216.97737577853485,20.0
801965,35.0,12.0,108.0,35.0,12.0,108.0,52738.57623156847,210.9543049262739,20.0
801966,35.0,12.0,110.0,35.0,12.0,110.0,51487.552635117994,205.95021054047197,20.0
801967,35.0,12.0,112.0,35.0,12.0,112.0,50397.40746937664,201.58962987750655,20.0
801968,35.0,12.0,114.0,35.0,12.0,114.0,49412.747941447735,197.65099176579093,20.0
801969,35.0,12.0,116.0,35.0,12.0,116.0,48499.987170494904,193.99994868197962,20.0
801970,35.0,12.0,118.0,35.0,12.0,118.0,47638.45744192988,190.55382976771952,20.0
801971,35.0,12.0,120.0,35.0,12.0,120.0,46815.414608091225,187.2616584323649,20.0
801972,35.0,12.0,122.0,35.0,12.0,122.0,46023.1011516189,184.0924046064756,20.0
801973,35.0,12.0,124.0,35.0,12.0,124.0,45256.952846662745,181.027811386651,20.0
801974,35.0,12.0,126.0,35.0,12.0,126.0,44514.4685036192,178.05787401447682,20.0
801975,35.0,12.0,128.0,35.0,12.0,128.0,43794.479059052566,175.17791623621028,20.0
801976,35.0,12.0,130.0,35.0,12.0,130.0,43096.66542373463,172.3866616949385,20.0
801977,35.0,12.0,132.0,35.0,12.0,132.0,42421.236054499765,169.68494421799906,20.0
801978,35.0,12.0,134.0,35.0,12.0,134.0,41768.71041678815,167.07484166715258,20.0
801979,35.0,12.0,136.0,35.0,12.0,136.0,41139.77726328676,164.55910905314707,20.0
801980,35.0,12.0,138.0,35.0,12.0,138.0,40535.21667931322,162.1408667172529,20.0
801981,35.0,12.0,140.0,35.0,12.0,140.0,39955.89876309319,159.82359505237275,20.0
801982,35.0,12.0,142.0,35.0,12.0,142.0,39402.89823868304,157.61159295473217,20.0
801983,35.0,12.0,144.0,35.0,12.0,144.0,38877.77820074361,155.51111280297445,20.0
801984,35.0,12.0,146.0,35.0,12.0,146.0,38383.07328852901,153.53229315411605,20.0
801985,35.0,12.0,148.0,35.0,12.0,148.0,37922.927945753276,151.69171178301312,20.0
801986,35.0,12.0,150.0,35.0,12.0,150.0,37503.733824112984,150.01493529645194,20.0
801987,35.0,12.0,152.0,35.0,12.0,152.0,37134.50915720795,148.5380366288318,20.0
801988,35.0,12.0,154.0,35.0,12.0,154.0,36826.73056425287,147.3069222570115,20.0
801989,35.0,12.0,156.0,35.0,12.0,156.0,36593.401559049955,146.37360623619983,20.0
801990,35.0,12.0,158.0,35.0,12.0,158.0,36447.316134494824,145.7892645379793,20.0
801991,35.0,12.0,160.0,35.0,12.0,160.0,36398.70179662035,145.5948071864814,20.0
801992,35.0,12.0,162.0,35.0,12.0,162.0,36452.634142182054,145.81053656872822,20.0
801993,35.0,12.0,164.0,35.0,12.0,164.0,36606.74008633337,146.42696034533347,20.0
801994,35.0,12.0,166.0,35.0,12.0,166.0,36849.71188045873,147.3988475218349,20.0
801995,35.0,12.0,168.0,35.0,12.0,168.0,37161.03731564593,148.64414926258374,20.0
801996,35.0,12.0,170.0,35.0,12.0,170.0,37512.14229864381,150.04856919457524,20.0
801997,35.0,12.0,172.0,35.0,12.0,172.0,37868.88855689952,151.47555422759808,20.0
801998,35.0,12.0,174.0,35.0,12.0,174.0,38195.124539125994,152.780498156504,20.0
801999,35.0,12.0,176.0,35.0,12.0,176.0,38456.79742875556,153.82718971502226,20.0
802000,35.0,12.0,178.0,35.0,12.0,178.0,38626.02975529366,154.50411902117466,20.0
802001,35.0,12.0,180.0,35.0,12.0,180.0,38684.55901533537,154.7382360613415,20.0
802002,35.0,14.0,0.0,35.0,14.0,0.0,31740.964121081623,126.9638564843265,20.0
802003,35.0,14.0,2.0,35.0,14.0,2.0,31695.06133918106,126.78024535672424,20.0
802004,35.0,14.0,4.0,35.0,14.0,4.0,31562.46186958334,126.24984747833336,20.0
802005,35.0,14.0,6.0,35.0,14.0,6.0,31357.846642874527,125.43138657149811,20.0
802006,35.0,14.0,8.0,35.0,14.0,8.0,31103.62752195184,124.41451008780736,20.0
802007,35.0,14.0,10.0,35.0,14.0,10.0,30827.184386835885,123.30873754734354,20.0
802008,35.0,14.0,12.0,35.0,14.0,12.0,30557.590484701523,122.2303619388061,20.0
802009,35.0,14.0,14.0,35.0,14.0,14.0,30322.309221724074,121.28923688689629,20.0
802010,35.0,14.0,16.0,35.0,14.0,16.0,30144.34149358849,120.57736597435397,20.0
802011,35.0,14.0,18.0,35.0,14.0,18.0,30040.218766801157,120.16087506720463,20.0
802012,35.0,14.0,20.0,35.0,14.0,20.0,30019.084390714168,120.07633756285668,20.0
802013,35.0,14.0,22.0,35.0,14.0,22.0,30082.90908058831,120.33163632235325,20.0
802014,35.0,14.0,24.0,35.0,14.0,24.0,30227.682952195883,120.91073180878354,20.0
802015,35.0,14.0,26.0,35.0,14.0,26.0,30445.258447038814,121.78103378815526,20.0
802016,35.0,14.0,28.0,35.0,14.0,28.0,30725.424712390846,122.90169884956339,20.0
802017,35.0,14.0,30.0,35.0,14.0,30.0,31057.798037065542,124.23119214826217,20.0
802018,35.0,14.0,32.0,35.0,14.0,32.0,31433.213347143916,125.73285338857566,20.0
802019,35.0,14.0,34.0,35.0,14.0,34.0,31844.468599582928,127.37787439833171,20.0
802020,35.0,14.0,36.0,35.0,14.0,36.0,32286.455430786937,129.14582172314775,20.0
802021,35.0,14.0,38.0,35.0,14.0,38.0,32755.84924314558,131.02339697258233,20.0
802022,35.0,14.0,40.0,35.0,14.0,40.0,33250.59119406212,133.0023647762485,20.0
802023,35.0,14.0,42.0,35.0,14.0,42.0,33769.36854489954,135.07747417959817,20.0
802024,35.0,14.0,44.0,35.0,14.0,44.0,34311.21850364291,137.24487401457162,20.0
802025,35.0,14.0,46.0,35.0,14.0,46.0,34875.29103331947,139.50116413327788,20.0
802026,35.0,14.0,48.0,35.0,14.0,48.0,35460.746101596196,141.8429844063848,20.0
802027,35.0,14.0,50.0,35.0,14.0,50.0,36066.74237260668,144.2669694904267,20.0
802028,35.0,14.0,52.0,35.0,14.0,52.0,36692.48536951018,146.76994147804072,20.0
802029,35.0,14.0,54.0,35.0,14.0,54.0,37337.32412763815,149.34929651055262,20.0
802030,35.0,14.0,56.0,35.0,14.0,56.0,38000.90416589369,152.00361666357477,20.0
802031,35.0,14.0,58.0,35.0,14.0,58.0,38683.400006062235,154.73360002424894,20.0
802032,35.0,14.0,60.0,35.0,14.0,60.0,39385.86759152163,157.54347036608652,20.0
802033,35.0,14.0,62.0,35.0,14.0,62.0,40110.78325193161,160.44313300772643,20.0
802034,35.0,14.0,64.0,35.0,14.0,64.0,40862.88187853182,163.4515275141273,20.0
802035,35.0,14.0,66.0,35.0,14.0,66.0,41650.491847344296,166.6019673893772,20.0
802036,35.0,14.0,68.0,35.0,14.0,68.0,42487.72758917717,169.9509103567087,20.0
802037,35.0,14.0,70.0,35.0,14.0,70.0,43398.23017154498,173.59292068617992,20.0
802038,35.0,14.0,72.0,35.0,14.0,72.0,44421.84724279785,177.6873889711914,20.0
802039,35.0,14.0,74.0,35.0,14.0,74.0,45627.2310639034,182.50892425561358,20.0
802040,35.0,14.0,76.0,35.0,14.0,76.0,47137.202738163425,188.5488109526537,20.0
802041,35.0,14.0,78.0,35.0,14.0,78.0,49184.0332230537,196.7361328922148,20.0
802042,35.0,14.0,80.0,35.0,14.0,80.0,52242.327865299274,208.9693114611971,20.0
802043,35.0,14.0,82.0,35.0,14.0,82.0,57390.428965950494,229.561715863802,20.0
802044,35.0,14.0,84.0,35.0,14.0,84.0,67460.3123951014,269.8412495804056,20.0
802045,35.0,14.0,86.0,35.0,14.0,86.0,91442.22143558307,365.76888574233226,20.0
802046,35.0,14.0,88.0,35.0,14.0,88.0,161990.1784672194,647.9607138688776,20.0
802047,35.0,14.0,90.0,35.0,14.0,90.0,276085.39834732644,1104.3415933893057,20.0
802048,35.0,14.0,92.0,35.0,14.0,92.0,161990.17846722,647.9607138688799,20.0
802049,35.0,14.0,94.0,35.0,14.0,94.0,91442.22143558331,365.7688857423333,20.0
802050,35.0,14.0,96.0,35.0,14.0,96.0,67460.3123951015,269.841249580406,20.0
802051,35.0,14.0,98.0,35.0,14.0,98.0,57390.42896595047,229.56171586380188,20.0
802052,35.0,14.0,100.0,35.0,14.0,100.0,52242.32786529926,208.96931146119704,20.0
802053,35.0,14.0,102.0,35.0,14.0,102.0,49184.0332230537,196.7361328922148,20.0
802054,35.0,14.0,104.0,35.0,14.0,104.0,47137.202738163425,188.5488109526537,20.0
802055,35.0,14.0,106.0,35.0,14.0,106.0,45627.2310639034,182.50892425561358,20.0
802056,35.0,14.0,108.0,35.0,14.0,108.0,44421.84724279787,177.6873889711915,20.0
802057,35.0,14.0,110.0,35.0,14.0,110.0,43398.23017154498,173.59292068617992,20.0
802058,35.0,14.0,112.0,35.0,14.0,112.0,42487.72758917718,169.95091035670873,20.0
802059,35.0,14.0,114.0,35.0,14.0,114.0,41650.4918473443,166.60196738937722,20.0
802060,35.0,14.0,116.0,35.0,14.0,116.0,40862.88187853181,163.45152751412724,20.0
802061,35.0,14.0,118.0,35.0,14.0,118.0,40110.78325193161,160.44313300772643,20.0
802062,35.0,14.0,120.0,35.0,14.0,120.0,39385.86759152163,157.54347036608652,20.0
802063,35.0,14.0,122.0,35.0,14.0,122.0,38683.400006062235,154.73360002424894,20.0
802064,35.0,14.0,124.0,35.0,14.0,124.0,38000.90416589369,152.00361666357477,20.0
802065,35.0,14.0,126.0,35.0,14.0,126.0,37337.32412763816,149.34929651055265,20.0
802066,35.0,14.0,128.0,35.0,14.0,128.0,36692.48536951019,146.76994147804078,20.0
802067,35.0,14.0,130.0,35.0,14.0,130.0,36066.742372606685,144.26696949042673,20.0
802068,35.0,14.0,132.0,35.0,14.0,132.0,35460.746101596196,141.8429844063848,20.0
802069,35.0,14.0,134.0,35.0,14.0,134.0,34875.29103331947,139.50116413327788,20.0
802070,35.0,14.0,136.0,35.0,14.0,136.0,34311.21850364291,137.24487401457162,20.0
802071,35.0,14.0,138.0,35.0,14.0,138.0,33769.36854489954,135.07747417959817,20.0
802072,35.0,14.0,140.0,35.0,14.0,140.0,33250.59119406212,133.0023647762485,20.0
802073,35.0,14.0,142.0,35.0,14.0,142.0,32755.84924314558,131.02339697258233,20.0
802074,35.0,14.0,144.0,35.0,14.0,144.0,32286.455430786937,129.14582172314775,20.0
802075,35.0,14.0,146.0,35.0,14.0,146.0,31844.468599582924,127.3778743983317,20.0
802076,35.0,14.0,148.0,35.0,14.0,148.0,31433.213347143916,125.73285338857566,20.0
802077,35.0,14.0,150.0,35.0,14.0,150.0,31057.798037065542,124.23119214826217,20.0
802078,35.0,14.0,152.0,35.0,14.0,152.0,30725.424712390846,122.90169884956339,20.0
802079,35.0,14.0,154.0,35.0,14.0,154.0,30445.258447038803,121.78103378815521,20.0
802080,35.0,14.0,156.0,35.0,14.0,156.0,30227.682952195883,120.91073180878354,20.0
802081,35.0,14.0,158.0,35.0,14.0,158.0,30082.90908058831,120.33163632235325,20.0
802082,35.0,14.0,160.0,35.0,14.0,160.0,30019.08439071418,120.07633756285672,20.0
802083,35.0,14.0,162.0,35.0,14.0,162.0,30040.21876680116,120.16087506720464,20.0
802084,35.0,14.0,164.0,35.0,14.0,164.0,30144.341493588487,120.57736597435395,20.0
802085,35.0,14.0,166.0,35.0,14.0,166.0,30322.309221724074,121.28923688689629,20.0
802086,35.0,14.0,168.0,35.0,14.0,168.0,30557.590484701534,122.23036193880614,20.0
802087,35.0,14.0,170.0,35.0,14.0,170.0,30827.184386835885,123.30873754734354,20.0
802088,35.0,14.0,172.0,35.0,14.0,172.0,31103.62752195184,124.41451008780736,20.0
802089,35.0,14.0,174.0,35.0,14.0,174.0,31357.846642874527,125.43138657149811,20.0
802090,35.0,14.0,176.0,35.0,14.0,176.0,31562.46186958334,126.24984747833336,20.0
802091,35.0,14.0,178.0,35.0,14.0,178.0,31695.06133918106,126.78024535672424,20.0
802092,35.0,14.0,180.0,35.0,14.0,180.0,31740.964121081623,126.9638564843265,20.0
