source_row,nominal_temperature_k,nominal_field_t,nominal_angle_deg,temperature_k,applied_field_t,angle_from_normal_deg,ic_a_per_m,bridge_ic_a,n_value
1817,20.0,1.0,0.0,19.98,1.0,-0.64,293111.0,293.11,27.26
1818,20.0,1.0,5.0,19.99,1.0,4.41,292719.0,292.72,26.51
1819,20.0,1.0,10.0,19.99,1.0,9.47,294664.0,294.66,26.7
1820,20.0,1.0,15.0,19.99,1.0,14.49,297244.0,297.24,26.78
1821,20.0,1.0,20.0,20.0,1.0,19.43,300432.0,300.43,26.79
1822,20.0,1.0,25.0,19.99,1.0,24.32,304464.0,304.46,27.06
1823,20.0,1.0,30.0,19.99,1.0,29.14,308705.0,308.7,26.72
1824,20.0,1.0,35.0,20.0,1.0,33.93,313362.0,313.36,26.53
1825,20.0,1.0,40.0,20.0,1.0,38.68,319778.0,319.78,27.21
1826,20.0,1.0,45.0,19.99,1.0,43.42,326173.0,326.17,27.28
1827,20.0,1.0,50.0,19.99,1.0,48.16,333124.0,333.12,26.86
1828,20.0,1.0,55.0,19.99,1.0,52.94,341708.0,341.71,26.99
1829,20.0,1.0,60.0,19.99,1.0,57.78,351891.0,351.89,27.39
1830,20.0,1.0,65.0,19.99,1.0,62.7,364417.0,364.42,29.13
1831,20.0,1.0,70.0,19.99,1.0,67.72,375400.0,375.4,29.54
1832,20.0,1.0,75.0,19.99,1.0,72.84,386293.0,386.29,30.48
1833,20.0,1.0,78.0,19.99,1.0,75.96,390358.0,390.36,29.82
1834,20.0,1.0,81.0,19.99,1.0,79.1,395426.0,395.43,31.55
1835,20.0,1.0,84.0,19.99,1.0,82.24,396705.0,396.7,31.29
1836,20.0,1.0,86.0,19.99,1.0,84.36,396555.0,396.56,31.08
1837,20.0,1.0,88.0,19.99,1.0,86.47,394776.0,394.78,30.24
1838,20.0,1.0,90.0,19.99,1.0,88.58,394106.0,394.11,31.08
1839,20.0,1.0,92.0,19.99,1.0,90.69,389587.0,389.59,28.83
1840,20.0,1.0,94.0,19.99,1.0,92.79,387128.0,387.13,29.43
1841,20.0,1.0,96.0,19.99,1.0,94.9,382987.0,382.99,28.96
1842,20.0,1.0,99.0,19.99,1.0,98.04,375232.0,375.23,27.49
1843,20.0,1.0,102.0,20.0,1.0,101.16,367367.0,367.37,26.6
1844,20.0,1.0,105.0,20.0,1.0,104.28,359514.0,359.51,26.04
1845,20.0,1.0,110.0,20.0,1.0,109.42,347523.0,347.52,25.55
1846,20.0,1.0,115.0,19.99,1.0,114.52,335974.0,335.97,25.2
1847,20.0,1.0,120.0,19.99,1.0,119.58,325915.0,325.92,24.92
1848,20.0,1.0,125.0,19.99,1.0,124.63,316941.0,316.94,24.4
1849,20.0,1.0,130.0,19.99,1.0,129.67,309871.0,309.87,24.61
1850,20.0,1.0,135.0,19.99,1.0,134.7,303816.0,303.82,24.46
1851,20.0,1.0,140.0,19.99,1.0,139.7,299074.0,299.07,24.68
1852,20.0,1.0,145.0,20.0,1.0,144.7,294614.0,294.61,24.34
1853,20.0,1.0,150.0,19.99,1.0,149.68,292150.0,292.15,24.83
1854,20.0,1.0,155.0,20.0,1.0,154.65,289575.0,289.58,24.78
1855,20.0,1.0,160.0,19.99,1.0,159.6,288507.0,288.51,25.32
1856,20.0,1.0,165.0,20.0,1.0,164.54,287489.0,287.49,25.42
1857,20.0,1.0,170.0,19.99,1.0,169.47,286834.0,286.83,25.22
1858,20.0,1.0,175.0,19.99,1.0,174.41,286783.0,286.78,25.1
1859,20.0,1.0,180.0,20.0,1.0,179.33,288547.0,288.55,26.09
1872,20.0,1.5,0.0,19.98,1.5,-0.83,247807.00000000003,247.81,26.01
1873,20.0,1.5,5.0,19.99,1.5,4.24,248005.00000000003,248.01,25.35
1874,20.0,1.5,10.0,19.99,1.5,9.35,249894.0,249.89,25.52
1875,20.0,1.5,15.0,19.99,1.5,14.43,251671.99999999997,251.67,25.0
1876,20.0,1.5,20.0,19.99,1.5,19.42,254844.0,254.84,25.42
1877,20.0,1.5,25.0,19.99,1.5,24.37,258067.0,258.07,25.38
1878,20.0,1.5,30.0,20.0,1.5,29.28,261357.00000000003,261.36,25.35
1879,20.0,1.5,35.0,19.99,1.5,34.16,265601.0,265.6,25.17
1880,20.0,1.5,40.0,19.99,1.5,39.0,270432.0,270.43,24.89
1881,20.0,1.5,45.0,20.0,1.5,43.82,276192.0,276.19,24.38
1882,20.0,1.5,50.0,19.99,1.5,48.62,283928.0,283.93,24.5
1883,20.0,1.5,55.0,19.99,1.5,53.44,292770.0,292.77,24.2
1884,20.0,1.5,60.0,19.99,1.5,58.28,304495.0,304.49,24.58
1885,20.0,1.5,65.0,19.99,1.5,63.17,318091.0,318.09,24.77
1886,20.0,1.5,70.0,19.99,1.5,68.12,335055.0,335.05,25.93
1887,20.0,1.5,75.0,19.99,1.5,73.14,353710.0,353.71,27.24
1888,20.0,1.5,78.0,19.99,1.5,76.2,364005.0,364.01,27.59
1889,20.0,1.5,81.0,19.99,1.5,79.28,374133.0,374.13,28.82
1890,20.0,1.5,84.0,19.99,1.5,82.37,381149.0,381.15,29.88
1891,20.0,1.5,86.0,19.99,1.5,84.45,382444.0,382.44,29.54
1892,20.0,1.5,88.0,19.99,1.5,86.53,382341.0,382.34,29.52
1893,20.0,1.5,90.0,19.99,1.5,88.62,380003.0,380.0,29.05
1894,20.0,1.5,92.0,19.99,1.5,90.71,375165.0,375.16,28.19
1895,20.0,1.5,94.0,19.99,1.5,92.81,368559.0,368.56,26.93
1896,20.0,1.5,96.0,19.99,1.5,94.91,361277.0,361.28,25.99
1897,20.0,1.5,99.0,19.99,1.5,98.06,349999.0,350.0,25.49
1898,20.0,1.5,102.0,19.99,1.5,101.19,338095.0,338.1,24.74
1899,20.0,1.5,105.0,20.0,1.5,104.33,326486.0,326.49,24.08
1900,20.0,1.5,110.0,19.99,1.5,109.49,309606.0,309.61,23.41
1901,20.0,1.5,115.0,19.99,1.5,114.63,295578.0,295.58,23.33
1902,20.0,1.5,120.0,20.0,1.5,119.74,283488.0,283.49,23.21
1903,20.0,1.5,125.0,20.0,1.5,124.82,273517.0,273.52,22.81
1904,20.0,1.5,130.0,20.0,1.5,129.89,265126.0,265.13,22.58
1905,20.0,1.5,135.0,20.0,1.5,134.94,258442.99999999997,258.44,22.64
1906,20.0,1.5,140.0,19.99,1.5,139.95,253473.99999999997,253.47,23.01
1907,20.0,1.5,145.0,19.99,1.5,144.94,249671.0,249.67,23.32
1908,20.0,1.5,150.0,20.0,1.5,149.9,247031.0,247.03,23.85
1909,20.0,1.5,155.0,20.0,1.5,154.83,244706.0,244.71,23.72
1910,20.0,1.5,160.0,20.0,1.5,159.72,243660.0,243.66,24.08
1911,20.0,1.5,165.0,20.0,1.5,164.61,242856.0,242.86,23.92
1912,20.0,1.5,170.0,19.99,1.5,169.47,243588.0,243.59,24.78
1913,20.0,1.5,175.0,19.99,1.5,174.35,244089.0,244.09,25.27
1914,20.0,1.5,180.0,19.99,1.5,179.23,244657.00000000003,244.66,25.11
1927,20.0,2.0,0.0,19.98,2.0,-0.98,214802.0,214.8,25.32
1928,20.0,2.0,5.0,19.99,2.0,4.1,215977.0,215.98,25.83
1929,20.0,2.0,10.0,19.99,2.0,9.22,217192.0,217.19,25.06
1930,20.0,2.0,15.0,19.99,2.0,14.32,219126.00000000003,219.13,25.31
1931,20.0,2.0,20.0,19.99,2.0,19.34,221561.0,221.56,26.0
1932,20.0,2.0,25.0,19.99,2.0,24.35,222615.0,222.61,24.38
1933,20.0,2.0,30.0,19.99,2.0,29.33,224801.00000000003,224.8,23.74
1934,20.0,2.0,35.0,19.99,2.0,34.28,228209.0,228.21,23.54
1935,20.0,2.0,40.0,19.99,2.0,39.2,232469.99999999997,232.47,23.08
1936,20.0,2.0,45.0,20.0,2.0,44.09,238011.0,238.01,22.7
1937,20.0,2.0,50.0,19.99,2.0,48.95,245833.0,245.83,22.74
1938,20.0,2.0,55.0,19.99,2.0,53.8,255078.00000000003,255.08,22.58
1939,20.0,2.0,60.0,19.99,2.0,58.66,266740.0,266.74,22.66
1940,20.0,2.0,65.0,20.0,2.0,63.53,281285.0,281.29,22.99
1941,20.0,2.0,70.0,19.99,2.0,68.44,299540.0,299.54,23.7
1942,20.0,2.0,75.0,19.99,2.0,73.38,321631.0,321.63,24.37
1943,20.0,2.0,78.0,19.99,2.0,76.38,336970.0,336.97,25.27
1944,20.0,2.0,81.0,19.99,2.0,79.39,352997.0,353.0,26.76
1945,20.0,2.0,84.0,19.99,2.0,82.43,366622.0,366.62,28.89
1946,20.0,2.0,86.0,19.99,2.0,84.47,371267.0,371.27,28.95
1947,20.0,2.0,88.0,19.99,2.0,86.53,372560.0,372.56,28.83
1948,20.0,2.0,90.0,19.99,2.0,88.59,370525.0,370.52,28.85
1949,20.0,2.0,92.0,19.99,2.0,90.68,364037.0,364.04,27.69
1950,20.0,2.0,94.0,19.99,2.0,92.77,354547.0,354.55,26.14
1951,20.0,2.0,96.0,19.99,2.0,94.87,344125.0,344.12,25.21
1952,20.0,2.0,99.0,19.99,2.0,98.02,327618.0,327.62,23.88
1953,20.0,2.0,102.0,19.99,2.0,101.18,312019.0,312.02,23.06
1954,20.0,2.0,105.0,19.99,2.0,104.32,297579.0,297.58,22.15
1955,20.0,2.0,110.0,20.0,2.0,109.52,278521.0,278.52,22.07
1956,20.0,2.0,115.0,19.99,2.0,114.69,262452.0,262.45,21.5
1957,20.0,2.0,120.0,20.0,2.0,119.83,249496.99999999997,249.5,21.41
1958,20.0,2.0,125.0,20.0,2.0,124.95,239089.0,239.09,21.29
1959,20.0,2.0,130.0,20.0,2.0,130.03,230515.0,230.52,21.36
1960,20.0,2.0,135.0,20.0,2.0,135.1,224156.0,224.16,21.76
1961,20.0,2.0,140.0,20.0,2.0,140.12,218734.0,218.73,21.66
1962,20.0,2.0,145.0,20.0,2.0,145.1,215179.0,215.18,22.07
1963,20.0,2.0,150.0,20.0,2.0,150.04,213267.0,213.27,23.14
1964,20.0,2.0,155.0,19.99,2.0,154.94,211059.0,211.06,22.96
1965,20.0,2.0,160.0,20.0,2.0,159.8,210323.0,210.32,23.28
1966,20.0,2.0,165.0,20.0,2.0,164.64,210463.0,210.46,23.72
1967,20.0,2.0,170.0,20.0,2.0,169.46,211304.0,211.3,24.44
1968,20.0,2.0,175.0,20.0,2.0,174.29,211761.0,211.76,24.35
1969,20.0,2.0,180.0,20.0,2.0,179.14,212823.99999999997,212.82,24.4
1982,20.0,3.0,0.0,19.98,3.0,-1.11,171315.0,171.31,26.27
1983,20.0,3.0,5.0,19.99,3.0,4.01,171578.0,171.58,24.98
1984,20.0,3.0,10.0,19.99,3.0,9.16,172889.0,172.89,25.17
1985,20.0,3.0,15.0,19.99,3.0,14.28,172188.0,172.19,22.66
1986,20.0,3.0,20.0,19.99,3.0,19.35,173987.0,173.99,24.06
1987,20.0,3.0,25.0,20.0,3.0,24.4,174278.0,174.28,23.34
1988,20.0,3.0,30.0,20.0,3.0,29.43,174547.0,174.55,21.88
1989,20.0,3.0,35.0,20.0,3.0,34.45,176102.0,176.1,21.09
1990,20.0,3.0,40.0,20.0,3.0,39.42,180152.0,180.15,21.83
1991,20.0,3.0,45.0,20.0,3.0,44.38,184020.0,184.02,20.6
1992,20.0,3.0,50.0,19.99,3.0,49.29,191015.0,191.02,20.74
1993,20.0,3.0,55.0,20.0,3.0,54.18,199161.0,199.16,20.13
1994,20.0,3.0,60.0,19.99,3.0,59.04,210383.0,210.38,19.89
1995,20.0,3.0,65.0,20.0,3.0,63.89,225153.00000000003,225.15,20.15
1996,20.0,3.0,70.0,20.0,3.0,68.73,244167.0,244.17,20.6
1997,20.0,3.0,75.0,19.99,3.0,73.6,268432.0,268.43,20.99
1998,20.0,3.0,78.0,19.99,3.0,76.51,287468.0,287.47,21.93
1999,20.0,3.0,81.0,19.99,3.0,79.45,310639.0,310.64,23.37
2000,20.0,3.0,84.0,19.99,3.0,82.41,336018.0,336.02,25.75
2001,20.0,3.0,86.0,19.99,3.0,84.41,350645.0,350.65,27.74
2002,20.0,3.0,88.0,19.99,3.0,86.43,358108.0,358.11,28.47
2003,20.0,3.0,90.0,19.99,3.0,88.47,357489.0,357.49,28.96
2004,20.0,3.0,92.0,19.99,3.0,90.54,346745.0,346.75,26.6
2005,20.0,3.0,94.0,19.99,3.0,92.62,331596.0,331.6,24.94
2006,20.0,3.0,96.0,19.99,3.0,94.73,314330.0,314.33,23.42
2007,20.0,3.0,99.0,19.99,3.0,97.9,289515.0,289.51,21.51
2008,20.0,3.0,102.0,20.0,3.0,101.08,268988.0,268.99,20.59
2009,20.0,3.0,105.0,19.99,3.0,104.25,252085.0,252.09,20.14
2010,20.0,3.0,110.0,20.0,3.0,109.48,229916.0,229.92,19.67
2011,20.0,3.0,115.0,20.0,3.0,114.67,212406.0,212.41,19.19
2012,20.0,3.0,120.0,19.99,3.0,119.81,199354.0,199.35,19.4
2013,20.0,3.0,125.0,20.0,3.0,124.94,188317.0,188.32,18.82
2014,20.0,3.0,130.0,20.0,3.0,130.02,180524.0,180.52,19.32
2015,20.0,3.0,135.0,20.0,3.0,135.09,174845.0,174.85,19.99
2016,20.0,3.0,140.0,20.0,3.0,140.1,170070.0,170.07,19.97
2017,20.0,3.0,145.0,20.0,3.0,145.08,167097.0,167.1,20.43
2018,20.0,3.0,150.0,20.0,3.0,150.02,165641.0,165.64,21.19
2019,20.0,3.0,155.0,20.0,3.0,154.91,165062.0,165.06,22.16
2020,20.0,3.0,160.0,20.0,3.0,159.76,164746.0,164.75,22.05
2021,20.0,3.0,165.0,20.0,3.0,164.59,165390.0,165.39,22.57
2022,20.0,3.0,170.0,20.0,3.0,169.4,166749.0,166.75,23.09
2023,20.0,3.0,175.0,20.0,3.0,174.23,168783.0,168.78,24.54
2024,20.0,3.0,180.0,20.0,3.0,179.07,168860.0,168.86,22.84
2037,20.0,5.0,0.0,19.98,5.0,-1.16,118834.99999999999,118.84,21.65
2038,20.0,5.0,5.0,19.99,5.0,3.99,119299.0,119.3,20.73
2039,20.0,5.0,10.0,19.99,5.0,9.17,119284.99999999999,119.29,19.56
2040,20.0,5.0,15.0,19.99,5.0,14.31,120051.0,120.05,20.8
2041,20.0,5.0,20.0,20.0,5.0,19.39,121749.0,121.75,25.08
2042,20.0,5.0,25.0,20.0,5.0,24.48,120278.0,120.28,22.37
2043,20.0,5.0,30.0,20.0,5.0,29.54,118427.0,118.43,19.15
2044,20.0,5.0,35.0,20.0,5.0,34.6,119964.00000000001,119.96,19.97
2045,20.0,5.0,40.0,20.0,5.0,39.61,121376.0,121.38,19.25
2046,20.0,5.0,45.0,19.99,5.0,44.59,124757.0,124.76,19.43
2047,20.0,5.0,50.0,20.0,5.0,49.52,128595.0,128.59,18.37
2048,20.0,5.0,55.0,20.0,5.0,54.43,134885.0,134.89,17.74
2049,20.0,5.0,60.0,20.0,5.0,59.29,143948.0,143.95,17.45
2050,20.0,5.0,65.0,20.0,5.0,64.13,156601.0,156.6,17.44
2051,20.0,5.0,70.0,20.0,5.0,68.92,173939.0,173.94,17.47
2052,20.0,5.0,75.0,19.99,5.0,73.71,198463.0,198.46,18.02
2053,20.0,5.0,78.0,19.99,5.0,76.56,217786.0,217.79,18.37
2054,20.0,5.0,81.0,19.99,5.0,79.43,242942.99999999997,242.94,19.0
2055,20.0,5.0,84.0,19.99,5.0,82.3,278338.0,278.34,21.43
2056,20.0,5.0,86.0,19.99,5.0,84.23,306754.0,306.75,23.58
2057,20.0,5.0,88.0,19.99,5.0,86.18,333562.0,333.56,27.5
2058,20.0,5.0,90.0,19.99,5.0,88.17,340808.0,340.81,28.6
2059,20.0,5.0,92.0,19.99,5.0,90.21,326288.0,326.29,27.07
2060,20.0,5.0,94.0,20.0,5.0,92.3,298137.0,298.14,23.47
2061,20.0,5.0,96.0,20.0,5.0,94.43,269822.0,269.82,21.29
2062,20.0,5.0,99.0,20.0,5.0,97.64,235303.00000000003,235.3,18.97
2063,20.0,5.0,102.0,19.99,5.0,100.85,210692.99999999997,210.69,18.27
2064,20.0,5.0,105.0,20.0,5.0,104.02,191139.0,191.14,17.28
2065,20.0,5.0,110.0,20.0,5.0,109.25,167822.0,167.82,16.95
2066,20.0,5.0,115.0,19.99,5.0,114.43,151179.0,151.18,16.91
2067,20.0,5.0,120.0,20.0,5.0,119.57,140065.0,140.06,17.76
2068,20.0,5.0,125.0,20.0,5.0,124.68,130276.0,130.28,17.25
2069,20.0,5.0,130.0,20.0,5.0,129.76,124546.0,124.55,18.28
2070,20.0,5.0,135.0,20.0,5.0,134.81,119734.99999999999,119.74,18.59
2071,20.0,5.0,140.0,20.0,5.0,139.82,116147.0,116.15,18.51
2072,20.0,5.0,145.0,20.0,5.0,144.81,114424.0,114.42,19.32
2073,20.0,5.0,150.0,20.0,5.0,149.77,113146.0,113.15,19.56
2074,20.0,5.0,155.0,20.0,5.0,154.7,113005.0,113.0,20.22
2075,20.0,5.0,160.0,20.0,5.0,159.59,113538.00000000001,113.54,20.67
2076,20.0,5.0,165.0,20.0,5.0,164.45,114881.0,114.88,21.6
2077,20.0,5.0,170.0,20.0,5.0,169.3,116363.00000000001,116.36,21.89
2078,20.0,5.0,175.0,20.0,5.0,174.16,118510.99999999999,118.51,23.3
2079,20.0,5.0,180.0,20.0,5.0,179.04,119579.0,119.58,22.76
2092,20.0,7.0,0.0,19.98,7.0,-1.19,88592.0,88.59,19.48
2093,20.0,7.0,5.0,19.99,7.0,3.99,88656.0,88.66,18.87
2094,20.0,7.0,10.0,19.99,7.0,9.17,90149.0,90.15,20.0
2095,20.0,7.0,15.0,19.99,7.0,14.31,89053.0,89.05,18.55
2096,20.0,7.0,20.0,20.0,7.0,19.4,90683.0,90.68,22.57
2097,20.0,7.0,25.0,20.0,7.0,24.48,89561.0,89.56,21.55
2098,20.0,7.0,30.0,20.0,7.0,29.55,88773.0,88.77,19.68
2099,20.0,7.0,35.0,20.0,7.0,34.61,89558.0,89.56,20.09
2100,20.0,7.0,40.0,20.0,7.0,39.63,90350.0,90.35,18.82
2101,20.0,7.0,45.0,20.0,7.0,44.61,92453.0,92.45,18.31
2102,20.0,7.0,50.0,20.0,7.0,49.55,95497.0,95.5,17.4
2103,20.0,7.0,55.0,20.0,7.0,54.45,100202.0,100.2,16.66
2104,20.0,7.0,60.0,20.0,7.0,59.31,107133.0,107.13,16.08
2105,20.0,7.0,65.0,20.0,7.0,64.15,117358.99999999999,117.36,15.83
2106,20.0,7.0,70.0,20.0,7.0,68.93,132094.0,132.09,15.62
2107,20.0,7.0,75.0,20.0,7.0,73.68,154165.0,154.16,15.99
2108,20.0,7.0,78.0,20.0,7.0,76.51,172597.0,172.6,16.47
2109,20.0,7.0,81.0,20.0,7.0,79.34,197514.0,197.51,17.25
2110,20.0,7.0,84.0,20.0,7.0,82.16,233283.0,233.28,19.15
2111,20.0,7.0,86.0,20.0,7.0,84.06,266024.0,266.02,20.72
2112,20.0,7.0,88.0,19.99,7.0,85.96,305024.0,305.02,24.3
2113,20.0,7.0,90.0,20.0,7.0,87.91,328832.0,328.83,29.31
2114,20.0,7.0,92.0,19.99,7.0,89.91,312218.0,312.22,27.22
2115,20.0,7.0,94.0,19.99,7.0,91.99,273741.0,273.74,21.78
2116,20.0,7.0,96.0,19.99,7.0,94.13,238853.00000000003,238.85,19.57
2117,20.0,7.0,99.0,20.0,7.0,97.38,199237.0,199.24,17.44
2118,20.0,7.0,102.0,19.99,7.0,100.59,172464.0,172.46,16.39
2119,20.0,7.0,105.0,20.0,7.0,103.77,153763.0,153.76,16.32
2120,20.0,7.0,110.0,19.99,7.0,108.99,131322.0,131.32,15.98
2121,20.0,7.0,115.0,20.0,7.0,114.17,116432.0,116.43,16.16
2122,20.0,7.0,120.0,20.0,7.0,119.29,106027.0,106.03,16.44
2123,20.0,7.0,125.0,20.0,7.0,124.4,98146.0,98.15,16.35
2124,20.0,7.0,130.0,20.0,7.0,129.48,93425.0,93.43,17.64
2125,20.0,7.0,135.0,20.0,7.0,134.53,89504.0,89.5,17.84
2126,20.0,7.0,140.0,20.0,7.0,139.55,87011.0,87.01,18.58
2127,20.0,7.0,145.0,20.0,7.0,144.55,85582.0,85.58,19.49
2128,20.0,7.0,150.0,20.0,7.0,149.53,84728.0,84.73,19.81
2129,20.0,7.0,155.0,20.0,7.0,154.49,84389.0,84.39,19.88
2130,20.0,7.0,160.0,20.0,7.0,159.42,85445.0,85.44,21.76
2131,20.0,7.0,165.0,20.0,7.0,164.33,85969.0,85.97,21.02
2132,20.0,7.0,170.0,20.0,7.0,169.21,87320.0,87.32,21.36
2133,20.0,7.0,175.0,20.0,7.0,174.1,89149.0,89.15,22.57
2134,20.0,7.0,180.0,20.0,7.0,179.01,90614.0,90.61,23.05
2147,20.0,8.0,0.0,20.0,8.0,-1.2,76953.0,76.95,17.14
2148,20.0,8.0,5.0,20.0,8.0,4.0,78896.0,78.9,19.44
2149,20.0,8.0,10.0,20.0,8.0,9.18,79126.0,79.13,18.88
2150,20.0,8.0,15.0,20.0,8.0,14.32,79076.0,79.08,19.21
2151,20.0,8.0,20.0,20.0,8.0,19.41,79775.0,79.77,21.38
2152,20.0,8.0,25.0,20.0,8.0,24.5,78698.0,78.7,20.02
2153,20.0,8.0,30.0,20.0,8.0,29.57,78443.0,78.44,19.53
2154,20.0,8.0,35.0,20.0,8.0,34.62,78468.0,78.47,18.64
2155,20.0,8.0,40.0,20.0,8.0,39.64,79800.0,79.8,18.72
2156,20.0,8.0,45.0,20.0,8.0,44.61,81605.0,81.6,18.3
2157,20.0,8.0,50.0,20.0,8.0,49.55,84162.0,84.16,17.03
2158,20.0,8.0,55.0,20.0,8.0,54.46,88565.0,88.56,16.6
2159,20.0,8.0,60.0,20.0,8.0,59.31,94781.0,94.78,16.07
2160,20.0,8.0,65.0,20.0,8.0,64.15,104249.0,104.25,15.8
2161,20.0,8.0,70.0,20.0,8.0,68.93,116974.0,116.97,14.49
2162,20.0,8.0,75.0,20.0,8.0,73.67,138144.0,138.14,15.53
2163,20.0,8.0,78.0,20.0,8.0,76.48,155306.0,155.31,15.61
2164,20.0,8.0,81.0,20.0,8.0,79.29,180167.0,180.17,16.86
2165,20.0,8.0,84.0,20.0,8.0,82.09,213560.0,213.56,17.16
2166,20.0,8.0,86.0,20.0,8.0,83.98,247786.0,247.79,19.55
2167,20.0,8.0,88.0,20.0,8.0,85.87,290646.0,290.65,22.83
2168,20.0,8.0,90.0,19.99,8.0,87.79,318510.0,318.51,25.37
2169,20.0,8.0,92.0,20.0,8.0,89.77,306739.0,306.74,27.3
2170,20.0,8.0,94.0,19.99,8.0,91.85,265024.0,265.02,21.46
2171,20.0,8.0,96.0,20.0,8.0,94.01,226864.0,226.86,19.16
2172,20.0,8.0,99.0,20.0,8.0,97.27,185861.0,185.86,17.22
2173,20.0,8.0,102.0,20.0,8.0,100.49,157870.0,157.87,15.66
2174,20.0,8.0,105.0,20.0,8.0,103.67,139787.0,139.79,15.88
2175,20.0,8.0,110.0,20.0,8.0,108.88,117455.0,117.46,15.12
2176,20.0,8.0,115.0,20.0,8.0,114.07,103583.0,103.58,15.4
2177,20.0,8.0,120.0,20.0,8.0,119.19,94321.0,94.32,16.25
2178,20.0,8.0,125.0,20.0,8.0,124.31,87433.0,87.43,16.78
2179,20.0,8.0,130.0,20.0,8.0,129.38,82759.0,82.76,17.6
2180,20.0,8.0,135.0,20.0,8.0,134.44,79162.0,79.16,17.89
2181,20.0,8.0,140.0,20.0,8.0,139.46,76722.0,76.72,18.21
2182,20.0,8.0,145.0,20.0,8.0,144.47,75626.0,75.63,19.4
2183,20.0,8.0,150.0,20.0,8.0,149.45,74733.0,74.73,19.64
2184,20.0,8.0,155.0,20.0,8.0,154.42,74529.0,74.53,19.71
2185,20.0,8.0,160.0,20.0,8.0,159.37,75416.0,75.42,21.1
2186,20.0,8.0,165.0,20.0,8.0,164.29,76960.0,76.96,23.47
2187,20.0,8.0,170.0,20.0,8.0,169.19,77774.0,77.77,22.78
2188,20.0,8.0,175.0,20.0,8.0,174.09,78994.0,78.99,23.21
2189,20.0,8.0,180.0,20.0,8.0,179.01,80322.0,80.32,23.55
2917,25.0,1.0,0.0,24.98,1.0,-0.65,241333.0,241.33,22.54
2918,25.0,1.0,5.0,24.99,1.0,4.4,241341.0,241.34,21.86
2919,25.0,1.0,10.0,24.99,1.0,9.47,243696.99999999997,243.7,22.65
2920,25.0,1.0,15.0,24.99,1.0,14.49,245334.0,245.33,22.18
2921,25.0,1.0,20.0,25.0,1.0,19.44,248176.00000000003,248.18,22.66
2922,25.0,1.0,25.0,25.0,1.0,24.33,249773.99999999997,249.77,21.78
2923,25.0,1.0,30.0,25.0,1.0,29.16,252653.00000000003,252.65,21.74
2924,25.0,1.0,35.0,24.99,1.0,33.96,255508.0,255.51,21.34
2925,25.0,1.0,40.0,24.99,1.0,38.72,259728.00000000003,259.73,21.58
2926,25.0,1.0,45.0,25.0,1.0,43.47,264099.0,264.1,21.38
2927,25.0,1.0,50.0,24.99,1.0,48.22,268599.0,268.6,20.59
2928,25.0,1.0,55.0,25.0,1.0,53.01,275192.0,275.19,20.51
2929,25.0,1.0,60.0,24.99,1.0,57.86,284373.0,284.37,21.22
2930,25.0,1.0,65.0,25.0,1.0,62.8,293276.0,293.28,20.91
2931,25.0,1.0,70.0,24.99,1.0,67.82,304884.0,304.88,21.62
2932,25.0,1.0,75.0,24.99,1.0,72.94,316708.0,316.71,22.18
2933,25.0,1.0,78.0,24.99,1.0,76.06,323639.0,323.64,23.08
2934,25.0,1.0,81.0,24.99,1.0,79.19,328615.0,328.61,23.29
2935,25.0,1.0,84.0,24.99,1.0,82.33,332053.0,332.05,23.86
2936,25.0,1.0,86.0,24.99,1.0,84.44,331380.0,331.38,23.13
2937,25.0,1.0,88.0,24.99,1.0,86.55,330318.0,330.32,22.91
2938,25.0,1.0,90.0,24.99,1.0,88.67,328656.0,328.66,22.96
2939,25.0,1.0,92.0,24.99,1.0,90.78,324322.0,324.32,21.76
2940,25.0,1.0,94.0,24.99,1.0,92.88,320327.0,320.33,21.6
2941,25.0,1.0,96.0,24.99,1.0,94.98,315301.0,315.3,21.05
2942,25.0,1.0,99.0,24.99,1.0,98.12,308009.0,308.01,20.83
2943,25.0,1.0,102.0,24.99,1.0,101.25,299438.0,299.44,20.2
2944,25.0,1.0,105.0,24.99,1.0,104.37,290449.0,290.45,19.27
2945,25.0,1.0,110.0,25.0,1.0,109.5,278696.0,278.7,19.02
2946,25.0,1.0,115.0,24.99,1.0,114.59,268786.0,268.79,18.86
2947,25.0,1.0,120.0,25.0,1.0,119.65,260219.0,260.22,18.67
2948,25.0,1.0,125.0,25.0,1.0,124.7,252929.0,252.93,18.46
2949,25.0,1.0,130.0,25.0,1.0,129.73,248084.0,248.08,18.91
2950,25.0,1.0,135.0,25.0,1.0,134.75,243661.0,243.66,19.0
2951,25.0,1.0,140.0,25.0,1.0,139.75,240683.0,240.68,19.38
2952,25.0,1.0,145.0,25.0,1.0,144.75,238284.0,238.28,19.53
2953,25.0,1.0,150.0,25.0,1.0,149.72,236742.99999999997,236.74,19.85
2954,25.0,1.0,155.0,25.0,1.0,154.69,235431.0,235.43,19.86
2955,25.0,1.0,160.0,25.0,1.0,159.63,235958.0,235.96,20.71
2956,25.0,1.0,165.0,25.0,1.0,164.57,235291.0,235.29,20.44
2957,25.0,1.0,170.0,25.0,1.0,169.5,236150.0,236.15,21.14
2958,25.0,1.0,175.0,25.0,1.0,174.43,236477.0,236.48,20.92
2959,25.0,1.0,180.0,25.0,1.0,179.35,238180.00000000003,238.18,21.6
2972,25.0,1.5,0.0,24.98,1.5,-0.84,204473.0,204.47,22.33
2973,25.0,1.5,5.0,24.99,1.5,4.24,204674.0,204.67,21.55
2974,25.0,1.5,10.0,24.99,1.5,9.34,205929.0,205.93,21.53
2975,25.0,1.5,15.0,24.99,1.5,14.42,208027.0,208.03,21.73
2976,25.0,1.5,20.0,25.0,1.5,19.43,210104.0,210.1,22.15
2977,25.0,1.5,25.0,24.99,1.5,24.39,211112.0,211.11,21.46
2978,25.0,1.5,30.0,24.99,1.5,29.31,212108.0,212.11,20.63
2979,25.0,1.5,35.0,25.0,1.5,34.2,214438.0,214.44,20.43
2980,25.0,1.5,40.0,25.0,1.5,39.05,216941.0,216.94,19.9
2981,25.0,1.5,45.0,25.0,1.5,43.88,220369.0,220.37,19.32
2982,25.0,1.5,50.0,25.0,1.5,48.68,225203.00000000003,225.2,19.05
2983,25.0,1.5,55.0,25.0,1.5,53.51,231923.99999999997,231.92,19.17
2984,25.0,1.5,60.0,25.0,1.5,58.36,239765.0,239.76,18.72
2985,25.0,1.5,65.0,24.99,1.5,63.26,249656.0,249.66,18.41
2986,25.0,1.5,70.0,24.99,1.5,68.21,262711.0,262.71,18.53
2987,25.0,1.5,75.0,25.0,1.5,73.24,280264.0,280.26,19.4
2988,25.0,1.5,78.0,24.99,1.5,76.29,291849.0,291.85,19.95
2989,25.0,1.5,81.0,24.99,1.5,79.37,304202.0,304.2,21.14
2990,25.0,1.5,84.0,24.99,1.5,82.45,313954.0,313.95,22.31
2991,25.0,1.5,86.0,25.0,1.5,84.65,317096.0,317.1,22.82
2992,25.0,1.5,88.0,24.99,1.5,86.63,317436.0,317.44,22.38
2993,25.0,1.5,90.0,24.99,1.5,88.72,314527.0,314.53,21.97
2994,25.0,1.5,92.0,24.99,1.5,90.81,309056.0,309.06,21.32
2995,25.0,1.5,94.0,24.99,1.5,92.91,301398.0,301.4,20.42
2996,25.0,1.5,96.0,24.99,1.5,95.01,292626.0,292.63,19.54
2997,25.0,1.5,99.0,25.0,1.5,98.15,278577.0,278.58,18.19
2998,25.0,1.5,102.0,24.99,1.5,101.28,266072.0,266.07,17.49
2999,25.0,1.5,105.0,25.0,1.5,104.41,255823.0,255.82,17.37
3000,25.0,1.5,110.0,24.99,1.5,109.57,241023.0,241.02,17.07
3001,25.0,1.5,115.0,24.99,1.5,114.71,229411.0,229.41,16.92
3002,25.0,1.5,120.0,25.0,1.5,119.8,219992.0,219.99,16.77
3003,25.0,1.5,125.0,25.0,1.5,124.88,213248.99999999997,213.25,17.11
3004,25.0,1.5,130.0,25.0,1.5,129.94,207737.0,207.74,17.43
3005,25.0,1.5,135.0,25.0,1.5,134.98,203758.0,203.76,17.84
3006,25.0,1.5,140.0,25.0,1.5,139.99,200587.0,200.59,18.07
3007,25.0,1.5,145.0,25.0,1.5,144.98,198599.0,198.6,18.56
3008,25.0,1.5,150.0,25.0,1.5,149.94,197611.0,197.61,19.06
3009,25.0,1.5,155.0,25.0,1.5,154.86,197433.0,197.43,19.68
3010,25.0,1.5,160.0,25.0,1.5,159.76,197617.0,197.62,20.03
3011,25.0,1.5,165.0,25.0,1.5,164.63,197696.0,197.7,20.07
3012,25.0,1.5,170.0,25.0,1.5,169.49,199747.0,199.75,21.17
3013,25.0,1.5,175.0,25.0,1.5,174.37,200783.0,200.78,21.25
3014,25.0,1.5,180.0,25.0,1.5,179.24,202048.0,202.05,21.3
3027,25.0,2.0,0.0,24.98,2.0,-0.99,177367.0,177.37,22.07
3028,25.0,2.0,5.0,24.99,2.0,4.1,178433.0,178.43,22.16
3029,25.0,2.0,10.0,24.99,2.0,9.22,179129.0,179.13,21.42
3030,25.0,2.0,15.0,24.99,2.0,14.32,180572.0,180.57,21.56
3031,25.0,2.0,20.0,24.99,2.0,19.35,180830.0,180.83,20.94
3032,25.0,2.0,25.0,24.99,2.0,24.37,181915.0,181.92,21.43
3033,25.0,2.0,30.0,25.0,2.0,29.36,181703.0,181.7,19.88
3034,25.0,2.0,35.0,25.0,2.0,34.32,182955.0,182.96,19.35
3035,25.0,2.0,40.0,25.0,2.0,39.25,184587.0,184.59,18.51
3036,25.0,2.0,45.0,25.0,2.0,44.14,187970.0,187.97,18.21
3037,25.0,2.0,50.0,25.0,2.0,49.01,192056.0,192.06,17.66
3038,25.0,2.0,55.0,25.0,2.0,53.87,198924.0,198.92,17.75
3039,25.0,2.0,60.0,25.0,2.0,58.73,206789.0,206.79,17.33
3040,25.0,2.0,65.0,24.99,2.0,63.62,216507.00000000003,216.51,16.85
3041,25.0,2.0,70.0,24.99,2.0,68.52,230059.0,230.06,16.95
3042,25.0,2.0,75.0,25.0,2.0,73.49,248606.0,248.61,17.4
3043,25.0,2.0,78.0,25.0,2.0,76.48,263226.0,263.23,18.13
3044,25.0,2.0,81.0,24.99,2.0,79.49,280350.0,280.35,19.39
3045,25.0,2.0,84.0,24.99,2.0,82.52,297339.0,297.34,21.21
3046,25.0,2.0,86.0,24.99,2.0,84.57,304788.0,304.79,21.74
3047,25.0,2.0,88.0,24.99,2.0,86.63,308153.0,308.15,22.27
3048,25.0,2.0,90.0,24.99,2.0,88.69,305669.0,305.67,21.92
3049,25.0,2.0,92.0,24.99,2.0,90.77,297521.0,297.52,20.8
3050,25.0,2.0,94.0,24.99,2.0,92.86,286034.0,286.03,19.39
3051,25.0,2.0,96.0,24.99,2.0,94.96,272764.0,272.76,17.85
3052,25.0,2.0,99.0,24.99,2.0,98.11,255779.0,255.78,17.03
3053,25.0,2.0,102.0,25.0,2.0,101.27,240523.99999999997,240.52,16.42
3054,25.0,2.0,105.0,25.0,2.0,104.41,228367.0,228.37,16.16
3055,25.0,2.0,110.0,25.0,2.0,109.61,212416.0,212.42,15.91
3056,25.0,2.0,115.0,25.0,2.0,114.78,199759.0,199.76,15.62
3057,25.0,2.0,120.0,25.0,2.0,119.9,190585.0,190.58,15.8
3058,25.0,2.0,125.0,25.0,2.0,125.01,183144.0,183.14,15.99
3059,25.0,2.0,130.0,25.0,2.0,130.09,178795.0,178.8,16.96
3060,25.0,2.0,135.0,25.0,2.0,135.14,173922.0,173.92,16.73
3061,25.0,2.0,140.0,25.0,2.0,140.16,171144.0,171.14,17.19
3062,25.0,2.0,145.0,25.0,2.0,145.14,169272.0,169.27,17.6
3063,25.0,2.0,150.0,25.0,2.0,150.07,168583.0,168.58,18.11
3064,25.0,2.0,155.0,25.0,2.0,154.97,169066.0,169.07,18.99
3065,25.0,2.0,160.0,25.0,2.0,159.82,169466.0,169.47,19.21
3066,25.0,2.0,165.0,25.0,2.0,164.66,170924.0,170.92,20.11
3067,25.0,2.0,170.0,25.0,2.0,169.47,172403.0,172.4,20.47
3068,25.0,2.0,175.0,25.0,2.0,174.31,174481.0,174.48,21.44
3069,25.0,2.0,180.0,25.0,2.0,179.14,174707.0,174.71,20.27
3082,25.0,3.0,0.0,24.98,3.0,-1.11,140818.0,140.82,21.56
3083,25.0,3.0,5.0,24.99,3.0,4.02,142030.0,142.03,21.72
3084,25.0,3.0,10.0,24.99,3.0,9.16,143201.0,143.2,22.19
3085,25.0,3.0,15.0,24.99,3.0,14.3,143260.0,143.26,22.11
3086,25.0,3.0,20.0,25.0,3.0,19.38,141912.0,141.91,20.31
3087,25.0,3.0,25.0,25.0,3.0,24.43,140674.0,140.67,19.39
3088,25.0,3.0,30.0,25.0,3.0,29.47,140282.0,140.28,18.96
3089,25.0,3.0,35.0,24.99,3.0,34.5,139695.0,139.7,17.55
3090,25.0,3.0,40.0,25.0,3.0,39.49,141400.0,141.4,17.69
3091,25.0,3.0,45.0,25.0,3.0,44.44,142999.0,143.0,16.6
3092,25.0,3.0,50.0,25.0,3.0,49.35,146670.0,146.67,16.3
3093,25.0,3.0,55.0,25.0,3.0,54.25,152053.0,152.05,15.99
3094,25.0,3.0,60.0,25.0,3.0,59.12,159183.0,159.18,15.37
3095,25.0,3.0,65.0,25.0,3.0,63.98,169337.0,169.34,15.25
3096,25.0,3.0,70.0,25.0,3.0,68.83,183271.0,183.27,15.49
3097,25.0,3.0,75.0,25.0,3.0,73.71,201516.0,201.52,15.39
3098,25.0,3.0,78.0,25.0,3.0,76.63,216732.00000000003,216.73,15.65
3099,25.0,3.0,81.0,25.0,3.0,79.58,236454.0,236.45,16.28
3100,25.0,3.0,84.0,25.0,3.0,82.54,263175.0,263.17,18.22
3101,25.0,3.0,86.0,24.99,3.0,84.54,282044.0,282.04,20.19
3102,25.0,3.0,88.0,24.99,3.0,86.55,294748.0,294.75,22.24
3103,25.0,3.0,90.0,24.99,3.0,88.59,293051.0,293.05,21.47
3104,25.0,3.0,92.0,24.99,3.0,90.65,281179.0,281.18,20.25
3105,25.0,3.0,94.0,25.0,3.0,92.75,261831.0,261.83,18.05
3106,25.0,3.0,96.0,24.99,3.0,94.86,242811.0,242.81,16.7
3107,25.0,3.0,99.0,25.0,3.0,98.03,218365.0,218.36,15.31
3108,25.0,3.0,102.0,25.0,3.0,101.2,199946.0,199.95,14.43
3109,25.0,3.0,105.0,25.0,3.0,104.36,187276.0,187.28,14.59
3110,25.0,3.0,110.0,25.0,3.0,109.58,170224.0,170.22,14.36
3111,25.0,3.0,115.0,24.99,3.0,114.75,158068.0,158.07,14.44
3112,25.0,3.0,120.0,25.0,3.0,119.88,149295.0,149.29,14.92
3113,25.0,3.0,125.0,25.0,3.0,125.0,142422.0,142.42,15.2
3114,25.0,3.0,130.0,25.0,3.0,130.08,137482.0,137.48,15.61
3115,25.0,3.0,135.0,25.0,3.0,135.14,134012.0,134.01,16.01
3116,25.0,3.0,140.0,25.0,3.0,140.15,131626.0,131.63,16.28
3117,25.0,3.0,145.0,25.0,3.0,145.12,131049.0,131.05,17.41
3118,25.0,3.0,150.0,25.0,3.0,150.05,130578.0,130.58,17.58
3119,25.0,3.0,155.0,25.0,3.0,154.95,130733.99999999999,130.73,17.77
3120,25.0,3.0,160.0,25.0,3.0,159.79,132208.0,132.21,18.61
3121,25.0,3.0,165.0,25.0,3.0,164.61,134169.0,134.17,19.52
3122,25.0,3.0,170.0,25.0,3.0,169.42,136739.0,136.74,20.97
3123,25.0,3.0,175.0,25.0,3.0,174.24,138144.0,138.14,20.66
3124,25.0,3.0,180.0,25.0,3.0,179.08,139853.0,139.85,20.86
3137,25.0,5.0,0.0,24.98,5.0,-1.17,99301.0,99.3,21.35
3138,25.0,5.0,5.0,24.99,5.0,3.99,101967.0,101.97,26.62
3139,25.0,5.0,10.0,24.99,5.0,9.17,99333.0,99.33,19.2
3140,25.0,5.0,15.0,24.99,5.0,14.32,99984.0,99.98,21.4
3141,25.0,5.0,20.0,25.0,5.0,19.42,98212.0,98.21,19.66
3142,25.0,5.0,25.0,25.0,5.0,24.51,96975.0,96.98,19.54
3143,25.0,5.0,30.0,25.0,5.0,29.59,95401.0,95.4,18.14
3144,25.0,5.0,35.0,25.0,5.0,34.65,94964.0,94.96,17.51
3145,25.0,5.0,40.0,25.0,5.0,39.68,95016.0,95.02,16.77
3146,25.0,5.0,45.0,25.0,5.0,44.67,96295.0,96.29,16.56
3147,25.0,5.0,50.0,25.0,5.0,49.6,98066.0,98.07,15.59
3148,25.0,5.0,55.0,25.0,5.0,54.51,101208.0,101.21,14.48
3149,25.0,5.0,60.0,25.0,5.0,59.38,106868.0,106.87,14.24
3150,25.0,5.0,65.0,25.0,5.0,64.23,114277.0,114.28,13.45
3151,25.0,5.0,70.0,25.0,5.0,69.04,126224.0,126.22,13.32
3152,25.0,5.0,75.0,25.0,5.0,73.84,142980.0,142.98,13.09
3153,25.0,5.0,78.0,25.0,5.0,76.71,157685.0,157.69,13.41
3154,25.0,5.0,81.0,25.0,5.0,79.58,177156.0,177.16,13.57
3155,25.0,5.0,84.0,25.0,5.0,82.46,207730.00000000003,207.73,14.99
3156,25.0,5.0,86.0,24.99,5.0,84.39,236448.0,236.45,16.61
3157,25.0,5.0,88.0,24.99,5.0,86.35,268994.0,268.99,20.49
3158,25.0,5.0,90.0,24.99,5.0,88.33,279956.0,279.96,22.31
3159,25.0,5.0,92.0,24.99,5.0,90.38,258206.0,258.21,18.55
3160,25.0,5.0,94.0,25.0,5.0,92.48,226329.0,226.33,15.77
3161,25.0,5.0,96.0,25.0,5.0,94.6,198929.0,198.93,14.46
3162,25.0,5.0,99.0,25.0,5.0,97.81,169669.0,169.67,13.42
3163,25.0,5.0,102.0,25.0,5.0,100.99,149970.0,149.97,12.83
3164,25.0,5.0,105.0,25.0,5.0,104.16,136268.0,136.27,12.73
3165,25.0,5.0,110.0,25.0,5.0,109.37,121090.00000000001,121.09,13.27
3166,25.0,5.0,115.0,25.0,5.0,114.54,109396.0,109.4,13.08
3167,25.0,5.0,120.0,25.0,5.0,119.66,102254.0,102.25,13.71
3168,25.0,5.0,125.0,25.0,5.0,124.77,96738.0,96.74,14.01
3169,25.0,5.0,130.0,25.0,5.0,129.84,93340.0,93.34,14.66
3170,25.0,5.0,135.0,25.0,5.0,134.88,91206.0,91.21,15.5
3171,25.0,5.0,140.0,25.0,5.0,139.89,89803.0,89.8,16.12
3172,25.0,5.0,145.0,25.0,5.0,144.87,89374.0,89.37,16.92
3173,25.0,5.0,150.0,25.0,5.0,149.81,89277.0,89.28,17.31
3174,25.0,5.0,155.0,25.0,5.0,154.74,90420.0,90.42,18.52
3175,25.0,5.0,160.0,25.0,5.0,159.62,91659.0,91.66,18.97
3176,25.0,5.0,165.0,25.0,5.0,164.48,93066.0,93.07,19.27
3177,25.0,5.0,170.0,25.0,5.0,169.31,95604.0,95.6,20.92
3178,25.0,5.0,175.0,25.0,5.0,174.16,97530.0,97.53,20.9
3179,25.0,5.0,180.0,25.0,5.0,179.03,98941.0,98.94,20.8
3192,25.0,7.0,0.0,24.99,7.0,-1.21,73770.0,73.77,19.5
3193,25.0,7.0,5.0,24.99,7.0,4.0,76207.0,76.21,24.16
3194,25.0,7.0,10.0,24.99,7.0,9.19,75322.0,75.32,20.65
3195,25.0,7.0,15.0,24.99,7.0,14.33,74756.0,74.76,20.19
3196,25.0,7.0,20.0,24.99,7.0,19.43,73300.0,73.3,18.96
3197,25.0,7.0,25.0,25.0,7.0,24.54,72093.0,72.09,18.39
3198,25.0,7.0,30.0,25.0,7.0,29.62,71816.0,71.82,19.11
3199,25.0,7.0,35.0,25.0,7.0,34.69,71156.0,71.16,17.95
3200,25.0,7.0,40.0,25.0,7.0,39.72,71055.0,71.05,16.97
3201,25.0,7.0,45.0,25.0,7.0,44.72,71670.0,71.67,16.16
3202,25.0,7.0,50.0,25.0,7.0,49.66,73038.0,73.04,15.32
3203,25.0,7.0,55.0,25.0,7.0,54.58,75485.0,75.48,14.45
3204,25.0,7.0,60.0,25.0,7.0,59.45,79354.0,79.35,13.75
3205,25.0,7.0,65.0,25.0,7.0,64.3,85420.0,85.42,13.06
3206,25.0,7.0,70.0,25.0,7.0,69.1,94638.0,94.64,12.47
3207,25.0,7.0,75.0,25.0,7.0,73.86,108883.0,108.88,12.06
3208,25.0,7.0,78.0,25.0,7.0,76.7,124950.0,124.95,14.73
3209,25.0,7.0,81.0,25.0,7.0,79.54,142420.0,142.42,13.46
3210,25.0,7.0,84.0,25.0,7.0,82.37,169035.0,169.03,13.27
3211,25.0,7.0,86.0,25.0,7.0,84.27,199224.0,199.22,14.63
3212,25.0,7.0,88.0,24.99,7.0,86.18,244588.0,244.59,19.83
3213,25.0,7.0,90.0,24.99,7.0,88.12,269684.0,269.68,22.89
3214,25.0,7.0,92.0,24.99,7.0,90.13,247746.99999999997,247.75,20.25
3215,25.0,7.0,94.0,24.99,7.0,92.22,204542.0,204.54,15.35
3216,25.0,7.0,96.0,24.99,7.0,94.37,171880.0,171.88,13.63
3217,25.0,7.0,99.0,25.0,7.0,97.59,141899.0,141.9,14.6
3218,25.0,7.0,102.0,25.0,7.0,100.78,120651.0,120.65,12.35
3219,25.0,7.0,105.0,25.0,7.0,103.95,106776.0,106.78,11.89
3220,25.0,7.0,110.0,25.0,7.0,109.15,92640.0,92.64,12.36
3221,25.0,7.0,115.0,25.0,7.0,114.31,83654.0,83.65,13.01
3222,25.0,7.0,120.0,25.0,7.0,119.43,77569.0,77.57,13.64
3223,25.0,7.0,125.0,25.0,7.0,124.53,73471.0,73.47,14.41
3224,25.0,7.0,130.0,25.0,7.0,129.6,70722.0,70.72,15.23
3225,25.0,7.0,135.0,25.0,7.0,134.63,69021.0,69.02,16.24
3226,25.0,7.0,140.0,25.0,7.0,139.65,67827.0,67.83,16.76
3227,25.0,7.0,145.0,25.0,7.0,144.63,67372.0,67.37,17.62
3228,25.0,7.0,150.0,25.0,7.0,149.6,67287.0,67.29,17.94
3229,25.0,7.0,155.0,25.0,7.0,154.55,67853.0,67.85,18.58
3230,25.0,7.0,160.0,25.0,7.0,159.46,68767.0,68.77,19.34
3231,25.0,7.0,165.0,25.0,7.0,164.36,70018.0,70.02,19.43
3232,25.0,7.0,170.0,25.0,7.0,169.24,71805.0,71.8,20.55
3233,25.0,7.0,175.0,25.0,7.0,174.11,73554.0,73.55,21.99
3234,25.0,7.0,180.0,25.0,7.0,178.99,74444.0,74.44,20.42
3247,25.0,8.0,0.0,25.0,7.999,-1.16,65596.0,65.6,21.53
3248,25.0,8.0,5.0,25.0,8.0,4.02,67197.0,67.2,23.16
3249,25.0,8.0,10.0,25.0,8.0,9.21,66154.0,66.15,19.4
3250,25.0,8.0,15.0,25.0,8.0,14.35,66186.0,66.19,21.14
3251,25.0,8.0,20.0,25.0,8.0,19.45,64955.99999999999,64.96,19.32
3252,25.0,8.0,25.0,25.0,8.0,24.55,63916.99999999999,63.92,18.8
3253,25.0,8.0,30.0,25.0,8.0,29.63,63304.0,63.3,18.46
3254,25.0,8.0,35.0,25.0,8.0,34.7,62854.0,62.85,17.79
3255,25.0,8.0,40.0,25.0,8.0,39.73,63134.0,63.13,17.59
3256,25.0,8.0,45.0,25.0,8.0,44.73,63584.0,63.58,16.52
3257,25.0,8.0,50.0,25.0,8.0,49.67,64839.0,64.84,15.76
3258,25.0,8.0,55.0,25.0,8.0,54.59,66948.0,66.95,14.75
3259,25.0,8.0,60.0,25.0,8.0,59.47,70398.0,70.4,13.88
3260,25.0,8.0,65.0,25.0,8.0,64.32,75537.0,75.54,12.96
3261,25.0,8.0,70.0,25.0,8.0,69.11,83830.0,83.83,11.72
3262,25.0,8.0,75.0,25.0,8.0,73.86,97612.0,97.61,12.19
3263,25.0,8.0,78.0,25.0,8.0,76.69,109091.00000000001,109.09,11.77
3264,25.0,8.0,81.0,25.0,8.0,79.52,135047.0,135.05,38.03
3265,25.0,8.0,84.0,25.0,8.0,82.34,163504.0,163.5,69.57
3266,25.0,8.0,86.0,25.0,8.0,84.22,184984.0,184.98,42.89
3267,25.0,8.0,88.0,25.0,8.0,86.11,228871.99999999997,228.87,17.43
3268,25.0,8.0,90.0,24.99,8.0,88.03,264495.0,264.5,22.28
3269,25.0,8.0,92.0,24.99,8.0,90.02,244479.0,244.48,21.78
3270,25.0,8.0,94.0,25.0,8.0,92.11,195626.0,195.63,15.0
3271,25.0,8.0,96.0,24.99,8.0,94.26,160630.0,160.63,13.22
3272,25.0,8.0,99.0,25.0,8.0,97.5,128058.0,128.06,12.0
3273,25.0,8.0,102.0,25.0,8.0,100.7,109192.0,109.19,11.98
3274,25.0,8.0,105.0,25.0,8.0,103.86,93997.0,94.0,10.5
3275,25.0,8.0,110.0,25.0,8.0,109.06,85352.0,85.35,13.76
3276,25.0,8.0,115.0,25.0,8.0,114.23,74823.0,74.82,13.08
3277,25.0,8.0,120.0,25.0,8.0,119.34,69051.0,69.05,13.7
3278,25.0,8.0,125.0,25.0,8.0,124.44,65184.0,65.18,14.33
3279,25.0,8.0,130.0,25.0,8.0,129.52,62827.0,62.83,15.44
3280,25.0,8.0,135.0,25.0,8.0,134.55,61182.00000000001,61.18,16.16
3281,25.0,8.0,140.0,25.0,8.0,139.56,60097.0,60.1,16.82
3282,25.0,8.0,145.0,25.0,8.0,144.56,59750.0,59.75,17.69
3283,25.0,8.0,150.0,25.0,8.0,149.53,59595.00000000001,59.59,17.97
3284,25.0,8.0,155.0,25.0,8.0,154.48,60129.0,60.13,18.69
3285,25.0,8.0,160.0,25.0,8.0,159.41,61104.0,61.1,19.54
3286,25.0,8.0,165.0,25.0,8.0,164.33,61773.0,61.77,18.85
3287,25.0,8.0,170.0,25.0,8.0,169.21,63583.00000000001,63.58,21.06
3288,25.0,8.0,175.0,25.0,8.0,174.1,65066.0,65.07,21.49
3289,25.0,8.0,180.0,25.0,8.0,178.99,65687.0,65.69,20.3
4017,30.0,1.0,0.0,29.99,1.0,-0.69,197047.0,197.05,19.9
4018,30.0,1.0,5.0,29.99,1.0,4.39,197710.0,197.71,19.88
4019,30.0,1.0,10.0,29.99,1.0,9.44,199368.0,199.37,19.98
4020,30.0,1.0,15.0,30.0,1.0,14.48,200409.0,200.41,19.67
4021,30.0,1.0,20.0,30.0,1.0,19.42,201880.0,201.88,19.73
4022,30.0,1.0,25.0,30.0,1.0,24.32,202685.0,202.69,19.11
4023,30.0,1.0,30.0,30.0,1.0,29.16,203990.0,203.99,19.0
4024,30.0,1.0,35.0,30.0,1.0,33.97,205252.0,205.25,18.69
4025,30.0,1.0,40.0,30.0,1.0,38.74,206328.00000000003,206.33,17.86
4026,30.0,1.0,45.0,30.0,1.0,43.5,208246.0,208.25,17.48
4027,30.0,1.0,50.0,30.0,1.0,48.26,210539.0,210.54,16.77
4028,30.0,1.0,55.0,29.99,1.0,53.07,215589.0,215.59,17.12
4029,30.0,1.0,60.0,30.0,1.0,57.92,220381.0,220.38,16.53
4030,30.0,1.0,65.0,30.0,1.0,62.86,227221.0,227.22,16.33
4031,30.0,1.0,70.0,30.0,1.0,67.88,236139.0,236.14,16.21
4032,30.0,1.0,75.0,30.0,1.0,73.01,248562.0,248.56,17.16
4033,30.0,1.0,78.0,30.0,1.0,76.11,255758.0,255.76,17.53
4034,30.0,1.0,81.0,29.99,1.0,79.24,263175.0,263.17,18.4
4035,30.0,1.0,84.0,29.99,1.0,82.38,267613.0,267.61,18.67
4036,30.0,1.0,86.0,30.0,1.0,84.5,269007.0,269.01,18.97
4037,30.0,1.0,88.0,30.0,1.0,86.61,267546.0,267.55,18.43
4038,30.0,1.0,90.0,29.99,1.0,88.71,264856.0,264.86,18.04
4039,30.0,1.0,92.0,30.0,1.0,90.82,260535.0,260.54,17.44
4040,30.0,1.0,94.0,30.0,1.0,92.93,254698.0,254.7,16.7
4041,30.0,1.0,96.0,29.99,1.0,95.04,248512.0,248.51,16.14
4042,30.0,1.0,99.0,29.99,1.0,98.17,238989.0,238.99,15.36
4043,30.0,1.0,102.0,30.0,1.0,101.3,230509.0,230.51,14.96
4044,30.0,1.0,105.0,30.0,1.0,104.42,222332.00000000003,222.33,14.49
4045,30.0,1.0,110.0,30.0,1.0,109.54,212457.00000000003,212.46,14.56
4046,30.0,1.0,115.0,30.0,1.0,114.64,204683.0,204.68,14.59
4047,30.0,1.0,120.0,30.0,1.0,119.7,199166.0,199.17,14.86
4048,30.0,1.0,125.0,30.0,1.0,124.74,194671.0,194.67,15.05
4049,30.0,1.0,130.0,30.0,1.0,129.76,191518.0,191.52,15.34
4050,30.0,1.0,135.0,30.0,1.0,134.78,188789.0,188.79,15.42
4051,30.0,1.0,140.0,30.0,1.0,139.78,187683.0,187.68,15.86
4052,30.0,1.0,145.0,30.0,1.0,144.76,187313.0,187.31,16.4
4053,30.0,1.0,150.0,30.0,1.0,149.74,187151.0,187.15,16.73
4054,30.0,1.0,155.0,30.0,1.0,154.7,187384.0,187.38,16.96
4055,30.0,1.0,160.0,30.0,1.0,159.64,188702.0,188.7,17.69
4056,30.0,1.0,165.0,30.0,1.0,164.57,189803.0,189.8,17.98
4057,30.0,1.0,170.0,30.0,1.0,169.5,190987.0,190.99,18.25
4058,30.0,1.0,175.0,30.0,1.0,174.43,193202.0,193.2,19.15
4059,30.0,1.0,180.0,30.0,1.0,179.35,194082.0,194.08,18.82
4072,30.0,1.5,0.0,29.99,1.5,-0.87,167671.0,167.67,20.31
4073,30.0,1.5,5.0,29.99,1.5,4.23,168146.0,168.15,19.69
4074,30.0,1.5,10.0,29.99,1.5,9.32,169756.0,169.76,20.05
4075,30.0,1.5,15.0,29.99,1.5,14.41,170602.0,170.6,19.95
4076,30.0,1.5,20.0,29.99,1.5,19.42,170733.0,170.73,19.33
4077,30.0,1.5,25.0,30.0,1.5,24.39,170837.0,170.84,19.04
4078,30.0,1.5,30.0,30.0,1.5,29.32,169878.0,169.88,17.92
4079,30.0,1.5,35.0,30.0,1.5,34.22,170140.0,170.14,17.48
4080,30.0,1.5,40.0,30.0,1.5,39.07,170350.0,170.35,16.75
4081,30.0,1.5,45.0,30.0,1.5,43.9,171747.0,171.75,16.4
4082,30.0,1.5,50.0,30.0,1.5,48.71,173412.0,173.41,15.55
4083,30.0,1.5,55.0,30.0,1.5,53.54,176300.0,176.3,14.83
4084,30.0,1.5,60.0,30.0,1.5,58.4,181177.0,181.18,14.59
4085,30.0,1.5,65.0,30.0,1.5,63.31,188285.0,188.28,14.62
4086,30.0,1.5,70.0,30.0,1.5,68.27,197367.0,197.37,14.51
4087,30.0,1.5,75.0,30.0,1.5,73.32,210762.0,210.76,14.54
4088,30.0,1.5,78.0,30.0,1.5,76.35,221144.0,221.14,14.92
4089,30.0,1.5,81.0,30.0,1.5,79.43,234582.00000000003,234.58,15.88
4090,30.0,1.5,84.0,29.99,1.5,82.52,247358.0,247.36,17.2
4091,30.0,1.5,86.0,29.99,1.5,84.59,253305.00000000003,253.31,17.99
4092,30.0,1.5,88.0,29.99,1.5,86.66,254206.0,254.21,17.73
4093,30.0,1.5,90.0,29.99,1.5,88.76,251565.0,251.57,17.47
4094,30.0,1.5,92.0,30.0,1.5,90.86,244966.0,244.97,16.82
4095,30.0,1.5,94.0,30.0,1.5,92.95,234304.0,234.3,15.37
4096,30.0,1.5,96.0,30.0,1.5,95.05,223701.00000000003,223.7,14.4
4097,30.0,1.5,99.0,30.0,1.5,98.2,210409.0,210.41,13.87
4098,30.0,1.5,102.0,30.0,1.5,101.33,197947.0,197.95,13.17
4099,30.0,1.5,105.0,30.0,1.5,104.46,189203.0,189.2,13.09
4100,30.0,1.5,110.0,30.0,1.5,109.61,177817.0,177.82,13.0
4101,30.0,1.5,115.0,30.0,1.5,114.75,169705.0,169.7,13.03
4102,30.0,1.5,120.0,30.0,1.5,119.84,164443.0,164.44,13.55
4103,30.0,1.5,125.0,30.0,1.5,124.92,159910.0,159.91,13.73
4104,30.0,1.5,130.0,30.0,1.5,129.98,157016.0,157.02,14.1
4105,30.0,1.5,135.0,30.0,1.5,135.01,155003.0,155.0,14.46
4106,30.0,1.5,140.0,30.0,1.5,140.02,154545.0,154.55,15.25
4107,30.0,1.5,145.0,30.0,1.5,144.99,154123.0,154.12,15.59
4108,30.0,1.5,150.0,30.0,1.5,149.95,154827.0,154.83,16.35
4109,30.0,1.5,155.0,30.0,1.5,154.87,156479.0,156.48,17.12
4110,30.0,1.5,160.0,30.0,1.5,159.76,158077.0,158.08,17.92
4111,30.0,1.5,165.0,30.0,1.5,164.63,160203.0,160.2,18.73
4112,30.0,1.5,170.0,30.0,1.5,169.49,161903.0,161.9,18.8
4113,30.0,1.5,175.0,30.0,1.5,174.36,163522.0,163.52,19.0
4114,30.0,1.5,180.0,30.0,1.5,179.23,165017.0,165.02,18.92
4127,30.0,2.0,0.0,29.99,2.0,-1.01,145618.0,145.62,20.0
4128,30.0,2.0,5.0,29.99,2.0,4.09,146743.0,146.74,20.03
4129,30.0,2.0,10.0,29.99,2.0,9.21,148004.0,148.0,20.05
4130,30.0,2.0,15.0,29.99,2.0,14.32,148494.0,148.49,20.08
4131,30.0,2.0,20.0,29.99,2.0,19.36,147993.0,147.99,19.53
4132,30.0,2.0,25.0,30.0,2.0,24.38,146329.0,146.33,18.43
4133,30.0,2.0,30.0,30.0,2.0,29.37,145532.0,145.53,17.93
4134,30.0,2.0,35.0,30.0,2.0,34.34,144411.0,144.41,16.83
4135,30.0,2.0,40.0,30.0,2.0,39.26,144064.0,144.06,15.95
4136,30.0,2.0,45.0,30.0,2.0,44.17,144454.0,144.45,15.19
4137,30.0,2.0,50.0,30.0,2.0,49.03,146334.0,146.33,14.67
4138,30.0,2.0,55.0,29.99,2.0,53.9,149373.0,149.37,14.18
4139,30.0,2.0,60.0,30.0,2.0,58.77,154174.0,154.17,13.89
4140,30.0,2.0,65.0,30.0,2.0,63.67,160448.0,160.45,13.63
4141,30.0,2.0,70.0,30.0,2.0,68.59,168604.0,168.6,13.08
4142,30.0,2.0,75.0,30.0,2.0,73.55,181529.0,181.53,13.01
4143,30.0,2.0,78.0,30.0,2.0,76.55,193076.0,193.08,13.36
4144,30.0,2.0,81.0,30.0,2.0,79.56,208963.0,208.96,14.16
4145,30.0,2.0,84.0,30.0,2.0,82.6,228204.0,228.2,15.67
4146,30.0,2.0,86.0,29.99,2.0,84.64,240125.0,240.12,17.13
4147,30.0,2.0,88.0,29.99,2.0,86.68,245894.99999999997,245.9,17.74
4148,30.0,2.0,90.0,30.0,2.0,88.75,242973.0,242.97,17.24
4149,30.0,2.0,92.0,30.0,2.0,90.84,232263.0,232.26,15.69
4150,30.0,2.0,94.0,30.0,2.0,92.93,217898.0,217.9,14.25
4151,30.0,2.0,96.0,30.0,2.0,95.02,204720.0,204.72,13.52
4152,30.0,2.0,99.0,30.0,2.0,98.18,187230.0,187.23,12.71
4153,30.0,2.0,102.0,30.0,2.0,101.32,173487.0,173.49,12.0
4154,30.0,2.0,105.0,30.0,2.0,104.46,164145.0,164.15,12.01
4155,30.0,2.0,110.0,30.0,2.0,109.65,153727.0,153.73,12.27
4156,30.0,2.0,115.0,30.0,2.0,114.81,145357.0,145.36,12.31
4157,30.0,2.0,120.0,30.0,2.0,119.94,139528.0,139.53,12.55
4158,30.0,2.0,125.0,30.0,2.0,125.04,135369.0,135.37,12.83
4159,30.0,2.0,130.0,30.0,2.0,130.11,133586.0,133.59,13.77
4160,30.0,2.0,135.0,30.0,2.0,135.17,131581.0,131.58,14.05
4161,30.0,2.0,140.0,30.0,2.0,140.18,130943.0,130.94,14.73
4162,30.0,2.0,145.0,30.0,2.0,145.15,131107.0,131.11,15.31
4163,30.0,2.0,150.0,30.0,2.0,150.09,131441.0,131.44,15.43
4164,30.0,2.0,155.0,30.0,2.0,154.98,133402.0,133.4,16.52
4165,30.0,2.0,160.0,30.0,2.0,159.84,135029.0,135.03,16.97
4166,30.0,2.0,165.0,30.0,2.0,164.66,137396.0,137.4,17.69
4167,30.0,2.0,170.0,30.0,2.0,169.48,139666.0,139.67,18.15
4168,30.0,2.0,175.0,30.0,2.0,174.3,142347.0,142.35,19.04
4169,30.0,2.0,180.0,30.0,2.0,179.14,144363.0,144.36,19.53
4182,30.0,3.0,0.0,29.99,3.0,-1.13,116783.99999999999,116.78,20.71
4183,30.0,3.0,5.0,29.99,3.0,4.01,117716.00000000001,117.72,20.45
4184,30.0,3.0,10.0,29.99,3.0,9.17,118589.00000000001,118.59,20.77
4185,30.0,3.0,15.0,29.99,3.0,14.31,117536.99999999999,117.54,19.77
4186,30.0,3.0,20.0,30.0,3.0,19.39,115790.00000000001,115.79,19.06
4187,30.0,3.0,25.0,30.0,3.0,24.45,114055.0,114.05,18.24
4188,30.0,3.0,30.0,30.0,3.0,29.5,112578.0,112.58,17.96
4189,30.0,3.0,35.0,30.0,3.0,34.52,110358.99999999999,110.36,16.11
4190,30.0,3.0,40.0,30.0,3.0,39.51,110059.99999999999,110.06,15.82
4191,30.0,3.0,45.0,30.0,3.0,44.47,110169.0,110.17,15.16
4192,30.0,3.0,50.0,30.0,3.0,49.39,110557.0,110.56,13.88
4193,30.0,3.0,55.0,30.0,3.0,54.28,112521.0,112.52,13.03
4194,30.0,3.0,60.0,30.0,3.0,59.16,116253.0,116.25,12.55
4195,30.0,3.0,65.0,30.0,3.0,64.04,122024.0,122.02,12.08
4196,30.0,3.0,70.0,30.0,3.0,68.9,130100.0,130.1,11.75
4197,30.0,3.0,75.0,30.0,3.0,73.77,142969.0,142.97,11.84
4198,30.0,3.0,78.0,30.0,3.0,76.71,153520.0,153.52,11.9
4199,30.0,3.0,81.0,30.0,3.0,79.66,168820.0,168.82,12.06
4200,30.0,3.0,84.0,30.0,3.0,82.63,193412.0,193.41,13.37
4201,30.0,3.0,86.0,30.0,3.0,84.63,214504.0,214.5,15.07
4202,30.0,3.0,88.0,29.99,3.0,86.63,231355.00000000003,231.36,16.92
4203,30.0,3.0,90.0,30.0,3.0,88.68,232653.00000000003,232.65,17.29
4204,30.0,3.0,92.0,29.99,3.0,90.75,216044.0,216.04,15.12
4205,30.0,3.0,94.0,30.0,3.0,92.84,193817.0,193.82,13.14
4206,30.0,3.0,96.0,30.0,3.0,94.94,174161.0,174.16,12.0
4207,30.0,3.0,99.0,30.0,3.0,98.11,152731.0,152.73,11.02
4208,30.0,3.0,102.0,30.0,3.0,101.28,140632.0,140.63,11.3
4209,30.0,3.0,105.0,30.0,3.0,104.42,130464.00000000001,130.46,11.0
4210,30.0,3.0,110.0,30.0,3.0,109.63,120064.00000000001,120.06,11.27
4211,30.0,3.0,115.0,30.0,3.0,114.81,112941.00000000001,112.94,11.75
4212,30.0,3.0,120.0,30.0,3.0,119.94,107455.0,107.46,11.97
4213,30.0,3.0,125.0,30.0,3.0,125.05,104527.0,104.53,12.79
4214,30.0,3.0,130.0,30.0,3.0,130.13,102147.0,102.15,13.19
4215,30.0,3.0,135.0,30.0,3.0,135.18,101122.0,101.12,13.9
4216,30.0,3.0,140.0,30.0,3.0,140.18,100950.0,100.95,14.77
4217,30.0,3.0,145.0,30.0,3.0,145.15,100964.0,100.96,14.95
4218,30.0,3.0,150.0,30.0,3.0,150.08,102363.0,102.36,15.96
4219,30.0,3.0,155.0,30.0,3.0,154.97,104368.0,104.37,16.97
4220,30.0,3.0,160.0,30.0,3.0,159.81,106047.0,106.05,17.29
4221,30.0,3.0,165.0,30.0,3.0,164.63,108175.0,108.18,17.56
4222,30.0,3.0,170.0,30.0,3.0,169.43,111701.0,111.7,19.69
4223,30.0,3.0,175.0,30.0,3.0,174.24,114059.99999999999,114.06,20.2
4224,30.0,3.0,180.0,30.0,3.0,179.07,115479.0,115.48,19.49
4237,30.0,5.0,0.0,29.99,5.0,-1.19,82847.0,82.85,21.31
4238,30.0,5.0,5.0,29.99,5.0,4.02,83652.0,83.65,20.7
4239,30.0,5.0,10.0,29.99,5.0,9.2,83730.0,83.73,20.46
4240,30.0,5.0,15.0,29.99,5.0,14.37,82257.0,82.26,19.69
4241,30.0,5.0,20.0,30.0,5.0,19.47,80864.0,80.86,19.69
4242,30.0,5.0,25.0,30.0,5.0,24.57,78567.0,78.57,18.09
4243,30.0,5.0,30.0,30.0,5.0,29.65,76685.0,76.69,17.01
4244,30.0,5.0,35.0,30.0,5.0,34.72,75555.0,75.56,16.62
4245,30.0,5.0,40.0,30.0,5.0,39.75,74770.0,74.77,15.94
4246,30.0,5.0,45.0,30.0,5.0,44.74,74147.0,74.15,14.76
4247,30.0,5.0,50.0,30.0,5.0,49.69,74655.0,74.66,14.23
4248,30.0,5.0,55.0,30.0,5.0,54.6,75738.0,75.74,13.22
4249,30.0,5.0,60.0,30.0,5.0,59.48,78104.0,78.1,12.44
4250,30.0,5.0,65.0,30.0,5.0,64.34,81563.0,81.56,11.33
4251,30.0,5.0,70.0,30.0,5.0,69.16,88220.0,88.22,10.95
4252,30.0,5.0,75.0,30.0,5.0,73.96,98316.0,98.32,10.51
4253,30.0,5.0,78.0,30.0,5.0,76.83,107250.0,107.25,10.27
4254,30.0,5.0,81.0,30.0,5.0,79.73,120995.0,121.0,10.38
4255,30.0,5.0,84.0,30.0,5.0,82.61,144103.0,144.1,10.94
4256,30.0,5.0,86.0,30.0,5.0,84.55,170590.0,170.59,12.3
4257,30.0,5.0,88.0,30.0,5.0,86.51,205535.0,205.54,15.18
4258,30.0,5.0,90.0,30.0,5.0,88.49,219966.0,219.97,17.14
4259,30.0,5.0,92.0,30.0,5.0,90.54,194190.0,194.19,14.0
4260,30.0,5.0,94.0,30.0,5.0,92.64,160321.0,160.32,11.62
4261,30.0,5.0,96.0,30.0,5.0,94.76,134921.0,134.92,10.3
4262,30.0,5.0,99.0,30.0,5.0,97.95,114138.00000000001,114.14,10.22
4263,30.0,5.0,102.0,30.0,5.0,101.13,99937.0,99.94,9.71
4264,30.0,5.0,105.0,30.0,5.0,104.28,92547.0,92.55,10.28
4265,30.0,5.0,110.0,30.0,5.0,109.47,83200.0,83.2,10.65
4266,30.0,5.0,115.0,30.0,5.0,114.64,77648.0,77.65,11.32
4267,30.0,5.0,120.0,30.0,5.0,119.76,74092.0,74.09,12.12
4268,30.0,5.0,125.0,30.0,5.0,124.85,72016.0,72.02,13.01
4269,30.0,5.0,130.0,30.0,5.0,129.92,70662.0,70.66,13.78
4270,30.0,5.0,135.0,30.0,5.0,134.96,69862.0,69.86,14.38
4271,30.0,5.0,140.0,30.0,5.0,139.96,69978.0,69.98,15.36
4272,30.0,5.0,145.0,30.0,5.0,144.93,70177.0,70.18,15.75
4273,30.0,5.0,150.0,30.0,5.0,149.87,71059.0,71.06,16.57
4274,30.0,5.0,155.0,30.0,5.0,154.78,72403.0,72.4,17.38
4275,30.0,5.0,160.0,30.0,5.0,159.66,73986.0,73.99,17.74
4276,30.0,5.0,165.0,30.0,5.0,164.51,76196.0,76.2,18.94
4277,30.0,5.0,170.0,30.0,5.0,169.35,78397.0,78.4,19.24
4278,30.0,5.0,175.0,30.0,5.0,174.18,80610.0,80.61,19.85
4279,30.0,5.0,180.0,30.0,5.0,179.04,81995.0,81.99,19.42
4292,30.0,7.0,0.0,29.99,7.0,-1.21,62274.0,62.27,22.41
4293,30.0,7.0,5.0,29.99,7.0,4.03,62971.0,62.97,20.88
4294,30.0,7.0,10.0,29.99,7.0,9.22,62905.99999999999,62.91,20.85
4295,30.0,7.0,15.0,29.99,7.0,14.39,61485.0,61.48,18.71
4296,30.0,7.0,20.0,30.0,7.0,19.51,60466.0,60.47,19.22
4297,30.0,7.0,25.0,30.0,7.0,24.62,59179.0,59.18,18.37
4298,30.0,7.0,30.0,30.0,7.0,29.71,58108.00000000001,58.11,18.21
4299,30.0,7.0,35.0,30.0,7.0,34.79,57190.0,57.19,17.3
4300,30.0,7.0,40.0,30.0,7.0,39.83,56338.0,56.34,16.06
4301,30.0,7.0,45.0,30.0,7.0,44.82,56166.99999999999,56.17,15.33
4302,30.0,7.0,50.0,30.0,7.0,49.78,56629.0,56.63,14.92
4303,30.0,7.0,55.0,30.0,7.0,54.7,57511.0,57.51,14.18
4304,30.0,7.0,60.0,30.0,7.0,59.58,58985.0,58.98,12.86
4305,30.0,7.0,65.0,30.0,7.0,64.43,61679.0,61.68,11.76
4306,30.0,7.0,70.0,30.0,7.0,69.25,66347.0,66.35,10.93
4307,30.0,7.0,75.0,30.0,7.0,74.02,74008.0,74.01,9.97
4308,30.0,7.0,78.0,30.0,7.0,76.87,81262.0,81.26,9.57
4309,30.0,7.0,81.0,30.0,7.0,79.71,93312.0,93.31,9.61
4310,30.0,7.0,84.0,30.0,7.0,82.55,113666.00000000001,113.67,9.81
4311,30.0,7.0,86.0,30.0,7.0,84.46,138839.0,138.84,10.71
4312,30.0,7.0,88.0,30.0,7.0,86.38,179867.0,179.87,13.32
4313,30.0,7.0,90.0,30.0,7.0,88.32,210294.99999999997,210.3,16.89
4314,30.0,7.0,92.0,30.0,7.0,90.34,181852.0,181.85,13.98
4315,30.0,7.0,94.0,30.0,7.0,92.45,139780.0,139.78,11.0
4316,30.0,7.0,96.0,30.0,7.0,94.59,112325.0,112.33,9.84
4317,30.0,7.0,99.0,30.0,7.0,97.8,89785.0,89.78,9.22
4318,30.0,7.0,102.0,30.0,7.0,100.97,78778.0,78.78,9.68
4319,30.0,7.0,105.0,30.0,7.0,104.12,71120.0,71.12,9.78
4320,30.0,7.0,110.0,30.0,7.0,109.31,64233.00000000001,64.23,10.79
4321,30.0,7.0,115.0,30.0,7.0,114.46,59953.0,59.95,11.91
4322,30.0,7.0,120.0,30.0,7.0,119.57,57227.0,57.23,12.85
4323,30.0,7.0,125.0,30.0,7.0,124.67,55453.0,55.45,13.81
4324,30.0,7.0,130.0,30.0,7.0,129.72,54336.0,54.34,14.64
4325,30.0,7.0,135.0,30.0,7.0,134.76,53633.00000000001,53.63,15.31
4326,30.0,7.0,140.0,30.0,7.0,139.76,53421.0,53.42,16.06
4327,30.0,7.0,145.0,30.0,7.0,144.74,53713.0,53.71,16.94
4328,30.0,7.0,150.0,30.0,7.0,149.7,54167.99999999999,54.17,17.53
4329,30.0,7.0,155.0,30.0,7.0,154.63,55036.0,55.04,18.31
4330,30.0,7.0,160.0,30.0,7.0,159.54,56039.0,56.04,18.65
4331,30.0,7.0,165.0,30.0,7.0,164.42,57330.99999999999,57.33,18.74
4332,30.0,7.0,170.0,30.0,7.0,169.28,58791.99999999999,58.79,19.05
4333,30.0,7.0,175.0,30.0,7.0,174.14,60559.0,60.56,19.89
4334,30.0,7.0,180.0,30.0,7.0,179.02,62032.00000000001,62.03,20.75
4347,30.0,8.0,0.0,30.0,8.0,-1.2,54442.99999999999,54.44,19.87
4348,30.0,8.0,5.0,30.0,8.0,4.02,55314.0,55.31,20.27
4349,30.0,8.0,10.0,30.0,8.0,9.22,55649.0,55.65,21.32
4350,30.0,8.0,15.0,30.0,8.0,14.4,54216.99999999999,54.22,19.13
4351,30.0,8.0,20.0,30.0,8.0,19.51,53444.00000000001,53.44,19.16
4352,30.0,8.0,25.0,30.0,8.0,24.63,52302.0,52.3,18.22
4353,30.0,8.0,30.0,30.0,8.0,29.73,51408.00000000001,51.41,18.02
4354,30.0,8.0,35.0,30.0,8.0,34.81,50768.0,50.77,17.34
4355,30.0,8.0,40.0,30.0,8.0,39.85,50260.0,50.26,16.52
4356,30.0,8.0,45.0,30.0,8.0,44.85,50076.0,50.08,15.65
4357,30.0,8.0,50.0,30.0,8.0,49.8,50626.0,50.63,15.45
4358,30.0,8.0,55.0,30.0,8.0,54.73,51245.00000000001,51.25,14.22
4359,30.0,8.0,60.0,30.0,8.0,59.61,52725.0,52.72,13.23
4360,30.0,8.0,65.0,30.0,8.0,64.46,55212.0,55.21,12.24
4361,30.0,8.0,70.0,30.0,8.0,69.27,59304.0,59.3,11.18
4362,30.0,8.0,75.0,30.0,8.0,74.03,65944.0,65.94,10.01
4363,30.0,8.0,78.0,30.0,8.0,76.86,71960.0,71.96,9.22
4364,30.0,8.0,81.0,30.0,8.0,79.7,89990.0,89.99,14.95
4365,30.0,8.0,84.0,30.0,8.0,82.53,104398.0,104.4,10.2
4366,30.0,8.0,86.0,30.0,8.0,84.42,127626.0,127.63,10.56
4367,30.0,8.0,88.0,30.0,8.0,86.33,167967.0,167.97,12.47
4368,30.0,8.0,90.0,30.0,8.0,88.25,205698.99999999997,205.7,16.89
4369,30.0,8.0,92.0,30.0,8.0,90.26,176808.0,176.81,13.82
4370,30.0,8.0,94.0,30.0,8.0,92.37,131734.0,131.73,10.64
4371,30.0,8.0,96.0,30.0,8.0,94.51,103156.0,103.16,9.31
4372,30.0,8.0,99.0,30.0,8.0,97.73,81994.0,81.99,9.25
4373,30.0,8.0,102.0,30.0,8.0,100.91,70911.0,70.91,9.44
4374,30.0,8.0,105.0,30.0,8.0,104.05,64204.99999999999,64.21,9.88
4375,30.0,8.0,110.0,30.0,8.0,109.24,57649.0,57.65,10.9
4376,30.0,8.0,115.0,30.0,8.0,114.4,53735.0,53.74,11.92
4377,30.0,8.0,120.0,30.0,8.0,119.5,51496.0,51.5,13.23
4378,30.0,8.0,125.0,30.0,8.0,124.6,49588.0,49.59,13.77
4379,30.0,8.0,130.0,30.0,8.0,129.66,48744.0,48.74,15.16
4380,30.0,8.0,135.0,30.0,8.0,134.69,48052.0,48.05,15.83
4381,30.0,8.0,140.0,30.0,8.0,139.69,47873.0,47.87,16.74
4382,30.0,8.0,145.0,30.0,8.0,144.68,47941.0,47.94,17.51
4383,30.0,8.0,150.0,30.0,8.0,149.64,48209.0,48.21,17.77
4384,30.0,8.0,155.0,30.0,8.0,154.58,48802.0,48.8,18.2
4385,30.0,8.0,160.0,30.0,8.0,159.49,49579.0,49.58,18.2
4386,30.0,8.0,165.0,30.0,8.0,164.39,50562.0,50.56,18.19
4387,30.0,8.0,170.0,30.0,8.0,169.26,51779.99999999999,51.78,18.45
4388,30.0,8.0,175.0,30.0,8.0,174.13,53479.99999999999,53.48,20.08
4389,30.0,8.0,180.0,30.0,8.0,179.01,54495.00000000001,54.5,19.96
5117,35.0,1.0,0.0,34.99,1.0,-0.71,160943.0,160.94,18.95
5118,35.0,1.0,5.0,34.99,1.0,4.36,162015.0,162.01,18.84
5119,35.0,1.0,10.0,34.99,1.0,9.43,163984.0,163.98,19.54
5120,35.0,1.0,15.0,34.99,1.0,14.46,164325.0,164.33,19.06
5121,35.0,1.0,20.0,34.99,1.0,19.41,164237.0,164.24,18.38
5122,35.0,1.0,25.0,35.0,1.0,24.31,164613.0,164.61,18.4
5123,35.0,1.0,30.0,35.0,1.0,29.17,164243.0,164.24,17.98
5124,35.0,1.0,35.0,35.0,1.0,33.99,162989.0,162.99,16.8
5125,35.0,1.0,40.0,35.0,1.0,38.77,162405.0,162.4,16.01
5126,35.0,1.0,45.0,35.0,1.0,43.54,162566.0,162.57,15.59
5127,35.0,1.0,50.0,35.0,1.0,48.31,163538.0,163.54,15.24
5128,35.0,1.0,55.0,35.0,1.0,53.11,164175.0,164.18,14.31
5129,35.0,1.0,60.0,34.99,1.0,57.98,167660.0,167.66,14.32
5130,35.0,1.0,65.0,35.0,1.0,62.92,170919.0,170.92,13.67
5131,35.0,1.0,70.0,35.0,1.0,67.94,177361.0,177.36,13.56
5132,35.0,1.0,75.0,35.0,1.0,73.06,187238.0,187.24,13.89
5133,35.0,1.0,78.0,35.0,1.0,76.17,194020.0,194.02,14.12
5134,35.0,1.0,81.0,35.0,1.0,79.3,201699.0,201.7,14.56
5135,35.0,1.0,84.0,35.0,1.0,82.45,208912.0,208.91,15.54
5136,35.0,1.0,86.0,35.0,1.0,84.56,210985.0,210.99,15.61
5137,35.0,1.0,88.0,35.0,1.0,86.66,210910.0,210.91,15.64
5138,35.0,1.0,90.0,35.0,1.0,88.77,206969.0,206.97,14.84
5139,35.0,1.0,92.0,35.0,1.0,90.88,201609.0,201.61,14.24
5140,35.0,1.0,94.0,35.0,1.0,92.99,195104.0,195.1,13.64
5141,35.0,1.0,96.0,35.0,1.0,95.1,187319.0,187.32,12.79
5142,35.0,1.0,99.0,35.0,1.0,98.24,177646.0,177.65,12.28
5143,35.0,1.0,102.0,35.0,1.0,101.36,168978.0,168.98,11.78
5144,35.0,1.0,105.0,35.0,1.0,104.47,163511.0,163.51,12.02
5145,35.0,1.0,110.0,35.0,1.0,109.59,155818.0,155.82,12.01
5146,35.0,1.0,115.0,35.0,1.0,114.68,150900.0,150.9,12.24
5147,35.0,1.0,120.0,35.0,1.0,119.75,147623.0,147.62,12.57
5148,35.0,1.0,125.0,35.0,1.0,124.77,145808.0,145.81,13.03
5149,35.0,1.0,130.0,35.0,1.0,129.79,144486.0,144.49,13.32
5150,35.0,1.0,135.0,35.0,1.0,134.8,144375.0,144.37,13.9
5151,35.0,1.0,140.0,35.0,1.0,139.8,144369.0,144.37,14.21
5152,35.0,1.0,145.0,35.0,1.0,144.78,145498.0,145.5,14.83
5153,35.0,1.0,150.0,35.0,1.0,149.75,146640.0,146.64,15.34
5154,35.0,1.0,155.0,35.0,1.0,154.71,148006.0,148.01,15.5
5155,35.0,1.0,160.0,35.0,1.0,159.65,150744.0,150.74,16.62
5156,35.0,1.0,165.0,35.0,1.0,164.59,152475.0,152.47,16.83
5157,35.0,1.0,170.0,35.0,1.0,169.51,154774.0,154.77,17.42
5158,35.0,1.0,175.0,35.0,1.0,174.43,156994.0,156.99,18.04
5159,35.0,1.0,180.0,35.0,1.0,179.34,159110.0,159.11,18.52
5172,35.0,1.5,0.0,34.99,1.5,-0.88,137459.0,137.46,19.23
5173,35.0,1.5,5.0,34.99,1.5,4.22,138920.0,138.92,19.31
5174,35.0,1.5,10.0,34.99,1.5,9.33,140092.0,140.09,19.51
5175,35.0,1.5,15.0,34.99,1.5,14.41,140552.0,140.55,19.51
5176,35.0,1.5,20.0,34.99,1.5,19.42,139431.0,139.43,18.68
5177,35.0,1.5,25.0,34.99,1.5,24.4,137853.0,137.85,17.84
5178,35.0,1.5,30.0,35.0,1.5,29.33,136259.0,136.26,17.25
5179,35.0,1.5,35.0,34.99,1.5,34.24,134555.0,134.56,16.25
5180,35.0,1.5,40.0,35.0,1.5,39.09,132809.0,132.81,15.18
5181,35.0,1.5,45.0,35.0,1.5,43.93,132424.0,132.42,14.66
5182,35.0,1.5,50.0,35.0,1.5,48.75,132326.0,132.33,14.0
5183,35.0,1.5,55.0,35.0,1.5,53.58,133232.0,133.23,13.48
5184,35.0,1.5,60.0,35.0,1.5,58.44,134919.0,134.92,12.83
5185,35.0,1.5,65.0,34.99,1.5,63.35,138293.0,138.29,12.43
5186,35.0,1.5,70.0,35.0,1.5,68.32,144210.0,144.21,12.4
5187,35.0,1.5,75.0,35.0,1.5,73.36,152410.0,152.41,11.94
5188,35.0,1.5,78.0,35.0,1.5,76.41,159889.0,159.89,11.77
5189,35.0,1.5,81.0,35.0,1.5,79.49,172698.0,172.7,12.8
5190,35.0,1.5,84.0,35.0,1.5,82.58,187205.0,187.2,14.01
5191,35.0,1.5,86.0,35.0,1.5,84.65,194815.0,194.81,14.63
5192,35.0,1.5,88.0,35.0,1.5,86.73,197835.0,197.83,14.79
5193,35.0,1.5,90.0,35.0,1.5,88.82,195106.0,195.11,14.65
5194,35.0,1.5,92.0,35.0,1.5,90.92,185355.0,185.36,13.28
5195,35.0,1.5,94.0,35.0,1.5,93.02,174911.0,174.91,12.54
5196,35.0,1.5,96.0,35.0,1.5,95.11,162398.0,162.4,11.38
5197,35.0,1.5,99.0,35.0,1.5,98.26,149134.0,149.13,10.73
5198,35.0,1.5,102.0,35.0,1.5,101.39,139980.0,139.98,10.6
5199,35.0,1.5,105.0,35.0,1.5,104.51,133745.0,133.74,10.66
5200,35.0,1.5,110.0,35.0,1.5,109.67,126580.0,126.58,10.85
5201,35.0,1.5,115.0,35.0,1.5,114.79,122806.0,122.81,11.5
5202,35.0,1.5,120.0,35.0,1.5,119.88,119451.0,119.45,11.59
5203,35.0,1.5,125.0,35.0,1.5,124.95,117956.0,117.96,12.11
5204,35.0,1.5,130.0,35.0,1.5,130.0,117391.00000000001,117.39,12.74
5205,35.0,1.5,135.0,35.0,1.5,135.04,117021.0,117.02,13.07
5206,35.0,1.5,140.0,35.0,1.5,140.04,117622.0,117.62,13.61
5207,35.0,1.5,145.0,35.0,1.5,145.02,118608.0,118.61,14.06
5208,35.0,1.5,150.0,35.0,1.5,149.96,120872.0,120.87,15.1
5209,35.0,1.5,155.0,35.0,1.5,154.88,122876.0,122.88,15.61
5210,35.0,1.5,160.0,35.0,1.5,159.77,125626.0,125.63,16.41
5211,35.0,1.5,165.0,35.0,1.5,164.64,129067.0,129.07,17.75
5212,35.0,1.5,170.0,35.0,1.5,169.5,131774.0,131.77,18.35
5213,35.0,1.5,175.0,35.0,1.5,174.37,133474.0,133.47,18.02
5214,35.0,1.5,180.0,35.0,1.5,179.24,135760.0,135.76,18.52
5227,35.0,2.0,0.0,34.99,2.0,-1.03,120844.0,120.84,20.33
5228,35.0,2.0,5.0,34.99,2.0,4.09,121880.0,121.88,19.83
5229,35.0,2.0,10.0,34.99,2.0,9.22,122935.99999999999,122.94,20.11
5230,35.0,2.0,15.0,35.0,2.0,14.32,122539.00000000001,122.54,19.73
5231,35.0,2.0,20.0,34.99,2.0,19.37,120886.99999999999,120.89,18.72
5232,35.0,2.0,25.0,34.99,2.0,24.4,118669.0,118.67,17.91
5233,35.0,2.0,30.0,35.0,2.0,29.4,116456.0,116.46,17.21
5234,35.0,2.0,35.0,34.99,2.0,34.37,114190.00000000001,114.19,15.98
5235,35.0,2.0,40.0,35.0,2.0,39.3,112230.0,112.23,14.85
5236,35.0,2.0,45.0,35.0,2.0,44.2,111106.0,111.11,14.0
5237,35.0,2.0,50.0,35.0,2.0,49.07,110911.99999999999,110.91,13.47
5238,35.0,2.0,55.0,35.0,2.0,53.95,111605.0,111.6,12.89
5239,35.0,2.0,60.0,35.0,2.0,58.82,113225.0,113.23,12.24
5240,35.0,2.0,65.0,35.0,2.0,63.72,115558.99999999999,115.56,11.48
5241,35.0,2.0,70.0,35.0,2.0,68.63,120198.0,120.2,11.02
5242,35.0,2.0,75.0,35.0,2.0,73.6,129049.0,129.05,11.11
5243,35.0,2.0,78.0,34.99,2.0,76.59,136045.0,136.04,10.85
5244,35.0,2.0,81.0,35.0,2.0,79.63,147880.0,147.88,11.12
5245,35.0,2.0,84.0,35.0,2.0,82.67,165042.0,165.04,11.86
5246,35.0,2.0,86.0,35.0,2.0,84.7,179965.0,179.97,13.41
5247,35.0,2.0,88.0,35.0,2.0,86.76,189143.0,189.14,14.45
5248,35.0,2.0,90.0,35.0,2.0,88.82,186733.0,186.73,14.11
5249,35.0,2.0,92.0,35.0,2.0,90.91,173868.0,173.87,12.57
5250,35.0,2.0,94.0,35.0,2.0,93.0,157722.0,157.72,11.25
5251,35.0,2.0,96.0,35.0,2.0,95.1,144231.0,144.23,10.55
5252,35.0,2.0,99.0,35.0,2.0,98.25,129960.99999999999,129.96,10.28
5253,35.0,2.0,102.0,35.0,2.0,101.38,119903.0,119.9,9.91
5254,35.0,2.0,105.0,35.0,2.0,104.51,113965.00000000001,113.97,10.04
5255,35.0,2.0,110.0,35.0,2.0,109.7,108020.0,108.02,10.59
5256,35.0,2.0,115.0,35.0,2.0,114.86,103660.99999999999,103.66,10.86
5257,35.0,2.0,120.0,35.0,2.0,119.97,101294.0,101.29,11.39
5258,35.0,2.0,125.0,35.0,2.0,125.07,99831.0,99.83,11.93
5259,35.0,2.0,130.0,35.0,2.0,130.15,99449.0,99.45,12.63
5260,35.0,2.0,135.0,35.0,2.0,135.19,99427.0,99.43,13.09
5261,35.0,2.0,140.0,35.0,2.0,140.2,99990.0,99.99,13.62
5262,35.0,2.0,145.0,35.0,2.0,145.18,101558.0,101.56,14.46
5263,35.0,2.0,150.0,35.0,2.0,150.11,103143.0,103.14,14.96
5264,35.0,2.0,155.0,35.0,2.0,155.0,105600.0,105.6,15.82
5265,35.0,2.0,160.0,35.0,2.0,159.85,108666.00000000001,108.67,16.9
5266,35.0,2.0,165.0,35.0,2.0,164.68,111228.0,111.23,17.27
5267,35.0,2.0,170.0,35.0,2.0,169.49,114285.99999999999,114.29,18.19
5268,35.0,2.0,175.0,35.0,2.0,174.31,117084.99999999999,117.09,18.67
5269,35.0,2.0,180.0,35.0,2.0,179.14,119217.0,119.22,19.1
5282,35.0,3.0,0.0,34.99,3.0,-1.13,96780.0,96.78,20.11
5283,35.0,3.0,5.0,34.99,3.0,4.02,97527.0,97.53,19.4
5284,35.0,3.0,10.0,34.99,3.0,9.19,98248.0,98.25,19.78
5285,35.0,3.0,15.0,34.99,3.0,14.31,97157.0,97.16,19.13
5286,35.0,3.0,20.0,34.99,3.0,19.41,95129.0,95.13,18.45
5287,35.0,3.0,25.0,34.99,3.0,24.48,92849.0,92.85,18.07
5288,35.0,3.0,30.0,35.0,3.0,29.54,90040.0,90.04,16.79
5289,35.0,3.0,35.0,34.99,3.0,34.57,87416.0,87.42,15.36
5290,35.0,3.0,40.0,35.0,3.0,39.56,86288.0,86.29,15.3
5291,35.0,3.0,45.0,35.0,3.0,44.52,84762.0,84.76,14.17
5292,35.0,3.0,50.0,35.0,3.0,49.44,84392.0,84.39,13.47
5293,35.0,3.0,55.0,35.0,3.0,54.34,84955.0,84.96,12.99
5294,35.0,3.0,60.0,35.0,3.0,59.22,85584.0,85.58,11.91
5295,35.0,3.0,65.0,35.0,3.0,64.1,87274.0,87.27,10.87
5296,35.0,3.0,70.0,35.0,3.0,68.96,91624.0,91.62,10.51
5297,35.0,3.0,75.0,35.0,3.0,73.85,98430.0,98.43,10.12
5298,35.0,3.0,78.0,35.0,3.0,76.78,103947.0,103.95,9.59
5299,35.0,3.0,81.0,35.0,3.0,79.75,115208.0,115.21,9.89
5300,35.0,3.0,84.0,35.0,3.0,82.72,133410.0,133.41,10.31
5301,35.0,3.0,86.0,35.0,3.0,84.72,154028.0,154.03,11.67
5302,35.0,3.0,88.0,34.99,3.0,86.74,174260.0,174.26,13.38
5303,35.0,3.0,90.0,35.0,3.0,88.78,176393.0,176.39,13.56
5304,35.0,3.0,92.0,35.0,3.0,90.84,157663.0,157.66,11.8
5305,35.0,3.0,94.0,35.0,3.0,92.94,133242.0,133.24,9.86
5306,35.0,3.0,96.0,35.0,3.0,95.05,116314.00000000001,116.31,9.14
5307,35.0,3.0,99.0,35.0,3.0,98.2,101651.0,101.65,8.97
5308,35.0,3.0,102.0,35.0,3.0,101.35,93243.0,93.24,9.1
5309,35.0,3.0,105.0,35.0,3.0,104.5,88320.0,88.32,9.51
5310,35.0,3.0,110.0,35.0,3.0,109.69,82953.0,82.95,9.99
5311,35.0,3.0,115.0,35.0,3.0,114.86,80032.0,80.03,10.7
5312,35.0,3.0,120.0,35.0,3.0,119.99,77974.0,77.97,11.31
5313,35.0,3.0,125.0,35.0,3.0,125.09,77257.0,77.26,12.19
5314,35.0,3.0,130.0,35.0,3.0,130.17,77024.0,77.02,12.89
5315,35.0,3.0,135.0,35.0,3.0,135.21,77023.0,77.02,13.35
5316,35.0,3.0,140.0,35.0,3.0,140.22,78043.0,78.04,14.28
5317,35.0,3.0,145.0,35.0,3.0,145.19,79369.0,79.37,15.04
5318,35.0,3.0,150.0,35.0,3.0,150.11,81102.0,81.1,15.75
5319,35.0,3.0,155.0,35.0,3.0,155.0,82903.0,82.9,15.92
5320,35.0,3.0,160.0,35.0,3.0,159.83,85642.0,85.64,17.17
5321,35.0,3.0,165.0,35.0,3.0,164.65,88767.0,88.77,18.5
5322,35.0,3.0,170.0,35.0,3.0,169.44,91124.0,91.12,18.2
5323,35.0,3.0,175.0,35.0,3.0,174.26,94133.0,94.13,19.39
5324,35.0,3.0,180.0,35.0,3.0,179.08,95750.0,95.75,19.06
5337,35.0,5.0,0.0,34.99,5.0,-1.2,68324.0,68.32,19.51
5338,35.0,5.0,5.0,34.99,5.0,4.01,69477.0,69.48,19.55
5339,35.0,5.0,10.0,34.99,5.0,9.22,69580.0,69.58,19.46
5340,35.0,5.0,15.0,34.99,5.0,14.38,68472.0,68.47,19.38
5341,35.0,5.0,20.0,34.99,5.0,19.49,66179.0,66.18,18.13
5342,35.0,5.0,25.0,35.0,5.0,24.6,64522.0,64.52,18.32
5343,35.0,5.0,30.0,35.0,5.0,29.7,62341.99999999999,62.34,17.02
5344,35.0,5.0,35.0,34.99,5.0,34.78,60897.0,60.9,16.66
5345,35.0,5.0,40.0,35.0,5.0,39.81,59912.0,59.91,16.85
5346,35.0,5.0,45.0,35.0,5.0,44.8,58796.0,58.8,15.5
5347,35.0,5.0,50.0,35.0,5.0,49.76,58094.00000000001,58.09,14.41
5348,35.0,5.0,55.0,35.0,5.0,54.69,58074.0,58.07,13.6
5349,35.0,5.0,60.0,35.0,5.0,59.56,58446.0,58.45,12.52
5350,35.0,5.0,65.0,35.0,5.0,64.43,60123.0,60.12,11.91
5351,35.0,5.0,70.0,35.0,5.0,69.25,61986.0,61.99,10.37
5352,35.0,5.0,75.0,35.0,5.0,74.06,66521.0,66.52,9.46
5353,35.0,5.0,78.0,35.0,5.0,76.94,71024.0,71.02,8.97
5354,35.0,5.0,81.0,35.0,5.0,79.83,78733.0,78.73,8.62
5355,35.0,5.0,84.0,35.0,5.0,82.73,94291.0,94.29,8.71
5356,35.0,5.0,86.0,35.0,5.0,84.68,114907.0,114.91,9.42
5357,35.0,5.0,88.0,35.0,5.0,86.64,148687.0,148.69,11.69
5358,35.0,5.0,90.0,35.0,5.0,88.63,165881.0,165.88,13.58
5359,35.0,5.0,92.0,35.0,5.0,90.68,136543.0,136.54,10.74
5360,35.0,5.0,94.0,35.0,5.0,92.79,104693.0,104.69,8.87
5361,35.0,5.0,96.0,35.0,5.0,94.91,85458.0,85.46,8.11
5362,35.0,5.0,99.0,35.0,5.0,98.09,71108.0,71.11,7.96
5363,35.0,5.0,102.0,35.0,5.0,101.25,65682.0,65.68,8.83
5364,35.0,5.0,105.0,35.0,5.0,104.4,61339.0,61.34,9.03
5365,35.0,5.0,110.0,35.0,5.0,109.58,58061.0,58.06,10.16
5366,35.0,5.0,115.0,35.0,5.0,114.73,56247.0,56.25,11.26
5367,35.0,5.0,120.0,35.0,5.0,119.85,55264.0,55.26,12.38
5368,35.0,5.0,125.0,35.0,5.0,124.94,54738.0,54.74,13.24
5369,35.0,5.0,130.0,35.0,5.0,130.0,54617.99999999999,54.62,14.08
5370,35.0,5.0,135.0,35.0,5.0,135.02,54772.0,54.77,14.7
5371,35.0,5.0,140.0,35.0,5.0,140.02,55445.00000000001,55.44,15.53
5372,35.0,5.0,145.0,35.0,5.0,144.99,56190.0,56.19,16.0
5373,35.0,5.0,150.0,35.0,5.0,149.92,57398.0,57.4,16.88
5374,35.0,5.0,155.0,35.0,5.0,154.83,58754.0,58.75,17.28
5375,35.0,5.0,160.0,35.0,5.0,159.7,60273.0,60.27,17.46
5376,35.0,5.0,165.0,35.0,5.0,164.54,62007.00000000001,62.01,17.44
5377,35.0,5.0,170.0,35.0,5.0,169.37,64401.0,64.4,18.71
5378,35.0,5.0,175.0,35.0,5.0,174.2,66403.0,66.4,18.64
5379,35.0,5.0,180.0,35.0,5.0,179.04,68368.0,68.37,19.53
5392,35.0,7.0,0.0,34.99,7.0,-1.71,50848.0,50.85,19.06
5393,35.0,7.0,5.0,34.99,7.0,3.52,51780.99999999999,51.78,19.17
5394,35.0,7.0,10.0,34.99,7.0,8.75,51769.00000000001,51.77,18.46
5395,35.0,7.0,15.0,34.99,7.0,13.92,51491.0,51.49,19.93
5396,35.0,7.0,20.0,34.99,7.0,19.05,49987.0,49.99,19.13
5397,35.0,7.0,25.0,35.0,7.0,24.17,48329.0,48.33,17.34
5398,35.0,7.0,30.0,35.0,7.0,29.29,47579.0,47.58,17.98
5399,35.0,7.0,35.0,35.0,7.0,34.38,46439.0,46.44,17.11
5400,35.0,7.0,40.0,35.0,7.0,39.43,45573.0,45.57,16.35
5401,35.0,7.0,45.0,35.0,7.0,44.44,45209.0,45.21,16.49
5402,35.0,7.0,50.0,35.0,7.0,49.42,44917.0,44.92,15.63
5403,35.0,7.0,55.0,35.0,7.0,54.35,44597.0,44.6,14.18
5404,35.0,7.0,60.0,35.0,7.0,59.24,45117.0,45.12,13.53
5405,35.0,7.0,65.0,35.0,7.0,64.11,45785.0,45.79,12.21
5406,35.0,7.0,70.0,35.0,7.0,68.92,47354.0,47.35,10.97
5407,35.0,7.0,75.0,35.0,7.0,73.7,50306.0,50.31,9.64
5408,35.0,7.0,78.0,35.0,7.0,76.56,53254.0,53.25,8.83
5409,35.0,7.0,81.0,35.0,7.0,79.42,58914.0,58.91,8.47
5410,35.0,7.0,84.0,35.0,7.0,82.28,69323.0,69.32,7.84
5411,35.0,7.0,86.0,35.0,7.0,84.19,85268.0,85.27,8.21
5412,35.0,7.0,88.0,35.0,7.0,86.11,117508.99999999999,117.51,10.12
5413,35.0,7.0,90.0,35.0,7.0,88.05,157071.0,157.07,13.63
5414,35.0,7.0,92.0,35.0,7.0,90.06,134808.0,134.81,11.23
5415,35.0,7.0,94.0,35.0,7.0,92.15,93765.0,93.77,8.47
5416,35.0,7.0,96.0,35.0,7.0,94.28,71767.0,71.77,7.71
5417,35.0,7.0,99.0,35.0,7.0,97.47,57805.99999999999,57.81,8.08
5418,35.0,7.0,102.0,35.0,7.0,100.64,51588.0,51.59,8.63
5419,35.0,7.0,105.0,35.0,7.0,103.79,48873.0,48.87,9.52
5420,35.0,7.0,110.0,35.0,7.0,108.97,46063.0,46.06,10.85
5421,35.0,7.0,115.0,35.0,7.0,114.12,44765.0,44.77,12.45
5422,35.0,7.0,120.0,35.0,7.0,119.24,43488.0,43.49,12.99
5423,35.0,7.0,125.0,35.0,7.0,124.32,42969.0,42.97,13.96
5424,35.0,7.0,130.0,35.0,7.0,129.37,42658.0,42.66,14.68
5425,35.0,7.0,135.0,35.0,7.0,134.39,42579.0,42.58,15.36
5426,35.0,7.0,140.0,35.0,7.0,139.39,42769.0,42.77,16.05
5427,35.0,7.0,145.0,35.0,7.0,144.36,43136.0,43.14,16.52
5428,35.0,7.0,150.0,35.0,7.0,149.3,43730.0,43.73,16.9
5429,35.0,7.0,155.0,35.0,7.0,154.23,44686.0,44.69,17.8
5430,35.0,7.0,160.0,35.0,7.0,159.12,45393.0,45.39,17.31
5431,35.0,7.0,165.0,35.0,7.0,164.0,46619.0,46.62,17.54
5432,35.0,7.0,170.0,35.0,7.0,168.85,48353.0,48.35,18.76
5433,35.0,7.0,175.0,35.0,7.0,173.7,49500.0,49.5,18.15
5434,35.0,7.0,180.0,35.0,7.0,178.56,50840.0,50.84,18.41
5447,35.0,8.0,0.0,35.0,8.0,-1.23,44206.0,44.21,17.42
5448,35.0,8.0,5.0,35.0,8.0,4.01,45273.0,45.27,18.62
5449,35.0,8.0,10.0,35.0,8.0,9.24,45009.0,45.01,17.44
5450,35.0,8.0,15.0,35.0,8.0,14.42,44583.0,44.58,17.87
5451,35.0,8.0,20.0,35.0,8.0,19.54,43541.0,43.54,17.41
5452,35.0,8.0,25.0,35.0,8.0,24.66,42597.0,42.6,17.29
5453,35.0,8.0,30.0,35.0,8.0,29.78,41752.0,41.75,16.86
5454,35.0,8.0,35.0,35.0,8.0,34.87,41268.0,41.27,17.42
5455,35.0,8.0,40.0,35.0,8.0,39.93,40594.0,40.59,16.49
5456,35.0,8.0,45.0,35.0,8.0,44.94,40313.0,40.31,16.14
5457,35.0,8.0,50.0,35.0,8.0,49.91,40174.0,40.17,15.56
5458,35.0,8.0,55.0,35.0,8.0,54.85,40360.0,40.36,15.14
5459,35.0,8.0,60.0,35.0,8.0,59.75,40620.0,40.62,13.67
5460,35.0,8.0,65.0,35.0,8.0,64.61,41455.0,41.45,12.7
5461,35.0,8.0,70.0,35.0,8.0,69.42,42944.0,42.94,11.32
5462,35.0,8.0,75.0,35.0,8.0,74.19,45683.0,45.68,9.85
5463,35.0,8.0,78.0,35.0,8.0,77.02,48684.0,48.68,9.11
5464,35.0,8.0,81.0,35.0,8.0,79.87,53433.00000000001,53.43,8.12
5465,35.0,8.0,84.0,35.0,8.0,82.71,64866.99999999999,64.87,7.77
5466,35.0,8.0,86.0,35.0,8.0,84.62,82286.0,82.29,8.17
5467,35.0,8.0,88.0,35.0,8.0,86.53,117510.99999999999,117.51,9.93
5468,35.0,8.0,90.0,35.0,8.0,88.46,153822.0,153.82,13.39
5469,35.0,8.0,92.0,35.0,8.0,90.47,119550.0,119.55,10.29
5470,35.0,8.0,94.0,35.0,8.0,92.58,81074.0,81.07,8.01
5471,35.0,8.0,96.0,35.0,8.0,94.72,61659.0,61.66,7.29
5472,35.0,8.0,99.0,35.0,8.0,97.91,50978.0,50.98,8.03
5473,35.0,8.0,102.0,35.0,8.0,101.09,46196.0,46.2,8.79
5474,35.0,8.0,105.0,35.0,8.0,104.23,43922.0,43.92,9.76
5475,35.0,8.0,110.0,35.0,8.0,109.4,41868.0,41.87,11.47
5476,35.0,8.0,115.0,35.0,8.0,114.55,40585.0,40.59,13.0
5477,35.0,8.0,120.0,35.0,8.0,119.66,39644.0,39.64,14.11
5478,35.0,8.0,125.0,35.0,8.0,124.74,38898.0,38.9,14.67
5479,35.0,8.0,130.0,35.0,8.0,129.78,38528.0,38.53,15.38
5480,35.0,8.0,135.0,35.0,8.0,134.8,38388.0,38.39,15.92
5481,35.0,8.0,140.0,35.0,8.0,139.78,38439.0,38.44,16.5
5482,35.0,8.0,145.0,35.0,8.0,144.76,38440.0,38.44,16.25
5483,35.0,8.0,150.0,35.0,8.0,149.7,39017.0,39.02,17.02
5484,35.0,8.0,155.0,35.0,8.0,154.63,39509.0,39.51,16.99
5485,35.0,8.0,160.0,35.0,8.0,159.53,40461.0,40.46,17.74
5486,35.0,8.0,165.0,35.0,8.0,164.42,41159.0,41.16,17.05
5487,35.0,8.0,170.0,35.0,8.0,169.28,42260.0,42.26,17.19
5488,35.0,8.0,175.0,35.0,8.0,174.14,43500.0,43.5,17.68
5489,35.0,8.0,180.0,35.0,8.0,179.01,44451.0,44.45,17.93
6217,40.0,1.0,0.0,40.0,1.0,-0.71,131833.0,131.83,18.8
6218,40.0,1.0,5.0,39.99,1.0,4.36,133420.0,133.42,19.12
6219,40.0,1.0,10.0,39.99,1.0,9.42,134715.0,134.71,19.38
6220,40.0,1.0,15.0,39.99,1.0,14.46,134987.0,134.99,19.14
6221,40.0,1.0,20.0,39.99,1.0,19.41,134902.0,134.9,19.04
6222,40.0,1.0,25.0,39.99,1.0,24.31,133572.0,133.57,18.26
6223,40.0,1.0,30.0,39.99,1.0,29.17,131738.0,131.74,17.25
6224,40.0,1.0,35.0,39.99,1.0,33.99,130251.0,130.25,16.75
6225,40.0,1.0,40.0,39.99,1.0,38.78,128246.0,128.25,15.67
6226,40.0,1.0,45.0,39.99,1.0,43.56,126853.0,126.85,14.98
6227,40.0,1.0,50.0,39.99,1.0,48.33,126059.99999999999,126.06,14.37
6228,40.0,1.0,55.0,39.99,1.0,53.14,126192.0,126.19,14.01
6229,40.0,1.0,60.0,39.99,1.0,58.01,126680.0,126.68,13.44
6230,40.0,1.0,65.0,40.0,1.0,62.96,127601.0,127.6,12.57
6231,40.0,1.0,70.0,40.0,1.0,67.99,131021.0,131.02,12.27
6232,40.0,1.0,75.0,39.99,1.0,73.11,137055.0,137.06,11.99
6233,40.0,1.0,78.0,39.99,1.0,76.21,143003.0,143.0,12.24
6234,40.0,1.0,81.0,40.0,1.0,79.35,149834.0,149.83,12.45
6235,40.0,1.0,84.0,39.99,1.0,82.5,157711.0,157.71,13.18
6236,40.0,1.0,86.0,40.0,1.0,84.59,160733.0,160.73,13.36
6237,40.0,1.0,88.0,40.0,1.0,86.71,161701.0,161.7,13.6
6238,40.0,1.0,90.0,40.0,1.0,88.82,158359.0,158.36,13.17
6239,40.0,1.0,92.0,40.0,1.0,90.93,151667.0,151.67,12.34
6240,40.0,1.0,94.0,40.0,1.0,93.04,143648.0,143.65,11.43
6241,40.0,1.0,96.0,40.0,1.0,95.14,136456.0,136.46,11.0
6242,40.0,1.0,99.0,40.0,1.0,98.27,127463.00000000001,127.46,10.66
6243,40.0,1.0,102.0,40.0,1.0,101.4,120742.0,120.74,10.43
6244,40.0,1.0,105.0,40.0,1.0,104.51,116985.99999999999,116.99,10.68
6245,40.0,1.0,110.0,40.0,1.0,109.62,112961.99999999999,112.96,11.11
6246,40.0,1.0,115.0,40.0,1.0,114.72,111016.00000000001,111.02,11.76
6247,40.0,1.0,120.0,40.0,1.0,119.77,109279.0,109.28,11.92
6248,40.0,1.0,125.0,40.0,1.0,124.81,108720.0,108.72,12.27
6249,40.0,1.0,130.0,40.0,1.0,129.83,109467.0,109.47,12.98
6250,40.0,1.0,135.0,40.0,1.0,134.83,110097.0,110.1,13.4
6251,40.0,1.0,140.0,40.0,1.0,139.82,111671.0,111.67,14.14
6252,40.0,1.0,145.0,40.0,1.0,144.8,113510.99999999999,113.51,14.81
6253,40.0,1.0,150.0,40.0,1.0,149.76,115384.99999999999,115.38,15.18
6254,40.0,1.0,155.0,40.0,1.0,154.72,117473.0,117.47,15.51
6255,40.0,1.0,160.0,40.0,1.0,159.65,120699.0,120.7,16.76
6256,40.0,1.0,165.0,40.0,1.0,164.58,122815.00000000001,122.82,16.72
6257,40.0,1.0,170.0,40.0,1.0,169.51,125991.00000000001,125.99,17.78
6258,40.0,1.0,175.0,40.0,1.0,174.43,128494.0,128.49,18.55
6259,40.0,1.0,180.0,40.0,1.0,179.34,130000.0,130.0,18.22
6272,40.0,1.5,0.0,40.0,1.5,-0.89,113602.0,113.6,19.9
6273,40.0,1.5,5.0,40.0,1.5,4.22,114783.0,114.78,19.34
6274,40.0,1.5,10.0,39.99,1.5,9.32,116048.0,116.05,19.97
6275,40.0,1.5,15.0,39.99,1.5,14.41,116022.0,116.02,19.86
6276,40.0,1.5,20.0,39.99,1.5,19.43,114086.99999999999,114.09,18.56
6277,40.0,1.5,25.0,39.99,1.5,24.41,112289.00000000001,112.29,18.35
6278,40.0,1.5,30.0,40.0,1.5,29.35,109498.0,109.5,17.07
6279,40.0,1.5,35.0,39.99,1.5,34.25,106805.0,106.8,15.97
6280,40.0,1.5,40.0,40.0,1.5,39.11,104870.0,104.87,15.42
6281,40.0,1.5,45.0,39.99,1.5,43.95,103177.0,103.18,14.88
6282,40.0,1.5,50.0,39.99,1.5,48.77,101540.0,101.54,13.86
6283,40.0,1.5,55.0,40.0,1.5,53.61,100808.0,100.81,13.12
6284,40.0,1.5,60.0,39.99,1.5,58.48,100590.0,100.59,12.35
6285,40.0,1.5,65.0,40.0,1.5,63.4,101702.0,101.7,11.91
6286,40.0,1.5,70.0,40.0,1.5,68.37,104070.0,104.07,11.4
6287,40.0,1.5,75.0,40.0,1.5,73.41,108279.0,108.28,10.68
6288,40.0,1.5,78.0,39.99,1.5,76.45,113952.0,113.95,10.8
6289,40.0,1.5,81.0,40.0,1.5,79.53,121908.0,121.91,10.76
6290,40.0,1.5,84.0,39.99,1.5,82.62,134599.0,134.6,11.5
6291,40.0,1.5,86.0,40.0,1.5,84.69,143601.0,143.6,12.13
6292,40.0,1.5,88.0,39.99,1.5,86.78,149882.0,149.88,13.06
6293,40.0,1.5,90.0,40.0,1.5,88.87,145726.0,145.73,12.22
6294,40.0,1.5,92.0,40.0,1.5,90.97,135751.0,135.75,11.32
6295,40.0,1.5,94.0,40.0,1.5,93.07,122820.0,122.82,10.07
6296,40.0,1.5,96.0,40.0,1.5,95.16,113151.0,113.15,9.74
6297,40.0,1.5,99.0,39.99,1.5,98.3,101797.0,101.8,9.15
6298,40.0,1.5,102.0,40.0,1.5,101.43,97237.0,97.24,9.69
6299,40.0,1.5,105.0,40.0,1.5,104.55,93386.0,93.39,9.8
6300,40.0,1.5,110.0,39.99,1.5,109.7,90484.0,90.48,10.5
6301,40.0,1.5,115.0,40.0,1.5,114.82,88513.0,88.51,10.87
6302,40.0,1.5,120.0,40.0,1.5,119.92,87918.0,87.92,11.48
6303,40.0,1.5,125.0,40.0,1.5,124.99,88162.0,88.16,12.29
6304,40.0,1.5,130.0,40.0,1.5,130.04,88642.0,88.64,12.75
6305,40.0,1.5,135.0,40.0,1.5,135.06,89990.0,89.99,13.66
6306,40.0,1.5,140.0,40.0,1.5,140.06,91087.0,91.09,13.88
6307,40.0,1.5,145.0,40.0,1.5,145.04,93021.0,93.02,14.62
6308,40.0,1.5,150.0,40.0,1.5,149.98,95449.0,95.45,15.42
6309,40.0,1.5,155.0,40.0,1.5,154.89,98271.0,98.27,16.3
6310,40.0,1.5,160.0,40.0,1.5,159.78,100505.0,100.5,16.17
6311,40.0,1.5,165.0,40.0,1.5,164.65,103969.0,103.97,17.21
6312,40.0,1.5,170.0,40.0,1.5,169.5,107326.0,107.33,18.28
6313,40.0,1.5,175.0,40.0,1.5,174.37,109774.0,109.77,18.43
6314,40.0,1.5,180.0,40.0,1.5,179.23,112230.0,112.23,19.05
6327,40.0,2.0,0.0,40.0,2.0,-1.04,99834.0,99.83,20.03
6328,40.0,2.0,5.0,39.99,2.0,4.09,100895.0,100.9,19.48
6329,40.0,2.0,10.0,39.99,2.0,9.21,101610.0,101.61,19.72
6330,40.0,2.0,15.0,39.99,2.0,14.33,101024.0,101.02,19.44
6331,40.0,2.0,20.0,39.99,2.0,19.38,98635.0,98.63,18.08
6332,40.0,2.0,25.0,39.99,2.0,24.41,96381.0,96.38,17.79
6333,40.0,2.0,30.0,40.0,2.0,29.42,93728.0,93.73,17.01
6334,40.0,2.0,35.0,39.99,2.0,34.38,90824.0,90.82,15.78
6335,40.0,2.0,40.0,40.0,2.0,39.32,88775.0,88.78,15.33
6336,40.0,2.0,45.0,39.99,2.0,44.22,86821.0,86.82,14.53
6337,40.0,2.0,50.0,40.0,2.0,49.1,85357.0,85.36,13.61
6338,40.0,2.0,55.0,40.0,2.0,53.98,84441.0,84.44,12.85
6339,40.0,2.0,60.0,40.0,2.0,58.86,84750.0,84.75,12.61
6340,40.0,2.0,65.0,40.0,2.0,63.76,84884.0,84.88,11.57
6341,40.0,2.0,70.0,40.0,2.0,68.68,86389.0,86.39,10.7
6342,40.0,2.0,75.0,40.0,2.0,73.65,90391.0,90.39,10.21
6343,40.0,2.0,78.0,40.0,2.0,76.65,94391.0,94.39,9.85
6344,40.0,2.0,81.0,40.0,2.0,79.68,102154.0,102.15,9.85
6345,40.0,2.0,84.0,40.0,2.0,82.72,115521.0,115.52,10.23
6346,40.0,2.0,86.0,40.0,2.0,84.76,128754.0,128.75,11.06
6347,40.0,2.0,88.0,39.99,2.0,86.81,140553.0,140.55,12.29
6348,40.0,2.0,90.0,39.99,2.0,88.88,139061.0,139.06,12.05
6349,40.0,2.0,92.0,40.0,2.0,90.97,123858.99999999999,123.86,10.32
6350,40.0,2.0,94.0,40.0,2.0,93.06,107627.0,107.63,9.19
6351,40.0,2.0,96.0,40.0,2.0,95.15,96377.0,96.38,8.85
6352,40.0,2.0,99.0,40.0,2.0,98.29,86602.0,86.6,8.83
6353,40.0,2.0,102.0,40.0,2.0,101.43,81657.0,81.66,9.17
6354,40.0,2.0,105.0,40.0,2.0,104.56,78494.0,78.49,9.46
6355,40.0,2.0,110.0,40.0,2.0,109.74,76037.0,76.04,10.15
6356,40.0,2.0,115.0,40.0,2.0,114.89,74787.0,74.79,10.8
6357,40.0,2.0,120.0,40.0,2.0,120.01,74350.0,74.35,11.4
6358,40.0,2.0,125.0,40.0,2.0,125.11,74830.0,74.83,12.29
6359,40.0,2.0,130.0,40.0,2.0,130.19,75319.0,75.32,12.84
6360,40.0,2.0,135.0,40.0,2.0,135.23,76681.0,76.68,13.75
6361,40.0,2.0,140.0,40.0,2.0,140.23,77665.0,77.67,13.93
6362,40.0,2.0,145.0,40.0,2.0,145.2,79936.0,79.94,14.98
6363,40.0,2.0,150.0,40.0,2.0,150.13,81889.0,81.89,15.39
6364,40.0,2.0,155.0,40.0,2.0,155.01,84366.0,84.37,15.99
6365,40.0,2.0,160.0,40.0,2.0,159.86,87232.0,87.23,16.7
6366,40.0,2.0,165.0,40.0,2.0,164.69,90350.0,90.35,17.38
6367,40.0,2.0,170.0,40.0,2.0,169.5,93721.0,93.72,18.55
6368,40.0,2.0,175.0,40.0,2.0,174.32,96546.0,96.55,19.33
6369,40.0,2.0,180.0,40.0,2.0,179.14,98349.0,98.35,18.82
6382,40.0,3.0,0.0,40.0,3.0,-1.15,79943.0,79.94,19.45
6383,40.0,3.0,5.0,39.99,3.0,4.02,81166.0,81.17,19.41
6384,40.0,3.0,10.0,39.99,3.0,9.18,81546.0,81.55,19.55
6385,40.0,3.0,15.0,39.99,3.0,14.34,80592.0,80.59,19.46
6386,40.0,3.0,20.0,39.99,3.0,19.43,78284.0,78.28,18.6
6387,40.0,3.0,25.0,40.0,3.0,24.51,75463.0,75.46,17.45
6388,40.0,3.0,30.0,40.0,3.0,29.56,73347.0,73.35,17.63
6389,40.0,3.0,35.0,39.99,3.0,34.59,70861.0,70.86,16.55
6390,40.0,3.0,40.0,40.0,3.0,39.59,68878.0,68.88,15.96
6391,40.0,3.0,45.0,40.0,3.0,44.55,67029.0,67.03,15.01
6392,40.0,3.0,50.0,40.0,3.0,49.47,65621.0,65.62,14.13
6393,40.0,3.0,55.0,40.0,3.0,54.38,64824.0,64.82,13.47
6394,40.0,3.0,60.0,40.0,3.0,59.27,64446.0,64.45,12.61
6395,40.0,3.0,65.0,40.0,3.0,64.15,64271.0,64.27,11.4
6396,40.0,3.0,70.0,40.0,3.0,69.02,65375.0,65.38,10.5
6397,40.0,3.0,75.0,40.0,3.0,73.91,67987.0,67.99,9.73
6398,40.0,3.0,78.0,40.0,3.0,76.85,70782.0,70.78,9.14
6399,40.0,3.0,81.0,40.0,3.0,79.81,76805.0,76.8,8.89
6400,40.0,3.0,84.0,40.0,3.0,82.79,88922.0,88.92,8.94
6401,40.0,3.0,86.0,40.0,3.0,84.8,103703.0,103.7,9.25
6402,40.0,3.0,88.0,40.0,3.0,86.81,125127.0,125.13,10.98
6403,40.0,3.0,90.0,39.99,3.0,88.85,129197.0,129.2,11.31
6404,40.0,3.0,92.0,40.0,3.0,90.93,108060.99999999999,108.06,9.44
6405,40.0,3.0,94.0,40.0,3.0,93.03,87288.0,87.29,8.3
6406,40.0,3.0,96.0,40.0,3.0,95.13,75010.0,75.01,8.01
6407,40.0,3.0,99.0,40.0,3.0,98.28,66217.0,66.22,8.22
6408,40.0,3.0,102.0,40.0,3.0,101.42,62011.0,62.01,8.55
6409,40.0,3.0,105.0,40.0,3.0,104.57,60410.0,60.41,9.3
6410,40.0,3.0,110.0,40.0,3.0,109.76,58905.99999999999,58.91,10.25
6411,40.0,3.0,115.0,40.0,3.0,114.92,58266.99999999999,58.27,11.07
6412,40.0,3.0,120.0,40.0,3.0,120.04,58186.0,58.19,11.88
6413,40.0,3.0,125.0,40.0,3.0,125.15,58677.0,58.68,12.84
6414,40.0,3.0,130.0,40.0,3.0,130.23,59424.0,59.42,13.66
6415,40.0,3.0,135.0,40.0,3.0,135.27,60429.0,60.43,14.42
6416,40.0,3.0,140.0,40.0,3.0,140.26,61623.0,61.62,14.94
6417,40.0,3.0,145.0,40.0,3.0,145.22,63177.0,63.18,15.56
6418,40.0,3.0,150.0,40.0,3.0,150.14,65221.0,65.22,16.4
6419,40.0,3.0,155.0,40.0,3.0,155.02,67219.0,67.22,16.84
6420,40.0,3.0,160.0,40.0,3.0,159.85,69530.0,69.53,17.04
6421,40.0,3.0,165.0,40.0,3.0,164.67,72670.0,72.67,18.7
6422,40.0,3.0,170.0,40.0,3.0,169.46,74986.0,74.99,18.37
6423,40.0,3.0,175.0,40.0,3.0,174.26,78275.0,78.28,20.5
6424,40.0,3.0,180.0,40.0,3.0,179.09,79644.0,79.64,19.33
6437,40.0,5.0,0.0,40.0,5.0,-1.22,56527.0,56.53,19.28
6438,40.0,5.0,5.0,39.99,5.0,4.02,57335.0,57.33,18.74
6439,40.0,5.0,10.0,39.99,5.0,9.22,57692.99999999999,57.69,19.49
6440,40.0,5.0,15.0,39.99,5.0,14.4,56208.00000000001,56.21,18.47
6441,40.0,5.0,20.0,39.99,5.0,19.52,54563.0,54.56,18.11
6442,40.0,5.0,25.0,39.99,5.0,24.64,52623.0,52.62,17.47
6443,40.0,5.0,30.0,40.0,5.0,29.73,50924.0,50.92,17.34
6444,40.0,5.0,35.0,40.0,5.0,34.81,49534.0,49.53,17.1
6445,40.0,5.0,40.0,40.0,5.0,39.86,48040.0,48.04,16.27
6446,40.0,5.0,45.0,39.99,5.0,44.86,46930.0,46.93,15.75
6447,40.0,5.0,50.0,40.0,5.0,49.83,45975.0,45.98,14.85
6448,40.0,5.0,55.0,40.0,5.0,54.75,45469.0,45.47,14.43
6449,40.0,5.0,60.0,40.0,5.0,59.65,44931.0,44.93,13.33
6450,40.0,5.0,65.0,40.0,5.0,64.52,44898.0,44.9,12.22
6451,40.0,5.0,70.0,40.0,5.0,69.36,45313.0,45.31,11.09
6452,40.0,5.0,75.0,40.0,5.0,74.17,46545.0,46.54,9.82
6453,40.0,5.0,78.0,40.0,5.0,77.05,48123.0,48.12,9.09
6454,40.0,5.0,81.0,40.0,5.0,79.94,51417.99999999999,51.42,8.27
6455,40.0,5.0,84.0,40.0,5.0,82.85,60009.0,60.01,7.69
6456,40.0,5.0,86.0,40.0,5.0,84.81,73625.0,73.63,7.87
6457,40.0,5.0,88.0,40.0,5.0,86.78,100283.0,100.28,9.06
6458,40.0,5.0,90.0,40.0,5.0,88.77,118196.0,118.2,10.66
6459,40.0,5.0,92.0,40.0,5.0,90.83,87961.0,87.96,8.28
6460,40.0,5.0,94.0,40.0,5.0,92.93,63764.0,63.76,7.26
6461,40.0,5.0,96.0,40.0,5.0,95.04,52709.0,52.71,7.35
6462,40.0,5.0,99.0,40.0,5.0,98.21,45903.0,45.9,7.87
6463,40.0,5.0,102.0,40.0,5.0,101.37,43746.0,43.75,8.8
6464,40.0,5.0,105.0,40.0,5.0,104.51,43026.0,43.03,9.79
6465,40.0,5.0,110.0,40.0,5.0,109.69,42546.0,42.55,11.2
6466,40.0,5.0,115.0,40.0,5.0,114.84,42264.0,42.26,12.2
6467,40.0,5.0,120.0,40.0,5.0,119.94,42492.0,42.49,13.37
6468,40.0,5.0,125.0,40.0,5.0,125.03,42924.0,42.92,14.57
6469,40.0,5.0,130.0,40.0,5.0,130.08,43311.0,43.31,15.24
6470,40.0,5.0,135.0,40.0,5.0,135.1,43785.0,43.79,15.63
6471,40.0,5.0,140.0,40.0,5.0,140.08,44415.0,44.41,15.94
6472,40.0,5.0,145.0,40.0,5.0,145.04,45367.0,45.37,16.45
6473,40.0,5.0,150.0,40.0,5.0,149.97,46424.0,46.42,16.71
6474,40.0,5.0,155.0,40.0,5.0,154.86,47658.0,47.66,16.96
6475,40.0,5.0,160.0,40.0,5.0,159.72,49268.0,49.27,17.37
6476,40.0,5.0,165.0,40.0,5.0,164.56,50944.0,50.94,17.53
6477,40.0,5.0,170.0,40.0,5.0,169.38,52834.0,52.83,17.85
6478,40.0,5.0,175.0,40.0,5.0,174.2,54982.00000000001,54.98,18.87
6479,40.0,5.0,180.0,40.0,5.0,179.05,56465.0,56.46,19.01
6492,40.0,7.0,0.0,40.0,7.0,-1.23,41516.0,41.52,18.06
6493,40.0,7.0,5.0,40.0,7.0,4.04,42221.0,42.22,17.83
6494,40.0,7.0,10.0,39.99,7.0,9.25,42420.0,42.42,18.05
6495,40.0,7.0,15.0,39.99,7.0,14.43,41572.0,41.57,17.75
6496,40.0,7.0,20.0,39.99,7.0,19.57,40608.0,40.61,17.94
6497,40.0,7.0,25.0,40.0,7.0,24.69,39513.0,39.51,17.95
6498,40.0,7.0,30.0,40.0,7.0,29.81,38472.0,38.47,17.22
6499,40.0,7.0,35.0,40.0,7.0,34.91,37447.0,37.45,16.54
6500,40.0,7.0,40.0,40.0,7.0,39.97,36682.0,36.68,16.08
6501,40.0,7.0,45.0,40.0,7.0,44.99,36100.0,36.1,15.7
6502,40.0,7.0,50.0,40.0,7.0,49.97,35879.0,35.88,15.93
6503,40.0,7.0,55.0,40.0,7.0,54.91,35556.0,35.56,15.24
6504,40.0,7.0,60.0,40.0,7.0,59.81,35387.0,35.39,14.53
6505,40.0,7.0,65.0,40.0,7.0,64.69,35383.0,35.38,13.36
6506,40.0,7.0,70.0,40.0,7.0,69.52,35561.0,35.56,11.83
6507,40.0,7.0,75.0,40.0,7.0,74.3,36446.0,36.45,10.53
6508,40.0,7.0,78.0,40.0,7.0,77.16,37371.0,37.37,9.5
6509,40.0,7.0,81.0,40.0,7.0,80.02,39256.0,39.26,8.17
6510,40.0,7.0,84.0,40.0,7.0,82.89,45339.0,45.34,7.28
6511,40.0,7.0,86.0,40.0,7.0,84.81,56987.0,56.99,7.25
6512,40.0,7.0,88.0,40.0,7.0,86.75,84017.0,84.02,8.4
6513,40.0,7.0,90.0,40.0,7.0,88.71,111310.99999999999,111.31,10.73
6514,40.0,7.0,92.0,40.0,7.0,90.75,76512.0,76.51,7.87
6515,40.0,7.0,94.0,40.0,7.0,92.85,51201.0,51.2,6.86
6516,40.0,7.0,96.0,40.0,7.0,94.97,41155.0,41.15,7.11
6517,40.0,7.0,99.0,40.0,7.0,98.15,36333.0,36.33,8.22
6518,40.0,7.0,102.0,40.0,7.0,101.3,35049.0,35.05,9.38
6519,40.0,7.0,105.0,40.0,7.0,104.44,34716.0,34.72,10.75
6520,40.0,7.0,110.0,40.0,7.0,109.61,34141.0,34.14,11.82
6521,40.0,7.0,115.0,40.0,7.0,114.74,34090.0,34.09,13.19
6522,40.0,7.0,120.0,40.0,7.0,119.83,33948.0,33.95,14.01
6523,40.0,7.0,125.0,40.0,7.0,124.91,34190.0,34.19,15.53
6524,40.0,7.0,130.0,40.0,7.0,129.94,34005.0,34.01,15.35
6525,40.0,7.0,135.0,40.0,7.0,134.94,34244.0,34.24,16.04
6526,40.0,7.0,140.0,40.0,7.0,139.91,34384.0,34.38,16.02
6527,40.0,7.0,145.0,40.0,7.0,144.87,34733.0,34.73,16.02
6528,40.0,7.0,150.0,40.0,7.0,149.81,35215.0,35.21,16.23
6529,40.0,7.0,155.0,40.0,7.0,154.72,36055.0,36.06,16.77
6530,40.0,7.0,160.0,40.0,7.0,159.61,36913.0,36.91,16.86
6531,40.0,7.0,165.0,40.0,7.0,164.48,37724.0,37.72,16.27
6532,40.0,7.0,170.0,40.0,7.0,169.32,39224.0,39.22,17.38
6533,40.0,7.0,175.0,40.0,7.0,174.16,40507.0,40.51,17.79
6534,40.0,7.0,180.0,40.0,7.0,179.02,41625.0,41.63,17.93
6547,40.0,8.0,0.0,40.0,8.0,-1.21,35744.0,35.74,16.41
6548,40.0,8.0,5.0,40.0,8.0,4.04,36540.0,36.54,17.03
6549,40.0,8.0,10.0,40.0,8.0,9.25,36618.0,36.62,16.99
6550,40.0,8.0,15.0,40.0,8.0,14.44,36173.0,36.17,17.19
6551,40.0,8.0,20.0,40.0,8.0,19.57,35408.0,35.41,17.1
6552,40.0,8.0,25.0,40.0,8.0,24.7,34303.0,34.3,16.04
6553,40.0,8.0,30.0,40.0,8.0,29.82,33733.0,33.73,16.22
6554,40.0,8.0,35.0,40.0,8.0,34.93,33001.0,33.0,15.75
6555,40.0,8.0,40.0,40.0,8.0,39.99,32704.000000000004,32.7,16.07
6556,40.0,8.0,45.0,40.0,8.0,45.02,32287.0,32.29,15.76
6557,40.0,8.0,50.0,40.0,8.0,50.0,32169.0,32.17,15.83
6558,40.0,8.0,55.0,40.0,8.0,54.95,31926.0,31.93,15.04
6559,40.0,8.0,60.0,40.0,8.0,59.86,31979.000000000004,31.98,14.65
6560,40.0,8.0,65.0,40.0,8.0,64.75,32008.0,32.01,13.52
6561,40.0,8.0,70.0,40.0,8.0,69.57,32314.0,32.31,12.33
6562,40.0,8.0,75.0,40.0,8.0,74.35,32924.0,32.92,10.6
6563,40.0,8.0,78.0,40.0,8.0,77.2,33818.0,33.82,9.63
6564,40.0,8.0,81.0,40.0,8.0,80.05,35591.0,35.59,8.46
6565,40.0,8.0,84.0,40.0,8.0,82.9,40896.0,40.9,7.37
6566,40.0,8.0,86.0,40.0,8.0,84.81,51315.0,51.32,7.11
6567,40.0,8.0,88.0,40.0,8.0,86.74,77469.0,77.47,8.07
6568,40.0,8.0,90.0,40.0,8.0,88.68,106330.0,106.33,9.73
6569,40.0,8.0,92.0,40.0,8.0,90.72,72259.0,72.26,7.68
6570,40.0,8.0,94.0,40.0,8.0,92.81,46773.0,46.77,6.71
6571,40.0,8.0,96.0,40.0,8.0,94.94,37251.0,37.25,6.99
6572,40.0,8.0,99.0,40.0,8.0,98.13,33461.0,33.46,8.6
6573,40.0,8.0,102.0,40.0,8.0,101.28,32060.000000000004,32.06,9.59
6574,40.0,8.0,105.0,40.0,8.0,104.41,31747.000000000004,31.75,10.87
6575,40.0,8.0,110.0,40.0,8.0,109.57,31398.0,31.4,12.41
6576,40.0,8.0,115.0,40.0,8.0,114.7,31189.999999999996,31.19,13.66
6577,40.0,8.0,120.0,40.0,8.0,119.79,31030.0,31.03,14.74
6578,40.0,8.0,125.0,40.0,8.0,124.85,30779.000000000004,30.78,15.14
6579,40.0,8.0,130.0,40.0,8.0,129.88,30676.0,30.68,15.48
6580,40.0,8.0,135.0,40.0,8.0,134.88,30626.0,30.63,15.69
6581,40.0,8.0,140.0,40.0,8.0,139.85,30763.0,30.76,16.03
6582,40.0,8.0,145.0,40.0,8.0,144.81,30908.0,30.91,16.0
6583,40.0,8.0,150.0,40.0,8.0,149.75,31242.0,31.24,16.08
6584,40.0,8.0,155.0,40.0,8.0,154.67,31706.0,31.71,16.1
6585,40.0,8.0,160.0,40.0,8.0,159.56,32324.0,32.32,16.15
6586,40.0,8.0,165.0,40.0,8.0,164.44,33042.0,33.04,15.88
6587,40.0,8.0,170.0,40.0,8.0,169.3,34146.0,34.15,16.76
6588,40.0,8.0,175.0,40.0,8.0,174.15,35189.0,35.19,16.97
6589,40.0,8.0,180.0,40.0,8.0,179.02,35713.0,35.71,15.94
7317,45.0,1.0,0.0,44.98,1.0,-0.73,108760.99999999999,108.76,19.88
7318,45.0,1.0,5.0,44.98,1.0,4.35,109965.00000000001,109.96,19.52
7319,45.0,1.0,10.0,44.99,1.0,9.42,110722.0,110.72,19.55
7320,45.0,1.0,15.0,44.99,1.0,14.45,110733.0,110.73,19.27
7321,45.0,1.0,20.0,44.99,1.0,19.4,109991.00000000001,109.99,19.0
7322,45.0,1.0,25.0,45.0,1.0,24.32,108366.00000000001,108.37,18.38
7323,45.0,1.0,30.0,45.0,1.0,29.19,106097.0,106.1,17.33
7324,45.0,1.0,35.0,45.0,1.0,34.02,104407.0,104.41,17.18
7325,45.0,1.0,40.0,44.99,1.0,38.81,102134.0,102.13,16.41
7326,45.0,1.0,45.0,45.0,1.0,43.58,100043.0,100.04,15.45
7327,45.0,1.0,50.0,45.0,1.0,48.36,98540.0,98.54,14.98
7328,45.0,1.0,55.0,44.99,1.0,53.17,97483.0,97.48,14.43
7329,45.0,1.0,60.0,44.99,1.0,58.04,96378.0,96.38,13.44
7330,45.0,1.0,65.0,44.99,1.0,62.99,96766.0,96.77,13.04
7331,45.0,1.0,70.0,45.0,1.0,68.01,98190.0,98.19,12.53
7332,45.0,1.0,75.0,45.0,1.0,73.14,101247.0,101.25,12.13
7333,45.0,1.0,78.0,45.0,1.0,76.25,104343.0,104.34,11.69
7334,45.0,1.0,81.0,45.0,1.0,79.38,109571.0,109.57,11.73
7335,45.0,1.0,84.0,45.0,1.0,82.53,115991.00000000001,115.99,11.83
7336,45.0,1.0,86.0,45.0,1.0,84.63,120181.0,120.18,12.3
7337,45.0,1.0,88.0,45.0,1.0,86.73,121324.0,121.32,12.3
7338,45.0,1.0,90.0,45.0,1.0,88.85,118281.0,118.28,11.98
7339,45.0,1.0,92.0,45.0,1.0,90.96,111114.00000000001,111.11,11.07
7340,45.0,1.0,94.0,45.0,1.0,93.07,103610.99999999999,103.61,10.5
7341,45.0,1.0,96.0,45.0,1.0,95.18,97442.0,97.44,10.31
7342,45.0,1.0,99.0,45.0,1.0,98.31,90759.0,90.76,10.21
7343,45.0,1.0,102.0,44.99,1.0,101.43,87185.0,87.19,10.61
7344,45.0,1.0,105.0,45.0,1.0,104.53,84936.0,84.94,10.87
7345,45.0,1.0,110.0,45.0,1.0,109.65,83342.0,83.34,11.62
7346,45.0,1.0,115.0,45.0,1.0,114.74,82817.0,82.82,12.3
7347,45.0,1.0,120.0,45.0,1.0,119.78,82725.0,82.73,12.71
7348,45.0,1.0,125.0,45.0,1.0,124.82,83089.0,83.09,13.08
7349,45.0,1.0,130.0,45.0,1.0,129.83,84245.0,84.24,13.72
7350,45.0,1.0,135.0,45.0,1.0,134.84,85635.0,85.63,14.35
7351,45.0,1.0,140.0,45.0,1.0,139.82,87422.0,87.42,14.97
7352,45.0,1.0,145.0,45.0,1.0,144.81,89250.0,89.25,15.34
7353,45.0,1.0,150.0,45.0,1.0,149.78,91538.0,91.54,15.84
7354,45.0,1.0,155.0,45.0,1.0,154.74,94125.0,94.13,16.48
7355,45.0,1.0,160.0,45.0,1.0,159.67,97045.0,97.05,17.35
7356,45.0,1.0,165.0,45.0,1.0,164.6,99489.0,99.49,17.31
7357,45.0,1.0,170.0,45.0,1.0,169.52,102120.0,102.12,17.8
7358,45.0,1.0,175.0,45.0,1.0,174.44,104851.0,104.85,18.59
7359,45.0,1.0,180.0,45.0,1.0,179.35,106874.0,106.87,18.94
7372,45.0,1.5,0.0,44.98,1.5,-0.91,93709.0,93.71,20.11
7373,45.0,1.5,5.0,44.99,1.5,4.2,95194.0,95.19,20.41
7374,45.0,1.5,10.0,44.99,1.5,9.31,95593.0,95.59,19.85
7375,45.0,1.5,15.0,44.99,1.5,14.39,95262.0,95.26,19.72
7376,45.0,1.5,20.0,45.0,1.5,19.41,93611.0,93.61,19.25
7377,45.0,1.5,25.0,45.0,1.5,24.4,91074.0,91.07,18.25
7378,45.0,1.5,30.0,45.0,1.5,29.35,88403.0,88.4,17.42
7379,45.0,1.5,35.0,45.0,1.5,34.26,86030.0,86.03,17.08
7380,45.0,1.5,40.0,44.99,1.5,39.12,83386.0,83.39,16.13
7381,45.0,1.5,45.0,45.0,1.5,43.97,81288.0,81.29,15.6
7382,45.0,1.5,50.0,45.0,1.5,48.79,79278.0,79.28,14.78
7383,45.0,1.5,55.0,45.0,1.5,53.63,77595.0,77.59,13.8
7384,45.0,1.5,60.0,44.99,1.5,58.49,76773.0,76.77,13.19
7385,45.0,1.5,65.0,44.99,1.5,63.41,76213.0,76.21,12.43
7386,45.0,1.5,70.0,45.0,1.5,68.38,76179.0,76.18,11.38
7387,45.0,1.5,75.0,45.0,1.5,73.43,78453.0,78.45,10.89
7388,45.0,1.5,78.0,45.0,1.5,76.48,81062.0,81.06,10.51
7389,45.0,1.5,81.0,45.0,1.5,79.56,85611.0,85.61,10.17
7390,45.0,1.5,84.0,45.0,1.5,82.66,94415.0,94.42,10.34
7391,45.0,1.5,86.0,45.0,1.5,84.73,102406.0,102.41,10.75
7392,45.0,1.5,88.0,45.0,1.5,86.8,108538.00000000001,108.54,11.1
7393,45.0,1.5,90.0,45.0,1.5,88.9,106168.0,106.17,10.79
7394,45.0,1.5,92.0,45.0,1.5,90.99,96065.0,96.07,9.98
7395,45.0,1.5,94.0,45.0,1.5,93.09,85116.0,85.12,9.34
7396,45.0,1.5,96.0,45.0,1.5,95.19,77166.0,77.17,9.05
7397,45.0,1.5,99.0,44.99,1.5,98.33,71393.0,71.39,9.42
7398,45.0,1.5,102.0,45.0,1.5,101.45,68717.0,68.72,9.99
7399,45.0,1.5,105.0,45.0,1.5,104.57,67343.0,67.34,10.55
7400,45.0,1.5,110.0,45.0,1.5,109.72,66557.0,66.56,11.43
7401,45.0,1.5,115.0,45.0,1.5,114.83,66379.0,66.38,12.11
7402,45.0,1.5,120.0,45.0,1.5,119.92,66707.0,66.71,12.69
7403,45.0,1.5,125.0,45.0,1.5,124.99,67492.0,67.49,13.32
7404,45.0,1.5,130.0,45.0,1.5,130.04,68576.0,68.58,13.85
7405,45.0,1.5,135.0,45.0,1.5,135.07,70054.0,70.05,14.53
7406,45.0,1.5,140.0,45.0,1.5,140.06,71670.0,71.67,14.99
7407,45.0,1.5,145.0,45.0,1.5,145.04,73876.0,73.88,15.91
7408,45.0,1.5,150.0,45.0,1.5,149.98,75855.0,75.86,15.84
7409,45.0,1.5,155.0,45.0,1.5,154.9,78836.0,78.84,16.97
7410,45.0,1.5,160.0,45.0,1.5,159.78,81410.0,81.41,17.19
7411,45.0,1.5,165.0,45.0,1.5,164.64,84400.0,84.4,17.93
7412,45.0,1.5,170.0,45.0,1.5,169.5,87295.0,87.3,18.21
7413,45.0,1.5,175.0,45.0,1.5,174.36,90547.0,90.55,19.69
7414,45.0,1.5,180.0,45.0,1.5,179.22,92530.0,92.53,19.8
7427,45.0,2.0,0.0,44.98,2.0,-1.03,81903.0,81.9,19.42
7428,45.0,2.0,5.0,44.99,2.0,4.09,83533.0,83.53,19.84
7429,45.0,2.0,10.0,44.99,2.0,9.22,84077.0,84.08,20.09
7430,45.0,2.0,15.0,44.99,2.0,14.33,82918.0,82.92,19.15
7431,45.0,2.0,20.0,45.0,2.0,19.39,81342.0,81.34,19.18
7432,45.0,2.0,25.0,45.0,2.0,24.43,78851.0,78.85,18.6
7433,45.0,2.0,30.0,45.0,2.0,29.43,75984.0,75.98,17.63
7434,45.0,2.0,35.0,45.0,2.0,34.41,73548.0,73.55,17.32
7435,45.0,2.0,40.0,45.0,2.0,39.34,70979.0,70.98,16.37
7436,45.0,2.0,45.0,45.0,2.0,44.25,68744.0,68.74,15.5
7437,45.0,2.0,50.0,45.0,2.0,49.13,66978.0,66.98,14.79
7438,45.0,2.0,55.0,44.99,2.0,54.01,65739.0,65.74,14.36
7439,45.0,2.0,60.0,44.99,2.0,58.89,64536.0,64.54,13.35
7440,45.0,2.0,65.0,45.0,2.0,63.79,63724.0,63.72,12.38
7441,45.0,2.0,70.0,45.0,2.0,68.71,63375.0,63.38,11.24
7442,45.0,2.0,75.0,45.0,2.0,73.69,65025.0,65.02,10.75
7443,45.0,2.0,78.0,45.0,2.0,76.7,67270.0,67.27,10.45
7444,45.0,2.0,81.0,45.0,2.0,79.72,71193.0,71.19,9.87
7445,45.0,2.0,84.0,45.0,2.0,82.76,78421.0,78.42,9.24
7446,45.0,2.0,86.0,45.0,2.0,84.81,88233.0,88.23,9.56
7447,45.0,2.0,88.0,45.0,2.0,86.87,99413.0,99.41,10.38
7448,45.0,2.0,90.0,45.0,2.0,88.93,99293.0,99.29,10.38
7449,45.0,2.0,92.0,45.0,2.0,91.01,84498.0,84.5,8.87
7450,45.0,2.0,94.0,45.0,2.0,93.11,72214.0,72.21,8.55
7451,45.0,2.0,96.0,45.0,2.0,95.2,64554.99999999999,64.55,8.57
7452,45.0,2.0,99.0,45.0,2.0,98.34,59254.0,59.25,9.02
7453,45.0,2.0,102.0,45.0,2.0,101.47,56777.0,56.78,9.43
7454,45.0,2.0,105.0,45.0,2.0,104.6,55869.00000000001,55.87,9.97
7455,45.0,2.0,110.0,45.0,2.0,109.77,56000.0,56.0,11.35
7456,45.0,2.0,115.0,45.0,2.0,114.92,56160.0,56.16,12.08
7457,45.0,2.0,120.0,45.0,2.0,120.04,56903.0,56.9,12.92
7458,45.0,2.0,125.0,45.0,2.0,125.13,57623.0,57.62,13.51
7459,45.0,2.0,130.0,45.0,2.0,130.2,58635.0,58.63,14.03
7460,45.0,2.0,135.0,45.0,2.0,135.25,60032.00000000001,60.03,14.68
7461,45.0,2.0,140.0,45.0,2.0,140.25,61721.0,61.72,15.53
7462,45.0,2.0,145.0,45.0,2.0,145.22,63478.0,63.48,15.81
7463,45.0,2.0,150.0,45.0,2.0,150.15,65776.0,65.78,16.6
7464,45.0,2.0,155.0,45.0,2.0,155.04,68184.0,68.18,16.96
7465,45.0,2.0,160.0,45.0,2.0,159.88,70812.0,70.81,17.65
7466,45.0,2.0,165.0,45.0,2.0,164.7,73858.0,73.86,18.47
7467,45.0,2.0,170.0,45.0,2.0,169.51,76766.0,76.77,19.03
7468,45.0,2.0,175.0,45.0,2.0,174.33,79249.0,79.25,19.3
7469,45.0,2.0,180.0,45.0,2.0,179.16,81262.0,81.26,19.37
7482,45.0,3.0,0.0,44.98,3.0,-1.16,65985.0,65.98,19.74
7483,45.0,3.0,5.0,44.98,3.0,4.01,67004.0,67.0,19.3
7484,45.0,3.0,10.0,44.99,3.0,9.18,67299.0,67.3,19.53
7485,45.0,3.0,15.0,44.99,3.0,14.33,66096.0,66.1,19.26
7486,45.0,3.0,20.0,45.0,3.0,19.43,64489.0,64.49,19.3
7487,45.0,3.0,25.0,44.99,3.0,24.51,61753.0,61.75,18.11
7488,45.0,3.0,30.0,45.0,3.0,29.57,59296.0,59.3,17.33
7489,45.0,3.0,35.0,45.0,3.0,34.6,57282.00000000001,57.28,17.27
7490,45.0,3.0,40.0,44.99,3.0,39.6,55437.0,55.44,17.02
7491,45.0,3.0,45.0,44.99,3.0,44.57,53596.0,53.6,16.13
7492,45.0,3.0,50.0,45.0,3.0,49.5,52103.0,52.1,15.46
7493,45.0,3.0,55.0,44.99,3.0,54.41,50868.0,50.87,14.75
7494,45.0,3.0,60.0,44.99,3.0,59.3,49886.0,49.89,13.89
7495,45.0,3.0,65.0,45.0,3.0,64.18,49186.0,49.19,12.92
7496,45.0,3.0,70.0,45.0,3.0,69.05,48965.0,48.96,12.16
7497,45.0,3.0,75.0,45.0,3.0,73.95,49231.0,49.23,10.91
7498,45.0,3.0,78.0,45.0,3.0,76.9,50269.0,50.27,10.18
7499,45.0,3.0,81.0,45.0,3.0,79.86,52411.0,52.41,9.1
7500,45.0,3.0,84.0,45.0,3.0,82.84,59007.00000000001,59.01,8.56
7501,45.0,3.0,86.0,45.0,3.0,84.86,68827.0,68.83,8.61
7502,45.0,3.0,88.0,45.0,3.0,86.87,84405.0,84.41,9.11
7503,45.0,3.0,90.0,44.99,3.0,88.91,90143.0,90.14,9.69
7504,45.0,3.0,92.0,45.0,3.0,90.98,70712.0,70.71,8.16
7505,45.0,3.0,94.0,45.0,3.0,93.08,55925.0,55.92,7.68
7506,45.0,3.0,96.0,45.0,3.0,95.18,49156.0,49.16,8.1
7507,45.0,3.0,99.0,45.0,3.0,98.32,45050.0,45.05,8.79
7508,45.0,3.0,102.0,45.0,3.0,101.47,43691.0,43.69,9.55
7509,45.0,3.0,105.0,45.0,3.0,104.6,43843.0,43.84,10.73
7510,45.0,3.0,110.0,45.0,3.0,109.8,44148.0,44.15,12.0
7511,45.0,3.0,115.0,45.0,3.0,114.95,44611.0,44.61,12.85
7512,45.0,3.0,120.0,45.0,3.0,120.07,45218.0,45.22,13.72
7513,45.0,3.0,125.0,45.0,3.0,125.17,46235.0,46.23,15.0
7514,45.0,3.0,130.0,45.0,3.0,130.24,46821.0,46.82,14.9
7515,45.0,3.0,135.0,45.0,3.0,135.28,47941.0,47.94,15.42
7516,45.0,3.0,140.0,45.0,3.0,140.27,49234.0,49.23,15.99
7517,45.0,3.0,145.0,45.0,3.0,145.23,50790.0,50.79,16.56
7518,45.0,3.0,150.0,45.0,3.0,150.15,52235.0,52.23,16.42
7519,45.0,3.0,155.0,45.0,3.0,155.03,54716.99999999999,54.72,18.14
7520,45.0,3.0,160.0,45.0,3.0,159.86,56278.0,56.28,17.01
7521,45.0,3.0,165.0,45.0,3.0,164.66,58954.99999999999,58.96,18.13
7522,45.0,3.0,170.0,45.0,3.0,169.45,60837.0,60.84,17.29
7523,45.0,3.0,175.0,45.0,3.0,174.26,63575.0,63.57,18.59
7524,45.0,3.0,180.0,45.0,3.0,179.08,65479.99999999999,65.48,19.08
7537,45.0,5.0,0.0,44.98,5.0,-1.2,45750.0,45.75,17.93
7538,45.0,5.0,5.0,44.98,5.0,4.02,46644.0,46.64,17.79
7539,45.0,5.0,10.0,44.99,5.0,9.24,46575.0,46.57,17.44
7540,45.0,5.0,15.0,44.99,5.0,14.41,45589.0,45.59,17.23
7541,45.0,5.0,20.0,44.99,5.0,19.53,44239.0,44.24,17.4
7542,45.0,5.0,25.0,44.99,5.0,24.64,42715.0,42.72,17.31
7543,45.0,5.0,30.0,45.0,5.0,29.75,41222.0,41.22,17.22
7544,45.0,5.0,35.0,45.0,5.0,34.83,39906.0,39.91,17.07
7545,45.0,5.0,40.0,45.0,5.0,39.88,38718.0,38.72,16.55
7546,45.0,5.0,45.0,45.0,5.0,44.9,37701.0,37.7,16.25
7547,45.0,5.0,50.0,45.0,5.0,49.86,36865.0,36.87,15.96
7548,45.0,5.0,55.0,44.99,5.0,54.81,36138.0,36.14,15.5
7549,45.0,5.0,60.0,45.0,5.0,59.71,35429.0,35.43,14.52
7550,45.0,5.0,65.0,44.99,5.0,64.58,35039.0,35.04,13.97
7551,45.0,5.0,70.0,45.0,5.0,69.42,34535.0,34.53,12.56
7552,45.0,5.0,75.0,45.0,5.0,74.25,34555.0,34.56,11.59
7553,45.0,5.0,78.0,45.0,5.0,77.14,34542.0,34.54,10.34
7554,45.0,5.0,81.0,45.0,5.0,80.04,35617.0,35.62,9.29
7555,45.0,5.0,84.0,45.0,5.0,82.94,39191.0,39.19,7.91
7556,45.0,5.0,86.0,45.0,5.0,84.91,46729.0,46.73,7.4
7557,45.0,5.0,88.0,45.0,5.0,86.89,64079.0,64.08,7.55
7558,45.0,5.0,90.0,45.0,5.0,88.89,78321.0,78.32,8.57
7559,45.0,5.0,92.0,45.0,5.0,90.95,53808.00000000001,53.81,7.12
7560,45.0,5.0,94.0,45.0,5.0,93.03,38995.0,38.99,6.96
7561,45.0,5.0,96.0,45.0,5.0,95.15,33882.0,33.88,7.78
7562,45.0,5.0,99.0,45.0,5.0,98.31,31970.999999999996,31.97,9.39
7563,45.0,5.0,102.0,45.0,5.0,101.46,31686.0,31.69,10.37
7564,45.0,5.0,105.0,45.0,5.0,104.6,32020.0,32.02,11.52
7565,45.0,5.0,110.0,45.0,5.0,109.77,32689.0,32.69,13.23
7566,45.0,5.0,115.0,45.0,5.0,114.9,33067.0,33.07,14.24
7567,45.0,5.0,120.0,45.0,5.0,120.0,33225.0,33.22,14.23
7568,45.0,5.0,125.0,45.0,5.0,125.07,33785.0,33.78,14.99
7569,45.0,5.0,130.0,45.0,5.0,130.12,34426.0,34.43,15.87
7570,45.0,5.0,135.0,45.0,5.0,135.13,34921.0,34.92,15.91
7571,45.0,5.0,140.0,45.0,5.0,140.11,35610.0,35.61,16.31
7572,45.0,5.0,145.0,45.0,5.0,145.07,36286.0,36.29,16.2
7573,45.0,5.0,150.0,45.0,5.0,149.99,37186.0,37.19,16.19
7574,45.0,5.0,155.0,45.0,5.0,154.89,38623.0,38.62,17.46
7575,45.0,5.0,160.0,45.0,5.0,159.74,39734.0,39.73,16.94
7576,45.0,5.0,165.0,45.0,5.0,164.58,41167.0,41.17,17.06
7577,45.0,5.0,170.0,45.0,5.0,169.39,43007.0,43.01,18.11
7578,45.0,5.0,175.0,45.0,5.0,174.21,44103.0,44.1,16.58
7579,45.0,5.0,180.0,45.0,5.0,179.05,45910.0,45.91,18.16
7592,45.0,7.0,0.0,44.98,7.0,-1.23,32931.0,32.93,16.11
7593,45.0,7.0,5.0,44.99,7.0,4.03,33640.0,33.64,16.2
7594,45.0,7.0,10.0,44.99,7.0,9.27,33763.0,33.76,16.44
7595,45.0,7.0,15.0,44.99,7.0,14.44,33263.0,33.26,16.75
7596,45.0,7.0,20.0,44.99,7.0,19.57,32045.0,32.04,15.6
7597,45.0,7.0,25.0,45.0,7.0,24.7,31368.0,31.37,16.24
7598,45.0,7.0,30.0,45.0,7.0,29.82,30369.0,30.37,15.3
7599,45.0,7.0,35.0,45.0,7.0,34.92,29981.0,29.98,16.42
7600,45.0,7.0,40.0,45.0,7.0,39.99,29208.0,29.21,15.44
7601,45.0,7.0,45.0,44.99,7.0,45.01,28795.999999999996,28.8,15.61
7602,45.0,7.0,50.0,45.0,7.0,50.0,28391.000000000004,28.39,15.43
7603,45.0,7.0,55.0,44.99,7.0,54.96,28126.0,28.13,15.31
7604,45.0,7.0,60.0,44.99,7.0,59.87,27941.000000000004,27.94,15.04
7605,45.0,7.0,65.0,44.99,7.0,64.75,27805.0,27.81,14.78
7606,45.0,7.0,70.0,44.99,7.0,69.59,27519.0,27.52,13.36
7607,45.0,7.0,75.0,45.0,7.0,74.4,27510.000000000004,27.51,12.42
7608,45.0,7.0,78.0,45.0,7.0,77.27,27492.0,27.49,11.23
7609,45.0,7.0,81.0,45.0,7.0,80.14,27814.0,27.81,9.71
7610,45.0,7.0,84.0,45.0,7.0,83.01,30002.0,30.0,7.92
7611,45.0,7.0,86.0,45.0,7.0,84.94,36187.0,36.19,7.33
7612,45.0,7.0,88.0,45.0,7.0,86.89,53072.0,53.07,7.33
7613,45.0,7.0,90.0,45.0,7.0,88.86,71388.0,71.39,8.19
7614,45.0,7.0,92.0,45.0,7.0,90.9,45228.0,45.23,6.95
7615,45.0,7.0,94.0,45.0,7.0,92.99,30883.0,30.88,6.86
7616,45.0,7.0,96.0,45.0,7.0,95.11,26897.000000000004,26.9,8.07
7617,45.0,7.0,99.0,45.0,7.0,98.28,25848.0,25.85,9.98
7618,45.0,7.0,102.0,45.0,7.0,101.42,25895.999999999996,25.9,11.19
7619,45.0,7.0,105.0,45.0,7.0,104.55,26252.999999999996,26.25,12.42
7620,45.0,7.0,110.0,45.0,7.0,109.7,26587.0,26.59,13.71
7621,45.0,7.0,115.0,45.0,7.0,114.82,26664.999999999996,26.67,14.28
7622,45.0,7.0,120.0,45.0,7.0,119.89,26708.0,26.71,14.55
7623,45.0,7.0,125.0,45.01,7.0,124.95,26805.0,26.81,14.84
7624,45.0,7.0,130.0,45.0,7.0,129.98,26908.0,26.91,15.23
7625,45.0,7.0,135.0,45.0,7.0,134.98,27052.0,27.05,15.39
7626,45.0,7.0,140.0,45.0,7.0,139.95,27187.0,27.19,15.18
7627,45.0,7.0,145.0,45.0,7.0,144.9,27582.0,27.58,15.62
7628,45.0,7.0,150.0,45.0,7.0,149.84,27950.0,27.95,15.62
7629,45.0,7.0,155.0,45.0,7.0,154.74,28491.000000000004,28.49,15.48
7630,45.0,7.0,160.0,45.0,7.0,159.62,29123.0,29.12,15.41
7631,45.0,7.0,165.0,45.0,7.0,164.48,29923.0,29.92,15.22
7632,45.0,7.0,170.0,45.0,7.0,169.33,31210.000000000004,31.21,16.32
7633,45.0,7.0,175.0,45.0,7.0,174.17,32164.0,32.16,16.23
7634,45.0,7.0,180.0,45.0,7.0,179.02,32875.0,32.87,15.53
7647,45.0,8.0,0.0,45.0,8.0,-1.24,28189.999999999996,28.19,15.28
7648,45.0,8.0,5.0,45.0,8.0,4.01,28744.0,28.74,15.37
7649,45.0,8.0,10.0,45.0,8.0,9.25,28912.0,28.91,15.74
7650,45.0,8.0,15.0,45.0,8.0,14.43,28500.0,28.5,15.77
7651,45.0,8.0,20.0,45.0,8.0,19.57,27652.0,27.65,14.82
7652,45.0,8.0,25.0,45.0,8.0,24.7,27144.0,27.14,15.12
7653,45.0,8.0,30.0,45.0,8.0,29.82,26495.999999999996,26.5,14.74
7654,45.0,8.0,35.0,45.0,8.0,34.93,26208.999999999996,26.21,15.28
7655,45.0,8.0,40.0,45.0,8.0,40.0,25864.0,25.86,15.23
7656,45.0,8.0,45.0,44.99,8.0,45.03,25602.999999999996,25.6,15.31
7657,45.0,8.0,50.0,45.0,8.0,50.02,25493.0,25.49,15.77
7658,45.0,8.0,55.0,45.0,8.0,54.98,25296.0,25.3,15.34
7659,45.0,8.0,60.0,44.99,8.0,59.9,25199.0,25.2,15.02
7660,45.0,8.0,65.0,45.0,8.0,64.79,25125.0,25.12,14.48
7661,45.0,8.0,70.0,45.0,8.0,69.63,25056.0,25.06,13.63
7662,45.0,8.0,75.0,45.0,8.0,74.44,25102.0,25.1,12.63
7663,45.0,8.0,78.0,45.0,8.0,77.3,25136.0,25.14,11.55
7664,45.0,8.0,81.0,45.0,8.0,80.17,25300.0,25.3,9.91
7665,45.0,8.0,84.0,45.0,8.0,83.03,27164.0,27.16,8.11
7666,45.0,8.0,86.0,45.0,8.0,84.94,32114.999999999996,32.11,7.05
7667,45.0,8.0,88.0,45.0,8.0,86.88,48187.0,48.19,7.01
7668,45.0,8.0,90.0,45.0,8.0,88.83,69237.0,69.24,8.28
7669,45.0,8.0,92.0,45.0,8.0,90.87,41065.0,41.07,6.39
7670,45.0,8.0,94.0,45.0,8.0,92.95,28125.0,28.13,6.78
7671,45.0,8.0,96.0,45.0,8.0,95.07,24373.0,24.37,7.93
7672,45.0,8.0,99.0,45.0,8.0,98.25,23985.0,23.99,10.63
7673,45.0,8.0,102.0,45.0,8.0,101.4,24106.0,24.11,12.02
7674,45.0,8.0,105.0,45.0,8.0,104.52,24109.0,24.11,12.51
7675,45.0,8.0,110.0,45.0,8.0,109.66,24349.0,24.35,13.62
7676,45.0,8.0,115.0,45.0,8.0,114.77,24389.0,24.39,14.43
7677,45.0,8.0,120.0,45.0,8.0,119.84,24329.0,24.33,14.89
7678,45.0,8.0,125.0,45.01,8.0,124.9,24142.0,24.14,14.64
7679,45.0,8.0,130.0,45.0,8.0,129.91,24163.0,24.16,15.16
7680,45.0,8.0,135.0,45.0,8.0,134.91,24097.0,24.1,15.08
7681,45.0,8.0,140.0,45.0,8.0,139.87,24155.0,24.15,15.06
7682,45.0,8.0,145.0,45.0,8.0,144.83,24225.0,24.23,14.85
7683,45.0,8.0,150.0,45.0,8.0,149.76,24394.0,24.39,14.61
7684,45.0,8.0,155.0,45.0,8.0,154.68,24816.0,24.82,14.84
7685,45.0,8.0,160.0,45.0,8.0,159.57,25178.0,25.18,14.37
7686,45.0,8.0,165.0,45.0,8.0,164.44,25988.0,25.99,15.05
7687,45.0,8.0,170.0,45.0,8.0,169.3,26697.000000000004,26.7,15.06
7688,45.0,8.0,175.0,45.0,8.0,174.15,27572.000000000004,27.57,15.34
7689,45.0,8.0,180.0,45.0,8.0,179.01,28439.999999999996,28.44,16.25
8417,50.0,1.0,0.0,49.99,1.0,-0.73,88322.0,88.32,19.75
8418,50.0,1.0,5.0,49.99,1.0,4.36,89563.0,89.56,19.54
8419,50.0,1.0,10.0,50.0,1.0,9.41,90454.0,90.45,19.82
8420,50.0,1.0,15.0,50.0,1.0,14.46,90677.0,90.68,20.11
8421,50.0,1.0,20.0,50.0,1.0,19.42,89668.0,89.67,19.66
8422,50.0,1.0,25.0,50.0,1.0,24.33,87970.0,87.97,19.22
8423,50.0,1.0,30.0,50.0,1.0,29.2,85705.0,85.7,18.31
8424,50.0,1.0,35.0,50.0,1.0,34.03,83418.0,83.42,17.6
8425,50.0,1.0,40.0,50.0,1.0,38.83,81161.0,81.16,16.9
8426,50.0,1.0,45.0,50.0,1.0,43.6,79488.0,79.49,16.92
8427,50.0,1.0,50.0,49.99,1.0,48.38,77330.0,77.33,15.7
8428,50.0,1.0,55.0,49.99,1.0,53.2,76015.0,76.02,15.5
8429,50.0,1.0,60.0,49.99,1.0,58.07,74566.0,74.57,14.47
8430,50.0,1.0,65.0,50.0,1.0,63.02,74302.0,74.3,14.25
8431,50.0,1.0,70.0,50.0,1.0,68.06,74059.0,74.06,13.26
8432,50.0,1.0,75.0,50.0,1.0,73.18,75375.0,75.38,12.65
8433,50.0,1.0,78.0,50.0,1.0,76.29,76903.0,76.9,12.07
8434,50.0,1.0,81.0,50.0,1.0,79.42,79922.0,79.92,11.83
8435,50.0,1.0,84.0,50.0,1.0,82.57,83780.0,83.78,11.3
8436,50.0,1.0,86.0,50.0,1.0,84.68,87517.0,87.52,11.6
8437,50.0,1.0,88.0,50.0,1.0,86.78,89539.0,89.54,11.82
8438,50.0,1.0,90.0,50.0,1.0,88.89,86850.0,86.85,11.45
8439,50.0,1.0,92.0,50.0,1.0,91.0,80713.0,80.71,10.88
8440,50.0,1.0,94.0,50.0,1.0,93.11,74341.0,74.34,10.53
8441,50.0,1.0,96.0,50.0,1.0,95.2,69719.0,69.72,10.52
8442,50.0,1.0,99.0,50.0,1.0,98.35,65734.0,65.73,10.83
8443,50.0,1.0,102.0,50.0,1.0,101.47,64245.00000000001,64.24,11.62
8444,50.0,1.0,105.0,50.0,1.0,104.57,63316.0,63.32,12.12
8445,50.0,1.0,110.0,50.0,1.0,109.69,62742.99999999999,62.74,12.78
8446,50.0,1.0,115.0,50.0,1.0,114.77,62945.00000000001,62.94,13.38
8447,50.0,1.0,120.0,50.0,1.0,119.82,63358.00000000001,63.36,13.7
8448,50.0,1.0,125.0,50.0,1.0,124.85,64430.99999999999,64.43,14.5
8449,50.0,1.0,130.0,50.0,1.0,129.86,65495.00000000001,65.49,14.8
8450,50.0,1.0,135.0,50.0,1.0,134.87,66829.0,66.83,15.11
8451,50.0,1.0,140.0,50.0,1.0,139.85,68340.0,68.34,15.35
8452,50.0,1.0,145.0,50.0,1.0,144.83,70357.0,70.36,15.94
8453,50.0,1.0,150.0,50.0,1.0,149.79,72670.0,72.67,16.56
8454,50.0,1.0,155.0,50.0,1.0,154.74,75119.0,75.12,17.13
8455,50.0,1.0,160.0,50.0,1.0,159.68,77656.0,77.66,17.71
8456,50.0,1.0,165.0,50.0,1.0,164.6,80298.0,80.3,18.12
8457,50.0,1.0,170.0,50.0,1.0,169.52,82989.0,82.99,18.93
8458,50.0,1.0,175.0,50.0,1.0,174.45,85329.0,85.33,19.27
8459,50.0,1.0,180.0,50.0,1.0,179.36,87371.0,87.37,19.89
8472,50.0,1.5,0.0,49.99,1.5,-0.9,76442.0,76.44,20.59
8473,50.0,1.5,5.0,49.99,1.5,4.23,77424.0,77.42,19.79
8474,50.0,1.5,10.0,49.99,1.5,9.32,78053.0,78.05,19.85
8475,50.0,1.5,15.0,50.0,1.5,14.42,77773.0,77.77,20.3
8476,50.0,1.5,20.0,50.0,1.5,19.45,76148.0,76.15,19.7
8477,50.0,1.5,25.0,50.0,1.5,24.43,73955.0,73.96,19.16
8478,50.0,1.5,30.0,50.0,1.5,29.38,71198.0,71.2,17.99
8479,50.0,1.5,35.0,50.0,1.5,34.29,68899.0,68.9,17.81
8480,50.0,1.5,40.0,50.0,1.5,39.16,66361.0,66.36,16.82
8481,50.0,1.5,45.0,50.0,1.5,44.0,64372.0,64.37,16.54
8482,50.0,1.5,50.0,50.0,1.5,48.82,62600.0,62.6,16.17
8483,50.0,1.5,55.0,50.0,1.5,53.66,60620.00000000001,60.62,14.98
8484,50.0,1.5,60.0,49.99,1.5,58.53,59584.0,59.58,14.79
8485,50.0,1.5,65.0,50.0,1.5,63.45,58334.0,58.33,13.66
8486,50.0,1.5,70.0,50.0,1.5,68.43,57957.00000000001,57.96,13.01
8487,50.0,1.5,75.0,50.0,1.5,73.47,58609.0,58.61,12.33
8488,50.0,1.5,78.0,50.0,1.5,76.52,59198.0,59.2,11.34
8489,50.0,1.5,81.0,50.0,1.5,79.61,61690.0,61.69,10.88
8490,50.0,1.5,84.0,50.0,1.5,82.71,66523.0,66.52,10.49
8491,50.0,1.5,86.0,50.0,1.5,84.79,71414.0,71.41,10.16
8492,50.0,1.5,88.0,50.0,1.5,86.86,76673.0,76.67,10.21
8493,50.0,1.5,90.0,50.0,1.5,88.95,75610.0,75.61,10.17
8494,50.0,1.5,92.0,50.0,1.5,91.05,66462.0,66.46,9.48
8495,50.0,1.5,94.0,50.0,1.5,93.14,58478.0,58.48,9.3
8496,50.0,1.5,96.0,50.0,1.5,95.24,54542.99999999999,54.54,9.89
8497,50.0,1.5,99.0,50.0,1.5,98.38,51392.99999999999,51.39,10.54
8498,50.0,1.5,102.0,50.0,1.5,101.51,50371.0,50.37,11.39
8499,50.0,1.5,105.0,50.0,1.5,104.62,50007.0,50.01,12.03
8500,50.0,1.5,110.0,50.0,1.5,109.76,50029.0,50.03,12.73
8501,50.0,1.5,115.0,50.0,1.5,114.88,50579.0,50.58,13.43
8502,50.0,1.5,120.0,50.0,1.5,119.97,51314.0,51.31,14.0
8503,50.0,1.5,125.0,50.0,1.5,125.03,52325.0,52.32,14.51
8504,50.0,1.5,130.0,50.0,1.5,130.07,53299.0,53.3,14.68
8505,50.0,1.5,135.0,50.0,1.5,135.1,54932.00000000001,54.93,15.48
8506,50.0,1.5,140.0,50.0,1.5,140.1,56570.00000000001,56.57,16.03
8507,50.0,1.5,145.0,50.0,1.5,145.07,58416.99999999999,58.42,16.47
8508,50.0,1.5,150.0,50.0,1.5,150.01,60358.00000000001,60.36,16.57
8509,50.0,1.5,155.0,50.0,1.5,154.92,62809.0,62.81,17.21
8510,50.0,1.5,160.0,50.0,1.5,159.8,65522.0,65.52,18.02
8511,50.0,1.5,165.0,50.0,1.5,164.67,68027.0,68.03,18.27
8512,50.0,1.5,170.0,50.0,1.5,169.52,70583.0,70.58,18.4
8513,50.0,1.5,175.0,50.0,1.5,174.38,73143.0,73.14,19.16
8514,50.0,1.5,180.0,50.0,1.5,179.25,75191.0,75.19,19.48
8527,50.0,2.0,0.0,49.99,2.0,-1.04,66824.0,66.82,19.83
8528,50.0,2.0,5.0,49.99,2.0,4.1,67851.0,67.85,19.4
8529,50.0,2.0,10.0,50.0,2.0,9.22,68638.0,68.64,20.23
8530,50.0,2.0,15.0,50.0,2.0,14.35,67577.0,67.58,19.33
8531,50.0,2.0,20.0,50.0,2.0,19.41,66060.0,66.06,19.48
8532,50.0,2.0,25.0,50.0,2.0,24.45,63570.00000000001,63.57,18.49
8533,50.0,2.0,30.0,50.0,2.0,29.46,61329.99999999999,61.33,18.55
8534,50.0,2.0,35.0,50.0,2.0,34.43,58879.0,58.88,17.74
8535,50.0,2.0,40.0,50.0,2.0,39.37,56507.00000000001,56.51,16.72
8536,50.0,2.0,45.0,50.0,2.0,44.28,54829.99999999999,54.83,16.94
8537,50.0,2.0,50.0,49.99,2.0,49.16,52927.0,52.93,15.97
8538,50.0,2.0,55.0,49.99,2.0,54.04,51205.99999999999,51.21,15.01
8539,50.0,2.0,60.0,49.99,2.0,58.92,50418.0,50.42,15.48
8540,50.0,2.0,65.0,49.99,2.0,63.82,49159.0,49.16,14.14
8541,50.0,2.0,70.0,50.0,2.0,68.76,48292.0,48.29,13.0
8542,50.0,2.0,75.0,50.0,2.0,73.72,48334.0,48.33,12.04
8543,50.0,2.0,78.0,50.0,2.0,76.73,49004.0,49.0,11.45
8544,50.0,2.0,81.0,50.0,2.0,79.77,50980.0,50.98,10.9
8545,50.0,2.0,84.0,50.0,2.0,82.82,54794.00000000001,54.79,9.82
8546,50.0,2.0,86.0,50.0,2.0,84.87,59919.00000000001,59.92,9.25
8547,50.0,2.0,88.0,50.0,2.0,86.92,67549.0,67.55,9.23
8548,50.0,2.0,90.0,50.0,2.0,88.99,68313.0,68.31,9.34
8549,50.0,2.0,92.0,50.0,2.0,91.07,57179.0,57.18,8.71
8550,50.0,2.0,94.0,50.0,2.0,93.16,49074.0,49.07,8.95
8551,50.0,2.0,96.0,50.0,2.0,95.25,45088.0,45.09,9.51
8552,50.0,2.0,99.0,50.0,2.0,98.39,42723.0,42.72,10.48
8553,50.0,2.0,102.0,50.0,2.0,101.52,42014.0,42.01,11.29
8554,50.0,2.0,105.0,50.0,2.0,104.65,41945.0,41.94,11.89
8555,50.0,2.0,110.0,50.0,2.0,109.81,42513.0,42.51,13.11
8556,50.0,2.0,115.0,50.0,2.0,114.96,43230.0,43.23,13.76
8557,50.0,2.0,120.0,50.0,2.0,120.08,44080.0,44.08,14.53
8558,50.0,2.0,125.0,50.0,2.0,125.17,45014.0,45.01,15.0
8559,50.0,2.0,130.0,50.0,2.0,130.23,46061.0,46.06,15.34
8560,50.0,2.0,135.0,50.0,2.0,135.27,47452.0,47.45,15.98
8561,50.0,2.0,140.0,50.0,2.0,140.28,48748.0,48.75,16.05
8562,50.0,2.0,145.0,50.0,2.0,145.25,50488.0,50.49,16.59
8563,50.0,2.0,150.0,50.0,2.0,150.17,52196.0,52.2,16.65
8564,50.0,2.0,155.0,50.0,2.0,155.05,54784.0,54.78,18.2
8565,50.0,2.0,160.0,50.0,2.0,159.89,56752.0,56.75,17.72
8566,50.0,2.0,165.0,50.0,2.0,164.71,59192.99999999999,59.19,17.81
8567,50.0,2.0,170.0,50.0,2.0,169.52,61929.99999999999,61.93,19.1
8568,50.0,2.0,175.0,50.0,2.0,174.34,64067.99999999999,64.07,18.7
8569,50.0,2.0,180.0,50.0,2.0,179.16,66049.0,66.05,19.22
8582,50.0,3.0,0.0,49.99,3.0,-1.15,53152.0,53.15,18.67
8583,50.0,3.0,5.0,49.99,3.0,4.04,54150.0,54.15,18.49
8584,50.0,3.0,10.0,50.0,3.0,9.19,54516.0,54.52,19.14
8585,50.0,3.0,15.0,50.0,3.0,14.36,53444.00000000001,53.44,18.53
8586,50.0,3.0,20.0,50.0,3.0,19.46,51820.00000000001,51.82,18.46
8587,50.0,3.0,25.0,50.0,3.0,24.55,49792.0,49.79,18.1
8588,50.0,3.0,30.0,50.0,3.0,29.61,47679.0,47.68,17.49
8589,50.0,3.0,35.0,50.0,3.0,34.64,45924.0,45.92,17.62
8590,50.0,3.0,40.0,50.0,3.0,39.64,44162.0,44.16,17.14
8591,50.0,3.0,45.0,50.0,3.0,44.61,42552.0,42.55,16.5
8592,50.0,3.0,50.0,50.0,3.0,49.55,41271.0,41.27,16.36
8593,50.0,3.0,55.0,49.99,3.0,54.46,40098.0,40.1,15.76
8594,50.0,3.0,60.0,49.99,3.0,59.35,39037.0,39.04,15.12
8595,50.0,3.0,65.0,49.99,3.0,64.24,38268.0,38.27,14.83
8596,50.0,3.0,70.0,50.0,3.0,69.12,37327.0,37.33,13.53
8597,50.0,3.0,75.0,50.0,3.0,74.01,36749.0,36.75,12.29
8598,50.0,3.0,78.0,50.0,3.0,76.95,36996.0,37.0,11.84
8599,50.0,3.0,81.0,50.0,3.0,79.92,37647.0,37.65,10.45
8600,50.0,3.0,84.0,50.0,3.0,82.92,40897.0,40.9,9.49
8601,50.0,3.0,86.0,50.0,3.0,84.93,45477.0,45.48,8.49
8602,50.0,3.0,88.0,50.0,3.0,86.96,54829.99999999999,54.83,8.15
8603,50.0,3.0,90.0,50.0,3.0,89.0,58807.00000000001,58.81,8.32
8604,50.0,3.0,92.0,50.0,3.0,91.07,45293.0,45.29,7.8
8605,50.0,3.0,94.0,50.0,3.0,93.15,37145.0,37.15,8.33
8606,50.0,3.0,96.0,50.0,3.0,95.25,34107.0,34.11,9.4
8607,50.0,3.0,99.0,50.0,3.0,98.4,32504.000000000004,32.5,10.45
8608,50.0,3.0,102.0,50.0,3.0,101.54,32790.0,32.79,12.02
8609,50.0,3.0,105.0,50.0,3.0,104.68,32990.0,32.99,12.64
8610,50.0,3.0,110.0,50.0,3.0,109.85,33671.0,33.67,13.33
8611,50.0,3.0,115.0,50.0,3.0,115.01,34435.0,34.43,14.22
8612,50.0,3.0,120.0,50.0,3.0,120.13,35292.0,35.29,15.04
8613,50.0,3.0,125.0,50.0,3.0,125.22,36096.0,36.1,15.5
8614,50.0,3.0,130.0,50.0,3.0,130.29,36849.0,36.85,15.56
8615,50.0,3.0,135.0,50.0,3.0,135.32,37887.0,37.89,16.08
8616,50.0,3.0,140.0,50.0,3.0,140.32,38981.0,38.98,16.36
8617,50.0,3.0,145.0,50.0,3.0,145.27,40208.0,40.21,16.35
8618,50.0,3.0,150.0,50.0,3.0,150.18,41683.0,41.68,16.89
8619,50.0,3.0,155.0,50.0,3.0,155.06,43251.0,43.25,16.78
8620,50.0,3.0,160.0,50.0,3.0,159.89,45200.0,45.2,17.23
8621,50.0,3.0,165.0,50.0,3.0,164.69,47063.0,47.06,17.2
8622,50.0,3.0,170.0,50.0,3.0,169.48,49262.0,49.26,17.82
8623,50.0,3.0,175.0,50.0,3.0,174.28,51351.0,51.35,18.68
8624,50.0,3.0,180.0,50.0,3.0,179.1,52853.0,52.85,18.3
8637,50.0,5.0,0.0,49.99,5.0,-1.21,36156.0,36.16,16.59
8638,50.0,5.0,5.0,49.99,5.0,4.04,37021.0,37.02,16.84
8639,50.0,5.0,10.0,49.99,5.0,9.24,36984.0,36.98,16.61
8640,50.0,5.0,15.0,50.0,5.0,14.43,36373.0,36.37,17.14
8641,50.0,5.0,20.0,50.0,5.0,19.56,35079.0,35.08,16.57
8642,50.0,5.0,25.0,50.0,5.0,24.68,33800.0,33.8,16.7
8643,50.0,5.0,30.0,50.0,5.0,29.78,32635.000000000004,32.63,16.64
8644,50.0,5.0,35.0,50.0,5.0,34.87,31591.000000000004,31.59,16.61
8645,50.0,5.0,40.0,50.0,5.0,39.91,30631.0,30.63,16.51
8646,50.0,5.0,45.0,50.0,5.0,44.94,29702.999999999996,29.7,15.95
8647,50.0,5.0,50.0,50.0,5.0,49.91,29074.0,29.07,16.04
8648,50.0,5.0,55.0,49.99,5.0,54.85,28400.0,28.4,15.66
8649,50.0,5.0,60.0,49.99,5.0,59.75,27770.0,27.77,15.09
8650,50.0,5.0,65.0,49.99,5.0,64.64,27343.0,27.34,14.88
8651,50.0,5.0,70.0,50.0,5.0,69.49,26927.0,26.93,14.44
8652,50.0,5.0,75.0,49.99,5.0,74.32,26266.000000000004,26.27,13.17
8653,50.0,5.0,78.0,50.0,5.0,77.21,26031.0,26.03,12.4
8654,50.0,5.0,81.0,50.0,5.0,80.12,25994.0,25.99,11.07
8655,50.0,5.0,84.0,50.0,5.0,83.04,27430.0,27.43,9.3
8656,50.0,5.0,86.0,50.0,5.0,85.01,31062.0,31.06,8.09
8657,50.0,5.0,88.0,50.0,5.0,87.0,40402.0,40.4,7.21
8658,50.0,5.0,90.0,50.0,5.0,89.0,48575.0,48.58,7.45
8659,50.0,5.0,92.0,50.0,5.0,91.05,33256.0,33.26,7.31
8660,50.0,5.0,94.0,50.0,5.0,93.14,26242.0,26.24,8.57
8661,50.0,5.0,96.0,50.0,5.0,95.25,23897.0,23.9,9.67
8662,50.0,5.0,99.0,50.0,5.0,98.41,23570.0,23.57,11.43
8663,50.0,5.0,102.0,50.0,5.0,101.56,24006.0,24.01,12.52
8664,50.0,5.0,105.0,50.0,5.0,104.68,24678.0,24.68,13.88
8665,50.0,5.0,110.0,50.0,5.0,109.84,25298.0,25.3,14.55
8666,50.0,5.0,115.0,50.0,5.0,114.96,25698.0,25.7,14.78
8667,50.0,5.0,120.0,50.0,5.0,120.06,26129.000000000004,26.13,15.2
8668,50.0,5.0,125.0,50.0,5.0,125.12,26530.0,26.53,15.47
8669,50.0,5.0,130.0,50.0,5.0,130.16,26944.0,26.94,15.55
8670,50.0,5.0,135.0,50.0,5.0,135.17,27258.0,27.26,15.3
8671,50.0,5.0,140.0,50.0,5.0,140.15,27864.999999999996,27.87,15.61
8672,50.0,5.0,145.0,50.0,5.0,145.1,28422.000000000004,28.42,15.5
8673,50.0,5.0,150.0,50.0,5.0,150.01,29248.0,29.25,15.85
8674,50.0,5.0,155.0,50.0,5.0,154.9,30032.0,30.03,15.46
8675,50.0,5.0,160.0,50.0,5.0,159.76,31170.0,31.17,16.02
8676,50.0,5.0,165.0,50.0,5.0,164.59,32505.0,32.5,16.55
8677,50.0,5.0,170.0,50.0,5.0,169.4,33708.0,33.71,16.08
8678,50.0,5.0,175.0,50.0,5.0,174.22,34996.0,35.0,16.26
8679,50.0,5.0,180.0,50.0,5.0,179.06,36220.0,36.22,16.51
8692,50.0,7.0,0.0,49.99,7.0,-1.22,25283.0,25.28,14.48
8693,50.0,7.0,5.0,49.99,7.0,4.06,25883.0,25.88,14.59
8694,50.0,7.0,10.0,49.99,7.0,9.27,26020.0,26.02,14.98
8695,50.0,7.0,15.0,50.0,7.0,14.46,25514.0,25.51,14.71
8696,50.0,7.0,20.0,50.0,7.0,19.6,24932.0,24.93,15.02
8697,50.0,7.0,25.0,50.0,7.0,24.73,24167.0,24.17,14.61
8698,50.0,7.0,30.0,50.0,7.0,29.85,23639.0,23.64,14.82
8699,50.0,7.0,35.0,50.0,7.0,34.95,23086.0,23.09,14.72
8700,50.0,7.0,40.0,50.0,7.0,40.02,22792.0,22.79,15.39
8701,50.0,7.0,45.0,50.0,7.0,45.05,22314.0,22.31,14.62
8702,50.0,7.0,50.0,49.99,7.0,50.05,22058.0,22.06,14.65
8703,50.0,7.0,55.0,49.99,7.0,55.0,21885.0,21.88,14.97
8704,50.0,7.0,60.0,49.99,7.0,59.92,21623.0,21.62,14.51
8705,50.0,7.0,65.0,49.99,7.0,64.82,21567.0,21.57,14.89
8706,50.0,7.0,70.0,49.99,7.0,69.67,21295.0,21.29,14.18
8707,50.0,7.0,75.0,49.99,7.0,74.48,21037.0,21.04,13.61
8708,50.0,7.0,78.0,50.0,7.0,77.36,20832.0,20.83,13.0
8709,50.0,7.0,81.0,50.0,7.0,80.24,20681.0,20.68,11.84
8710,50.0,7.0,84.0,50.0,7.0,83.13,21361.0,21.36,9.75
8711,50.0,7.0,86.0,50.0,7.0,85.07,23950.0,23.95,8.07
8712,50.0,7.0,88.0,50.0,7.0,87.02,32937.0,32.94,7.06
8713,50.0,7.0,90.0,50.0,7.0,89.0,42640.0,42.64,6.96
8714,50.0,7.0,92.0,50.0,7.0,91.04,26761.0,26.76,6.91
8715,50.0,7.0,94.0,50.0,7.0,93.12,20806.0,20.81,8.71
8716,50.0,7.0,96.0,50.0,7.0,95.23,19340.0,19.34,10.45
8717,50.0,7.0,99.0,50.0,7.0,98.41,19330.0,19.33,12.17
8718,50.0,7.0,102.0,50.0,7.0,101.54,19803.0,19.8,13.24
8719,50.0,7.0,105.0,50.0,7.0,104.66,20095.0,20.09,13.63
8720,50.0,7.0,110.0,50.0,7.0,109.78,20559.0,20.56,14.48
8721,50.0,7.0,115.0,50.0,7.0,114.88,20742.0,20.74,14.77
8722,50.0,7.0,120.0,50.0,7.0,119.95,20696.0,20.7,14.44
8723,50.0,7.0,125.0,50.01,7.0,125.0,20757.0,20.76,14.7
8724,50.0,7.0,130.0,50.0,7.0,130.02,20768.0,20.77,14.47
8725,50.0,7.0,135.0,50.0,7.0,135.01,20815.0,20.82,14.37
8726,50.0,7.0,140.0,50.0,7.0,139.98,20954.0,20.95,14.43
8727,50.0,7.0,145.0,50.0,7.0,144.93,21059.0,21.06,14.05
8728,50.0,7.0,150.0,50.0,7.0,149.85,21316.0,21.32,13.91
8729,50.0,7.0,155.0,50.0,7.0,154.76,21757.0,21.76,14.05
8730,50.0,7.0,160.0,50.0,7.0,159.64,22375.0,22.38,14.64
8731,50.0,7.0,165.0,50.0,7.0,164.5,22937.0,22.94,14.08
8732,50.0,7.0,170.0,50.0,7.0,169.34,23564.0,23.56,13.59
8733,50.0,7.0,175.0,50.0,7.0,174.18,24652.0,24.65,14.67
8734,50.0,7.0,180.0,50.0,7.0,179.03,25300.0,25.3,14.29
8747,50.0,8.0,0.0,50.0,8.0,-1.2,21248.0,21.25,13.5
8748,50.0,8.0,5.0,49.99,8.0,4.05,21804.0,21.8,13.93
8749,50.0,8.0,10.0,50.0,8.0,9.27,21850.0,21.85,13.86
8750,50.0,8.0,15.0,50.0,8.0,14.46,21752.0,21.75,14.87
8751,50.0,8.0,20.0,50.0,8.0,19.59,21025.0,21.03,13.61
8752,50.0,8.0,25.0,50.0,8.0,24.74,20607.0,20.61,13.58
8753,50.0,8.0,30.0,50.0,8.0,29.86,20204.0,20.2,13.49
8754,50.0,8.0,35.0,50.0,8.0,34.97,20008.0,20.01,13.94
8755,50.0,8.0,40.0,50.0,8.0,40.04,19763.0,19.76,13.89
8756,50.0,8.0,45.0,50.0,8.0,45.09,19677.0,19.68,14.29
8757,50.0,8.0,50.0,49.99,8.0,50.08,19608.0,19.61,14.7
8758,50.0,8.0,55.0,49.99,8.0,55.04,19443.0,19.44,14.2
8759,50.0,8.0,60.0,49.99,8.0,59.97,19401.0,19.4,14.27
8760,50.0,8.0,65.0,49.99,8.0,64.88,19437.0,19.44,14.6
8761,50.0,8.0,70.0,49.99,8.0,69.73,19343.0,19.34,14.23
8762,50.0,8.0,75.0,49.99,8.0,74.54,19211.0,19.21,13.79
8763,50.0,8.0,78.0,50.0,8.0,77.42,19024.0,19.02,13.07
8764,50.0,8.0,81.0,50.0,8.0,80.29,18925.0,18.92,12.15
8765,50.0,8.0,84.0,50.0,8.0,83.16,19435.0,19.43,10.03
8766,50.0,8.0,86.0,50.0,8.0,85.1,21697.0,21.7,8.15
8767,50.0,8.0,88.0,50.0,8.0,87.04,29839.999999999996,29.84,6.76
8768,50.0,8.0,90.0,50.0,8.0,89.01,40949.0,40.95,7.01
8769,50.0,8.0,92.0,50.0,8.0,91.04,24776.0,24.78,6.95
8770,50.0,8.0,94.0,50.0,8.0,93.12,19012.0,19.01,8.72
8771,50.0,8.0,96.0,50.0,8.0,95.23,17811.0,17.81,10.64
8772,50.0,8.0,99.0,50.0,8.0,98.4,17839.0,17.84,12.2
8773,50.0,8.0,102.0,50.0,8.0,101.54,18297.0,18.3,13.27
8774,50.0,8.0,105.0,50.0,8.0,104.64,18552.0,18.55,13.86
8775,50.0,8.0,110.0,50.0,8.0,109.76,18733.0,18.73,14.04
8776,50.0,8.0,115.0,50.0,8.0,114.85,18830.0,18.83,14.56
8777,50.0,8.0,120.0,50.0,8.0,119.91,18671.0,18.67,14.16
8778,50.0,8.0,125.0,50.01,8.0,124.95,18544.0,18.54,14.06
8779,50.0,8.0,130.0,50.01,8.0,129.96,18432.0,18.43,13.96
8780,50.0,8.0,135.0,50.0,8.0,134.95,18308.0,18.31,13.65
8781,50.0,8.0,140.0,50.0,8.0,139.91,18282.0,18.28,13.52
8782,50.0,8.0,145.0,50.0,8.0,144.87,18307.0,18.31,13.39
8783,50.0,8.0,150.0,50.0,8.0,149.79,18427.0,18.43,13.23
8784,50.0,8.0,155.0,50.0,8.0,154.71,18667.0,18.67,13.31
8785,50.0,8.0,160.0,50.0,8.0,159.59,18984.0,18.98,13.17
8786,50.0,8.0,165.0,50.0,8.0,164.47,19464.0,19.46,13.25
8787,50.0,8.0,170.0,50.0,8.0,169.31,20155.0,20.16,13.64
8788,50.0,8.0,175.0,50.0,8.0,174.16,20831.0,20.83,13.89
8789,50.0,8.0,180.0,50.0,8.0,179.03,21427.0,21.43,13.95
