source_row,nominal_temperature_k,nominal_field_t,nominal_angle_deg,temperature_k,applied_field_t,angle_from_normal_deg,ic_a_per_m,bridge_ic_a,n_value
1377,20.0,0.05,0.0,19.99,0.05,1.51,422691.0,422.69,36.68
1378,20.0,0.05,5.0,19.99,0.05,6.47,422447.0,422.45,36.47
1379,20.0,0.05,10.0,19.99,0.05,11.38,422933.0,422.93,36.87
1380,20.0,0.05,15.0,19.99,0.05,16.25,422755.0,422.76,36.61
1381,20.0,0.05,20.0,19.99,0.05,21.05,423301.0,423.3,37.2
1382,20.0,0.05,25.0,19.99,0.05,25.82,422913.0,422.91,36.64
1383,20.0,0.05,30.0,19.99,0.05,30.53,422716.0,422.72,36.31
1384,20.0,0.05,35.0,19.99,0.05,35.19,423143.0,423.14,36.67
1385,20.0,0.05,40.0,19.99,0.05,39.82,423192.0,423.19,36.6
1386,20.0,0.05,45.0,19.98,0.05,44.42,423277.00000000006,423.28,36.56
1387,20.0,0.05,50.0,19.99,0.05,49.04,423364.00000000006,423.36,36.6
1388,20.0,0.05,55.0,19.99,0.05,53.69,423532.0,423.53,36.62
1389,20.0,0.05,60.0,19.99,0.05,58.4,423666.0,423.67,36.67
1390,20.0,0.05,65.0,19.99,0.05,63.18,423739.99999999994,423.74,36.7
1391,20.0,0.05,70.0,19.99,0.05,68.02,423930.0,423.93,36.93
1392,20.0,0.05,75.0,19.99,0.05,72.95,424000.0,424.0,36.99
1393,20.0,0.05,78.0,19.99,0.05,75.98,423760.99999999994,423.76,36.67
1394,20.0,0.05,81.0,19.99,0.05,78.99,423874.0,423.87,36.76
1395,20.0,0.05,84.0,19.99,0.05,81.99,423807.0,423.81,36.62
1396,20.0,0.05,86.0,19.99,0.05,84.03,423583.0,423.58,36.47
1397,20.0,0.05,88.0,19.99,0.05,86.03,424253.0,424.25,37.18
1398,20.0,0.05,90.0,19.99,0.05,88.05,423710.00000000006,423.71,36.58
1399,20.0,0.05,92.0,19.99,0.05,90.05,423532.0,423.53,36.4
1400,20.0,0.05,94.0,19.99,0.05,92.06,424085.00000000006,424.09,37.24
1401,20.0,0.05,96.0,20.0,0.05,94.06,423664.00000000006,423.66,36.64
1402,20.0,0.05,99.0,19.99,0.05,97.05,423178.0,423.18,36.17
1403,20.0,0.05,102.0,20.0,0.05,100.04,423276.0,423.28,36.26
1404,20.0,0.05,105.0,19.99,0.05,103.01,423299.0,423.3,36.4
1405,20.0,0.05,110.0,20.0,0.05,107.92,423050.0,423.05,36.36
1406,20.0,0.05,115.0,20.0,0.05,112.89,423120.0,423.12,36.65
1407,20.0,0.05,120.0,19.99,0.05,117.86,422897.99999999994,422.9,36.54
1408,20.0,0.05,125.0,19.99,0.05,122.86,422607.0,422.61,36.35
1409,20.0,0.05,130.0,19.99,0.05,127.88,422385.00000000006,422.38,36.36
1410,20.0,0.05,135.0,19.99,0.05,132.94,422633.0,422.63,36.73
1411,20.0,0.05,140.0,19.99,0.05,138.04,421845.0,421.85,36.01
1412,20.0,0.05,145.0,19.99,0.05,143.12,421999.0,422.0,36.39
1413,20.0,0.05,150.0,19.99,0.05,148.21,421906.00000000006,421.91,36.4
1414,20.0,0.05,155.0,19.99,0.05,153.28,421627.00000000006,421.63,36.25
1415,20.0,0.05,160.0,19.99,0.05,158.33,421492.0,421.49,36.12
1416,20.0,0.05,165.0,20.0,0.05,163.37,421456.00000000006,421.46,36.16
1417,20.0,0.05,170.0,20.0,0.05,168.42,421846.0,421.85,36.7
1418,20.0,0.05,175.0,20.0,0.05,173.43,421971.0,421.97,36.73
1419,20.0,0.05,180.0,20.0,0.05,178.45,421787.0,421.79,36.54
1432,20.0,0.07,0.0,19.99,0.07,0.96,421347.99999999994,421.35,36.2
1433,20.0,0.07,5.0,19.99,0.07,5.92,421720.0,421.72,36.65
1434,20.0,0.07,10.0,19.99,0.07,10.85,421293.99999999994,421.29,36.14
1435,20.0,0.07,15.0,19.99,0.07,15.72,421793.0,421.79,36.47
1436,20.0,0.07,20.0,19.99,0.07,20.54,421931.00000000006,421.93,36.51
1437,20.0,0.07,25.0,19.99,0.07,25.32,421884.0,421.88,36.31
1438,20.0,0.07,30.0,19.99,0.07,30.05,422078.0,422.08,36.3
1439,20.0,0.07,35.0,19.99,0.07,34.74,422893.99999999994,422.89,37.08
1440,20.0,0.07,40.0,19.99,0.07,39.39,422985.00000000006,422.98,36.84
1441,20.0,0.07,45.0,19.99,0.07,44.02,422791.0,422.79,36.46
1442,20.0,0.07,50.0,19.99,0.07,48.66,423443.0,423.44,36.98
1443,20.0,0.07,55.0,19.99,0.07,53.35,423638.0,423.64,36.95
1444,20.0,0.07,60.0,19.99,0.07,58.09,423217.0,423.22,36.31
1445,20.0,0.07,65.0,19.99,0.07,62.9,423726.0,423.73,36.81
1446,20.0,0.07,70.0,19.99,0.07,67.79,423549.0,423.55,36.45
1447,20.0,0.07,75.0,19.99,0.07,72.78,423321.0,423.32,36.14
1448,20.0,0.07,78.0,19.99,0.07,75.84,423678.0,423.68,36.44
1449,20.0,0.07,81.0,20.0,0.07,78.88,423457.0,423.46,36.26
1450,20.0,0.07,84.0,19.99,0.07,81.92,423547.99999999994,423.55,36.43
1451,20.0,0.07,86.0,19.99,0.07,83.97,423228.0,423.23,36.09
1452,20.0,0.07,88.0,19.99,0.07,86.01,423579.0,423.58,36.54
1453,20.0,0.07,90.0,19.99,0.07,88.05,423343.0,423.34,36.34
1454,20.0,0.07,92.0,19.99,0.07,90.08,423789.00000000006,423.79,36.86
1455,20.0,0.07,94.0,19.99,0.07,92.11,423666.0,423.67,36.73
1456,20.0,0.07,96.0,19.99,0.07,94.13,423337.0,423.34,36.43
1457,20.0,0.07,99.0,20.0,0.07,97.15,423154.0,423.15,36.3
1458,20.0,0.07,102.0,20.0,0.07,100.17,423522.99999999994,423.52,36.9
1459,20.0,0.07,105.0,19.99,0.07,103.18,423093.0,423.09,36.55
1460,20.0,0.07,110.0,20.0,0.07,108.14,422418.99999999994,422.42,36.03
1461,20.0,0.07,115.0,19.99,0.07,113.15,422300.0,422.3,36.16
1462,20.0,0.07,120.0,19.99,0.07,118.15,422097.99999999994,422.1,36.39
1463,20.0,0.07,125.0,19.99,0.07,123.2,421552.00000000006,421.55,36.1
1464,20.0,0.07,130.0,19.99,0.07,128.24,421360.99999999994,421.36,36.16
1465,20.0,0.07,135.0,19.99,0.07,133.33,421558.0,421.56,36.71
1466,20.0,0.07,140.0,19.99,0.07,138.42,420742.0,420.74,36.08
1467,20.0,0.07,145.0,19.99,0.07,143.53,420197.99999999994,420.2,35.64
1468,20.0,0.07,150.0,19.99,0.07,148.63,420107.0,420.11,36.04
1469,20.0,0.07,155.0,19.99,0.07,153.74,419083.0,419.08,34.52
1470,20.0,0.07,160.0,20.0,0.07,158.81,419449.0,419.45,35.21
1471,20.0,0.07,165.0,20.0,0.07,163.86,419501.0,419.5,35.61
1472,20.0,0.07,170.0,19.99,0.07,168.88,419447.0,419.45,35.45
1473,20.0,0.07,175.0,20.0,0.07,173.91,419364.00000000006,419.36,35.48
1474,20.0,0.07,180.0,20.0,0.07,178.92,419181.00000000006,419.18,35.15
1487,20.0,0.1,0.0,19.99,0.1,0.51,419049.0,419.05,35.53
1488,20.0,0.1,5.0,19.99,0.1,5.47,418484.0,418.48,34.69
1489,20.0,0.1,10.0,19.99,0.1,10.38,419543.0,419.54,36.09
1490,20.0,0.1,15.0,19.99,0.1,15.28,419537.0,419.54,35.78
1491,20.0,0.1,20.0,19.99,0.1,20.1,419928.0,419.93,35.88
1492,20.0,0.1,25.0,19.99,0.1,24.89,420429.0,420.43,36.25
1493,20.0,0.1,30.0,19.99,0.1,29.64,420742.0,420.74,36.29
1494,20.0,0.1,35.0,19.99,0.1,34.33,421647.0,421.65,36.83
1495,20.0,0.1,40.0,19.99,0.1,38.99,421556.00000000006,421.56,36.2
1496,20.0,0.1,45.0,19.99,0.1,43.66,422129.0,422.13,36.54
1497,20.0,0.1,50.0,19.99,0.1,48.31,422591.0,422.59,36.62
1498,20.0,0.1,55.0,19.99,0.1,53.01,422787.0,422.79,36.42
1499,20.0,0.1,60.0,19.99,0.1,57.77,422768.99999999994,422.77,36.07
1500,20.0,0.1,65.0,19.99,0.1,62.62,423268.0,423.27,36.41
1501,20.0,0.1,70.0,19.99,0.1,67.55,423181.00000000006,423.18,36.06
1502,20.0,0.1,75.0,19.99,0.1,72.57,423671.0,423.67,36.53
1503,20.0,0.1,78.0,19.99,0.1,75.66,423263.0,423.26,36.04
1504,20.0,0.1,81.0,19.99,0.1,78.74,423410.99999999994,423.41,36.2
1505,20.0,0.1,84.0,19.98,0.1,81.81,423437.0,423.44,36.42
1506,20.0,0.1,86.0,19.99,0.1,83.89,423597.99999999994,423.6,36.68
1507,20.0,0.1,88.0,19.99,0.1,85.95,423642.0,423.64,36.81
1508,20.0,0.1,90.0,19.99,0.1,87.99,423293.99999999994,423.29,36.31
1509,20.0,0.1,92.0,19.99,0.1,90.05,423472.0,423.47,36.66
1510,20.0,0.1,94.0,19.99,0.1,92.1,423326.0,423.33,36.64
1511,20.0,0.1,96.0,19.99,0.1,94.15,423097.99999999994,423.1,36.52
1512,20.0,0.1,99.0,19.99,0.1,97.19,422429.0,422.43,36.0
1513,20.0,0.1,102.0,19.99,0.1,100.24,422567.0,422.57,36.4
1514,20.0,0.1,105.0,20.0,0.1,103.28,422154.0,422.15,36.23
1515,20.0,0.1,110.0,19.99,0.1,108.29,421343.99999999994,421.34,35.92
1516,20.0,0.1,115.0,19.99,0.1,113.33,420725.0,420.72,35.72
1517,20.0,0.1,120.0,19.99,0.1,118.38,420203.0,420.2,35.73
1518,20.0,0.1,125.0,19.99,0.1,123.44,419393.0,419.39,35.03
1519,20.0,0.1,130.0,19.99,0.1,128.51,418103.0,418.1,34.26
1520,20.0,0.1,135.0,19.99,0.1,133.62,418056.00000000006,418.06,34.95
1521,20.0,0.1,140.0,19.99,0.1,138.72,417987.0,417.99,35.22
1522,20.0,0.1,145.0,19.99,0.1,143.83,416856.00000000006,416.86,34.6
1523,20.0,0.1,150.0,19.99,0.1,148.95,416817.0,416.82,35.07
1524,20.0,0.1,155.0,19.99,0.1,154.04,415637.0,415.64,34.13
1525,20.0,0.1,160.0,20.0,0.1,159.12,416552.00000000006,416.55,35.18
1526,20.0,0.1,165.0,19.99,0.1,164.18,416131.00000000006,416.13,34.96
1527,20.0,0.1,170.0,19.99,0.1,169.2,416260.99999999994,416.26,35.29
1528,20.0,0.1,175.0,20.0,0.1,174.23,415976.0,415.98,35.02
1529,20.0,0.1,180.0,19.99,0.1,179.23,416477.00000000006,416.48,35.48
1542,20.0,0.15,0.0,19.98,0.15,0.11,414064.00000000006,414.06,34.59
1543,20.0,0.15,5.0,19.99,0.15,5.07,414554.0,414.55,35.0
1544,20.0,0.15,10.0,19.99,0.15,10.0,414626.0,414.63,34.77
1545,20.0,0.15,15.0,19.99,0.15,14.9,415856.00000000006,415.86,35.63
1546,20.0,0.15,20.0,19.99,0.15,19.72,415760.00000000006,415.76,35.06
1547,20.0,0.15,25.0,19.99,0.15,24.52,416292.0,416.29,34.96
1548,20.0,0.15,30.0,19.98,0.15,29.26,416859.0,416.86,34.88
1549,20.0,0.15,35.0,19.99,0.15,33.96,417816.0,417.82,34.98
1550,20.0,0.15,40.0,19.99,0.15,38.63,419189.00000000006,419.19,35.62
1551,20.0,0.15,45.0,19.99,0.15,43.29,419931.00000000006,419.93,35.53
1552,20.0,0.15,50.0,19.99,0.15,47.96,421229.0,421.23,36.31
1553,20.0,0.15,55.0,19.99,0.15,52.68,422217.0,422.22,36.67
1554,20.0,0.15,60.0,19.99,0.15,57.47,422575.0,422.58,36.49
1555,20.0,0.15,65.0,19.99,0.15,62.35,423241.0,423.24,36.79
1556,20.0,0.15,70.0,19.99,0.15,67.31,422910.00000000006,422.91,35.99
1557,20.0,0.15,75.0,19.99,0.15,72.4,422960.00000000006,422.96,35.85
1558,20.0,0.15,78.0,19.99,0.15,75.51,422793.0,422.79,35.73
1559,20.0,0.15,81.0,19.99,0.15,78.61,423003.0,423.0,36.08
1560,20.0,0.15,84.0,19.99,0.15,81.71,422856.00000000006,422.86,36.04
1561,20.0,0.15,86.0,19.99,0.15,83.81,422887.0,422.89,36.19
1562,20.0,0.15,88.0,19.99,0.15,85.88,422621.0,422.62,36.16
1563,20.0,0.15,90.0,19.99,0.15,87.96,422839.00000000006,422.84,36.52
1564,20.0,0.15,92.0,19.99,0.15,90.04,422203.0,422.2,36.05
1565,20.0,0.15,94.0,19.99,0.15,92.12,422229.0,422.23,36.37
1566,20.0,0.15,96.0,20.0,0.15,94.19,421672.0,421.67,36.01
1567,20.0,0.15,99.0,19.99,0.15,97.26,420905.0,420.91,35.6
1568,20.0,0.15,102.0,19.99,0.15,100.34,420622.0,420.62,35.89
1569,20.0,0.15,105.0,20.0,0.15,103.42,420276.0,420.28,35.95
1570,20.0,0.15,110.0,20.0,0.15,108.46,418539.99999999994,418.54,34.87
1571,20.0,0.15,115.0,19.99,0.15,113.53,416741.0,416.74,33.82
1572,20.0,0.15,120.0,19.99,0.15,118.61,415709.0,415.71,33.83
1573,20.0,0.15,125.0,19.99,0.15,123.7,415147.99999999994,415.15,34.21
1574,20.0,0.15,130.0,19.99,0.15,128.79,414055.0,414.06,34.18
1575,20.0,0.15,135.0,20.0,0.15,133.89,413022.0,413.02,34.12
1576,20.0,0.15,140.0,19.99,0.15,138.99,411988.0,411.99,34.03
1577,20.0,0.15,145.0,19.99,0.15,144.1,411285.99999999994,411.29,34.14
1578,20.0,0.15,150.0,19.99,0.15,149.2,410553.0,410.55,34.12
1579,20.0,0.15,155.0,19.99,0.15,154.28,409622.99999999994,409.62,33.49
1580,20.0,0.15,160.0,20.0,0.15,159.34,408931.0,408.93,33.25
1581,20.0,0.15,165.0,20.0,0.15,164.38,408009.0,408.01,32.66
1582,20.0,0.15,170.0,20.0,0.15,169.4,408939.0,408.94,33.7
1583,20.0,0.15,175.0,20.0,0.15,174.4,408455.0,408.46,33.24
1584,20.0,0.15,180.0,20.0,0.15,179.38,408220.0,408.22,32.86
1597,20.0,0.2,0.0,19.99,0.2,-0.08,408136.0,408.14,33.97
1598,20.0,0.2,5.0,19.99,0.2,4.88,407501.0,407.5,33.0
1599,20.0,0.2,10.0,19.99,0.2,9.81,408316.0,408.32,33.48
1600,20.0,0.2,15.0,19.99,0.2,14.71,409660.99999999994,409.66,34.46
1601,20.0,0.2,20.0,20.0,0.2,19.54,411035.00000000006,411.04,34.93
1602,20.0,0.2,25.0,19.99,0.2,24.34,412368.0,412.37,35.34
1603,20.0,0.2,30.0,19.99,0.2,29.09,412849.0,412.85,34.61
1604,20.0,0.2,35.0,19.99,0.2,33.79,414552.00000000006,414.55,35.02
1605,20.0,0.2,40.0,19.99,0.2,38.47,416328.0,416.33,35.47
1606,20.0,0.2,45.0,19.99,0.2,43.13,417581.00000000006,417.58,35.41
1607,20.0,0.2,50.0,19.99,0.2,47.8,418882.0,418.88,35.38
1608,20.0,0.2,55.0,19.99,0.2,52.53,420014.99999999994,420.02,35.55
1609,20.0,0.2,60.0,19.99,0.2,57.33,421389.00000000006,421.39,36.19
1610,20.0,0.2,65.0,19.99,0.2,62.23,422293.99999999994,422.29,36.5
1611,20.0,0.2,70.0,19.99,0.2,67.23,421993.99999999994,421.99,35.51
1612,20.0,0.2,75.0,19.99,0.2,72.32,422235.00000000006,422.24,35.51
1613,20.0,0.2,78.0,19.99,0.2,75.47,422568.0,422.57,35.92
1614,20.0,0.2,81.0,19.99,0.2,78.6,422092.0,422.09,35.64
1615,20.0,0.2,84.0,19.99,0.2,81.72,422668.0,422.67,36.48
1616,20.0,0.2,86.0,19.99,0.2,83.83,421766.0,421.77,35.7
1617,20.0,0.2,88.0,19.99,0.2,85.93,421829.0,421.83,36.03
1618,20.0,0.2,90.0,19.99,0.2,88.01,421312.0,421.31,35.76
1619,20.0,0.2,92.0,19.99,0.2,90.1,421099.0,421.1,35.95
1620,20.0,0.2,94.0,19.99,0.2,92.19,420787.0,420.79,35.93
1621,20.0,0.2,96.0,19.99,0.2,94.28,420289.00000000006,420.29,35.87
1622,20.0,0.2,99.0,19.99,0.2,97.37,418316.0,418.32,34.06
1623,20.0,0.2,102.0,20.0,0.2,100.45,417568.0,417.57,34.15
1624,20.0,0.2,105.0,19.99,0.2,103.54,416842.0,416.84,34.0
1625,20.0,0.2,110.0,20.0,0.2,108.61,414827.00000000006,414.83,33.4
1626,20.0,0.2,115.0,20.0,0.2,113.71,413131.00000000006,413.13,33.31
1627,20.0,0.2,120.0,19.99,0.2,118.79,412057.0,412.06,33.82
1628,20.0,0.2,125.0,20.0,0.2,123.88,410822.99999999994,410.82,34.02
1629,20.0,0.2,130.0,20.0,0.2,128.96,407916.0,407.92,32.12
1630,20.0,0.2,135.0,20.0,0.2,134.06,406409.0,406.41,32.21
1631,20.0,0.2,140.0,19.99,0.2,139.15,405214.0,405.21,32.49
1632,20.0,0.2,145.0,19.99,0.2,144.25,403726.0,403.73,32.18
1633,20.0,0.2,150.0,20.0,0.2,149.32,403105.0,403.11,32.55
1634,20.0,0.2,155.0,20.0,0.2,154.39,402151.0,402.15,32.47
1635,20.0,0.2,160.0,20.0,0.2,159.43,401600.0,401.6,32.52
1636,20.0,0.2,165.0,20.0,0.2,164.46,401574.0,401.57,32.93
1637,20.0,0.2,170.0,20.0,0.2,169.46,400930.0,400.93,32.35
1638,20.0,0.2,175.0,20.0,0.2,174.45,401499.0,401.5,33.14
1639,20.0,0.2,180.0,20.0,0.2,179.42,400694.0,400.69,31.96
1652,20.0,0.3,0.0,19.99,0.3,-0.29,392224.0,392.22,31.67
1653,20.0,0.3,5.0,19.99,0.3,4.68,392515.0,392.52,31.67
1654,20.0,0.3,10.0,19.99,0.3,9.62,393974.0,393.97,32.53
1655,20.0,0.3,15.0,19.99,0.3,14.53,395178.0,395.18,32.48
1656,20.0,0.3,20.0,19.99,0.3,19.38,396693.0,396.69,32.45
1657,20.0,0.3,25.0,19.99,0.3,24.19,399020.0,399.02,32.78
1658,20.0,0.3,30.0,19.99,0.3,28.93,401209.0,401.21,32.62
1659,20.0,0.3,35.0,19.99,0.3,33.64,404348.0,404.35,33.7
1660,20.0,0.3,40.0,19.99,0.3,38.32,407387.0,407.39,34.12
1661,20.0,0.3,45.0,19.99,0.3,42.99,409537.0,409.54,33.27
1662,20.0,0.3,50.0,19.99,0.3,47.67,413185.00000000006,413.19,34.86
1663,20.0,0.3,55.0,19.99,0.3,52.42,415550.0,415.55,35.07
1664,20.0,0.3,60.0,19.99,0.3,57.24,417046.0,417.05,34.39
1665,20.0,0.3,65.0,19.99,0.3,62.17,418410.99999999994,418.41,34.26
1666,20.0,0.3,70.0,19.99,0.3,67.2,420170.0,420.17,35.47
1667,20.0,0.3,75.0,19.99,0.3,72.35,420543.0,420.54,35.4
1668,20.0,0.3,78.0,19.99,0.3,75.52,420476.0,420.48,35.44
1669,20.0,0.3,81.0,19.99,0.3,78.67,419972.0,419.97,35.05
1670,20.0,0.3,84.0,19.99,0.3,81.81,420025.0,420.03,35.47
1671,20.0,0.3,86.0,19.99,0.3,83.95,418104.0,418.1,33.4
1672,20.0,0.3,88.0,19.99,0.3,86.05,417755.0,417.76,33.61
1673,20.0,0.3,90.0,19.99,0.3,88.16,417387.0,417.39,33.63
1674,20.0,0.3,92.0,19.99,0.3,90.26,416731.00000000006,416.73,33.62
1675,20.0,0.3,94.0,19.99,0.3,92.36,415679.0,415.68,33.11
1676,20.0,0.3,96.0,19.99,0.3,94.46,415542.0,415.54,33.95
1677,20.0,0.3,99.0,20.0,0.3,97.57,413842.0,413.84,33.18
1678,20.0,0.3,102.0,19.99,0.3,100.68,412616.0,412.62,33.36
1679,20.0,0.3,105.0,20.0,0.3,103.77,411414.99999999994,411.42,33.45
1680,20.0,0.3,110.0,19.99,0.3,108.86,407649.0,407.65,31.9
1681,20.0,0.3,115.0,19.99,0.3,113.97,404924.0,404.92,31.83
1682,20.0,0.3,120.0,19.99,0.3,119.05,402429.0,402.43,32.04
1683,20.0,0.3,125.0,20.0,0.3,124.13,398652.0,398.65,30.73
1684,20.0,0.3,130.0,19.99,0.3,129.2,395500.0,395.5,30.4
1685,20.0,0.3,135.0,20.0,0.3,134.28,393552.0,393.55,30.8
1686,20.0,0.3,140.0,19.99,0.3,139.35,390614.0,390.61,29.91
1687,20.0,0.3,145.0,20.0,0.3,144.42,389151.0,389.15,30.53
1688,20.0,0.3,150.0,20.0,0.3,149.47,387258.0,387.26,30.2
1689,20.0,0.3,155.0,20.0,0.3,154.5,386098.0,386.1,30.4
1690,20.0,0.3,160.0,20.0,0.3,159.51,384724.0,384.72,30.22
1691,20.0,0.3,165.0,20.0,0.3,164.51,384612.0,384.61,30.79
1692,20.0,0.3,170.0,20.0,0.3,169.48,384214.0,384.21,30.86
1693,20.0,0.3,175.0,20.0,0.3,174.45,384082.0,384.08,30.78
1694,20.0,0.3,180.0,20.0,0.3,179.39,384271.0,384.27,30.77
1707,20.0,0.5,0.0,19.98,0.5,-0.45,358100.0,358.1,28.95
1708,20.0,0.5,5.0,19.98,0.5,4.52,357988.0,357.99,28.7
1709,20.0,0.5,10.0,19.99,0.5,9.5,359373.0,359.37,28.7
1710,20.0,0.5,15.0,19.99,0.5,14.45,361863.0,361.86,29.24
1711,20.0,0.5,20.0,19.99,0.5,19.32,364302.0,364.3,28.98
1712,20.0,0.5,25.0,19.99,0.5,24.15,368217.0,368.22,29.5
1713,20.0,0.5,30.0,19.99,0.5,28.92,372555.0,372.56,29.84
1714,20.0,0.5,35.0,19.99,0.5,33.65,377907.0,377.91,30.7
1715,20.0,0.5,40.0,19.99,0.5,38.34,382420.0,382.42,30.41
1716,20.0,0.5,45.0,19.99,0.5,43.03,388041.0,388.04,31.32
1717,20.0,0.5,50.0,19.99,0.5,47.74,393444.0,393.44,31.82
1718,20.0,0.5,55.0,19.99,0.5,52.5,399056.0,399.06,32.81
1719,20.0,0.5,60.0,19.99,0.5,57.35,403353.0,403.35,32.61
1720,20.0,0.5,65.0,19.99,0.5,62.3,407792.0,407.79,33.2
1721,20.0,0.5,70.0,19.99,0.5,67.36,411508.0,411.51,34.02
1722,20.0,0.5,75.0,19.99,0.5,72.52,413584.0,413.58,34.05
1723,20.0,0.5,78.0,19.99,0.5,75.7,413849.0,413.85,33.63
1724,20.0,0.5,81.0,19.99,0.5,78.86,414321.0,414.32,34.0
1725,20.0,0.5,84.0,19.99,0.5,82.03,413610.00000000006,413.61,33.6
1726,20.0,0.5,86.0,19.99,0.5,84.16,412576.0,412.58,33.0
1727,20.0,0.5,88.0,19.99,0.5,86.28,412607.0,412.61,33.68
1728,20.0,0.5,90.0,19.99,0.5,88.4,411480.0,411.48,33.48
1729,20.0,0.5,92.0,19.99,0.5,90.5,409637.0,409.64,32.68
1730,20.0,0.5,94.0,19.99,0.5,92.61,406653.0,406.65,30.47
1731,20.0,0.5,96.0,19.99,0.5,94.71,406727.0,406.73,32.13
1732,20.0,0.5,99.0,19.99,0.5,97.83,403770.0,403.77,31.62
1733,20.0,0.5,102.0,19.99,0.5,100.95,401003.0,401.0,31.44
1734,20.0,0.5,105.0,19.99,0.5,104.05,397366.0,397.37,30.59
1735,20.0,0.5,110.0,19.99,0.5,109.14,391713.0,391.71,30.08
1736,20.0,0.5,115.0,20.0,0.5,114.24,385548.0,385.55,29.22
1737,20.0,0.5,120.0,19.99,0.5,119.32,378987.0,378.99,27.92
1738,20.0,0.5,125.0,19.99,0.5,124.38,375315.0,375.32,29.12
1739,20.0,0.5,130.0,20.0,0.5,129.44,369090.0,369.09,27.84
1740,20.0,0.5,135.0,20.0,0.5,134.48,364067.0,364.07,26.97
1741,20.0,0.5,140.0,19.99,0.5,139.52,360478.0,360.48,27.26
1742,20.0,0.5,145.0,20.0,0.5,144.56,357579.0,357.58,27.26
1743,20.0,0.5,150.0,19.99,0.5,149.57,354507.0,354.51,27.02
1744,20.0,0.5,155.0,19.99,0.5,154.58,353729.0,353.73,28.15
1745,20.0,0.5,160.0,20.0,0.5,159.56,351206.0,351.21,27.26
1746,20.0,0.5,165.0,19.99,0.5,164.54,350249.0,350.25,27.28
1747,20.0,0.5,170.0,20.0,0.5,169.49,349865.0,349.86,27.55
1748,20.0,0.5,175.0,19.99,0.5,174.44,349921.0,349.92,27.75
1749,20.0,0.5,180.0,20.0,0.5,179.37,350549.0,350.55,27.97
1762,20.0,0.7,0.0,19.98,0.7,-0.54,328545.0,328.54,27.89
1763,20.0,0.7,5.0,19.98,0.7,4.46,328605.0,328.6,27.56
1764,20.0,0.7,10.0,19.99,0.7,9.48,329706.0,329.71,27.16
1765,20.0,0.7,15.0,19.99,0.7,14.46,332656.0,332.66,27.89
1766,20.0,0.7,20.0,19.99,0.7,19.36,335892.0,335.89,27.89
1767,20.0,0.7,25.0,19.99,0.7,24.21,340286.0,340.29,28.31
1768,20.0,0.7,30.0,20.0,0.7,29.0,344685.0,344.69,28.15
1769,20.0,0.7,35.0,19.99,0.7,33.74,349984.0,349.98,28.21
1770,20.0,0.7,40.0,19.99,0.7,38.46,356015.0,356.01,28.55
1771,20.0,0.7,45.0,19.99,0.7,43.16,362886.0,362.89,29.36
1772,20.0,0.7,50.0,19.99,0.7,47.88,369688.0,369.69,29.61
1773,20.0,0.7,55.0,19.99,0.7,52.65,376914.0,376.91,30.04
1774,20.0,0.7,60.0,19.99,0.7,57.51,384921.0,384.92,31.05
1775,20.0,0.7,65.0,19.99,0.7,62.46,391380.0,391.38,30.67
1776,20.0,0.7,70.0,19.99,0.7,67.51,397826.0,397.83,31.09
1777,20.0,0.7,75.0,19.99,0.7,72.67,404097.0,404.1,32.88
1778,20.0,0.7,78.0,19.99,0.7,75.83,405645.0,405.65,32.34
1779,20.0,0.7,81.0,19.99,0.7,79.0,406097.0,406.1,31.71
1780,20.0,0.7,84.0,19.99,0.7,82.15,407077.0,407.08,32.54
1781,20.0,0.7,86.0,19.99,0.7,84.28,405070.0,405.07,31.03
1782,20.0,0.7,88.0,19.99,0.7,86.4,404825.0,404.83,31.55
1783,20.0,0.7,90.0,19.99,0.7,88.51,403508.0,403.51,31.47
1784,20.0,0.7,92.0,19.99,0.7,90.62,401791.0,401.79,31.45
1785,20.0,0.7,94.0,19.99,0.7,92.74,398575.0,398.57,29.83
1786,20.0,0.7,96.0,19.99,0.7,94.84,396059.0,396.06,29.69
1787,20.0,0.7,99.0,20.0,0.7,97.96,392291.0,392.29,29.67
1788,20.0,0.7,102.0,19.99,0.7,101.08,387061.0,387.06,28.68
1789,20.0,0.7,105.0,19.99,0.7,104.18,382771.0,382.77,28.93
1790,20.0,0.7,110.0,19.99,0.7,109.29,374215.0,374.21,28.24
1791,20.0,0.7,115.0,19.99,0.7,114.39,364542.0,364.54,26.58
1792,20.0,0.7,120.0,19.99,0.7,119.46,357145.0,357.15,26.57
1793,20.0,0.7,125.0,19.99,0.7,124.51,350067.0,350.07,26.33
1794,20.0,0.7,130.0,20.0,0.7,129.55,343749.0,343.75,26.28
1795,20.0,0.7,135.0,20.0,0.7,134.59,338485.0,338.49,26.28
1796,20.0,0.7,140.0,19.99,0.7,139.61,333189.0,333.19,25.57
1797,20.0,0.7,145.0,19.99,0.7,144.62,329955.0,329.95,26.0
1798,20.0,0.7,150.0,19.99,0.7,149.62,327391.0,327.39,26.35
1799,20.0,0.7,155.0,19.99,0.7,154.61,324984.0,324.98,26.36
1800,20.0,0.7,160.0,19.99,0.7,159.58,322322.0,322.32,25.47
1801,20.0,0.7,165.0,19.99,0.7,164.54,321959.0,321.96,26.07
1802,20.0,0.7,170.0,19.99,0.7,169.48,321546.0,321.55,26.21
1803,20.0,0.7,175.0,19.99,0.7,174.43,321635.0,321.64,26.54
1804,20.0,0.7,180.0,20.0,0.7,179.36,321898.0,321.9,26.28
1817,20.0,1.0,0.0,19.98,1.0,-0.64,293111.0,293.11,27.26
1818,20.0,1.0,5.0,19.99,1.0,4.41,292719.0,292.72,26.51
1819,20.0,1.0,10.0,19.99,1.0,9.47,294664.0,294.66,26.7
1820,20.0,1.0,15.0,19.99,1.0,14.49,297244.0,297.24,26.78
1821,20.0,1.0,20.0,20.0,1.0,19.43,300432.0,300.43,26.79
1822,20.0,1.0,25.0,19.99,1.0,24.32,304464.0,304.46,27.06
1823,20.0,1.0,30.0,19.99,1.0,29.14,308705.0,308.7,26.72
1824,20.0,1.0,35.0,20.0,1.0,33.93,313362.0,313.36,26.53
1825,20.0,1.0,40.0,20.0,1.0,38.68,319778.0,319.78,27.21
1826,20.0,1.0,45.0,19.99,1.0,43.42,326173.0,326.17,27.28
1827,20.0,1.0,50.0,19.99,1.0,48.16,333124.0,333.12,26.86
1828,20.0,1.0,55.0,19.99,1.0,52.94,341708.0,341.71,26.99
1829,20.0,1.0,60.0,19.99,1.0,57.78,351891.0,351.89,27.39
1830,20.0,1.0,65.0,19.99,1.0,62.7,364417.0,364.42,29.13
1831,20.0,1.0,70.0,19.99,1.0,67.72,375400.0,375.4,29.54
1832,20.0,1.0,75.0,19.99,1.0,72.84,386293.0,386.29,30.48
1833,20.0,1.0,78.0,19.99,1.0,75.96,390358.0,390.36,29.82
1834,20.0,1.0,81.0,19.99,1.0,79.1,395426.0,395.43,31.55
1835,20.0,1.0,84.0,19.99,1.0,82.24,396705.0,396.7,31.29
1836,20.0,1.0,86.0,19.99,1.0,84.36,396555.0,396.56,31.08
1837,20.0,1.0,88.0,19.99,1.0,86.47,394776.0,394.78,30.24
1838,20.0,1.0,90.0,19.99,1.0,88.58,394106.0,394.11,31.08
1839,20.0,1.0,92.0,19.99,1.0,90.69,389587.0,389.59,28.83
1840,20.0,1.0,94.0,19.99,1.0,92.79,387128.0,387.13,29.43
1841,20.0,1.0,96.0,19.99,1.0,94.9,382987.0,382.99,28.96
1842,20.0,1.0,99.0,19.99,1.0,98.04,375232.0,375.23,27.49
1843,20.0,1.0,102.0,20.0,1.0,101.16,367367.0,367.37,26.6
1844,20.0,1.0,105.0,20.0,1.0,104.28,359514.0,359.51,26.04
1845,20.0,1.0,110.0,20.0,1.0,109.42,347523.0,347.52,25.55
1846,20.0,1.0,115.0,19.99,1.0,114.52,335974.0,335.97,25.2
1847,20.0,1.0,120.0,19.99,1.0,119.58,325915.0,325.92,24.92
1848,20.0,1.0,125.0,19.99,1.0,124.63,316941.0,316.94,24.4
1849,20.0,1.0,130.0,19.99,1.0,129.67,309871.0,309.87,24.61
1850,20.0,1.0,135.0,19.99,1.0,134.7,303816.0,303.82,24.46
1851,20.0,1.0,140.0,19.99,1.0,139.7,299074.0,299.07,24.68
1852,20.0,1.0,145.0,20.0,1.0,144.7,294614.0,294.61,24.34
1853,20.0,1.0,150.0,19.99,1.0,149.68,292150.0,292.15,24.83
1854,20.0,1.0,155.0,20.0,1.0,154.65,289575.0,289.58,24.78
1855,20.0,1.0,160.0,19.99,1.0,159.6,288507.0,288.51,25.32
1856,20.0,1.0,165.0,20.0,1.0,164.54,287489.0,287.49,25.42
1857,20.0,1.0,170.0,19.99,1.0,169.47,286834.0,286.83,25.22
1858,20.0,1.0,175.0,19.99,1.0,174.41,286783.0,286.78,25.1
1859,20.0,1.0,180.0,20.0,1.0,179.33,288547.0,288.55,26.09
1872,20.0,1.5,0.0,19.98,1.5,-0.83,247807.00000000003,247.81,26.01
1873,20.0,1.5,5.0,19.99,1.5,4.24,248005.00000000003,248.01,25.35
1874,20.0,1.5,10.0,19.99,1.5,9.35,249894.0,249.89,25.52
1875,20.0,1.5,15.0,19.99,1.5,14.43,251671.99999999997,251.67,25.0
1876,20.0,1.5,20.0,19.99,1.5,19.42,254844.0,254.84,25.42
1877,20.0,1.5,25.0,19.99,1.5,24.37,258067.0,258.07,25.38
1878,20.0,1.5,30.0,20.0,1.5,29.28,261357.00000000003,261.36,25.35
1879,20.0,1.5,35.0,19.99,1.5,34.16,265601.0,265.6,25.17
1880,20.0,1.5,40.0,19.99,1.5,39.0,270432.0,270.43,24.89
1881,20.0,1.5,45.0,20.0,1.5,43.82,276192.0,276.19,24.38
1882,20.0,1.5,50.0,19.99,1.5,48.62,283928.0,283.93,24.5
1883,20.0,1.5,55.0,19.99,1.5,53.44,292770.0,292.77,24.2
1884,20.0,1.5,60.0,19.99,1.5,58.28,304495.0,304.49,24.58
1885,20.0,1.5,65.0,19.99,1.5,63.17,318091.0,318.09,24.77
1886,20.0,1.5,70.0,19.99,1.5,68.12,335055.0,335.05,25.93
1887,20.0,1.5,75.0,19.99,1.5,73.14,353710.0,353.71,27.24
1888,20.0,1.5,78.0,19.99,1.5,76.2,364005.0,364.01,27.59
1889,20.0,1.5,81.0,19.99,1.5,79.28,374133.0,374.13,28.82
1890,20.0,1.5,84.0,19.99,1.5,82.37,381149.0,381.15,29.88
1891,20.0,1.5,86.0,19.99,1.5,84.45,382444.0,382.44,29.54
1892,20.0,1.5,88.0,19.99,1.5,86.53,382341.0,382.34,29.52
1893,20.0,1.5,90.0,19.99,1.5,88.62,380003.0,380.0,29.05
1894,20.0,1.5,92.0,19.99,1.5,90.71,375165.0,375.16,28.19
1895,20.0,1.5,94.0,19.99,1.5,92.81,368559.0,368.56,26.93
1896,20.0,1.5,96.0,19.99,1.5,94.91,361277.0,361.28,25.99
1897,20.0,1.5,99.0,19.99,1.5,98.06,349999.0,350.0,25.49
1898,20.0,1.5,102.0,19.99,1.5,101.19,338095.0,338.1,24.74
1899,20.0,1.5,105.0,20.0,1.5,104.33,326486.0,326.49,24.08
1900,20.0,1.5,110.0,19.99,1.5,109.49,309606.0,309.61,23.41
1901,20.0,1.5,115.0,19.99,1.5,114.63,295578.0,295.58,23.33
1902,20.0,1.5,120.0,20.0,1.5,119.74,283488.0,283.49,23.21
1903,20.0,1.5,125.0,20.0,1.5,124.82,273517.0,273.52,22.81
1904,20.0,1.5,130.0,20.0,1.5,129.89,265126.0,265.13,22.58
1905,20.0,1.5,135.0,20.0,1.5,134.94,258442.99999999997,258.44,22.64
1906,20.0,1.5,140.0,19.99,1.5,139.95,253473.99999999997,253.47,23.01
1907,20.0,1.5,145.0,19.99,1.5,144.94,249671.0,249.67,23.32
1908,20.0,1.5,150.0,20.0,1.5,149.9,247031.0,247.03,23.85
1909,20.0,1.5,155.0,20.0,1.5,154.83,244706.0,244.71,23.72
1910,20.0,1.5,160.0,20.0,1.5,159.72,243660.0,243.66,24.08
1911,20.0,1.5,165.0,20.0,1.5,164.61,242856.0,242.86,23.92
1912,20.0,1.5,170.0,19.99,1.5,169.47,243588.0,243.59,24.78
1913,20.0,1.5,175.0,19.99,1.5,174.35,244089.0,244.09,25.27
1914,20.0,1.5,180.0,19.99,1.5,179.23,244657.00000000003,244.66,25.11
1927,20.0,2.0,0.0,19.98,2.0,-0.98,214802.0,214.8,25.32
1928,20.0,2.0,5.0,19.99,2.0,4.1,215977.0,215.98,25.83
1929,20.0,2.0,10.0,19.99,2.0,9.22,217192.0,217.19,25.06
1930,20.0,2.0,15.0,19.99,2.0,14.32,219126.00000000003,219.13,25.31
1931,20.0,2.0,20.0,19.99,2.0,19.34,221561.0,221.56,26.0
1932,20.0,2.0,25.0,19.99,2.0,24.35,222615.0,222.61,24.38
1933,20.0,2.0,30.0,19.99,2.0,29.33,224801.00000000003,224.8,23.74
1934,20.0,2.0,35.0,19.99,2.0,34.28,228209.0,228.21,23.54
1935,20.0,2.0,40.0,19.99,2.0,39.2,232469.99999999997,232.47,23.08
1936,20.0,2.0,45.0,20.0,2.0,44.09,238011.0,238.01,22.7
1937,20.0,2.0,50.0,19.99,2.0,48.95,245833.0,245.83,22.74
1938,20.0,2.0,55.0,19.99,2.0,53.8,255078.00000000003,255.08,22.58
1939,20.0,2.0,60.0,19.99,2.0,58.66,266740.0,266.74,22.66
1940,20.0,2.0,65.0,20.0,2.0,63.53,281285.0,281.29,22.99
1941,20.0,2.0,70.0,19.99,2.0,68.44,299540.0,299.54,23.7
1942,20.0,2.0,75.0,19.99,2.0,73.38,321631.0,321.63,24.37
1943,20.0,2.0,78.0,19.99,2.0,76.38,336970.0,336.97,25.27
1944,20.0,2.0,81.0,19.99,2.0,79.39,352997.0,353.0,26.76
1945,20.0,2.0,84.0,19.99,2.0,82.43,366622.0,366.62,28.89
1946,20.0,2.0,86.0,19.99,2.0,84.47,371267.0,371.27,28.95
1947,20.0,2.0,88.0,19.99,2.0,86.53,372560.0,372.56,28.83
1948,20.0,2.0,90.0,19.99,2.0,88.59,370525.0,370.52,28.85
1949,20.0,2.0,92.0,19.99,2.0,90.68,364037.0,364.04,27.69
1950,20.0,2.0,94.0,19.99,2.0,92.77,354547.0,354.55,26.14
1951,20.0,2.0,96.0,19.99,2.0,94.87,344125.0,344.12,25.21
1952,20.0,2.0,99.0,19.99,2.0,98.02,327618.0,327.62,23.88
1953,20.0,2.0,102.0,19.99,2.0,101.18,312019.0,312.02,23.06
1954,20.0,2.0,105.0,19.99,2.0,104.32,297579.0,297.58,22.15
1955,20.0,2.0,110.0,20.0,2.0,109.52,278521.0,278.52,22.07
1956,20.0,2.0,115.0,19.99,2.0,114.69,262452.0,262.45,21.5
1957,20.0,2.0,120.0,20.0,2.0,119.83,249496.99999999997,249.5,21.41
1958,20.0,2.0,125.0,20.0,2.0,124.95,239089.0,239.09,21.29
1959,20.0,2.0,130.0,20.0,2.0,130.03,230515.0,230.52,21.36
1960,20.0,2.0,135.0,20.0,2.0,135.1,224156.0,224.16,21.76
1961,20.0,2.0,140.0,20.0,2.0,140.12,218734.0,218.73,21.66
1962,20.0,2.0,145.0,20.0,2.0,145.1,215179.0,215.18,22.07
1963,20.0,2.0,150.0,20.0,2.0,150.04,213267.0,213.27,23.14
1964,20.0,2.0,155.0,19.99,2.0,154.94,211059.0,211.06,22.96
1965,20.0,2.0,160.0,20.0,2.0,159.8,210323.0,210.32,23.28
1966,20.0,2.0,165.0,20.0,2.0,164.64,210463.0,210.46,23.72
1967,20.0,2.0,170.0,20.0,2.0,169.46,211304.0,211.3,24.44
1968,20.0,2.0,175.0,20.0,2.0,174.29,211761.0,211.76,24.35
1969,20.0,2.0,180.0,20.0,2.0,179.14,212823.99999999997,212.82,24.4
1982,20.0,3.0,0.0,19.98,3.0,-1.11,171315.0,171.31,26.27
1983,20.0,3.0,5.0,19.99,3.0,4.01,171578.0,171.58,24.98
1984,20.0,3.0,10.0,19.99,3.0,9.16,172889.0,172.89,25.17
1985,20.0,3.0,15.0,19.99,3.0,14.28,172188.0,172.19,22.66
1986,20.0,3.0,20.0,19.99,3.0,19.35,173987.0,173.99,24.06
1987,20.0,3.0,25.0,20.0,3.0,24.4,174278.0,174.28,23.34
1988,20.0,3.0,30.0,20.0,3.0,29.43,174547.0,174.55,21.88
1989,20.0,3.0,35.0,20.0,3.0,34.45,176102.0,176.1,21.09
1990,20.0,3.0,40.0,20.0,3.0,39.42,180152.0,180.15,21.83
1991,20.0,3.0,45.0,20.0,3.0,44.38,184020.0,184.02,20.6
1992,20.0,3.0,50.0,19.99,3.0,49.29,191015.0,191.02,20.74
1993,20.0,3.0,55.0,20.0,3.0,54.18,199161.0,199.16,20.13
1994,20.0,3.0,60.0,19.99,3.0,59.04,210383.0,210.38,19.89
1995,20.0,3.0,65.0,20.0,3.0,63.89,225153.00000000003,225.15,20.15
1996,20.0,3.0,70.0,20.0,3.0,68.73,244167.0,244.17,20.6
1997,20.0,3.0,75.0,19.99,3.0,73.6,268432.0,268.43,20.99
1998,20.0,3.0,78.0,19.99,3.0,76.51,287468.0,287.47,21.93
1999,20.0,3.0,81.0,19.99,3.0,79.45,310639.0,310.64,23.37
2000,20.0,3.0,84.0,19.99,3.0,82.41,336018.0,336.02,25.75
2001,20.0,3.0,86.0,19.99,3.0,84.41,350645.0,350.65,27.74
2002,20.0,3.0,88.0,19.99,3.0,86.43,358108.0,358.11,28.47
2003,20.0,3.0,90.0,19.99,3.0,88.47,357489.0,357.49,28.96
2004,20.0,3.0,92.0,19.99,3.0,90.54,346745.0,346.75,26.6
2005,20.0,3.0,94.0,19.99,3.0,92.62,331596.0,331.6,24.94
2006,20.0,3.0,96.0,19.99,3.0,94.73,314330.0,314.33,23.42
2007,20.0,3.0,99.0,19.99,3.0,97.9,289515.0,289.51,21.51
2008,20.0,3.0,102.0,20.0,3.0,101.08,268988.0,268.99,20.59
2009,20.0,3.0,105.0,19.99,3.0,104.25,252085.0,252.09,20.14
2010,20.0,3.0,110.0,20.0,3.0,109.48,229916.0,229.92,19.67
2011,20.0,3.0,115.0,20.0,3.0,114.67,212406.0,212.41,19.19
2012,20.0,3.0,120.0,19.99,3.0,119.81,199354.0,199.35,19.4
2013,20.0,3.0,125.0,20.0,3.0,124.94,188317.0,188.32,18.82
2014,20.0,3.0,130.0,20.0,3.0,130.02,180524.0,180.52,19.32
2015,20.0,3.0,135.0,20.0,3.0,135.09,174845.0,174.85,19.99
2016,20.0,3.0,140.0,20.0,3.0,140.1,170070.0,170.07,19.97
2017,20.0,3.0,145.0,20.0,3.0,145.08,167097.0,167.1,20.43
2018,20.0,3.0,150.0,20.0,3.0,150.02,165641.0,165.64,21.19
2019,20.0,3.0,155.0,20.0,3.0,154.91,165062.0,165.06,22.16
2020,20.0,3.0,160.0,20.0,3.0,159.76,164746.0,164.75,22.05
2021,20.0,3.0,165.0,20.0,3.0,164.59,165390.0,165.39,22.57
2022,20.0,3.0,170.0,20.0,3.0,169.4,166749.0,166.75,23.09
2023,20.0,3.0,175.0,20.0,3.0,174.23,168783.0,168.78,24.54
2024,20.0,3.0,180.0,20.0,3.0,179.07,168860.0,168.86,22.84
2037,20.0,5.0,0.0,19.98,5.0,-1.16,118834.99999999999,118.84,21.65
2038,20.0,5.0,5.0,19.99,5.0,3.99,119299.0,119.3,20.73
2039,20.0,5.0,10.0,19.99,5.0,9.17,119284.99999999999,119.29,19.56
2040,20.0,5.0,15.0,19.99,5.0,14.31,120051.0,120.05,20.8
2041,20.0,5.0,20.0,20.0,5.0,19.39,121749.0,121.75,25.08
2042,20.0,5.0,25.0,20.0,5.0,24.48,120278.0,120.28,22.37
2043,20.0,5.0,30.0,20.0,5.0,29.54,118427.0,118.43,19.15
2044,20.0,5.0,35.0,20.0,5.0,34.6,119964.00000000001,119.96,19.97
2045,20.0,5.0,40.0,20.0,5.0,39.61,121376.0,121.38,19.25
2046,20.0,5.0,45.0,19.99,5.0,44.59,124757.0,124.76,19.43
2047,20.0,5.0,50.0,20.0,5.0,49.52,128595.0,128.59,18.37
2048,20.0,5.0,55.0,20.0,5.0,54.43,134885.0,134.89,17.74
2049,20.0,5.0,60.0,20.0,5.0,59.29,143948.0,143.95,17.45
2050,20.0,5.0,65.0,20.0,5.0,64.13,156601.0,156.6,17.44
2051,20.0,5.0,70.0,20.0,5.0,68.92,173939.0,173.94,17.47
2052,20.0,5.0,75.0,19.99,5.0,73.71,198463.0,198.46,18.02
2053,20.0,5.0,78.0,19.99,5.0,76.56,217786.0,217.79,18.37
2054,20.0,5.0,81.0,19.99,5.0,79.43,242942.99999999997,242.94,19.0
2055,20.0,5.0,84.0,19.99,5.0,82.3,278338.0,278.34,21.43
2056,20.0,5.0,86.0,19.99,5.0,84.23,306754.0,306.75,23.58
2057,20.0,5.0,88.0,19.99,5.0,86.18,333562.0,333.56,27.5
2058,20.0,5.0,90.0,19.99,5.0,88.17,340808.0,340.81,28.6
2059,20.0,5.0,92.0,19.99,5.0,90.21,326288.0,326.29,27.07
2060,20.0,5.0,94.0,20.0,5.0,92.3,298137.0,298.14,23.47
2061,20.0,5.0,96.0,20.0,5.0,94.43,269822.0,269.82,21.29
2062,20.0,5.0,99.0,20.0,5.0,97.64,235303.00000000003,235.3,18.97
2063,20.0,5.0,102.0,19.99,5.0,100.85,210692.99999999997,210.69,18.27
2064,20.0,5.0,105.0,20.0,5.0,104.02,191139.0,191.14,17.28
2065,20.0,5.0,110.0,20.0,5.0,109.25,167822.0,167.82,16.95
2066,20.0,5.0,115.0,19.99,5.0,114.43,151179.0,151.18,16.91
2067,20.0,5.0,120.0,20.0,5.0,119.57,140065.0,140.06,17.76
2068,20.0,5.0,125.0,20.0,5.0,124.68,130276.0,130.28,17.25
2069,20.0,5.0,130.0,20.0,5.0,129.76,124546.0,124.55,18.28
2070,20.0,5.0,135.0,20.0,5.0,134.81,119734.99999999999,119.74,18.59
2071,20.0,5.0,140.0,20.0,5.0,139.82,116147.0,116.15,18.51
2072,20.0,5.0,145.0,20.0,5.0,144.81,114424.0,114.42,19.32
2073,20.0,5.0,150.0,20.0,5.0,149.77,113146.0,113.15,19.56
2074,20.0,5.0,155.0,20.0,5.0,154.7,113005.0,113.0,20.22
2075,20.0,5.0,160.0,20.0,5.0,159.59,113538.00000000001,113.54,20.67
2076,20.0,5.0,165.0,20.0,5.0,164.45,114881.0,114.88,21.6
2077,20.0,5.0,170.0,20.0,5.0,169.3,116363.00000000001,116.36,21.89
2078,20.0,5.0,175.0,20.0,5.0,174.16,118510.99999999999,118.51,23.3
2079,20.0,5.0,180.0,20.0,5.0,179.04,119579.0,119.58,22.76
2092,20.0,7.0,0.0,19.98,7.0,-1.19,88592.0,88.59,19.48
2093,20.0,7.0,5.0,19.99,7.0,3.99,88656.0,88.66,18.87
2094,20.0,7.0,10.0,19.99,7.0,9.17,90149.0,90.15,20.0
2095,20.0,7.0,15.0,19.99,7.0,14.31,89053.0,89.05,18.55
2096,20.0,7.0,20.0,20.0,7.0,19.4,90683.0,90.68,22.57
2097,20.0,7.0,25.0,20.0,7.0,24.48,89561.0,89.56,21.55
2098,20.0,7.0,30.0,20.0,7.0,29.55,88773.0,88.77,19.68
2099,20.0,7.0,35.0,20.0,7.0,34.61,89558.0,89.56,20.09
2100,20.0,7.0,40.0,20.0,7.0,39.63,90350.0,90.35,18.82
2101,20.0,7.0,45.0,20.0,7.0,44.61,92453.0,92.45,18.31
2102,20.0,7.0,50.0,20.0,7.0,49.55,95497.0,95.5,17.4
2103,20.0,7.0,55.0,20.0,7.0,54.45,100202.0,100.2,16.66
2104,20.0,7.0,60.0,20.0,7.0,59.31,107133.0,107.13,16.08
2105,20.0,7.0,65.0,20.0,7.0,64.15,117358.99999999999,117.36,15.83
2106,20.0,7.0,70.0,20.0,7.0,68.93,132094.0,132.09,15.62
2107,20.0,7.0,75.0,20.0,7.0,73.68,154165.0,154.16,15.99
2108,20.0,7.0,78.0,20.0,7.0,76.51,172597.0,172.6,16.47
2109,20.0,7.0,81.0,20.0,7.0,79.34,197514.0,197.51,17.25
2110,20.0,7.0,84.0,20.0,7.0,82.16,233283.0,233.28,19.15
2111,20.0,7.0,86.0,20.0,7.0,84.06,266024.0,266.02,20.72
2112,20.0,7.0,88.0,19.99,7.0,85.96,305024.0,305.02,24.3
2113,20.0,7.0,90.0,20.0,7.0,87.91,328832.0,328.83,29.31
2114,20.0,7.0,92.0,19.99,7.0,89.91,312218.0,312.22,27.22
2115,20.0,7.0,94.0,19.99,7.0,91.99,273741.0,273.74,21.78
2116,20.0,7.0,96.0,19.99,7.0,94.13,238853.00000000003,238.85,19.57
2117,20.0,7.0,99.0,20.0,7.0,97.38,199237.0,199.24,17.44
2118,20.0,7.0,102.0,19.99,7.0,100.59,172464.0,172.46,16.39
2119,20.0,7.0,105.0,20.0,7.0,103.77,153763.0,153.76,16.32
2120,20.0,7.0,110.0,19.99,7.0,108.99,131322.0,131.32,15.98
2121,20.0,7.0,115.0,20.0,7.0,114.17,116432.0,116.43,16.16
2122,20.0,7.0,120.0,20.0,7.0,119.29,106027.0,106.03,16.44
2123,20.0,7.0,125.0,20.0,7.0,124.4,98146.0,98.15,16.35
2124,20.0,7.0,130.0,20.0,7.0,129.48,93425.0,93.43,17.64
2125,20.0,7.0,135.0,20.0,7.0,134.53,89504.0,89.5,17.84
2126,20.0,7.0,140.0,20.0,7.0,139.55,87011.0,87.01,18.58
2127,20.0,7.0,145.0,20.0,7.0,144.55,85582.0,85.58,19.49
2128,20.0,7.0,150.0,20.0,7.0,149.53,84728.0,84.73,19.81
2129,20.0,7.0,155.0,20.0,7.0,154.49,84389.0,84.39,19.88
2130,20.0,7.0,160.0,20.0,7.0,159.42,85445.0,85.44,21.76
2131,20.0,7.0,165.0,20.0,7.0,164.33,85969.0,85.97,21.02
2132,20.0,7.0,170.0,20.0,7.0,169.21,87320.0,87.32,21.36
2133,20.0,7.0,175.0,20.0,7.0,174.1,89149.0,89.15,22.57
2134,20.0,7.0,180.0,20.0,7.0,179.01,90614.0,90.61,23.05
2147,20.0,8.0,0.0,20.0,8.0,-1.2,76953.0,76.95,17.14
2148,20.0,8.0,5.0,20.0,8.0,4.0,78896.0,78.9,19.44
2149,20.0,8.0,10.0,20.0,8.0,9.18,79126.0,79.13,18.88
2150,20.0,8.0,15.0,20.0,8.0,14.32,79076.0,79.08,19.21
2151,20.0,8.0,20.0,20.0,8.0,19.41,79775.0,79.77,21.38
2152,20.0,8.0,25.0,20.0,8.0,24.5,78698.0,78.7,20.02
2153,20.0,8.0,30.0,20.0,8.0,29.57,78443.0,78.44,19.53
2154,20.0,8.0,35.0,20.0,8.0,34.62,78468.0,78.47,18.64
2155,20.0,8.0,40.0,20.0,8.0,39.64,79800.0,79.8,18.72
2156,20.0,8.0,45.0,20.0,8.0,44.61,81605.0,81.6,18.3
2157,20.0,8.0,50.0,20.0,8.0,49.55,84162.0,84.16,17.03
2158,20.0,8.0,55.0,20.0,8.0,54.46,88565.0,88.56,16.6
2159,20.0,8.0,60.0,20.0,8.0,59.31,94781.0,94.78,16.07
2160,20.0,8.0,65.0,20.0,8.0,64.15,104249.0,104.25,15.8
2161,20.0,8.0,70.0,20.0,8.0,68.93,116974.0,116.97,14.49
2162,20.0,8.0,75.0,20.0,8.0,73.67,138144.0,138.14,15.53
2163,20.0,8.0,78.0,20.0,8.0,76.48,155306.0,155.31,15.61
2164,20.0,8.0,81.0,20.0,8.0,79.29,180167.0,180.17,16.86
2165,20.0,8.0,84.0,20.0,8.0,82.09,213560.0,213.56,17.16
2166,20.0,8.0,86.0,20.0,8.0,83.98,247786.0,247.79,19.55
2167,20.0,8.0,88.0,20.0,8.0,85.87,290646.0,290.65,22.83
2168,20.0,8.0,90.0,19.99,8.0,87.79,318510.0,318.51,25.37
2169,20.0,8.0,92.0,20.0,8.0,89.77,306739.0,306.74,27.3
2170,20.0,8.0,94.0,19.99,8.0,91.85,265024.0,265.02,21.46
2171,20.0,8.0,96.0,20.0,8.0,94.01,226864.0,226.86,19.16
2172,20.0,8.0,99.0,20.0,8.0,97.27,185861.0,185.86,17.22
2173,20.0,8.0,102.0,20.0,8.0,100.49,157870.0,157.87,15.66
2174,20.0,8.0,105.0,20.0,8.0,103.67,139787.0,139.79,15.88
2175,20.0,8.0,110.0,20.0,8.0,108.88,117455.0,117.46,15.12
2176,20.0,8.0,115.0,20.0,8.0,114.07,103583.0,103.58,15.4
2177,20.0,8.0,120.0,20.0,8.0,119.19,94321.0,94.32,16.25
2178,20.0,8.0,125.0,20.0,8.0,124.31,87433.0,87.43,16.78
2179,20.0,8.0,130.0,20.0,8.0,129.38,82759.0,82.76,17.6
2180,20.0,8.0,135.0,20.0,8.0,134.44,79162.0,79.16,17.89
2181,20.0,8.0,140.0,20.0,8.0,139.46,76722.0,76.72,18.21
2182,20.0,8.0,145.0,20.0,8.0,144.47,75626.0,75.63,19.4
2183,20.0,8.0,150.0,20.0,8.0,149.45,74733.0,74.73,19.64
2184,20.0,8.0,155.0,20.0,8.0,154.42,74529.0,74.53,19.71
2185,20.0,8.0,160.0,20.0,8.0,159.37,75416.0,75.42,21.1
2186,20.0,8.0,165.0,20.0,8.0,164.29,76960.0,76.96,23.47
2187,20.0,8.0,170.0,20.0,8.0,169.19,77774.0,77.77,22.78
2188,20.0,8.0,175.0,20.0,8.0,174.09,78994.0,78.99,23.21
2189,20.0,8.0,180.0,20.0,8.0,179.01,80322.0,80.32,23.55
2477,25.0,0.05,0.0,24.99,0.05,1.11,365646.0,365.65,28.5
2478,25.0,0.05,5.0,24.99,0.05,6.09,366319.0,366.32,29.0
2479,25.0,0.05,10.0,24.99,0.05,11.04,365647.0,365.65,28.34
2480,25.0,0.05,15.0,24.99,0.05,15.94,366270.0,366.27,28.92
2481,25.0,0.05,20.0,25.0,0.05,20.79,366237.0,366.24,28.67
2482,25.0,0.05,25.0,24.99,0.05,25.56,366530.0,366.53,29.03
2483,25.0,0.05,30.0,24.99,0.05,30.31,366981.0,366.98,29.33
2484,25.0,0.05,35.0,24.99,0.05,35.03,367193.0,367.19,29.5
2485,25.0,0.05,40.0,24.99,0.05,39.69,366302.0,366.3,28.51
2486,25.0,0.05,45.0,24.99,0.05,44.35,366854.0,366.85,28.78
2487,25.0,0.05,50.0,24.99,0.05,49.01,367604.0,367.6,29.41
2488,25.0,0.05,55.0,24.99,0.05,53.69,367068.0,367.07,28.84
2489,25.0,0.05,60.0,24.99,0.05,58.44,367568.0,367.57,29.02
2490,25.0,0.05,65.0,24.99,0.05,63.27,367672.0,367.67,29.21
2491,25.0,0.05,70.0,24.99,0.05,68.16,367364.0,367.36,28.96
2492,25.0,0.05,75.0,24.99,0.05,73.14,367976.0,367.98,29.43
2493,25.0,0.05,78.0,24.99,0.05,76.17,367902.0,367.9,29.21
2494,25.0,0.05,81.0,24.99,0.05,79.21,368260.0,368.26,29.46
2495,25.0,0.05,84.0,24.99,0.05,82.26,368536.0,368.54,29.72
2496,25.0,0.05,86.0,24.99,0.05,84.28,367805.0,367.8,29.21
2497,25.0,0.05,88.0,24.99,0.05,86.33,368030.0,368.03,29.38
2498,25.0,0.05,90.0,24.99,0.05,88.35,368288.0,368.29,29.68
2499,25.0,0.05,92.0,24.99,0.05,90.37,368127.0,368.13,29.48
2500,25.0,0.05,94.0,24.99,0.05,92.4,367930.0,367.93,29.26
2501,25.0,0.05,96.0,24.99,0.05,94.42,367697.0,367.7,29.18
2502,25.0,0.05,99.0,24.99,0.05,97.42,368127.0,368.13,29.67
2503,25.0,0.05,102.0,24.99,0.05,100.41,367507.0,367.51,29.09
2504,25.0,0.05,105.0,24.99,0.05,103.42,366725.0,366.72,28.31
2505,25.0,0.05,110.0,24.99,0.05,108.38,366604.0,366.6,28.33
2506,25.0,0.05,115.0,24.99,0.05,113.33,366949.0,366.95,28.8
2507,25.0,0.05,120.0,24.99,0.05,118.32,366321.0,366.32,28.36
2508,25.0,0.05,125.0,24.99,0.05,123.34,366608.0,366.61,28.91
2509,25.0,0.05,130.0,24.99,0.05,128.38,366243.0,366.24,28.75
2510,25.0,0.05,135.0,24.99,0.05,133.45,365833.0,365.83,28.62
2511,25.0,0.05,140.0,24.99,0.05,138.53,366033.0,366.03,28.73
2512,25.0,0.05,145.0,24.99,0.05,143.62,365600.0,365.6,28.6
2513,25.0,0.05,150.0,24.99,0.05,148.7,365642.0,365.64,28.86
2514,25.0,0.05,155.0,24.99,0.05,153.79,365680.0,365.68,28.9
2515,25.0,0.05,160.0,24.99,0.05,158.82,364978.0,364.98,28.35
2516,25.0,0.05,165.0,24.99,0.05,163.84,365771.0,365.77,29.08
2517,25.0,0.05,170.0,24.99,0.05,168.84,365307.0,365.31,28.75
2518,25.0,0.05,175.0,24.99,0.05,173.83,364774.0,364.77,28.25
2519,25.0,0.05,180.0,24.99,0.05,178.82,365391.0,365.39,28.82
2532,25.0,0.07,0.0,24.99,0.07,0.67,364401.0,364.4,28.5
2533,25.0,0.07,5.0,24.99,0.07,5.65,365212.0,365.21,29.26
2534,25.0,0.07,10.0,24.99,0.07,10.59,365097.0,365.1,29.01
2535,25.0,0.07,15.0,24.99,0.07,15.5,365609.0,365.61,29.46
2536,25.0,0.07,20.0,24.99,0.07,20.34,365298.0,365.3,28.96
2537,25.0,0.07,25.0,24.99,0.07,25.14,365536.0,365.54,29.08
2538,25.0,0.07,30.0,25.0,0.07,29.9,366254.0,366.25,29.53
2539,25.0,0.07,35.0,24.99,0.07,34.61,366131.0,366.13,29.09
2540,25.0,0.07,40.0,24.99,0.07,39.3,366969.0,366.97,29.77
2541,25.0,0.07,45.0,24.99,0.07,43.96,366027.0,366.03,28.55
2542,25.0,0.07,50.0,24.99,0.07,48.63,367242.0,367.24,29.42
2543,25.0,0.07,55.0,24.99,0.07,53.33,366727.0,366.73,28.69
2544,25.0,0.07,60.0,24.99,0.07,58.1,367761.0,367.76,29.55
2545,25.0,0.07,65.0,24.99,0.07,62.96,367525.0,367.53,29.21
2546,25.0,0.07,70.0,24.99,0.07,67.88,367839.0,367.84,29.25
2547,25.0,0.07,75.0,24.99,0.07,72.91,368039.0,368.04,29.41
2548,25.0,0.07,78.0,24.99,0.07,75.99,367797.0,367.8,29.18
2549,25.0,0.07,81.0,24.99,0.07,79.06,367783.0,367.78,29.22
2550,25.0,0.07,84.0,24.99,0.07,82.12,368158.0,368.16,29.51
2551,25.0,0.07,86.0,24.99,0.07,84.18,368191.0,368.19,29.59
2552,25.0,0.07,88.0,24.99,0.07,86.22,367791.0,367.79,29.31
2553,25.0,0.07,90.0,24.99,0.07,88.27,367902.0,367.9,29.33
2554,25.0,0.07,92.0,24.99,0.07,90.32,368019.0,368.02,29.43
2555,25.0,0.07,94.0,24.99,0.07,92.36,367833.0,367.83,29.46
2556,25.0,0.07,96.0,24.99,0.07,94.38,367606.0,367.61,29.21
2557,25.0,0.07,99.0,24.99,0.07,97.43,367582.0,367.58,29.22
2558,25.0,0.07,102.0,24.99,0.07,100.46,367154.0,367.15,29.02
2559,25.0,0.07,105.0,24.99,0.07,103.49,366840.0,366.84,28.82
2560,25.0,0.07,110.0,24.99,0.07,108.47,366303.0,366.3,28.59
2561,25.0,0.07,115.0,24.99,0.07,113.47,366096.0,366.1,28.59
2562,25.0,0.07,120.0,24.99,0.07,118.51,365949.0,365.95,28.83
2563,25.0,0.07,125.0,24.99,0.07,123.55,364850.0,364.85,28.11
2564,25.0,0.07,130.0,24.99,0.07,128.62,364856.0,364.86,28.6
2565,25.0,0.07,135.0,24.99,0.07,133.71,365254.0,365.25,29.26
2566,25.0,0.07,140.0,24.99,0.07,138.8,364128.0,364.13,28.43
2567,25.0,0.07,145.0,24.99,0.07,143.9,363790.0,363.79,28.29
2568,25.0,0.07,150.0,24.99,0.07,149.0,363954.0,363.95,28.63
2569,25.0,0.07,155.0,24.99,0.07,154.07,363184.0,363.18,28.06
2570,25.0,0.07,160.0,24.99,0.07,159.13,363394.0,363.39,28.44
2571,25.0,0.07,165.0,24.99,0.07,164.17,363554.0,363.55,28.62
2572,25.0,0.07,170.0,24.99,0.07,169.17,363244.0,363.24,28.52
2573,25.0,0.07,175.0,24.99,0.07,174.18,363082.0,363.08,28.29
2574,25.0,0.07,180.0,24.99,0.07,179.16,363591.0,363.59,28.72
2587,25.0,0.1,0.0,24.99,0.1,0.31,361413.0,361.41,28.1
2588,25.0,0.1,5.0,24.99,0.1,5.28,361927.0,361.93,28.32
2589,25.0,0.1,10.0,24.99,0.1,10.22,362149.0,362.15,28.39
2590,25.0,0.1,15.0,24.99,0.1,15.13,362668.0,362.67,28.61
2591,25.0,0.1,20.0,24.99,0.1,19.98,363053.0,363.05,28.67
2592,25.0,0.1,25.0,25.0,0.1,24.78,363511.0,363.51,28.85
2593,25.0,0.1,30.0,25.0,0.1,29.53,363830.0,363.83,28.7
2594,25.0,0.1,35.0,24.99,0.1,34.25,364091.0,364.09,28.6
2595,25.0,0.1,40.0,24.99,0.1,38.94,364751.0,364.75,28.65
2596,25.0,0.1,45.0,24.99,0.1,43.6,365109.0,365.11,28.59
2597,25.0,0.1,50.0,24.99,0.1,48.28,365971.0,365.97,28.85
2598,25.0,0.1,55.0,24.99,0.1,53.0,366329.0,366.33,28.77
2599,25.0,0.1,60.0,24.99,0.1,57.78,366722.0,366.72,28.86
2600,25.0,0.1,65.0,24.99,0.1,62.66,367865.0,367.86,29.59
2601,25.0,0.1,70.0,24.99,0.1,67.62,367131.0,367.13,28.75
2602,25.0,0.1,75.0,24.99,0.1,72.67,367469.0,367.47,29.07
2603,25.0,0.1,78.0,24.99,0.1,75.77,367963.0,367.96,29.6
2604,25.0,0.1,81.0,24.99,0.1,78.86,367598.0,367.6,29.1
2605,25.0,0.1,84.0,24.99,0.1,81.96,368018.0,368.02,29.57
2606,25.0,0.1,86.0,24.99,0.1,84.05,367079.0,367.08,28.74
2607,25.0,0.1,88.0,24.99,0.1,86.11,367896.0,367.9,29.55
2608,25.0,0.1,90.0,24.99,0.1,88.17,367032.0,367.03,28.78
2609,25.0,0.1,92.0,24.99,0.1,90.24,366724.0,366.72,28.55
2610,25.0,0.1,94.0,24.99,0.1,92.29,367030.0,367.03,28.92
2611,25.0,0.1,96.0,24.99,0.1,94.35,366498.0,366.5,28.74
2612,25.0,0.1,99.0,24.99,0.1,97.41,366439.0,366.44,28.87
2613,25.0,0.1,102.0,24.99,0.1,100.47,366336.0,366.34,28.93
2614,25.0,0.1,105.0,24.99,0.1,103.52,365319.0,365.32,28.18
2615,25.0,0.1,110.0,24.99,0.1,108.55,364652.0,364.65,28.25
2616,25.0,0.1,115.0,24.99,0.1,113.6,364679.0,364.68,28.67
2617,25.0,0.1,120.0,24.99,0.1,118.65,363059.0,363.06,27.78
2618,25.0,0.1,125.0,24.99,0.1,123.72,362386.0,362.39,27.7
2619,25.0,0.1,130.0,24.99,0.1,128.8,361885.0,361.88,27.82
2620,25.0,0.1,135.0,24.99,0.1,133.89,361093.0,361.09,27.61
2621,25.0,0.1,140.0,24.99,0.1,139.01,360950.0,360.95,27.91
2622,25.0,0.1,145.0,24.99,0.1,144.11,360518.0,360.52,27.98
2623,25.0,0.1,150.0,24.99,0.1,149.2,360041.0,360.04,27.89
2624,25.0,0.1,155.0,24.99,0.1,154.29,359530.0,359.53,27.76
2625,25.0,0.1,160.0,24.99,0.1,159.33,359248.0,359.25,27.7
2626,25.0,0.1,165.0,24.99,0.1,164.38,359097.0,359.1,27.74
2627,25.0,0.1,170.0,24.99,0.1,169.39,359173.0,359.17,27.83
2628,25.0,0.1,175.0,24.99,0.1,174.38,359278.0,359.28,27.91
2629,25.0,0.1,180.0,24.99,0.1,179.36,359886.0,359.89,28.33
2642,25.0,0.15,0.0,24.99,0.15,-0.01,355490.0,355.49,27.39
2643,25.0,0.15,5.0,24.99,0.15,4.95,356038.0,356.04,27.72
2644,25.0,0.15,10.0,24.99,0.15,9.89,356297.0,356.3,27.67
2645,25.0,0.15,15.0,24.99,0.15,14.8,356865.0,356.86,27.7
2646,25.0,0.15,20.0,24.99,0.15,19.64,357660.0,357.66,27.93
2647,25.0,0.15,25.0,24.99,0.15,24.44,358540.0,358.54,28.07
2648,25.0,0.15,30.0,24.99,0.15,29.19,359596.0,359.6,28.22
2649,25.0,0.15,35.0,24.99,0.15,33.91,360747.0,360.75,28.38
2650,25.0,0.15,40.0,24.98,0.15,38.6,361780.0,361.78,28.4
2651,25.0,0.15,45.0,24.99,0.15,43.28,362599.0,362.6,28.24
2652,25.0,0.15,50.0,24.99,0.15,47.96,363688.0,363.69,28.39
2653,25.0,0.15,55.0,24.99,0.15,52.69,365100.0,365.1,29.01
2654,25.0,0.15,60.0,24.99,0.15,57.49,365594.0,365.59,28.74
2655,25.0,0.15,65.0,24.99,0.15,62.39,365138.0,365.14,27.8
2656,25.0,0.15,70.0,24.99,0.15,67.37,365964.0,365.96,28.16
2657,25.0,0.15,75.0,24.99,0.15,72.47,366753.0,366.75,28.62
2658,25.0,0.15,78.0,24.99,0.15,75.6,366153.0,366.15,28.17
2659,25.0,0.15,81.0,24.99,0.15,78.72,366459.0,366.46,28.45
2660,25.0,0.15,84.0,24.99,0.15,81.84,365860.0,365.86,28.13
2661,25.0,0.15,86.0,24.99,0.15,83.95,366306.0,366.31,28.6
2662,25.0,0.15,88.0,24.99,0.15,86.04,365739.0,365.74,28.29
2663,25.0,0.15,90.0,24.99,0.15,88.12,365210.0,365.21,28.11
2664,25.0,0.15,92.0,24.99,0.15,90.21,365227.0,365.23,28.18
2665,25.0,0.15,94.0,24.99,0.15,92.3,364742.0,364.74,27.93
2666,25.0,0.15,96.0,24.99,0.15,94.37,364699.0,364.7,28.25
2667,25.0,0.15,99.0,24.99,0.15,97.45,363796.0,363.8,27.86
2668,25.0,0.15,102.0,24.99,0.15,100.54,363119.0,363.12,27.61
2669,25.0,0.15,105.0,24.99,0.15,103.62,362116.0,362.12,27.29
2670,25.0,0.15,110.0,24.99,0.15,108.68,361456.0,361.46,27.55
2671,25.0,0.15,115.0,24.99,0.15,113.76,360151.0,360.15,27.37
2672,25.0,0.15,120.0,24.99,0.15,118.83,358863.0,358.86,27.27
2673,25.0,0.15,125.0,24.99,0.15,123.92,357607.0,357.61,27.04
2674,25.0,0.15,130.0,24.99,0.15,129.01,355541.0,355.54,26.31
2675,25.0,0.15,135.0,24.99,0.15,134.11,354538.0,354.54,26.24
2676,25.0,0.15,140.0,24.99,0.15,139.2,353832.0,353.83,26.6
2677,25.0,0.15,145.0,24.99,0.15,144.29,352994.0,352.99,26.42
2678,25.0,0.15,150.0,24.99,0.15,149.37,351751.0,351.75,26.1
2679,25.0,0.15,155.0,24.99,0.15,154.44,351279.0,351.28,26.19
2680,25.0,0.15,160.0,24.99,0.15,159.49,351132.0,351.13,26.39
2681,25.0,0.15,165.0,24.99,0.15,164.51,351392.0,351.39,26.8
2682,25.0,0.15,170.0,24.99,0.15,169.5,350584.0,350.58,26.31
2683,25.0,0.15,175.0,24.99,0.15,174.49,351404.0,351.4,26.96
2684,25.0,0.15,180.0,24.99,0.15,179.45,351020.0,351.02,26.48
2697,25.0,0.2,0.0,24.99,0.2,-0.18,347580.0,347.58,26.19
2698,25.0,0.2,5.0,24.99,0.2,4.78,348862.0,348.86,27.12
2699,25.0,0.2,10.0,24.99,0.2,9.72,348890.0,348.89,26.58
2700,25.0,0.2,15.0,24.99,0.2,14.63,350423.0,350.42,27.39
2701,25.0,0.2,20.0,24.99,0.2,19.48,351327.0,351.33,27.27
2702,25.0,0.2,25.0,24.99,0.2,24.28,352892.0,352.89,27.6
2703,25.0,0.2,30.0,24.99,0.2,29.04,354206.0,354.21,27.54
2704,25.0,0.2,35.0,24.99,0.2,33.76,355101.0,355.1,27.02
2705,25.0,0.2,40.0,24.99,0.2,38.44,358042.0,358.04,28.29
2706,25.0,0.2,45.0,24.99,0.2,43.12,359611.0,359.61,28.2
2707,25.0,0.2,50.0,24.99,0.2,47.81,361050.0,361.05,28.18
2708,25.0,0.2,55.0,24.99,0.2,52.55,362533.0,362.53,28.24
2709,25.0,0.2,60.0,24.99,0.2,57.36,363775.0,363.78,28.35
2710,25.0,0.2,65.0,24.99,0.2,62.28,364243.0,364.24,27.94
2711,25.0,0.2,70.0,24.99,0.2,67.29,365666.0,365.67,28.8
2712,25.0,0.2,75.0,24.99,0.2,72.41,365472.0,365.47,28.38
2713,25.0,0.2,78.0,24.99,0.2,75.56,366242.0,366.24,29.1
2714,25.0,0.2,81.0,24.99,0.2,78.7,364195.0,364.2,27.27
2715,25.0,0.2,84.0,24.99,0.2,81.83,365273.0,365.27,28.51
2716,25.0,0.2,86.0,24.99,0.2,83.96,364546.0,364.55,28.03
2717,25.0,0.2,88.0,24.99,0.2,86.07,364412.0,364.41,28.12
2718,25.0,0.2,90.0,24.99,0.2,88.16,363510.0,363.51,27.64
2719,25.0,0.2,92.0,24.99,0.2,90.26,363549.0,363.55,28.0
2720,25.0,0.2,94.0,24.99,0.2,92.35,362564.0,362.56,27.5
2721,25.0,0.2,96.0,24.99,0.2,94.44,362478.0,362.48,27.76
2722,25.0,0.2,99.0,24.99,0.2,97.54,361200.0,361.2,27.37
2723,25.0,0.2,102.0,24.99,0.2,100.63,360501.0,360.5,27.38
2724,25.0,0.2,105.0,24.99,0.2,103.73,359712.0,359.71,27.41
2725,25.0,0.2,110.0,24.99,0.2,108.8,356902.0,356.9,26.41
2726,25.0,0.2,115.0,24.99,0.2,113.9,354887.0,354.89,26.0
2727,25.0,0.2,120.0,24.99,0.2,118.98,353421.0,353.42,26.16
2728,25.0,0.2,125.0,24.99,0.2,124.06,351667.0,351.67,26.16
2729,25.0,0.2,130.0,24.99,0.2,129.14,349670.0,349.67,25.89
2730,25.0,0.2,135.0,24.99,0.2,134.23,347502.0,347.5,25.16
2731,25.0,0.2,140.0,24.99,0.2,139.31,346768.0,346.77,25.76
2732,25.0,0.2,145.0,24.99,0.2,144.39,345220.0,345.22,25.52
2733,25.0,0.2,150.0,24.99,0.2,149.46,343922.0,343.92,25.34
2734,25.0,0.2,155.0,24.99,0.2,154.51,343334.0,343.33,25.52
2735,25.0,0.2,160.0,24.99,0.2,159.53,342645.0,342.65,25.41
2736,25.0,0.2,165.0,24.99,0.2,164.54,342000.0,342.0,25.18
2737,25.0,0.2,170.0,24.99,0.2,169.52,341578.0,341.58,25.01
2738,25.0,0.2,175.0,24.99,0.2,174.51,341713.0,341.71,25.12
2739,25.0,0.2,180.0,24.99,0.2,179.44,342280.0,342.28,25.41
2752,25.0,0.3,0.0,24.99,0.3,-0.36,329790.0,329.79,24.44
2753,25.0,0.3,5.0,24.99,0.3,4.61,331088.0,331.09,25.06
2754,25.0,0.3,10.0,24.99,0.3,9.56,332011.0,332.01,25.2
2755,25.0,0.3,15.0,24.99,0.3,14.49,333263.0,333.26,25.06
2756,25.0,0.3,20.0,24.99,0.3,19.34,335054.0,335.05,25.17
2757,25.0,0.3,25.0,24.99,0.3,24.15,337529.0,337.53,25.52
2758,25.0,0.3,30.0,24.99,0.3,28.91,340419.0,340.42,25.91
2759,25.0,0.3,35.0,24.99,0.3,33.64,343217.0,343.22,26.08
2760,25.0,0.3,40.0,24.99,0.3,38.32,346433.0,346.43,26.31
2761,25.0,0.3,45.0,24.99,0.3,43.01,348801.0,348.8,25.98
2762,25.0,0.3,50.0,24.99,0.3,47.7,352802.0,352.8,26.98
2763,25.0,0.3,55.0,24.99,0.3,52.46,355351.0,355.35,26.96
2764,25.0,0.3,60.0,24.99,0.3,57.3,358528.0,358.53,27.79
2765,25.0,0.3,65.0,24.99,0.3,62.24,360141.0,360.14,27.69
2766,25.0,0.3,70.0,24.99,0.3,67.29,362295.0,362.29,28.42
2767,25.0,0.3,75.0,24.99,0.3,72.45,361728.0,361.73,27.41
2768,25.0,0.3,78.0,24.99,0.3,75.62,361775.0,361.78,27.36
2769,25.0,0.3,81.0,24.99,0.3,78.78,361403.0,361.4,27.12
2770,25.0,0.3,84.0,24.99,0.3,81.94,360818.0,360.82,26.98
2771,25.0,0.3,86.0,24.99,0.3,84.08,360588.0,360.59,27.02
2772,25.0,0.3,88.0,24.99,0.3,86.19,360326.0,360.33,27.18
2773,25.0,0.3,90.0,24.99,0.3,88.3,359153.0,359.15,26.65
2774,25.0,0.3,92.0,24.99,0.3,90.41,358638.0,358.64,26.81
2775,25.0,0.3,94.0,24.99,0.3,92.52,358382.0,358.38,27.07
2776,25.0,0.3,96.0,24.99,0.3,94.61,357084.0,357.08,26.74
2777,25.0,0.3,99.0,24.99,0.3,97.72,354652.0,354.65,25.71
2778,25.0,0.3,102.0,24.99,0.3,100.84,352998.0,353.0,25.7
2779,25.0,0.3,105.0,24.99,0.3,103.94,351760.0,351.76,25.85
2780,25.0,0.3,110.0,24.99,0.3,109.02,348095.0,348.1,25.04
2781,25.0,0.3,115.0,24.99,0.3,114.12,344749.0,344.75,24.69
2782,25.0,0.3,120.0,24.99,0.3,119.19,341138.0,341.14,24.29
2783,25.0,0.3,125.0,24.99,0.3,124.27,337904.0,337.9,23.91
2784,25.0,0.3,130.0,24.99,0.3,129.33,335358.0,335.36,24.03
2785,25.0,0.3,135.0,24.99,0.3,134.4,333122.0,333.12,24.36
2786,25.0,0.3,140.0,24.99,0.3,139.46,330358.0,330.36,23.73
2787,25.0,0.3,145.0,24.99,0.3,144.51,328624.0,328.62,23.95
2788,25.0,0.3,150.0,24.99,0.3,149.55,326248.0,326.25,23.41
2789,25.0,0.3,155.0,24.99,0.3,154.58,325285.0,325.29,23.49
2790,25.0,0.3,160.0,24.99,0.3,159.58,323808.0,323.81,23.18
2791,25.0,0.3,165.0,24.99,0.3,164.56,323289.0,323.29,23.3
2792,25.0,0.3,170.0,24.99,0.3,169.53,323384.0,323.38,23.56
2793,25.0,0.3,175.0,24.99,0.3,174.49,323951.0,323.95,23.97
2794,25.0,0.3,180.0,24.99,0.3,179.41,324124.0,324.12,23.82
2807,25.0,0.5,0.0,24.99,0.5,-0.52,296132.0,296.13,22.64
2808,25.0,0.5,5.0,24.99,0.5,4.49,297853.0,297.85,23.43
2809,25.0,0.5,10.0,24.99,0.5,9.47,298250.0,298.25,22.74
2810,25.0,0.5,15.0,24.99,0.5,14.43,300960.0,300.96,23.4
2811,25.0,0.5,20.0,24.99,0.5,19.3,303780.0,303.78,23.57
2812,25.0,0.5,25.0,25.0,0.5,24.13,307033.0,307.03,23.7
2813,25.0,0.5,30.0,25.0,0.5,28.91,310131.0,310.13,23.43
2814,25.0,0.5,35.0,24.99,0.5,33.65,314905.0,314.9,23.93
2815,25.0,0.5,40.0,24.99,0.5,38.35,319247.0,319.25,23.92
2816,25.0,0.5,45.0,24.99,0.5,43.05,323878.0,323.88,23.92
2817,25.0,0.5,50.0,24.99,0.5,47.77,329295.0,329.29,24.44
2818,25.0,0.5,55.0,24.99,0.5,52.55,333828.0,333.83,24.2
2819,25.0,0.5,60.0,24.99,0.5,57.41,338979.0,338.98,24.55
2820,25.0,0.5,65.0,24.99,0.5,62.38,344327.0,344.33,25.28
2821,25.0,0.5,70.0,24.99,0.5,67.45,348931.0,348.93,26.0
2822,25.0,0.5,75.0,24.99,0.5,72.62,352264.0,352.26,26.47
2823,25.0,0.5,78.0,24.99,0.5,75.81,352822.0,352.82,26.17
2824,25.0,0.5,81.0,24.99,0.5,78.97,353498.0,353.5,26.32
2825,25.0,0.5,84.0,24.99,0.5,82.14,352093.0,352.09,25.49
2826,25.0,0.5,86.0,24.99,0.5,84.27,352008.0,352.01,25.62
2827,25.0,0.5,88.0,24.99,0.5,86.39,350688.0,350.69,25.27
2828,25.0,0.5,90.0,24.99,0.5,88.5,349955.0,349.95,25.46
2829,25.0,0.5,92.0,24.99,0.5,90.62,347107.0,347.11,24.17
2830,25.0,0.5,94.0,24.99,0.5,92.72,346416.0,346.42,24.63
2831,25.0,0.5,96.0,24.99,0.5,94.82,344485.0,344.49,24.47
2832,25.0,0.5,99.0,24.99,0.5,97.94,341207.0,341.21,23.97
2833,25.0,0.5,102.0,24.99,0.5,101.07,337098.0,337.1,23.19
2834,25.0,0.5,105.0,24.99,0.5,104.17,333543.0,333.54,23.05
2835,25.0,0.5,110.0,24.99,0.5,109.26,327631.0,327.63,22.7
2836,25.0,0.5,115.0,24.99,0.5,114.35,321130.0,321.13,22.07
2837,25.0,0.5,120.0,24.99,0.5,119.42,314584.0,314.58,21.33
2838,25.0,0.5,125.0,24.99,0.5,124.47,309814.0,309.81,21.36
2839,25.0,0.5,130.0,24.99,0.5,129.52,306010.0,306.01,21.69
2840,25.0,0.5,135.0,24.99,0.5,134.56,301527.0,301.53,21.27
2841,25.0,0.5,140.0,25.0,0.5,139.6,298605.0,298.6,21.4
2842,25.0,0.5,145.0,25.0,0.5,144.62,295446.0,295.45,21.21
2843,25.0,0.5,150.0,24.99,0.5,149.63,294148.0,294.15,21.65
2844,25.0,0.5,155.0,24.99,0.5,154.63,292726.0,292.73,21.66
2845,25.0,0.5,160.0,25.0,0.5,159.61,291260.0,291.26,21.55
2846,25.0,0.5,165.0,25.0,0.5,164.57,290908.0,290.91,21.82
2847,25.0,0.5,170.0,24.99,0.5,169.52,290729.0,290.73,21.8
2848,25.0,0.5,175.0,25.0,0.5,174.46,290764.0,290.76,21.81
2849,25.0,0.5,180.0,24.99,0.5,179.38,291858.0,291.86,22.2
2862,25.0,0.7,0.0,24.98,0.7,-0.57,271120.0,271.12,22.48
2863,25.0,0.7,5.0,24.99,0.7,4.44,271594.0,271.59,22.59
2864,25.0,0.7,10.0,24.99,0.7,9.46,273409.0,273.41,22.79
2865,25.0,0.7,15.0,24.99,0.7,14.44,274997.0,275.0,22.54
2866,25.0,0.7,20.0,24.99,0.7,19.35,278206.0,278.21,23.11
2867,25.0,0.7,25.0,24.99,0.7,24.2,281252.0,281.25,22.96
2868,25.0,0.7,30.0,25.0,0.7,29.0,284272.0,284.27,22.45
2869,25.0,0.7,35.0,24.99,0.7,33.75,288346.0,288.35,22.5
2870,25.0,0.7,40.0,25.0,0.7,38.48,293172.0,293.17,22.63
2871,25.0,0.7,45.0,25.0,0.7,43.21,298328.0,298.33,22.88
2872,25.0,0.7,50.0,24.99,0.7,47.95,304002.0,304.0,22.95
2873,25.0,0.7,55.0,24.99,0.7,52.74,309835.0,309.84,22.64
2874,25.0,0.7,60.0,24.99,0.7,57.61,317743.0,317.74,23.44
2875,25.0,0.7,65.0,25.0,0.7,62.56,324958.0,324.96,23.6
2876,25.0,0.7,70.0,25.0,0.7,67.61,332414.0,332.41,24.18
2877,25.0,0.7,75.0,24.99,0.7,72.78,339808.0,339.81,25.32
2878,25.0,0.7,78.0,24.99,0.7,75.92,340565.0,340.57,23.98
2879,25.0,0.7,81.0,24.99,0.7,79.08,343325.0,343.33,24.87
2880,25.0,0.7,84.0,24.99,0.7,82.24,343574.0,343.57,24.62
2881,25.0,0.7,86.0,24.99,0.7,84.37,343401.0,343.4,24.66
2882,25.0,0.7,88.0,24.99,0.7,86.48,342201.0,342.2,24.36
2883,25.0,0.7,90.0,24.99,0.7,88.6,339561.0,339.56,23.39
2884,25.0,0.7,92.0,24.99,0.7,90.71,337591.0,337.59,23.29
2885,25.0,0.7,94.0,24.99,0.7,92.82,334925.0,334.93,23.01
2886,25.0,0.7,96.0,24.99,0.7,94.92,332321.0,332.32,22.93
2887,25.0,0.7,99.0,24.99,0.7,98.04,327119.0,327.12,22.27
2888,25.0,0.7,102.0,24.99,0.7,101.17,321089.0,321.09,21.48
2889,25.0,0.7,105.0,24.99,0.7,104.28,315020.0,315.02,20.8
2890,25.0,0.7,110.0,24.99,0.7,109.4,307241.0,307.24,20.98
2891,25.0,0.7,115.0,24.99,0.7,114.48,298744.0,298.74,20.58
2892,25.0,0.7,120.0,24.99,0.7,119.54,290679.0,290.68,19.9
2893,25.0,0.7,125.0,25.0,0.7,124.59,284936.0,284.94,20.06
2894,25.0,0.7,130.0,24.99,0.7,129.63,280029.0,280.03,20.23
2895,25.0,0.7,135.0,25.0,0.7,134.65,275290.0,275.29,20.01
2896,25.0,0.7,140.0,24.99,0.7,139.67,272400.0,272.4,20.32
2897,25.0,0.7,145.0,25.0,0.7,144.67,269444.0,269.44,20.28
2898,25.0,0.7,150.0,24.99,0.7,149.67,267603.0,267.6,20.43
2899,25.0,0.7,155.0,25.0,0.7,154.66,266767.0,266.77,20.93
2900,25.0,0.7,160.0,25.0,0.7,159.62,265984.0,265.98,21.2
2901,25.0,0.7,165.0,24.99,0.7,164.57,265842.0,265.84,21.34
2902,25.0,0.7,170.0,25.0,0.7,169.51,265949.0,265.95,21.64
2903,25.0,0.7,175.0,24.99,0.7,174.45,265742.0,265.74,21.24
2904,25.0,0.7,180.0,25.0,0.7,179.37,267495.0,267.49,22.01
2917,25.0,1.0,0.0,24.98,1.0,-0.65,241333.0,241.33,22.54
2918,25.0,1.0,5.0,24.99,1.0,4.4,241341.0,241.34,21.86
2919,25.0,1.0,10.0,24.99,1.0,9.47,243696.99999999997,243.7,22.65
2920,25.0,1.0,15.0,24.99,1.0,14.49,245334.0,245.33,22.18
2921,25.0,1.0,20.0,25.0,1.0,19.44,248176.00000000003,248.18,22.66
2922,25.0,1.0,25.0,25.0,1.0,24.33,249773.99999999997,249.77,21.78
2923,25.0,1.0,30.0,25.0,1.0,29.16,252653.00000000003,252.65,21.74
2924,25.0,1.0,35.0,24.99,1.0,33.96,255508.0,255.51,21.34
2925,25.0,1.0,40.0,24.99,1.0,38.72,259728.00000000003,259.73,21.58
2926,25.0,1.0,45.0,25.0,1.0,43.47,264099.0,264.1,21.38
2927,25.0,1.0,50.0,24.99,1.0,48.22,268599.0,268.6,20.59
2928,25.0,1.0,55.0,25.0,1.0,53.01,275192.0,275.19,20.51
2929,25.0,1.0,60.0,24.99,1.0,57.86,284373.0,284.37,21.22
2930,25.0,1.0,65.0,25.0,1.0,62.8,293276.0,293.28,20.91
2931,25.0,1.0,70.0,24.99,1.0,67.82,304884.0,304.88,21.62
2932,25.0,1.0,75.0,24.99,1.0,72.94,316708.0,316.71,22.18
2933,25.0,1.0,78.0,24.99,1.0,76.06,323639.0,323.64,23.08
2934,25.0,1.0,81.0,24.99,1.0,79.19,328615.0,328.61,23.29
2935,25.0,1.0,84.0,24.99,1.0,82.33,332053.0,332.05,23.86
2936,25.0,1.0,86.0,24.99,1.0,84.44,331380.0,331.38,23.13
2937,25.0,1.0,88.0,24.99,1.0,86.55,330318.0,330.32,22.91
2938,25.0,1.0,90.0,24.99,1.0,88.67,328656.0,328.66,22.96
2939,25.0,1.0,92.0,24.99,1.0,90.78,324322.0,324.32,21.76
2940,25.0,1.0,94.0,24.99,1.0,92.88,320327.0,320.33,21.6
2941,25.0,1.0,96.0,24.99,1.0,94.98,315301.0,315.3,21.05
2942,25.0,1.0,99.0,24.99,1.0,98.12,308009.0,308.01,20.83
2943,25.0,1.0,102.0,24.99,1.0,101.25,299438.0,299.44,20.2
2944,25.0,1.0,105.0,24.99,1.0,104.37,290449.0,290.45,19.27
2945,25.0,1.0,110.0,25.0,1.0,109.5,278696.0,278.7,19.02
2946,25.0,1.0,115.0,24.99,1.0,114.59,268786.0,268.79,18.86
2947,25.0,1.0,120.0,25.0,1.0,119.65,260219.0,260.22,18.67
2948,25.0,1.0,125.0,25.0,1.0,124.7,252929.0,252.93,18.46
2949,25.0,1.0,130.0,25.0,1.0,129.73,248084.0,248.08,18.91
2950,25.0,1.0,135.0,25.0,1.0,134.75,243661.0,243.66,19.0
2951,25.0,1.0,140.0,25.0,1.0,139.75,240683.0,240.68,19.38
2952,25.0,1.0,145.0,25.0,1.0,144.75,238284.0,238.28,19.53
2953,25.0,1.0,150.0,25.0,1.0,149.72,236742.99999999997,236.74,19.85
2954,25.0,1.0,155.0,25.0,1.0,154.69,235431.0,235.43,19.86
2955,25.0,1.0,160.0,25.0,1.0,159.63,235958.0,235.96,20.71
2956,25.0,1.0,165.0,25.0,1.0,164.57,235291.0,235.29,20.44
2957,25.0,1.0,170.0,25.0,1.0,169.5,236150.0,236.15,21.14
2958,25.0,1.0,175.0,25.0,1.0,174.43,236477.0,236.48,20.92
2959,25.0,1.0,180.0,25.0,1.0,179.35,238180.00000000003,238.18,21.6
2972,25.0,1.5,0.0,24.98,1.5,-0.84,204473.0,204.47,22.33
2973,25.0,1.5,5.0,24.99,1.5,4.24,204674.0,204.67,21.55
2974,25.0,1.5,10.0,24.99,1.5,9.34,205929.0,205.93,21.53
2975,25.0,1.5,15.0,24.99,1.5,14.42,208027.0,208.03,21.73
2976,25.0,1.5,20.0,25.0,1.5,19.43,210104.0,210.1,22.15
2977,25.0,1.5,25.0,24.99,1.5,24.39,211112.0,211.11,21.46
2978,25.0,1.5,30.0,24.99,1.5,29.31,212108.0,212.11,20.63
2979,25.0,1.5,35.0,25.0,1.5,34.2,214438.0,214.44,20.43
2980,25.0,1.5,40.0,25.0,1.5,39.05,216941.0,216.94,19.9
2981,25.0,1.5,45.0,25.0,1.5,43.88,220369.0,220.37,19.32
2982,25.0,1.5,50.0,25.0,1.5,48.68,225203.00000000003,225.2,19.05
2983,25.0,1.5,55.0,25.0,1.5,53.51,231923.99999999997,231.92,19.17
2984,25.0,1.5,60.0,25.0,1.5,58.36,239765.0,239.76,18.72
2985,25.0,1.5,65.0,24.99,1.5,63.26,249656.0,249.66,18.41
2986,25.0,1.5,70.0,24.99,1.5,68.21,262711.0,262.71,18.53
2987,25.0,1.5,75.0,25.0,1.5,73.24,280264.0,280.26,19.4
2988,25.0,1.5,78.0,24.99,1.5,76.29,291849.0,291.85,19.95
2989,25.0,1.5,81.0,24.99,1.5,79.37,304202.0,304.2,21.14
2990,25.0,1.5,84.0,24.99,1.5,82.45,313954.0,313.95,22.31
2991,25.0,1.5,86.0,25.0,1.5,84.65,317096.0,317.1,22.82
2992,25.0,1.5,88.0,24.99,1.5,86.63,317436.0,317.44,22.38
2993,25.0,1.5,90.0,24.99,1.5,88.72,314527.0,314.53,21.97
2994,25.0,1.5,92.0,24.99,1.5,90.81,309056.0,309.06,21.32
2995,25.0,1.5,94.0,24.99,1.5,92.91,301398.0,301.4,20.42
2996,25.0,1.5,96.0,24.99,1.5,95.01,292626.0,292.63,19.54
2997,25.0,1.5,99.0,25.0,1.5,98.15,278577.0,278.58,18.19
2998,25.0,1.5,102.0,24.99,1.5,101.28,266072.0,266.07,17.49
2999,25.0,1.5,105.0,25.0,1.5,104.41,255823.0,255.82,17.37
3000,25.0,1.5,110.0,24.99,1.5,109.57,241023.0,241.02,17.07
3001,25.0,1.5,115.0,24.99,1.5,114.71,229411.0,229.41,16.92
3002,25.0,1.5,120.0,25.0,1.5,119.8,219992.0,219.99,16.77
3003,25.0,1.5,125.0,25.0,1.5,124.88,213248.99999999997,213.25,17.11
3004,25.0,1.5,130.0,25.0,1.5,129.94,207737.0,207.74,17.43
3005,25.0,1.5,135.0,25.0,1.5,134.98,203758.0,203.76,17.84
3006,25.0,1.5,140.0,25.0,1.5,139.99,200587.0,200.59,18.07
3007,25.0,1.5,145.0,25.0,1.5,144.98,198599.0,198.6,18.56
3008,25.0,1.5,150.0,25.0,1.5,149.94,197611.0,197.61,19.06
3009,25.0,1.5,155.0,25.0,1.5,154.86,197433.0,197.43,19.68
3010,25.0,1.5,160.0,25.0,1.5,159.76,197617.0,197.62,20.03
3011,25.0,1.5,165.0,25.0,1.5,164.63,197696.0,197.7,20.07
3012,25.0,1.5,170.0,25.0,1.5,169.49,199747.0,199.75,21.17
3013,25.0,1.5,175.0,25.0,1.5,174.37,200783.0,200.78,21.25
3014,25.0,1.5,180.0,25.0,1.5,179.24,202048.0,202.05,21.3
3027,25.0,2.0,0.0,24.98,2.0,-0.99,177367.0,177.37,22.07
3028,25.0,2.0,5.0,24.99,2.0,4.1,178433.0,178.43,22.16
3029,25.0,2.0,10.0,24.99,2.0,9.22,179129.0,179.13,21.42
3030,25.0,2.0,15.0,24.99,2.0,14.32,180572.0,180.57,21.56
3031,25.0,2.0,20.0,24.99,2.0,19.35,180830.0,180.83,20.94
3032,25.0,2.0,25.0,24.99,2.0,24.37,181915.0,181.92,21.43
3033,25.0,2.0,30.0,25.0,2.0,29.36,181703.0,181.7,19.88
3034,25.0,2.0,35.0,25.0,2.0,34.32,182955.0,182.96,19.35
3035,25.0,2.0,40.0,25.0,2.0,39.25,184587.0,184.59,18.51
3036,25.0,2.0,45.0,25.0,2.0,44.14,187970.0,187.97,18.21
3037,25.0,2.0,50.0,25.0,2.0,49.01,192056.0,192.06,17.66
3038,25.0,2.0,55.0,25.0,2.0,53.87,198924.0,198.92,17.75
3039,25.0,2.0,60.0,25.0,2.0,58.73,206789.0,206.79,17.33
3040,25.0,2.0,65.0,24.99,2.0,63.62,216507.00000000003,216.51,16.85
3041,25.0,2.0,70.0,24.99,2.0,68.52,230059.0,230.06,16.95
3042,25.0,2.0,75.0,25.0,2.0,73.49,248606.0,248.61,17.4
3043,25.0,2.0,78.0,25.0,2.0,76.48,263226.0,263.23,18.13
3044,25.0,2.0,81.0,24.99,2.0,79.49,280350.0,280.35,19.39
3045,25.0,2.0,84.0,24.99,2.0,82.52,297339.0,297.34,21.21
3046,25.0,2.0,86.0,24.99,2.0,84.57,304788.0,304.79,21.74
3047,25.0,2.0,88.0,24.99,2.0,86.63,308153.0,308.15,22.27
3048,25.0,2.0,90.0,24.99,2.0,88.69,305669.0,305.67,21.92
3049,25.0,2.0,92.0,24.99,2.0,90.77,297521.0,297.52,20.8
3050,25.0,2.0,94.0,24.99,2.0,92.86,286034.0,286.03,19.39
3051,25.0,2.0,96.0,24.99,2.0,94.96,272764.0,272.76,17.85
3052,25.0,2.0,99.0,24.99,2.0,98.11,255779.0,255.78,17.03
3053,25.0,2.0,102.0,25.0,2.0,101.27,240523.99999999997,240.52,16.42
3054,25.0,2.0,105.0,25.0,2.0,104.41,228367.0,228.37,16.16
3055,25.0,2.0,110.0,25.0,2.0,109.61,212416.0,212.42,15.91
3056,25.0,2.0,115.0,25.0,2.0,114.78,199759.0,199.76,15.62
3057,25.0,2.0,120.0,25.0,2.0,119.9,190585.0,190.58,15.8
3058,25.0,2.0,125.0,25.0,2.0,125.01,183144.0,183.14,15.99
3059,25.0,2.0,130.0,25.0,2.0,130.09,178795.0,178.8,16.96
3060,25.0,2.0,135.0,25.0,2.0,135.14,173922.0,173.92,16.73
3061,25.0,2.0,140.0,25.0,2.0,140.16,171144.0,171.14,17.19
3062,25.0,2.0,145.0,25.0,2.0,145.14,169272.0,169.27,17.6
3063,25.0,2.0,150.0,25.0,2.0,150.07,168583.0,168.58,18.11
3064,25.0,2.0,155.0,25.0,2.0,154.97,169066.0,169.07,18.99
3065,25.0,2.0,160.0,25.0,2.0,159.82,169466.0,169.47,19.21
3066,25.0,2.0,165.0,25.0,2.0,164.66,170924.0,170.92,20.11
3067,25.0,2.0,170.0,25.0,2.0,169.47,172403.0,172.4,20.47
3068,25.0,2.0,175.0,25.0,2.0,174.31,174481.0,174.48,21.44
3069,25.0,2.0,180.0,25.0,2.0,179.14,174707.0,174.71,20.27
3082,25.0,3.0,0.0,24.98,3.0,-1.11,140818.0,140.82,21.56
3083,25.0,3.0,5.0,24.99,3.0,4.02,142030.0,142.03,21.72
3084,25.0,3.0,10.0,24.99,3.0,9.16,143201.0,143.2,22.19
3085,25.0,3.0,15.0,24.99,3.0,14.3,143260.0,143.26,22.11
3086,25.0,3.0,20.0,25.0,3.0,19.38,141912.0,141.91,20.31
3087,25.0,3.0,25.0,25.0,3.0,24.43,140674.0,140.67,19.39
3088,25.0,3.0,30.0,25.0,3.0,29.47,140282.0,140.28,18.96
3089,25.0,3.0,35.0,24.99,3.0,34.5,139695.0,139.7,17.55
3090,25.0,3.0,40.0,25.0,3.0,39.49,141400.0,141.4,17.69
3091,25.0,3.0,45.0,25.0,3.0,44.44,142999.0,143.0,16.6
3092,25.0,3.0,50.0,25.0,3.0,49.35,146670.0,146.67,16.3
3093,25.0,3.0,55.0,25.0,3.0,54.25,152053.0,152.05,15.99
3094,25.0,3.0,60.0,25.0,3.0,59.12,159183.0,159.18,15.37
3095,25.0,3.0,65.0,25.0,3.0,63.98,169337.0,169.34,15.25
3096,25.0,3.0,70.0,25.0,3.0,68.83,183271.0,183.27,15.49
3097,25.0,3.0,75.0,25.0,3.0,73.71,201516.0,201.52,15.39
3098,25.0,3.0,78.0,25.0,3.0,76.63,216732.00000000003,216.73,15.65
3099,25.0,3.0,81.0,25.0,3.0,79.58,236454.0,236.45,16.28
3100,25.0,3.0,84.0,25.0,3.0,82.54,263175.0,263.17,18.22
3101,25.0,3.0,86.0,24.99,3.0,84.54,282044.0,282.04,20.19
3102,25.0,3.0,88.0,24.99,3.0,86.55,294748.0,294.75,22.24
3103,25.0,3.0,90.0,24.99,3.0,88.59,293051.0,293.05,21.47
3104,25.0,3.0,92.0,24.99,3.0,90.65,281179.0,281.18,20.25
3105,25.0,3.0,94.0,25.0,3.0,92.75,261831.0,261.83,18.05
3106,25.0,3.0,96.0,24.99,3.0,94.86,242811.0,242.81,16.7
3107,25.0,3.0,99.0,25.0,3.0,98.03,218365.0,218.36,15.31
3108,25.0,3.0,102.0,25.0,3.0,101.2,199946.0,199.95,14.43
3109,25.0,3.0,105.0,25.0,3.0,104.36,187276.0,187.28,14.59
3110,25.0,3.0,110.0,25.0,3.0,109.58,170224.0,170.22,14.36
3111,25.0,3.0,115.0,24.99,3.0,114.75,158068.0,158.07,14.44
3112,25.0,3.0,120.0,25.0,3.0,119.88,149295.0,149.29,14.92
3113,25.0,3.0,125.0,25.0,3.0,125.0,142422.0,142.42,15.2
3114,25.0,3.0,130.0,25.0,3.0,130.08,137482.0,137.48,15.61
3115,25.0,3.0,135.0,25.0,3.0,135.14,134012.0,134.01,16.01
3116,25.0,3.0,140.0,25.0,3.0,140.15,131626.0,131.63,16.28
3117,25.0,3.0,145.0,25.0,3.0,145.12,131049.0,131.05,17.41
3118,25.0,3.0,150.0,25.0,3.0,150.05,130578.0,130.58,17.58
3119,25.0,3.0,155.0,25.0,3.0,154.95,130733.99999999999,130.73,17.77
3120,25.0,3.0,160.0,25.0,3.0,159.79,132208.0,132.21,18.61
3121,25.0,3.0,165.0,25.0,3.0,164.61,134169.0,134.17,19.52
3122,25.0,3.0,170.0,25.0,3.0,169.42,136739.0,136.74,20.97
3123,25.0,3.0,175.0,25.0,3.0,174.24,138144.0,138.14,20.66
3124,25.0,3.0,180.0,25.0,3.0,179.08,139853.0,139.85,20.86
3137,25.0,5.0,0.0,24.98,5.0,-1.17,99301.0,99.3,21.35
3138,25.0,5.0,5.0,24.99,5.0,3.99,101967.0,101.97,26.62
3139,25.0,5.0,10.0,24.99,5.0,9.17,99333.0,99.33,19.2
3140,25.0,5.0,15.0,24.99,5.0,14.32,99984.0,99.98,21.4
3141,25.0,5.0,20.0,25.0,5.0,19.42,98212.0,98.21,19.66
3142,25.0,5.0,25.0,25.0,5.0,24.51,96975.0,96.98,19.54
3143,25.0,5.0,30.0,25.0,5.0,29.59,95401.0,95.4,18.14
3144,25.0,5.0,35.0,25.0,5.0,34.65,94964.0,94.96,17.51
3145,25.0,5.0,40.0,25.0,5.0,39.68,95016.0,95.02,16.77
3146,25.0,5.0,45.0,25.0,5.0,44.67,96295.0,96.29,16.56
3147,25.0,5.0,50.0,25.0,5.0,49.6,98066.0,98.07,15.59
3148,25.0,5.0,55.0,25.0,5.0,54.51,101208.0,101.21,14.48
3149,25.0,5.0,60.0,25.0,5.0,59.38,106868.0,106.87,14.24
3150,25.0,5.0,65.0,25.0,5.0,64.23,114277.0,114.28,13.45
3151,25.0,5.0,70.0,25.0,5.0,69.04,126224.0,126.22,13.32
3152,25.0,5.0,75.0,25.0,5.0,73.84,142980.0,142.98,13.09
3153,25.0,5.0,78.0,25.0,5.0,76.71,157685.0,157.69,13.41
3154,25.0,5.0,81.0,25.0,5.0,79.58,177156.0,177.16,13.57
3155,25.0,5.0,84.0,25.0,5.0,82.46,207730.00000000003,207.73,14.99
3156,25.0,5.0,86.0,24.99,5.0,84.39,236448.0,236.45,16.61
3157,25.0,5.0,88.0,24.99,5.0,86.35,268994.0,268.99,20.49
3158,25.0,5.0,90.0,24.99,5.0,88.33,279956.0,279.96,22.31
3159,25.0,5.0,92.0,24.99,5.0,90.38,258206.0,258.21,18.55
3160,25.0,5.0,94.0,25.0,5.0,92.48,226329.0,226.33,15.77
3161,25.0,5.0,96.0,25.0,5.0,94.6,198929.0,198.93,14.46
3162,25.0,5.0,99.0,25.0,5.0,97.81,169669.0,169.67,13.42
3163,25.0,5.0,102.0,25.0,5.0,100.99,149970.0,149.97,12.83
3164,25.0,5.0,105.0,25.0,5.0,104.16,136268.0,136.27,12.73
3165,25.0,5.0,110.0,25.0,5.0,109.37,121090.00000000001,121.09,13.27
3166,25.0,5.0,115.0,25.0,5.0,114.54,109396.0,109.4,13.08
3167,25.0,5.0,120.0,25.0,5.0,119.66,102254.0,102.25,13.71
3168,25.0,5.0,125.0,25.0,5.0,124.77,96738.0,96.74,14.01
3169,25.0,5.0,130.0,25.0,5.0,129.84,93340.0,93.34,14.66
3170,25.0,5.0,135.0,25.0,5.0,134.88,91206.0,91.21,15.5
3171,25.0,5.0,140.0,25.0,5.0,139.89,89803.0,89.8,16.12
3172,25.0,5.0,145.0,25.0,5.0,144.87,89374.0,89.37,16.92
3173,25.0,5.0,150.0,25.0,5.0,149.81,89277.0,89.28,17.31
3174,25.0,5.0,155.0,25.0,5.0,154.74,90420.0,90.42,18.52
3175,25.0,5.0,160.0,25.0,5.0,159.62,91659.0,91.66,18.97
3176,25.0,5.0,165.0,25.0,5.0,164.48,93066.0,93.07,19.27
3177,25.0,5.0,170.0,25.0,5.0,169.31,95604.0,95.6,20.92
3178,25.0,5.0,175.0,25.0,5.0,174.16,97530.0,97.53,20.9
3179,25.0,5.0,180.0,25.0,5.0,179.03,98941.0,98.94,20.8
3192,25.0,7.0,0.0,24.99,7.0,-1.21,73770.0,73.77,19.5
3193,25.0,7.0,5.0,24.99,7.0,4.0,76207.0,76.21,24.16
3194,25.0,7.0,10.0,24.99,7.0,9.19,75322.0,75.32,20.65
3195,25.0,7.0,15.0,24.99,7.0,14.33,74756.0,74.76,20.19
3196,25.0,7.0,20.0,24.99,7.0,19.43,73300.0,73.3,18.96
3197,25.0,7.0,25.0,25.0,7.0,24.54,72093.0,72.09,18.39
3198,25.0,7.0,30.0,25.0,7.0,29.62,71816.0,71.82,19.11
3199,25.0,7.0,35.0,25.0,7.0,34.69,71156.0,71.16,17.95
3200,25.0,7.0,40.0,25.0,7.0,39.72,71055.0,71.05,16.97
3201,25.0,7.0,45.0,25.0,7.0,44.72,71670.0,71.67,16.16
3202,25.0,7.0,50.0,25.0,7.0,49.66,73038.0,73.04,15.32
3203,25.0,7.0,55.0,25.0,7.0,54.58,75485.0,75.48,14.45
3204,25.0,7.0,60.0,25.0,7.0,59.45,79354.0,79.35,13.75
3205,25.0,7.0,65.0,25.0,7.0,64.3,85420.0,85.42,13.06
3206,25.0,7.0,70.0,25.0,7.0,69.1,94638.0,94.64,12.47
3207,25.0,7.0,75.0,25.0,7.0,73.86,108883.0,108.88,12.06
3208,25.0,7.0,78.0,25.0,7.0,76.7,124950.0,124.95,14.73
3209,25.0,7.0,81.0,25.0,7.0,79.54,142420.0,142.42,13.46
3210,25.0,7.0,84.0,25.0,7.0,82.37,169035.0,169.03,13.27
3211,25.0,7.0,86.0,25.0,7.0,84.27,199224.0,199.22,14.63
3212,25.0,7.0,88.0,24.99,7.0,86.18,244588.0,244.59,19.83
3213,25.0,7.0,90.0,24.99,7.0,88.12,269684.0,269.68,22.89
3214,25.0,7.0,92.0,24.99,7.0,90.13,247746.99999999997,247.75,20.25
3215,25.0,7.0,94.0,24.99,7.0,92.22,204542.0,204.54,15.35
3216,25.0,7.0,96.0,24.99,7.0,94.37,171880.0,171.88,13.63
3217,25.0,7.0,99.0,25.0,7.0,97.59,141899.0,141.9,14.6
3218,25.0,7.0,102.0,25.0,7.0,100.78,120651.0,120.65,12.35
3219,25.0,7.0,105.0,25.0,7.0,103.95,106776.0,106.78,11.89
3220,25.0,7.0,110.0,25.0,7.0,109.15,92640.0,92.64,12.36
3221,25.0,7.0,115.0,25.0,7.0,114.31,83654.0,83.65,13.01
3222,25.0,7.0,120.0,25.0,7.0,119.43,77569.0,77.57,13.64
3223,25.0,7.0,125.0,25.0,7.0,124.53,73471.0,73.47,14.41
3224,25.0,7.0,130.0,25.0,7.0,129.6,70722.0,70.72,15.23
3225,25.0,7.0,135.0,25.0,7.0,134.63,69021.0,69.02,16.24
3226,25.0,7.0,140.0,25.0,7.0,139.65,67827.0,67.83,16.76
3227,25.0,7.0,145.0,25.0,7.0,144.63,67372.0,67.37,17.62
3228,25.0,7.0,150.0,25.0,7.0,149.6,67287.0,67.29,17.94
3229,25.0,7.0,155.0,25.0,7.0,154.55,67853.0,67.85,18.58
3230,25.0,7.0,160.0,25.0,7.0,159.46,68767.0,68.77,19.34
3231,25.0,7.0,165.0,25.0,7.0,164.36,70018.0,70.02,19.43
3232,25.0,7.0,170.0,25.0,7.0,169.24,71805.0,71.8,20.55
3233,25.0,7.0,175.0,25.0,7.0,174.11,73554.0,73.55,21.99
3234,25.0,7.0,180.0,25.0,7.0,178.99,74444.0,74.44,20.42
3247,25.0,8.0,0.0,25.0,7.999,-1.16,65596.0,65.6,21.53
3248,25.0,8.0,5.0,25.0,8.0,4.02,67197.0,67.2,23.16
3249,25.0,8.0,10.0,25.0,8.0,9.21,66154.0,66.15,19.4
3250,25.0,8.0,15.0,25.0,8.0,14.35,66186.0,66.19,21.14
3251,25.0,8.0,20.0,25.0,8.0,19.45,64955.99999999999,64.96,19.32
3252,25.0,8.0,25.0,25.0,8.0,24.55,63916.99999999999,63.92,18.8
3253,25.0,8.0,30.0,25.0,8.0,29.63,63304.0,63.3,18.46
3254,25.0,8.0,35.0,25.0,8.0,34.7,62854.0,62.85,17.79
3255,25.0,8.0,40.0,25.0,8.0,39.73,63134.0,63.13,17.59
3256,25.0,8.0,45.0,25.0,8.0,44.73,63584.0,63.58,16.52
3257,25.0,8.0,50.0,25.0,8.0,49.67,64839.0,64.84,15.76
3258,25.0,8.0,55.0,25.0,8.0,54.59,66948.0,66.95,14.75
3259,25.0,8.0,60.0,25.0,8.0,59.47,70398.0,70.4,13.88
3260,25.0,8.0,65.0,25.0,8.0,64.32,75537.0,75.54,12.96
3261,25.0,8.0,70.0,25.0,8.0,69.11,83830.0,83.83,11.72
3262,25.0,8.0,75.0,25.0,8.0,73.86,97612.0,97.61,12.19
3263,25.0,8.0,78.0,25.0,8.0,76.69,109091.00000000001,109.09,11.77
3264,25.0,8.0,81.0,25.0,8.0,79.52,135047.0,135.05,38.03
3265,25.0,8.0,84.0,25.0,8.0,82.34,163504.0,163.5,69.57
3266,25.0,8.0,86.0,25.0,8.0,84.22,184984.0,184.98,42.89
3267,25.0,8.0,88.0,25.0,8.0,86.11,228871.99999999997,228.87,17.43
3268,25.0,8.0,90.0,24.99,8.0,88.03,264495.0,264.5,22.28
3269,25.0,8.0,92.0,24.99,8.0,90.02,244479.0,244.48,21.78
3270,25.0,8.0,94.0,25.0,8.0,92.11,195626.0,195.63,15.0
3271,25.0,8.0,96.0,24.99,8.0,94.26,160630.0,160.63,13.22
3272,25.0,8.0,99.0,25.0,8.0,97.5,128058.0,128.06,12.0
3273,25.0,8.0,102.0,25.0,8.0,100.7,109192.0,109.19,11.98
3274,25.0,8.0,105.0,25.0,8.0,103.86,93997.0,94.0,10.5
3275,25.0,8.0,110.0,25.0,8.0,109.06,85352.0,85.35,13.76
3276,25.0,8.0,115.0,25.0,8.0,114.23,74823.0,74.82,13.08
3277,25.0,8.0,120.0,25.0,8.0,119.34,69051.0,69.05,13.7
3278,25.0,8.0,125.0,25.0,8.0,124.44,65184.0,65.18,14.33
3279,25.0,8.0,130.0,25.0,8.0,129.52,62827.0,62.83,15.44
3280,25.0,8.0,135.0,25.0,8.0,134.55,61182.00000000001,61.18,16.16
3281,25.0,8.0,140.0,25.0,8.0,139.56,60097.0,60.1,16.82
3282,25.0,8.0,145.0,25.0,8.0,144.56,59750.0,59.75,17.69
3283,25.0,8.0,150.0,25.0,8.0,149.53,59595.00000000001,59.59,17.97
3284,25.0,8.0,155.0,25.0,8.0,154.48,60129.0,60.13,18.69
3285,25.0,8.0,160.0,25.0,8.0,159.41,61104.0,61.1,19.54
3286,25.0,8.0,165.0,25.0,8.0,164.33,61773.0,61.77,18.85
3287,25.0,8.0,170.0,25.0,8.0,169.21,63583.00000000001,63.58,21.06
3288,25.0,8.0,175.0,25.0,8.0,174.1,65066.0,65.07,21.49
3289,25.0,8.0,180.0,25.0,8.0,178.99,65687.0,65.69,20.3
3577,30.0,0.05,0.0,29.99,0.05,0.79,313509.0,313.51,25.43
3578,30.0,0.05,5.0,29.99,0.05,5.73,311919.0,311.92,24.4
3579,30.0,0.05,10.0,29.99,0.05,10.7,313089.0,313.09,25.24
3580,30.0,0.05,15.0,29.99,0.05,15.64,312569.0,312.57,24.71
3581,30.0,0.05,20.0,29.99,0.05,20.51,313154.0,313.15,25.09
3582,30.0,0.05,25.0,30.0,0.05,25.32,312640.0,312.64,24.64
3583,30.0,0.05,30.0,30.0,0.05,30.1,312808.0,312.81,24.67
3584,30.0,0.05,35.0,29.99,0.05,34.83,313296.0,313.3,25.03
3585,30.0,0.05,40.0,29.99,0.05,39.53,313099.0,313.1,24.61
3586,30.0,0.05,45.0,29.99,0.05,44.21,313469.0,313.47,24.89
3587,30.0,0.05,50.0,29.99,0.05,48.9,313846.0,313.85,24.94
3588,30.0,0.05,55.0,29.99,0.05,53.62,313556.0,313.56,24.54
3589,30.0,0.05,60.0,29.99,0.05,58.4,314100.0,314.1,24.9
3590,30.0,0.05,65.0,29.99,0.05,63.26,313606.0,313.61,24.53
3591,30.0,0.05,70.0,29.99,0.05,68.19,314062.0,314.06,24.79
3592,30.0,0.05,75.0,29.99,0.05,73.18,314190.0,314.19,24.77
3593,30.0,0.05,78.0,29.99,0.05,76.26,313921.0,313.92,24.55
3594,30.0,0.05,81.0,29.99,0.05,79.31,314089.0,314.09,24.89
3595,30.0,0.05,84.0,29.99,0.05,82.36,314371.0,314.37,24.93
3596,30.0,0.05,86.0,29.99,0.05,84.43,313762.0,313.76,24.38
3597,30.0,0.05,88.0,29.99,0.05,86.46,313828.0,313.83,24.6
3598,30.0,0.05,90.0,29.99,0.05,88.5,314757.0,314.76,25.32
3599,30.0,0.05,92.0,29.99,0.05,90.53,314731.0,314.73,25.28
3600,30.0,0.05,94.0,29.99,0.05,92.58,313876.0,313.88,24.66
3601,30.0,0.05,96.0,29.99,0.05,94.6,313726.0,313.73,24.55
3602,30.0,0.05,99.0,29.99,0.05,97.62,314217.0,314.22,25.01
3603,30.0,0.05,102.0,29.99,0.05,100.65,313521.0,313.52,24.62
3604,30.0,0.05,105.0,29.99,0.05,103.65,313505.0,313.51,24.55
3605,30.0,0.05,110.0,29.99,0.05,108.62,313661.0,313.66,24.79
3606,30.0,0.05,115.0,29.99,0.05,113.63,312913.0,312.91,24.38
3607,30.0,0.05,120.0,29.99,0.05,118.63,312835.0,312.83,24.5
3608,30.0,0.05,125.0,29.99,0.05,123.67,312580.0,312.58,24.43
3609,30.0,0.05,130.0,29.99,0.05,128.74,312147.0,312.15,24.25
3610,30.0,0.05,135.0,29.99,0.05,133.8,312084.0,312.08,24.4
3611,30.0,0.05,140.0,29.99,0.05,138.88,312140.0,312.14,24.52
3612,30.0,0.05,145.0,29.99,0.05,143.97,311445.0,311.44,24.16
3613,30.0,0.05,150.0,29.99,0.05,149.05,311279.0,311.28,24.16
3614,30.0,0.05,155.0,29.99,0.05,154.12,311638.0,311.64,24.39
3615,30.0,0.05,160.0,29.99,0.05,159.16,311487.0,311.49,24.48
3616,30.0,0.05,165.0,29.99,0.05,164.18,311296.0,311.3,24.27
3617,30.0,0.05,170.0,29.99,0.05,169.16,311270.0,311.27,24.34
3618,30.0,0.05,175.0,29.99,0.05,174.14,311203.0,311.2,24.26
3619,30.0,0.05,180.0,29.99,0.05,179.12,311237.0,311.24,24.23
3632,30.0,0.07,0.0,29.99,0.07,0.45,311835.0,311.84,25.36
3633,30.0,0.07,5.0,29.99,0.07,5.4,310033.0,310.03,24.19
3634,30.0,0.07,10.0,29.99,0.07,10.36,310624.0,310.62,24.6
3635,30.0,0.07,15.0,29.99,0.07,15.29,310655.0,310.66,24.4
3636,30.0,0.07,20.0,29.99,0.07,20.16,311126.0,311.13,24.62
3637,30.0,0.07,25.0,29.99,0.07,24.97,311117.0,311.12,24.42
3638,30.0,0.07,30.0,30.0,0.07,29.75,311448.0,311.45,24.5
3639,30.0,0.07,35.0,29.99,0.07,34.48,312144.0,312.14,24.74
3640,30.0,0.07,40.0,29.99,0.07,39.19,312146.0,312.15,24.57
3641,30.0,0.07,45.0,29.99,0.07,43.87,312360.0,312.36,24.43
3642,30.0,0.07,50.0,29.99,0.07,48.57,313127.0,313.13,24.95
3643,30.0,0.07,55.0,29.99,0.07,53.3,313261.0,313.26,24.85
3644,30.0,0.07,60.0,29.99,0.07,58.08,313390.0,313.39,24.65
3645,30.0,0.07,65.0,29.99,0.07,62.96,313837.0,313.84,24.82
3646,30.0,0.07,70.0,29.99,0.07,67.91,313976.0,313.98,24.76
3647,30.0,0.07,75.0,29.99,0.07,72.96,313777.0,313.78,24.59
3648,30.0,0.07,78.0,29.99,0.07,76.04,314039.0,314.04,24.82
3649,30.0,0.07,81.0,29.99,0.07,79.13,314392.0,314.39,25.23
3650,30.0,0.07,84.0,29.99,0.07,82.22,314015.0,314.01,24.82
3651,30.0,0.07,86.0,29.99,0.07,84.29,313653.0,313.65,24.64
3652,30.0,0.07,88.0,29.99,0.07,86.34,313229.0,313.23,24.24
3653,30.0,0.07,90.0,29.99,0.07,88.41,313381.0,313.38,24.43
3654,30.0,0.07,92.0,29.99,0.07,90.46,313616.0,313.62,24.62
3655,30.0,0.07,94.0,29.99,0.07,92.51,313514.0,313.51,24.55
3656,30.0,0.07,96.0,29.99,0.07,94.55,313630.0,313.63,24.78
3657,30.0,0.07,99.0,29.99,0.07,97.6,313193.0,313.19,24.58
3658,30.0,0.07,102.0,29.99,0.07,100.65,312813.0,312.81,24.37
3659,30.0,0.07,105.0,29.99,0.07,103.69,312551.0,312.55,24.21
3660,30.0,0.07,110.0,29.99,0.07,108.69,312777.0,312.78,24.73
3661,30.0,0.07,115.0,29.99,0.07,113.72,311950.0,311.95,24.3
3662,30.0,0.07,120.0,29.99,0.07,118.76,310960.0,310.96,23.85
3663,30.0,0.07,125.0,29.99,0.07,123.81,311100.0,311.1,24.24
3664,30.0,0.07,130.0,29.99,0.07,128.88,310648.0,310.65,24.15
3665,30.0,0.07,135.0,29.99,0.07,133.97,309919.0,309.92,23.89
3666,30.0,0.07,140.0,29.99,0.07,139.06,309351.0,309.35,23.71
3667,30.0,0.07,145.0,29.99,0.07,144.16,309312.0,309.31,23.85
3668,30.0,0.07,150.0,29.99,0.07,149.25,309127.0,309.13,23.97
3669,30.0,0.07,155.0,29.99,0.07,154.32,309317.0,309.32,24.29
3670,30.0,0.07,160.0,29.99,0.07,159.37,308375.0,308.37,23.64
3671,30.0,0.07,165.0,29.99,0.07,164.39,308555.0,308.55,23.86
3672,30.0,0.07,170.0,29.99,0.07,169.38,308569.0,308.57,23.86
3673,30.0,0.07,175.0,29.99,0.07,174.37,308565.0,308.57,23.86
3674,30.0,0.07,180.0,29.99,0.07,179.33,308842.0,308.84,23.98
3687,30.0,0.1,0.0,29.98,0.1,0.16,308533.0,308.53,25.17
3688,30.0,0.1,5.0,29.99,0.1,5.09,306510.0,306.51,23.69
3689,30.0,0.1,10.0,29.99,0.1,10.04,307466.0,307.47,24.23
3690,30.0,0.1,15.0,29.99,0.1,14.97,307684.0,307.68,24.24
3691,30.0,0.1,20.0,29.99,0.1,19.83,307758.0,307.76,24.02
3692,30.0,0.1,25.0,29.99,0.1,24.64,308194.0,308.19,24.03
3693,30.0,0.1,30.0,29.99,0.1,29.42,308912.0,308.91,24.23
3694,30.0,0.1,35.0,29.99,0.1,34.15,309943.0,309.94,24.56
3695,30.0,0.1,40.0,29.99,0.1,38.85,310503.0,310.5,24.43
3696,30.0,0.1,45.0,29.99,0.1,43.54,311140.0,311.14,24.57
3697,30.0,0.1,50.0,29.99,0.1,48.24,311214.0,311.21,24.22
3698,30.0,0.1,55.0,29.99,0.1,52.97,311980.0,311.98,24.41
3699,30.0,0.1,60.0,29.99,0.1,57.77,312995.0,312.99,24.85
3700,30.0,0.1,65.0,29.99,0.1,62.66,312882.0,312.88,24.44
3701,30.0,0.1,70.0,29.99,0.1,67.65,312833.0,312.83,24.31
3702,30.0,0.1,75.0,29.99,0.1,72.72,313248.0,313.25,24.44
3703,30.0,0.1,78.0,29.99,0.1,75.84,313187.0,313.19,24.5
3704,30.0,0.1,81.0,29.99,0.1,78.93,313675.0,313.67,24.93
3705,30.0,0.1,84.0,29.99,0.1,82.04,313677.0,313.68,24.92
3706,30.0,0.1,86.0,29.99,0.1,84.14,312687.0,312.69,24.21
3707,30.0,0.1,88.0,29.99,0.1,86.21,312912.0,312.91,24.39
3708,30.0,0.1,90.0,29.99,0.1,88.28,312702.0,312.7,24.31
3709,30.0,0.1,92.0,29.99,0.1,90.36,312915.0,312.91,24.61
3710,30.0,0.1,94.0,29.99,0.1,92.44,312270.0,312.27,24.23
3711,30.0,0.1,96.0,29.99,0.1,94.49,312199.0,312.2,24.29
3712,30.0,0.1,99.0,29.99,0.1,97.56,311915.0,311.91,24.26
3713,30.0,0.1,102.0,29.99,0.1,100.63,310901.0,310.9,23.75
3714,30.0,0.1,105.0,29.99,0.1,103.69,310615.0,310.61,23.81
3715,30.0,0.1,110.0,29.99,0.1,108.73,310288.0,310.29,23.89
3716,30.0,0.1,115.0,29.99,0.1,113.79,309073.0,309.07,23.57
3717,30.0,0.1,120.0,29.99,0.1,118.86,308583.0,308.58,23.62
3718,30.0,0.1,125.0,29.99,0.1,123.93,307805.0,307.81,23.6
3719,30.0,0.1,130.0,29.99,0.1,129.01,307093.0,307.09,23.49
3720,30.0,0.1,135.0,29.99,0.1,134.11,306803.0,306.8,23.77
3721,30.0,0.1,140.0,29.99,0.1,139.2,304850.0,304.85,22.72
3722,30.0,0.1,145.0,29.99,0.1,144.3,305454.0,305.45,23.5
3723,30.0,0.1,150.0,29.99,0.1,149.38,304441.0,304.44,23.05
3724,30.0,0.1,155.0,29.99,0.1,154.45,303808.0,303.81,22.93
3725,30.0,0.1,160.0,29.99,0.1,159.5,303126.0,303.13,22.61
3726,30.0,0.1,165.0,29.99,0.1,164.52,303489.0,303.49,23.03
3727,30.0,0.1,170.0,29.99,0.1,169.51,303726.0,303.73,23.18
3728,30.0,0.1,175.0,29.99,0.1,174.49,303995.0,303.99,23.36
3729,30.0,0.1,180.0,29.99,0.1,179.46,304413.0,304.41,23.55
3742,30.0,0.15,0.0,29.99,0.15,-0.11,301089.0,301.09,24.1
3743,30.0,0.15,5.0,29.99,0.15,4.83,299465.0,299.47,22.97
3744,30.0,0.15,10.0,29.99,0.15,9.77,300398.0,300.4,23.36
3745,30.0,0.15,15.0,29.99,0.15,14.69,300769.0,300.77,23.38
3746,30.0,0.15,20.0,29.99,0.15,19.54,301831.0,301.83,23.54
3747,30.0,0.15,25.0,30.0,0.15,24.35,302772.0,302.77,23.58
3748,30.0,0.15,30.0,29.99,0.15,29.12,303328.0,303.33,23.29
3749,30.0,0.15,35.0,29.99,0.15,33.85,305002.0,305.0,23.77
3750,30.0,0.15,40.0,29.99,0.15,38.54,305938.0,305.94,23.57
3751,30.0,0.15,45.0,29.99,0.15,43.23,307669.0,307.67,24.03
3752,30.0,0.15,50.0,29.99,0.15,47.92,308688.0,308.69,23.98
3753,30.0,0.15,55.0,29.99,0.15,52.68,309836.0,309.84,24.15
3754,30.0,0.15,60.0,29.99,0.15,57.5,310527.0,310.53,24.1
3755,30.0,0.15,65.0,29.99,0.15,62.41,311029.0,311.03,23.99
3756,30.0,0.15,70.0,29.99,0.15,67.42,311735.0,311.73,24.2
3757,30.0,0.15,75.0,29.99,0.15,72.53,312434.0,312.43,24.59
3758,30.0,0.15,78.0,29.99,0.15,75.67,311772.0,311.77,24.11
3759,30.0,0.15,81.0,29.99,0.15,78.79,311467.0,311.47,23.97
3760,30.0,0.15,84.0,29.99,0.15,81.93,310943.0,310.94,23.68
3761,30.0,0.15,86.0,29.99,0.15,84.04,311564.0,311.56,24.16
3762,30.0,0.15,88.0,29.99,0.15,86.14,309789.0,309.79,23.13
3763,30.0,0.15,90.0,29.99,0.15,88.24,310000.0,310.0,23.41
3764,30.0,0.15,92.0,29.99,0.15,90.34,309764.0,309.76,23.44
3765,30.0,0.15,94.0,29.99,0.15,92.42,310232.0,310.23,24.08
3766,30.0,0.15,96.0,29.99,0.15,94.5,309292.0,309.29,23.56
3767,30.0,0.15,99.0,29.99,0.15,97.58,308419.0,308.42,23.29
3768,30.0,0.15,102.0,29.99,0.15,100.68,307984.0,307.98,23.36
3769,30.0,0.15,105.0,29.99,0.15,103.77,306909.0,306.91,23.11
3770,30.0,0.15,110.0,29.99,0.15,108.83,305619.0,305.62,22.96
3771,30.0,0.15,115.0,29.99,0.15,113.92,304041.0,304.04,22.61
3772,30.0,0.15,120.0,29.99,0.15,119.0,302790.0,302.79,22.61
3773,30.0,0.15,125.0,29.99,0.15,124.08,300743.0,300.74,22.12
3774,30.0,0.15,130.0,29.99,0.15,129.17,299407.0,299.41,21.99
3775,30.0,0.15,135.0,29.99,0.15,134.25,298099.0,298.1,21.77
3776,30.0,0.15,140.0,29.99,0.15,139.34,297510.0,297.51,22.02
3777,30.0,0.15,145.0,29.99,0.15,144.41,296632.0,296.63,21.99
3778,30.0,0.15,150.0,29.99,0.15,149.49,295594.0,295.59,21.87
3779,30.0,0.15,155.0,29.99,0.15,154.54,294881.0,294.88,21.7
3780,30.0,0.15,160.0,29.99,0.15,159.57,294724.0,294.72,21.92
3781,30.0,0.15,165.0,29.99,0.15,164.57,294913.0,294.91,22.12
3782,30.0,0.15,170.0,29.99,0.15,169.56,294776.0,294.78,22.1
3783,30.0,0.15,175.0,29.99,0.15,174.53,294724.0,294.72,22.03
3784,30.0,0.15,180.0,29.99,0.15,179.47,295561.0,295.56,22.42
3797,30.0,0.2,0.0,29.98,0.2,-0.24,292263.0,292.26,23.02
3798,30.0,0.2,5.0,29.99,0.2,4.69,291326.0,291.33,22.26
3799,30.0,0.2,10.0,29.99,0.2,9.63,292022.0,292.02,22.5
3800,30.0,0.2,15.0,29.99,0.2,14.55,292675.0,292.68,22.32
3801,30.0,0.2,20.0,29.99,0.2,19.4,294698.0,294.7,22.99
3802,30.0,0.2,25.0,29.99,0.2,24.21,295958.0,295.96,22.94
3803,30.0,0.2,30.0,29.99,0.2,28.97,297232.0,297.23,22.81
3804,30.0,0.2,35.0,29.99,0.2,33.7,299316.0,299.32,23.1
3805,30.0,0.2,40.0,29.99,0.2,38.4,301326.0,301.33,23.32
3806,30.0,0.2,45.0,29.99,0.2,43.09,302547.0,302.55,23.05
3807,30.0,0.2,50.0,29.99,0.2,47.79,304951.0,304.95,23.57
3808,30.0,0.2,55.0,30.0,0.2,52.54,307133.0,307.13,24.11
3809,30.0,0.2,60.0,30.0,0.2,57.37,308504.0,308.5,24.11
3810,30.0,0.2,65.0,29.99,0.2,62.3,309061.0,309.06,23.78
3811,30.0,0.2,70.0,29.99,0.2,67.34,309848.0,309.85,23.89
3812,30.0,0.2,75.0,29.99,0.2,72.48,310018.0,310.02,23.84
3813,30.0,0.2,78.0,29.99,0.2,75.64,309752.0,309.75,23.59
3814,30.0,0.2,81.0,29.99,0.2,78.78,309413.0,309.41,23.46
3815,30.0,0.2,84.0,29.99,0.2,81.93,309333.0,309.33,23.61
3816,30.0,0.2,86.0,29.99,0.2,84.06,308170.0,308.17,23.03
3817,30.0,0.2,88.0,29.99,0.2,86.18,307904.0,307.9,23.05
3818,30.0,0.2,90.0,29.99,0.2,88.28,307309.0,307.31,22.82
3819,30.0,0.2,92.0,29.99,0.2,90.38,307573.0,307.57,23.3
3820,30.0,0.2,94.0,29.99,0.2,92.48,306683.0,306.68,22.98
3821,30.0,0.2,96.0,29.99,0.2,94.56,304856.0,304.86,22.13
3822,30.0,0.2,99.0,29.99,0.2,97.67,304706.0,304.71,22.6
3823,30.0,0.2,102.0,29.99,0.2,100.78,303054.0,303.05,22.05
3824,30.0,0.2,105.0,29.99,0.2,103.87,302314.0,302.31,22.2
3825,30.0,0.2,110.0,29.99,0.2,108.95,300299.0,300.3,21.99
3826,30.0,0.2,115.0,29.99,0.2,114.05,297619.0,297.62,21.37
3827,30.0,0.2,120.0,29.99,0.2,119.13,295946.0,295.95,21.48
3828,30.0,0.2,125.0,29.99,0.2,124.21,293878.0,293.88,21.33
3829,30.0,0.2,130.0,29.99,0.2,129.29,292216.0,292.22,21.27
3830,30.0,0.2,135.0,29.99,0.2,134.36,290526.0,290.53,21.17
3831,30.0,0.2,140.0,30.0,0.2,139.43,289120.0,289.12,21.17
3832,30.0,0.2,145.0,29.99,0.2,144.5,287204.0,287.2,20.79
3833,30.0,0.2,150.0,29.99,0.2,149.55,286613.0,286.61,20.97
3834,30.0,0.2,155.0,29.99,0.2,154.59,285702.0,285.7,20.86
3835,30.0,0.2,160.0,29.99,0.2,159.6,284495.0,284.5,20.51
3836,30.0,0.2,165.0,29.99,0.2,164.59,284337.0,284.34,20.53
3837,30.0,0.2,170.0,29.99,0.2,169.56,285514.0,285.51,21.38
3838,30.0,0.2,175.0,29.99,0.2,174.53,285131.0,285.13,21.12
3839,30.0,0.2,180.0,29.99,0.2,179.46,286033.0,286.03,21.41
3852,30.0,0.3,0.0,29.99,0.3,-0.39,274351.0,274.35,21.85
3853,30.0,0.3,5.0,29.99,0.3,4.56,273319.0,273.32,21.06
3854,30.0,0.3,10.0,29.99,0.3,9.51,274430.0,274.43,21.15
3855,30.0,0.3,15.0,29.99,0.3,14.44,275595.0,275.59,21.09
3856,30.0,0.3,20.0,29.99,0.3,19.29,277690.0,277.69,21.41
3857,30.0,0.3,25.0,30.0,0.3,24.11,280158.0,280.16,21.67
3858,30.0,0.3,30.0,30.0,0.3,28.88,282491.0,282.49,21.59
3859,30.0,0.3,35.0,29.99,0.3,33.61,285557.0,285.56,21.91
3860,30.0,0.3,40.0,29.99,0.3,38.31,288255.0,288.26,21.9
3861,30.0,0.3,45.0,29.99,0.3,43.0,292120.0,292.12,22.58
3862,30.0,0.3,50.0,29.99,0.3,47.71,294661.0,294.66,22.39
3863,30.0,0.3,55.0,29.99,0.3,52.49,297193.0,297.19,22.33
3864,30.0,0.3,60.0,29.99,0.3,57.34,300010.0,300.01,22.59
3865,30.0,0.3,65.0,30.0,0.3,62.3,302519.0,302.52,22.91
3866,30.0,0.3,70.0,29.99,0.3,67.37,303733.0,303.73,22.77
3867,30.0,0.3,75.0,29.99,0.3,72.53,304568.0,304.57,22.81
3868,30.0,0.3,78.0,29.99,0.3,75.71,304413.0,304.41,22.68
3869,30.0,0.3,81.0,29.99,0.3,78.87,304350.0,304.35,22.55
3870,30.0,0.3,84.0,29.99,0.3,82.04,303280.0,303.28,22.14
3871,30.0,0.3,86.0,29.99,0.3,84.18,302864.0,302.86,22.14
3872,30.0,0.3,88.0,29.99,0.3,86.3,302309.0,302.31,22.13
3873,30.0,0.3,90.0,29.99,0.3,88.42,301160.0,301.16,21.8
3874,30.0,0.3,92.0,29.99,0.3,90.53,300425.0,300.42,21.78
3875,30.0,0.3,94.0,29.99,0.3,92.63,299180.0,299.18,21.48
3876,30.0,0.3,96.0,30.0,0.3,94.73,298210.0,298.21,21.34
3877,30.0,0.3,99.0,29.99,0.3,97.83,296034.0,296.03,20.97
3878,30.0,0.3,102.0,29.99,0.3,100.95,293928.0,293.93,20.71
3879,30.0,0.3,105.0,29.99,0.3,104.05,291754.0,291.75,20.46
3880,30.0,0.3,110.0,29.99,0.3,109.14,288240.0,288.24,20.15
3881,30.0,0.3,115.0,30.0,0.3,114.23,284281.0,284.28,19.64
3882,30.0,0.3,120.0,29.99,0.3,119.3,281037.0,281.04,19.53
3883,30.0,0.3,125.0,30.0,0.3,124.38,278137.0,278.14,19.57
3884,30.0,0.3,130.0,29.99,0.3,129.43,274683.0,274.68,19.14
3885,30.0,0.3,135.0,29.99,0.3,134.49,272310.0,272.31,19.09
3886,30.0,0.3,140.0,30.0,0.3,139.54,270670.0,270.67,19.28
3887,30.0,0.3,145.0,29.99,0.3,144.58,268702.0,268.7,19.04
3888,30.0,0.3,150.0,29.99,0.3,149.61,268048.0,268.05,19.39
3889,30.0,0.3,155.0,30.0,0.3,154.63,266970.0,266.97,19.39
3890,30.0,0.3,160.0,29.99,0.3,159.63,266393.0,266.39,19.43
3891,30.0,0.3,165.0,30.0,0.3,164.59,266022.0,266.02,19.45
3892,30.0,0.3,170.0,29.99,0.3,169.55,266660.0,266.66,19.91
3893,30.0,0.3,175.0,30.0,0.3,174.5,266661.0,266.66,19.78
3894,30.0,0.3,180.0,30.0,0.3,179.42,267099.0,267.1,19.78
3907,30.0,0.5,0.0,29.99,0.5,-0.53,243017.99999999997,243.02,20.14
3908,30.0,0.5,5.0,29.99,0.5,4.46,242629.0,242.63,19.65
3909,30.0,0.5,10.0,29.99,0.5,9.43,244221.0,244.22,19.84
3910,30.0,0.5,15.0,29.99,0.5,14.4,246517.99999999997,246.52,20.26
3911,30.0,0.5,20.0,29.99,0.5,19.28,248496.99999999997,248.5,20.19
3912,30.0,0.5,25.0,30.0,0.5,24.1,251244.99999999997,251.24,20.35
3913,30.0,0.5,30.0,30.0,0.5,28.89,254051.00000000003,254.05,20.34
3914,30.0,0.5,35.0,29.99,0.5,33.64,256534.0,256.53,19.88
3915,30.0,0.5,40.0,30.0,0.5,38.35,259780.00000000003,259.78,19.78
3916,30.0,0.5,45.0,29.99,0.5,43.08,263876.0,263.88,19.95
3917,30.0,0.5,50.0,30.0,0.5,47.81,268039.0,268.04,20.1
3918,30.0,0.5,55.0,29.99,0.5,52.61,272358.0,272.36,19.99
3919,30.0,0.5,60.0,30.0,0.5,57.48,276703.0,276.7,19.91
3920,30.0,0.5,65.0,30.0,0.5,62.47,282146.0,282.15,20.54
3921,30.0,0.5,70.0,29.99,0.5,67.54,286701.0,286.7,20.77
3922,30.0,0.5,75.0,29.99,0.5,72.72,290802.0,290.8,21.25
3923,30.0,0.5,78.0,29.99,0.5,75.88,291805.0,291.8,21.11
3924,30.0,0.5,81.0,29.99,0.5,79.04,292118.0,292.12,20.81
3925,30.0,0.5,84.0,29.99,0.5,82.21,291924.0,291.92,20.74
3926,30.0,0.5,86.0,29.99,0.5,84.35,290586.0,290.59,20.26
3927,30.0,0.5,88.0,29.99,0.5,86.47,289502.0,289.5,20.07
3928,30.0,0.5,90.0,29.99,0.5,88.59,288716.0,288.72,20.26
3929,30.0,0.5,92.0,30.0,0.5,90.7,286352.0,286.35,19.73
3930,30.0,0.5,94.0,30.0,0.5,92.8,284203.0,284.2,19.46
3931,30.0,0.5,96.0,29.99,0.5,94.9,282073.0,282.07,19.18
3932,30.0,0.5,99.0,29.99,0.5,98.02,278363.0,278.36,18.85
3933,30.0,0.5,102.0,29.99,0.5,101.14,274083.0,274.08,18.39
3934,30.0,0.5,105.0,30.0,0.5,104.24,269145.0,269.14,17.61
3935,30.0,0.5,110.0,30.0,0.5,109.34,263553.0,263.55,17.74
3936,30.0,0.5,115.0,30.0,0.5,114.44,257665.0,257.67,17.54
3937,30.0,0.5,120.0,29.99,0.5,119.49,251717.0,251.72,17.05
3938,30.0,0.5,125.0,30.0,0.5,124.55,248596.0,248.6,17.64
3939,30.0,0.5,130.0,30.0,0.5,129.58,244098.0,244.1,17.2
3940,30.0,0.5,135.0,30.0,0.5,134.62,241063.0,241.06,17.23
3941,30.0,0.5,140.0,30.0,0.5,139.64,239433.0,239.43,17.56
3942,30.0,0.5,145.0,30.0,0.5,144.66,237198.99999999997,237.2,17.39
3943,30.0,0.5,150.0,30.0,0.5,149.67,237015.0,237.02,17.86
3944,30.0,0.5,155.0,30.0,0.5,154.66,236139.0,236.14,17.96
3945,30.0,0.5,160.0,30.0,0.5,159.64,236442.99999999997,236.44,18.46
3946,30.0,0.5,165.0,30.0,0.5,164.59,236627.0,236.63,18.6
3947,30.0,0.5,170.0,30.0,0.5,169.53,237750.0,237.75,19.27
3948,30.0,0.5,175.0,30.0,0.5,174.47,237726.00000000003,237.73,19.0
3949,30.0,0.5,180.0,30.0,0.5,179.39,238396.0,238.4,18.99
3962,30.0,0.7,0.0,29.99,0.7,-0.6,221436.0,221.44,19.96
3963,30.0,0.7,5.0,29.99,0.7,4.42,221698.99999999997,221.7,19.71
3964,30.0,0.7,10.0,29.99,0.7,9.43,223076.00000000003,223.08,19.76
3965,30.0,0.7,15.0,29.99,0.7,14.42,224660.0,224.66,19.78
3966,30.0,0.7,20.0,29.99,0.7,19.33,226638.0,226.64,19.86
3967,30.0,0.7,25.0,30.0,0.7,24.18,228536.0,228.54,19.57
3968,30.0,0.7,30.0,30.0,0.7,28.98,230298.0,230.3,19.27
3969,30.0,0.7,35.0,30.0,0.7,33.75,233241.0,233.24,19.35
3970,30.0,0.7,40.0,30.0,0.7,38.49,235377.0,235.38,18.78
3971,30.0,0.7,45.0,30.0,0.7,43.24,238523.0,238.52,18.59
3972,30.0,0.7,50.0,29.99,0.7,47.99,242302.0,242.3,18.45
3973,30.0,0.7,55.0,29.99,0.7,52.8,246277.0,246.28,18.02
3974,30.0,0.7,60.0,30.0,0.7,57.67,252367.99999999997,252.37,18.25
3975,30.0,0.7,65.0,30.0,0.7,62.63,259402.0,259.4,18.6
3976,30.0,0.7,70.0,30.0,0.7,67.69,267608.0,267.61,19.35
3977,30.0,0.7,75.0,30.0,0.7,72.85,274229.0,274.23,19.34
3978,30.0,0.7,78.0,29.99,0.7,75.98,278514.0,278.51,20.12
3979,30.0,0.7,81.0,29.99,0.7,79.14,280098.0,280.1,19.62
3980,30.0,0.7,84.0,29.99,0.7,82.31,281127.0,281.13,19.69
3981,30.0,0.7,86.0,30.0,0.7,84.43,280789.0,280.79,19.53
3982,30.0,0.7,88.0,29.99,0.7,86.55,278813.0,278.81,18.98
3983,30.0,0.7,90.0,29.99,0.7,88.66,277567.0,277.57,19.0
3984,30.0,0.7,92.0,29.99,0.7,90.78,274648.0,274.65,18.58
3985,30.0,0.7,94.0,29.99,0.7,92.88,270925.0,270.93,18.04
3986,30.0,0.7,96.0,29.99,0.7,94.98,267721.0,267.72,17.86
3987,30.0,0.7,99.0,30.0,0.7,98.11,261459.0,261.46,17.13
3988,30.0,0.7,102.0,29.99,0.7,101.24,255338.0,255.34,16.76
3989,30.0,0.7,105.0,30.0,0.7,104.34,248506.0,248.51,16.02
3990,30.0,0.7,110.0,29.99,0.7,109.45,240728.00000000003,240.73,16.04
3991,30.0,0.7,115.0,30.0,0.7,114.55,233512.0,233.51,15.93
3992,30.0,0.7,120.0,30.0,0.7,119.6,227873.99999999997,227.87,16.0
3993,30.0,0.7,125.0,30.0,0.7,124.65,223123.0,223.12,15.98
3994,30.0,0.7,130.0,30.0,0.7,129.67,219573.0,219.57,16.13
3995,30.0,0.7,135.0,30.0,0.7,134.69,217281.0,217.28,16.46
3996,30.0,0.7,140.0,30.0,0.7,139.7,215762.0,215.76,16.86
3997,30.0,0.7,145.0,30.0,0.7,144.7,214712.0,214.71,17.14
3998,30.0,0.7,150.0,30.0,0.7,149.69,213821.0,213.82,17.32
3999,30.0,0.7,155.0,30.0,0.7,154.67,213696.99999999997,213.7,17.64
4000,30.0,0.7,160.0,30.0,0.7,159.63,214133.0,214.13,17.9
4001,30.0,0.7,165.0,30.0,0.7,164.58,214657.00000000003,214.66,18.12
4002,30.0,0.7,170.0,30.0,0.7,169.51,215719.0,215.72,18.55
4003,30.0,0.7,175.0,30.0,0.7,174.46,217194.0,217.19,19.02
4004,30.0,0.7,180.0,30.0,0.7,179.37,217879.0,217.88,19.03
4017,30.0,1.0,0.0,29.99,1.0,-0.69,197047.0,197.05,19.9
4018,30.0,1.0,5.0,29.99,1.0,4.39,197710.0,197.71,19.88
4019,30.0,1.0,10.0,29.99,1.0,9.44,199368.0,199.37,19.98
4020,30.0,1.0,15.0,30.0,1.0,14.48,200409.0,200.41,19.67
4021,30.0,1.0,20.0,30.0,1.0,19.42,201880.0,201.88,19.73
4022,30.0,1.0,25.0,30.0,1.0,24.32,202685.0,202.69,19.11
4023,30.0,1.0,30.0,30.0,1.0,29.16,203990.0,203.99,19.0
4024,30.0,1.0,35.0,30.0,1.0,33.97,205252.0,205.25,18.69
4025,30.0,1.0,40.0,30.0,1.0,38.74,206328.00000000003,206.33,17.86
4026,30.0,1.0,45.0,30.0,1.0,43.5,208246.0,208.25,17.48
4027,30.0,1.0,50.0,30.0,1.0,48.26,210539.0,210.54,16.77
4028,30.0,1.0,55.0,29.99,1.0,53.07,215589.0,215.59,17.12
4029,30.0,1.0,60.0,30.0,1.0,57.92,220381.0,220.38,16.53
4030,30.0,1.0,65.0,30.0,1.0,62.86,227221.0,227.22,16.33
4031,30.0,1.0,70.0,30.0,1.0,67.88,236139.0,236.14,16.21
4032,30.0,1.0,75.0,30.0,1.0,73.01,248562.0,248.56,17.16
4033,30.0,1.0,78.0,30.0,1.0,76.11,255758.0,255.76,17.53
4034,30.0,1.0,81.0,29.99,1.0,79.24,263175.0,263.17,18.4
4035,30.0,1.0,84.0,29.99,1.0,82.38,267613.0,267.61,18.67
4036,30.0,1.0,86.0,30.0,1.0,84.5,269007.0,269.01,18.97
4037,30.0,1.0,88.0,30.0,1.0,86.61,267546.0,267.55,18.43
4038,30.0,1.0,90.0,29.99,1.0,88.71,264856.0,264.86,18.04
4039,30.0,1.0,92.0,30.0,1.0,90.82,260535.0,260.54,17.44
4040,30.0,1.0,94.0,30.0,1.0,92.93,254698.0,254.7,16.7
4041,30.0,1.0,96.0,29.99,1.0,95.04,248512.0,248.51,16.14
4042,30.0,1.0,99.0,29.99,1.0,98.17,238989.0,238.99,15.36
4043,30.0,1.0,102.0,30.0,1.0,101.3,230509.0,230.51,14.96
4044,30.0,1.0,105.0,30.0,1.0,104.42,222332.00000000003,222.33,14.49
4045,30.0,1.0,110.0,30.0,1.0,109.54,212457.00000000003,212.46,14.56
4046,30.0,1.0,115.0,30.0,1.0,114.64,204683.0,204.68,14.59
4047,30.0,1.0,120.0,30.0,1.0,119.7,199166.0,199.17,14.86
4048,30.0,1.0,125.0,30.0,1.0,124.74,194671.0,194.67,15.05
4049,30.0,1.0,130.0,30.0,1.0,129.76,191518.0,191.52,15.34
4050,30.0,1.0,135.0,30.0,1.0,134.78,188789.0,188.79,15.42
4051,30.0,1.0,140.0,30.0,1.0,139.78,187683.0,187.68,15.86
4052,30.0,1.0,145.0,30.0,1.0,144.76,187313.0,187.31,16.4
4053,30.0,1.0,150.0,30.0,1.0,149.74,187151.0,187.15,16.73
4054,30.0,1.0,155.0,30.0,1.0,154.7,187384.0,187.38,16.96
4055,30.0,1.0,160.0,30.0,1.0,159.64,188702.0,188.7,17.69
4056,30.0,1.0,165.0,30.0,1.0,164.57,189803.0,189.8,17.98
4057,30.0,1.0,170.0,30.0,1.0,169.5,190987.0,190.99,18.25
4058,30.0,1.0,175.0,30.0,1.0,174.43,193202.0,193.2,19.15
4059,30.0,1.0,180.0,30.0,1.0,179.35,194082.0,194.08,18.82
4072,30.0,1.5,0.0,29.99,1.5,-0.87,167671.0,167.67,20.31
4073,30.0,1.5,5.0,29.99,1.5,4.23,168146.0,168.15,19.69
4074,30.0,1.5,10.0,29.99,1.5,9.32,169756.0,169.76,20.05
4075,30.0,1.5,15.0,29.99,1.5,14.41,170602.0,170.6,19.95
4076,30.0,1.5,20.0,29.99,1.5,19.42,170733.0,170.73,19.33
4077,30.0,1.5,25.0,30.0,1.5,24.39,170837.0,170.84,19.04
4078,30.0,1.5,30.0,30.0,1.5,29.32,169878.0,169.88,17.92
4079,30.0,1.5,35.0,30.0,1.5,34.22,170140.0,170.14,17.48
4080,30.0,1.5,40.0,30.0,1.5,39.07,170350.0,170.35,16.75
4081,30.0,1.5,45.0,30.0,1.5,43.9,171747.0,171.75,16.4
4082,30.0,1.5,50.0,30.0,1.5,48.71,173412.0,173.41,15.55
4083,30.0,1.5,55.0,30.0,1.5,53.54,176300.0,176.3,14.83
4084,30.0,1.5,60.0,30.0,1.5,58.4,181177.0,181.18,14.59
4085,30.0,1.5,65.0,30.0,1.5,63.31,188285.0,188.28,14.62
4086,30.0,1.5,70.0,30.0,1.5,68.27,197367.0,197.37,14.51
4087,30.0,1.5,75.0,30.0,1.5,73.32,210762.0,210.76,14.54
4088,30.0,1.5,78.0,30.0,1.5,76.35,221144.0,221.14,14.92
4089,30.0,1.5,81.0,30.0,1.5,79.43,234582.00000000003,234.58,15.88
4090,30.0,1.5,84.0,29.99,1.5,82.52,247358.0,247.36,17.2
4091,30.0,1.5,86.0,29.99,1.5,84.59,253305.00000000003,253.31,17.99
4092,30.0,1.5,88.0,29.99,1.5,86.66,254206.0,254.21,17.73
4093,30.0,1.5,90.0,29.99,1.5,88.76,251565.0,251.57,17.47
4094,30.0,1.5,92.0,30.0,1.5,90.86,244966.0,244.97,16.82
4095,30.0,1.5,94.0,30.0,1.5,92.95,234304.0,234.3,15.37
4096,30.0,1.5,96.0,30.0,1.5,95.05,223701.00000000003,223.7,14.4
4097,30.0,1.5,99.0,30.0,1.5,98.2,210409.0,210.41,13.87
4098,30.0,1.5,102.0,30.0,1.5,101.33,197947.0,197.95,13.17
4099,30.0,1.5,105.0,30.0,1.5,104.46,189203.0,189.2,13.09
4100,30.0,1.5,110.0,30.0,1.5,109.61,177817.0,177.82,13.0
4101,30.0,1.5,115.0,30.0,1.5,114.75,169705.0,169.7,13.03
4102,30.0,1.5,120.0,30.0,1.5,119.84,164443.0,164.44,13.55
4103,30.0,1.5,125.0,30.0,1.5,124.92,159910.0,159.91,13.73
4104,30.0,1.5,130.0,30.0,1.5,129.98,157016.0,157.02,14.1
4105,30.0,1.5,135.0,30.0,1.5,135.01,155003.0,155.0,14.46
4106,30.0,1.5,140.0,30.0,1.5,140.02,154545.0,154.55,15.25
4107,30.0,1.5,145.0,30.0,1.5,144.99,154123.0,154.12,15.59
4108,30.0,1.5,150.0,30.0,1.5,149.95,154827.0,154.83,16.35
4109,30.0,1.5,155.0,30.0,1.5,154.87,156479.0,156.48,17.12
4110,30.0,1.5,160.0,30.0,1.5,159.76,158077.0,158.08,17.92
4111,30.0,1.5,165.0,30.0,1.5,164.63,160203.0,160.2,18.73
4112,30.0,1.5,170.0,30.0,1.5,169.49,161903.0,161.9,18.8
4113,30.0,1.5,175.0,30.0,1.5,174.36,163522.0,163.52,19.0
4114,30.0,1.5,180.0,30.0,1.5,179.23,165017.0,165.02,18.92
4127,30.0,2.0,0.0,29.99,2.0,-1.01,145618.0,145.62,20.0
4128,30.0,2.0,5.0,29.99,2.0,4.09,146743.0,146.74,20.03
4129,30.0,2.0,10.0,29.99,2.0,9.21,148004.0,148.0,20.05
4130,30.0,2.0,15.0,29.99,2.0,14.32,148494.0,148.49,20.08
4131,30.0,2.0,20.0,29.99,2.0,19.36,147993.0,147.99,19.53
4132,30.0,2.0,25.0,30.0,2.0,24.38,146329.0,146.33,18.43
4133,30.0,2.0,30.0,30.0,2.0,29.37,145532.0,145.53,17.93
4134,30.0,2.0,35.0,30.0,2.0,34.34,144411.0,144.41,16.83
4135,30.0,2.0,40.0,30.0,2.0,39.26,144064.0,144.06,15.95
4136,30.0,2.0,45.0,30.0,2.0,44.17,144454.0,144.45,15.19
4137,30.0,2.0,50.0,30.0,2.0,49.03,146334.0,146.33,14.67
4138,30.0,2.0,55.0,29.99,2.0,53.9,149373.0,149.37,14.18
4139,30.0,2.0,60.0,30.0,2.0,58.77,154174.0,154.17,13.89
4140,30.0,2.0,65.0,30.0,2.0,63.67,160448.0,160.45,13.63
4141,30.0,2.0,70.0,30.0,2.0,68.59,168604.0,168.6,13.08
4142,30.0,2.0,75.0,30.0,2.0,73.55,181529.0,181.53,13.01
4143,30.0,2.0,78.0,30.0,2.0,76.55,193076.0,193.08,13.36
4144,30.0,2.0,81.0,30.0,2.0,79.56,208963.0,208.96,14.16
4145,30.0,2.0,84.0,30.0,2.0,82.6,228204.0,228.2,15.67
4146,30.0,2.0,86.0,29.99,2.0,84.64,240125.0,240.12,17.13
4147,30.0,2.0,88.0,29.99,2.0,86.68,245894.99999999997,245.9,17.74
4148,30.0,2.0,90.0,30.0,2.0,88.75,242973.0,242.97,17.24
4149,30.0,2.0,92.0,30.0,2.0,90.84,232263.0,232.26,15.69
4150,30.0,2.0,94.0,30.0,2.0,92.93,217898.0,217.9,14.25
4151,30.0,2.0,96.0,30.0,2.0,95.02,204720.0,204.72,13.52
4152,30.0,2.0,99.0,30.0,2.0,98.18,187230.0,187.23,12.71
4153,30.0,2.0,102.0,30.0,2.0,101.32,173487.0,173.49,12.0
4154,30.0,2.0,105.0,30.0,2.0,104.46,164145.0,164.15,12.01
4155,30.0,2.0,110.0,30.0,2.0,109.65,153727.0,153.73,12.27
4156,30.0,2.0,115.0,30.0,2.0,114.81,145357.0,145.36,12.31
4157,30.0,2.0,120.0,30.0,2.0,119.94,139528.0,139.53,12.55
4158,30.0,2.0,125.0,30.0,2.0,125.04,135369.0,135.37,12.83
4159,30.0,2.0,130.0,30.0,2.0,130.11,133586.0,133.59,13.77
4160,30.0,2.0,135.0,30.0,2.0,135.17,131581.0,131.58,14.05
4161,30.0,2.0,140.0,30.0,2.0,140.18,130943.0,130.94,14.73
4162,30.0,2.0,145.0,30.0,2.0,145.15,131107.0,131.11,15.31
4163,30.0,2.0,150.0,30.0,2.0,150.09,131441.0,131.44,15.43
4164,30.0,2.0,155.0,30.0,2.0,154.98,133402.0,133.4,16.52
4165,30.0,2.0,160.0,30.0,2.0,159.84,135029.0,135.03,16.97
4166,30.0,2.0,165.0,30.0,2.0,164.66,137396.0,137.4,17.69
4167,30.0,2.0,170.0,30.0,2.0,169.48,139666.0,139.67,18.15
4168,30.0,2.0,175.0,30.0,2.0,174.3,142347.0,142.35,19.04
4169,30.0,2.0,180.0,30.0,2.0,179.14,144363.0,144.36,19.53
4182,30.0,3.0,0.0,29.99,3.0,-1.13,116783.99999999999,116.78,20.71
4183,30.0,3.0,5.0,29.99,3.0,4.01,117716.00000000001,117.72,20.45
4184,30.0,3.0,10.0,29.99,3.0,9.17,118589.00000000001,118.59,20.77
4185,30.0,3.0,15.0,29.99,3.0,14.31,117536.99999999999,117.54,19.77
4186,30.0,3.0,20.0,30.0,3.0,19.39,115790.00000000001,115.79,19.06
4187,30.0,3.0,25.0,30.0,3.0,24.45,114055.0,114.05,18.24
4188,30.0,3.0,30.0,30.0,3.0,29.5,112578.0,112.58,17.96
4189,30.0,3.0,35.0,30.0,3.0,34.52,110358.99999999999,110.36,16.11
4190,30.0,3.0,40.0,30.0,3.0,39.51,110059.99999999999,110.06,15.82
4191,30.0,3.0,45.0,30.0,3.0,44.47,110169.0,110.17,15.16
4192,30.0,3.0,50.0,30.0,3.0,49.39,110557.0,110.56,13.88
4193,30.0,3.0,55.0,30.0,3.0,54.28,112521.0,112.52,13.03
4194,30.0,3.0,60.0,30.0,3.0,59.16,116253.0,116.25,12.55
4195,30.0,3.0,65.0,30.0,3.0,64.04,122024.0,122.02,12.08
4196,30.0,3.0,70.0,30.0,3.0,68.9,130100.0,130.1,11.75
4197,30.0,3.0,75.0,30.0,3.0,73.77,142969.0,142.97,11.84
4198,30.0,3.0,78.0,30.0,3.0,76.71,153520.0,153.52,11.9
4199,30.0,3.0,81.0,30.0,3.0,79.66,168820.0,168.82,12.06
4200,30.0,3.0,84.0,30.0,3.0,82.63,193412.0,193.41,13.37
4201,30.0,3.0,86.0,30.0,3.0,84.63,214504.0,214.5,15.07
4202,30.0,3.0,88.0,29.99,3.0,86.63,231355.00000000003,231.36,16.92
4203,30.0,3.0,90.0,30.0,3.0,88.68,232653.00000000003,232.65,17.29
4204,30.0,3.0,92.0,29.99,3.0,90.75,216044.0,216.04,15.12
4205,30.0,3.0,94.0,30.0,3.0,92.84,193817.0,193.82,13.14
4206,30.0,3.0,96.0,30.0,3.0,94.94,174161.0,174.16,12.0
4207,30.0,3.0,99.0,30.0,3.0,98.11,152731.0,152.73,11.02
4208,30.0,3.0,102.0,30.0,3.0,101.28,140632.0,140.63,11.3
4209,30.0,3.0,105.0,30.0,3.0,104.42,130464.00000000001,130.46,11.0
4210,30.0,3.0,110.0,30.0,3.0,109.63,120064.00000000001,120.06,11.27
4211,30.0,3.0,115.0,30.0,3.0,114.81,112941.00000000001,112.94,11.75
4212,30.0,3.0,120.0,30.0,3.0,119.94,107455.0,107.46,11.97
4213,30.0,3.0,125.0,30.0,3.0,125.05,104527.0,104.53,12.79
4214,30.0,3.0,130.0,30.0,3.0,130.13,102147.0,102.15,13.19
4215,30.0,3.0,135.0,30.0,3.0,135.18,101122.0,101.12,13.9
4216,30.0,3.0,140.0,30.0,3.0,140.18,100950.0,100.95,14.77
4217,30.0,3.0,145.0,30.0,3.0,145.15,100964.0,100.96,14.95
4218,30.0,3.0,150.0,30.0,3.0,150.08,102363.0,102.36,15.96
4219,30.0,3.0,155.0,30.0,3.0,154.97,104368.0,104.37,16.97
4220,30.0,3.0,160.0,30.0,3.0,159.81,106047.0,106.05,17.29
4221,30.0,3.0,165.0,30.0,3.0,164.63,108175.0,108.18,17.56
4222,30.0,3.0,170.0,30.0,3.0,169.43,111701.0,111.7,19.69
4223,30.0,3.0,175.0,30.0,3.0,174.24,114059.99999999999,114.06,20.2
4224,30.0,3.0,180.0,30.0,3.0,179.07,115479.0,115.48,19.49
4237,30.0,5.0,0.0,29.99,5.0,-1.19,82847.0,82.85,21.31
4238,30.0,5.0,5.0,29.99,5.0,4.02,83652.0,83.65,20.7
4239,30.0,5.0,10.0,29.99,5.0,9.2,83730.0,83.73,20.46
4240,30.0,5.0,15.0,29.99,5.0,14.37,82257.0,82.26,19.69
4241,30.0,5.0,20.0,30.0,5.0,19.47,80864.0,80.86,19.69
4242,30.0,5.0,25.0,30.0,5.0,24.57,78567.0,78.57,18.09
4243,30.0,5.0,30.0,30.0,5.0,29.65,76685.0,76.69,17.01
4244,30.0,5.0,35.0,30.0,5.0,34.72,75555.0,75.56,16.62
4245,30.0,5.0,40.0,30.0,5.0,39.75,74770.0,74.77,15.94
4246,30.0,5.0,45.0,30.0,5.0,44.74,74147.0,74.15,14.76
4247,30.0,5.0,50.0,30.0,5.0,49.69,74655.0,74.66,14.23
4248,30.0,5.0,55.0,30.0,5.0,54.6,75738.0,75.74,13.22
4249,30.0,5.0,60.0,30.0,5.0,59.48,78104.0,78.1,12.44
4250,30.0,5.0,65.0,30.0,5.0,64.34,81563.0,81.56,11.33
4251,30.0,5.0,70.0,30.0,5.0,69.16,88220.0,88.22,10.95
4252,30.0,5.0,75.0,30.0,5.0,73.96,98316.0,98.32,10.51
4253,30.0,5.0,78.0,30.0,5.0,76.83,107250.0,107.25,10.27
4254,30.0,5.0,81.0,30.0,5.0,79.73,120995.0,121.0,10.38
4255,30.0,5.0,84.0,30.0,5.0,82.61,144103.0,144.1,10.94
4256,30.0,5.0,86.0,30.0,5.0,84.55,170590.0,170.59,12.3
4257,30.0,5.0,88.0,30.0,5.0,86.51,205535.0,205.54,15.18
4258,30.0,5.0,90.0,30.0,5.0,88.49,219966.0,219.97,17.14
4259,30.0,5.0,92.0,30.0,5.0,90.54,194190.0,194.19,14.0
4260,30.0,5.0,94.0,30.0,5.0,92.64,160321.0,160.32,11.62
4261,30.0,5.0,96.0,30.0,5.0,94.76,134921.0,134.92,10.3
4262,30.0,5.0,99.0,30.0,5.0,97.95,114138.00000000001,114.14,10.22
4263,30.0,5.0,102.0,30.0,5.0,101.13,99937.0,99.94,9.71
4264,30.0,5.0,105.0,30.0,5.0,104.28,92547.0,92.55,10.28
4265,30.0,5.0,110.0,30.0,5.0,109.47,83200.0,83.2,10.65
4266,30.0,5.0,115.0,30.0,5.0,114.64,77648.0,77.65,11.32
4267,30.0,5.0,120.0,30.0,5.0,119.76,74092.0,74.09,12.12
4268,30.0,5.0,125.0,30.0,5.0,124.85,72016.0,72.02,13.01
4269,30.0,5.0,130.0,30.0,5.0,129.92,70662.0,70.66,13.78
4270,30.0,5.0,135.0,30.0,5.0,134.96,69862.0,69.86,14.38
4271,30.0,5.0,140.0,30.0,5.0,139.96,69978.0,69.98,15.36
4272,30.0,5.0,145.0,30.0,5.0,144.93,70177.0,70.18,15.75
4273,30.0,5.0,150.0,30.0,5.0,149.87,71059.0,71.06,16.57
4274,30.0,5.0,155.0,30.0,5.0,154.78,72403.0,72.4,17.38
4275,30.0,5.0,160.0,30.0,5.0,159.66,73986.0,73.99,17.74
4276,30.0,5.0,165.0,30.0,5.0,164.51,76196.0,76.2,18.94
4277,30.0,5.0,170.0,30.0,5.0,169.35,78397.0,78.4,19.24
4278,30.0,5.0,175.0,30.0,5.0,174.18,80610.0,80.61,19.85
4279,30.0,5.0,180.0,30.0,5.0,179.04,81995.0,81.99,19.42
4292,30.0,7.0,0.0,29.99,7.0,-1.21,62274.0,62.27,22.41
4293,30.0,7.0,5.0,29.99,7.0,4.03,62971.0,62.97,20.88
4294,30.0,7.0,10.0,29.99,7.0,9.22,62905.99999999999,62.91,20.85
4295,30.0,7.0,15.0,29.99,7.0,14.39,61485.0,61.48,18.71
4296,30.0,7.0,20.0,30.0,7.0,19.51,60466.0,60.47,19.22
4297,30.0,7.0,25.0,30.0,7.0,24.62,59179.0,59.18,18.37
4298,30.0,7.0,30.0,30.0,7.0,29.71,58108.00000000001,58.11,18.21
4299,30.0,7.0,35.0,30.0,7.0,34.79,57190.0,57.19,17.3
4300,30.0,7.0,40.0,30.0,7.0,39.83,56338.0,56.34,16.06
4301,30.0,7.0,45.0,30.0,7.0,44.82,56166.99999999999,56.17,15.33
4302,30.0,7.0,50.0,30.0,7.0,49.78,56629.0,56.63,14.92
4303,30.0,7.0,55.0,30.0,7.0,54.7,57511.0,57.51,14.18
4304,30.0,7.0,60.0,30.0,7.0,59.58,58985.0,58.98,12.86
4305,30.0,7.0,65.0,30.0,7.0,64.43,61679.0,61.68,11.76
4306,30.0,7.0,70.0,30.0,7.0,69.25,66347.0,66.35,10.93
4307,30.0,7.0,75.0,30.0,7.0,74.02,74008.0,74.01,9.97
4308,30.0,7.0,78.0,30.0,7.0,76.87,81262.0,81.26,9.57
4309,30.0,7.0,81.0,30.0,7.0,79.71,93312.0,93.31,9.61
4310,30.0,7.0,84.0,30.0,7.0,82.55,113666.00000000001,113.67,9.81
4311,30.0,7.0,86.0,30.0,7.0,84.46,138839.0,138.84,10.71
4312,30.0,7.0,88.0,30.0,7.0,86.38,179867.0,179.87,13.32
4313,30.0,7.0,90.0,30.0,7.0,88.32,210294.99999999997,210.3,16.89
4314,30.0,7.0,92.0,30.0,7.0,90.34,181852.0,181.85,13.98
4315,30.0,7.0,94.0,30.0,7.0,92.45,139780.0,139.78,11.0
4316,30.0,7.0,96.0,30.0,7.0,94.59,112325.0,112.33,9.84
4317,30.0,7.0,99.0,30.0,7.0,97.8,89785.0,89.78,9.22
4318,30.0,7.0,102.0,30.0,7.0,100.97,78778.0,78.78,9.68
4319,30.0,7.0,105.0,30.0,7.0,104.12,71120.0,71.12,9.78
4320,30.0,7.0,110.0,30.0,7.0,109.31,64233.00000000001,64.23,10.79
4321,30.0,7.0,115.0,30.0,7.0,114.46,59953.0,59.95,11.91
4322,30.0,7.0,120.0,30.0,7.0,119.57,57227.0,57.23,12.85
4323,30.0,7.0,125.0,30.0,7.0,124.67,55453.0,55.45,13.81
4324,30.0,7.0,130.0,30.0,7.0,129.72,54336.0,54.34,14.64
4325,30.0,7.0,135.0,30.0,7.0,134.76,53633.00000000001,53.63,15.31
4326,30.0,7.0,140.0,30.0,7.0,139.76,53421.0,53.42,16.06
4327,30.0,7.0,145.0,30.0,7.0,144.74,53713.0,53.71,16.94
4328,30.0,7.0,150.0,30.0,7.0,149.7,54167.99999999999,54.17,17.53
4329,30.0,7.0,155.0,30.0,7.0,154.63,55036.0,55.04,18.31
4330,30.0,7.0,160.0,30.0,7.0,159.54,56039.0,56.04,18.65
4331,30.0,7.0,165.0,30.0,7.0,164.42,57330.99999999999,57.33,18.74
4332,30.0,7.0,170.0,30.0,7.0,169.28,58791.99999999999,58.79,19.05
4333,30.0,7.0,175.0,30.0,7.0,174.14,60559.0,60.56,19.89
4334,30.0,7.0,180.0,30.0,7.0,179.02,62032.00000000001,62.03,20.75
4347,30.0,8.0,0.0,30.0,8.0,-1.2,54442.99999999999,54.44,19.87
4348,30.0,8.0,5.0,30.0,8.0,4.02,55314.0,55.31,20.27
4349,30.0,8.0,10.0,30.0,8.0,9.22,55649.0,55.65,21.32
4350,30.0,8.0,15.0,30.0,8.0,14.4,54216.99999999999,54.22,19.13
4351,30.0,8.0,20.0,30.0,8.0,19.51,53444.00000000001,53.44,19.16
4352,30.0,8.0,25.0,30.0,8.0,24.63,52302.0,52.3,18.22
4353,30.0,8.0,30.0,30.0,8.0,29.73,51408.00000000001,51.41,18.02
4354,30.0,8.0,35.0,30.0,8.0,34.81,50768.0,50.77,17.34
4355,30.0,8.0,40.0,30.0,8.0,39.85,50260.0,50.26,16.52
4356,30.0,8.0,45.0,30.0,8.0,44.85,50076.0,50.08,15.65
4357,30.0,8.0,50.0,30.0,8.0,49.8,50626.0,50.63,15.45
4358,30.0,8.0,55.0,30.0,8.0,54.73,51245.00000000001,51.25,14.22
4359,30.0,8.0,60.0,30.0,8.0,59.61,52725.0,52.72,13.23
4360,30.0,8.0,65.0,30.0,8.0,64.46,55212.0,55.21,12.24
4361,30.0,8.0,70.0,30.0,8.0,69.27,59304.0,59.3,11.18
4362,30.0,8.0,75.0,30.0,8.0,74.03,65944.0,65.94,10.01
4363,30.0,8.0,78.0,30.0,8.0,76.86,71960.0,71.96,9.22
4364,30.0,8.0,81.0,30.0,8.0,79.7,89990.0,89.99,14.95
4365,30.0,8.0,84.0,30.0,8.0,82.53,104398.0,104.4,10.2
4366,30.0,8.0,86.0,30.0,8.0,84.42,127626.0,127.63,10.56
4367,30.0,8.0,88.0,30.0,8.0,86.33,167967.0,167.97,12.47
4368,30.0,8.0,90.0,30.0,8.0,88.25,205698.99999999997,205.7,16.89
4369,30.0,8.0,92.0,30.0,8.0,90.26,176808.0,176.81,13.82
4370,30.0,8.0,94.0,30.0,8.0,92.37,131734.0,131.73,10.64
4371,30.0,8.0,96.0,30.0,8.0,94.51,103156.0,103.16,9.31
4372,30.0,8.0,99.0,30.0,8.0,97.73,81994.0,81.99,9.25
4373,30.0,8.0,102.0,30.0,8.0,100.91,70911.0,70.91,9.44
4374,30.0,8.0,105.0,30.0,8.0,104.05,64204.99999999999,64.21,9.88
4375,30.0,8.0,110.0,30.0,8.0,109.24,57649.0,57.65,10.9
4376,30.0,8.0,115.0,30.0,8.0,114.4,53735.0,53.74,11.92
4377,30.0,8.0,120.0,30.0,8.0,119.5,51496.0,51.5,13.23
4378,30.0,8.0,125.0,30.0,8.0,124.6,49588.0,49.59,13.77
4379,30.0,8.0,130.0,30.0,8.0,129.66,48744.0,48.74,15.16
4380,30.0,8.0,135.0,30.0,8.0,134.69,48052.0,48.05,15.83
4381,30.0,8.0,140.0,30.0,8.0,139.69,47873.0,47.87,16.74
4382,30.0,8.0,145.0,30.0,8.0,144.68,47941.0,47.94,17.51
4383,30.0,8.0,150.0,30.0,8.0,149.64,48209.0,48.21,17.77
4384,30.0,8.0,155.0,30.0,8.0,154.58,48802.0,48.8,18.2
4385,30.0,8.0,160.0,30.0,8.0,159.49,49579.0,49.58,18.2
4386,30.0,8.0,165.0,30.0,8.0,164.39,50562.0,50.56,18.19
4387,30.0,8.0,170.0,30.0,8.0,169.26,51779.99999999999,51.78,18.45
4388,30.0,8.0,175.0,30.0,8.0,174.13,53479.99999999999,53.48,20.08
4389,30.0,8.0,180.0,30.0,8.0,179.01,54495.00000000001,54.5,19.96
4677,35.0,0.05,0.0,34.99,0.05,0.53,264572.0,264.57,22.9
4678,35.0,0.05,5.0,34.99,0.05,5.56,263733.0,263.73,22.16
4679,35.0,0.05,10.0,34.99,0.05,10.55,263797.0,263.8,22.23
4680,35.0,0.05,15.0,35.0,0.05,15.49,264496.0,264.5,22.68
4681,35.0,0.05,20.0,35.0,0.05,20.36,264430.0,264.43,22.51
4682,35.0,0.05,25.0,34.99,0.05,25.2,264631.0,264.63,22.64
4683,35.0,0.05,30.0,35.0,0.05,29.98,264641.0,264.64,22.57
4684,35.0,0.05,35.0,35.0,0.05,34.73,265114.0,265.11,22.64
4685,35.0,0.05,40.0,34.99,0.05,39.46,264919.0,264.92,22.4
4686,35.0,0.05,45.0,34.99,0.05,44.15,265499.0,265.5,22.78
4687,35.0,0.05,50.0,35.0,0.05,48.86,265523.0,265.52,22.67
4688,35.0,0.05,55.0,35.0,0.05,53.59,265376.0,265.38,22.34
4689,35.0,0.05,60.0,35.0,0.05,58.4,265428.0,265.43,22.24
4690,35.0,0.05,65.0,34.99,0.05,63.26,265737.0,265.74,22.5
4691,35.0,0.05,70.0,35.0,0.05,68.22,265701.0,265.7,22.29
4692,35.0,0.05,75.0,34.99,0.05,73.26,265928.0,265.93,22.45
4693,35.0,0.05,78.0,34.99,0.05,76.34,265633.0,265.63,22.35
4694,35.0,0.05,81.0,34.99,0.05,79.41,266202.0,266.2,22.71
4695,35.0,0.05,84.0,35.0,0.05,82.47,265755.0,265.75,22.39
4696,35.0,0.05,86.0,35.0,0.05,84.55,265775.0,265.77,22.37
4697,35.0,0.05,88.0,35.0,0.05,86.61,265785.0,265.78,22.41
4698,35.0,0.05,90.0,35.0,0.05,88.65,266162.0,266.16,22.73
4699,35.0,0.05,92.0,35.0,0.05,90.7,265525.0,265.52,22.3
4700,35.0,0.05,94.0,34.99,0.05,92.74,265479.0,265.48,22.31
4701,35.0,0.05,96.0,34.99,0.05,94.8,265695.0,265.7,22.44
4702,35.0,0.05,99.0,35.0,0.05,97.82,266237.0,266.24,23.02
4703,35.0,0.05,102.0,34.99,0.05,100.85,264886.0,264.89,22.0
4704,35.0,0.05,105.0,35.0,0.05,103.87,264612.0,264.61,21.92
4705,35.0,0.05,110.0,34.99,0.05,108.86,264408.0,264.41,21.87
4706,35.0,0.05,115.0,35.0,0.05,113.89,264300.0,264.3,22.0
4707,35.0,0.05,120.0,35.0,0.05,118.91,264286.0,264.29,22.11
4708,35.0,0.05,125.0,35.0,0.05,123.96,263952.0,263.95,22.06
4709,35.0,0.05,130.0,35.0,0.05,129.0,263327.0,263.33,21.85
4710,35.0,0.05,135.0,35.0,0.05,134.09,263339.0,263.34,21.97
4711,35.0,0.05,140.0,35.0,0.05,139.16,262446.0,262.45,21.51
4712,35.0,0.05,145.0,34.99,0.05,144.25,262897.0,262.9,22.0
4713,35.0,0.05,150.0,35.0,0.05,149.34,263335.0,263.33,22.52
4714,35.0,0.05,155.0,35.0,0.05,154.4,262706.0,262.71,21.97
4715,35.0,0.05,160.0,34.99,0.05,159.41,262033.0,262.03,21.55
4716,35.0,0.05,165.0,35.0,0.05,164.43,262218.0,262.22,21.78
4717,35.0,0.05,170.0,34.99,0.05,169.39,262125.0,262.13,21.69
4718,35.0,0.05,175.0,35.0,0.05,174.35,262441.0,262.44,21.85
4719,35.0,0.05,180.0,35.0,0.05,179.3,262953.0,262.95,22.18
4732,35.0,0.07,0.0,34.99,0.07,0.26,261526.00000000003,261.53,21.98
4733,35.0,0.07,5.0,34.99,0.07,5.27,261325.0,261.32,21.8
4734,35.0,0.07,10.0,34.99,0.07,10.23,261656.0,261.66,21.99
4735,35.0,0.07,15.0,35.0,0.07,15.16,261836.0,261.84,21.95
4736,35.0,0.07,20.0,34.99,0.07,20.04,262324.0,262.32,22.15
4737,35.0,0.07,25.0,34.99,0.07,24.87,262775.0,262.78,22.3
4738,35.0,0.07,30.0,35.0,0.07,29.66,263128.0,263.13,22.33
4739,35.0,0.07,35.0,34.99,0.07,34.4,263073.0,263.07,22.06
4740,35.0,0.07,40.0,35.0,0.07,39.12,263887.0,263.89,22.4
4741,35.0,0.07,45.0,34.99,0.07,43.81,264112.0,264.11,22.3
4742,35.0,0.07,50.0,34.99,0.07,48.52,264977.0,264.98,22.79
4743,35.0,0.07,55.0,35.0,0.07,53.27,265144.0,265.14,22.67
4744,35.0,0.07,60.0,35.0,0.07,58.09,265272.0,265.27,22.56
4745,35.0,0.07,65.0,34.99,0.07,62.98,265281.0,265.28,22.52
4746,35.0,0.07,70.0,34.99,0.07,67.95,265389.0,265.39,22.47
4747,35.0,0.07,75.0,35.0,0.07,73.0,265467.0,265.47,22.43
4748,35.0,0.07,78.0,35.0,0.07,76.12,265580.0,265.58,22.46
4749,35.0,0.07,81.0,34.99,0.07,79.21,265175.0,265.18,22.08
4750,35.0,0.07,84.0,35.0,0.07,82.3,264601.0,264.6,21.85
4751,35.0,0.07,86.0,34.99,0.07,84.38,265161.0,265.16,22.3
4752,35.0,0.07,88.0,35.0,0.07,86.46,264606.0,264.61,21.85
4753,35.0,0.07,90.0,34.99,0.07,88.53,264633.0,264.63,21.92
4754,35.0,0.07,92.0,35.0,0.07,90.59,265031.0,265.03,22.31
4755,35.0,0.07,94.0,35.0,0.07,92.65,264694.0,264.69,22.0
4756,35.0,0.07,96.0,34.99,0.07,94.7,263981.0,263.98,21.64
4757,35.0,0.07,99.0,34.99,0.07,97.75,264120.0,264.12,21.85
4758,35.0,0.07,102.0,35.0,0.07,100.82,264253.0,264.25,22.14
4759,35.0,0.07,105.0,34.99,0.07,103.86,263934.0,263.93,22.05
4760,35.0,0.07,110.0,35.0,0.07,108.87,263022.0,263.02,21.68
4761,35.0,0.07,115.0,34.99,0.07,113.92,261861.0,261.86,21.13
4762,35.0,0.07,120.0,35.0,0.07,118.96,261890.0,261.89,21.45
4763,35.0,0.07,125.0,35.0,0.07,124.03,261537.0,261.54,21.47
4764,35.0,0.07,130.0,35.0,0.07,129.1,260698.0,260.7,21.21
4765,35.0,0.07,135.0,34.99,0.07,134.19,260512.0,260.51,21.38
4766,35.0,0.07,140.0,35.0,0.07,139.28,260066.0,260.07,21.24
4767,35.0,0.07,145.0,35.0,0.07,144.36,259425.0,259.43,21.06
4768,35.0,0.07,150.0,35.0,0.07,149.46,258921.0,258.92,20.83
4769,35.0,0.07,155.0,35.0,0.07,154.52,259541.0,259.54,21.54
4770,35.0,0.07,160.0,35.0,0.07,159.55,259709.0,259.71,21.71
4771,35.0,0.07,165.0,35.0,0.07,164.56,259340.0,259.34,21.41
4772,35.0,0.07,170.0,34.99,0.07,169.53,259208.0,259.21,21.5
4773,35.0,0.07,175.0,35.0,0.07,174.51,259448.0,259.45,21.52
4774,35.0,0.07,180.0,35.0,0.07,179.45,259466.0,259.47,21.42
4787,35.0,0.1,0.0,34.99,0.1,0.02,256933.0,256.93,21.25
4788,35.0,0.1,5.0,34.99,0.1,5.0,257675.0,257.68,21.67
4789,35.0,0.1,10.0,34.99,0.1,9.96,257719.0,257.72,21.55
4790,35.0,0.1,15.0,34.99,0.1,14.88,258873.99999999997,258.87,22.18
4791,35.0,0.1,20.0,35.0,0.1,19.74,258561.0,258.56,21.63
4792,35.0,0.1,25.0,35.0,0.1,24.57,259075.0,259.07,21.67
4793,35.0,0.1,30.0,34.99,0.1,29.35,260010.0,260.01,21.91
4794,35.0,0.1,35.0,35.0,0.1,34.09,261088.0,261.09,22.37
4795,35.0,0.1,40.0,34.99,0.1,38.8,261217.0,261.22,21.85
4796,35.0,0.1,45.0,34.99,0.1,43.5,261978.00000000003,261.98,21.96
4797,35.0,0.1,50.0,35.0,0.1,48.2,263206.0,263.21,22.4
4798,35.0,0.1,55.0,35.0,0.1,52.96,263175.0,263.17,22.03
4799,35.0,0.1,60.0,34.99,0.1,57.78,263400.0,263.4,21.82
4800,35.0,0.1,65.0,35.0,0.1,62.69,263908.0,263.91,21.89
4801,35.0,0.1,70.0,35.0,0.1,67.69,264172.0,264.17,21.96
4802,35.0,0.1,75.0,35.0,0.1,72.77,264910.0,264.91,22.5
4803,35.0,0.1,78.0,35.0,0.1,75.89,263904.0,263.9,21.79
4804,35.0,0.1,81.0,35.0,0.1,79.02,263884.0,263.88,21.82
4805,35.0,0.1,84.0,35.0,0.1,82.13,263854.0,263.85,21.77
4806,35.0,0.1,86.0,35.0,0.1,84.24,263791.0,263.79,21.92
4807,35.0,0.1,88.0,34.99,0.1,86.32,263631.0,263.63,21.88
4808,35.0,0.1,90.0,35.0,0.1,88.41,263794.0,263.79,22.02
4809,35.0,0.1,92.0,35.0,0.1,90.49,263197.0,263.2,21.77
4810,35.0,0.1,94.0,34.99,0.1,92.56,263122.0,263.12,21.8
4811,35.0,0.1,96.0,35.0,0.1,94.63,262408.0,262.41,21.37
4812,35.0,0.1,99.0,35.0,0.1,97.71,261809.0,261.81,21.32
4813,35.0,0.1,102.0,35.0,0.1,100.79,261685.0,261.69,21.4
4814,35.0,0.1,105.0,34.99,0.1,103.86,261206.0,261.21,21.4
4815,35.0,0.1,110.0,34.99,0.1,108.91,259892.0,259.89,20.93
4816,35.0,0.1,115.0,34.99,0.1,113.97,259389.0,259.39,21.12
4817,35.0,0.1,120.0,35.0,0.1,119.04,258150.0,258.15,20.69
4818,35.0,0.1,125.0,34.99,0.1,124.11,257157.00000000003,257.16,20.64
4819,35.0,0.1,130.0,35.0,0.1,129.2,256387.0,256.39,20.48
4820,35.0,0.1,135.0,35.0,0.1,134.28,255698.99999999997,255.7,20.45
4821,35.0,0.1,140.0,34.99,0.1,139.36,254744.0,254.74,20.27
4822,35.0,0.1,145.0,35.0,0.1,144.45,254013.0,254.01,20.11
4823,35.0,0.1,150.0,35.0,0.1,149.53,254169.99999999997,254.17,20.42
4824,35.0,0.1,155.0,35.0,0.1,154.59,253952.0,253.95,20.47
4825,35.0,0.1,160.0,35.0,0.1,159.61,253642.99999999997,253.64,20.47
4826,35.0,0.1,165.0,34.99,0.1,164.63,253950.0,253.95,20.82
4827,35.0,0.1,170.0,35.0,0.1,169.6,254052.0,254.05,20.89
4828,35.0,0.1,175.0,35.0,0.1,174.58,253498.0,253.5,20.32
4829,35.0,0.1,180.0,35.0,0.1,179.51,254512.0,254.51,20.89
4842,35.0,0.15,0.0,34.99,0.15,-0.2,248682.00000000003,248.68,20.4
4843,35.0,0.15,5.0,34.99,0.15,4.77,249744.0,249.74,20.94
4844,35.0,0.15,10.0,34.99,0.15,9.72,249990.0,249.99,20.8
4845,35.0,0.15,15.0,35.0,0.15,14.64,250698.0,250.7,20.94
4846,35.0,0.15,20.0,34.99,0.15,19.49,251656.0,251.66,21.04
4847,35.0,0.15,25.0,35.0,0.15,24.3,253091.0,253.09,21.43
4848,35.0,0.15,30.0,34.99,0.15,29.08,254100.0,254.1,21.38
4849,35.0,0.15,35.0,35.0,0.15,33.82,254932.00000000003,254.93,21.09
4850,35.0,0.15,40.0,34.99,0.15,38.52,256548.99999999997,256.55,21.39
4851,35.0,0.15,45.0,35.0,0.15,43.21,257742.99999999997,257.74,21.49
4852,35.0,0.15,50.0,35.0,0.15,47.92,259698.0,259.7,22.1
4853,35.0,0.15,55.0,35.0,0.15,52.68,259927.0,259.93,21.5
4854,35.0,0.15,60.0,34.99,0.15,57.51,260758.0,260.76,21.44
4855,35.0,0.15,65.0,35.0,0.15,62.44,261388.0,261.39,21.43
4856,35.0,0.15,70.0,34.99,0.15,67.46,261811.0,261.81,21.45
4857,35.0,0.15,75.0,34.99,0.15,72.59,261915.0,261.92,21.42
4858,35.0,0.15,78.0,35.0,0.15,75.75,261465.0,261.46,21.17
4859,35.0,0.15,81.0,35.0,0.15,78.89,261239.0,261.24,21.1
4860,35.0,0.15,84.0,35.0,0.15,82.04,260565.0,260.56,20.87
4861,35.0,0.15,86.0,35.0,0.15,84.15,260869.0,260.87,21.15
4862,35.0,0.15,88.0,34.99,0.15,86.26,260106.0,260.11,20.83
4863,35.0,0.15,90.0,35.0,0.15,88.36,260163.0,260.16,21.04
4864,35.0,0.15,92.0,35.0,0.15,90.46,259513.0,259.51,20.86
4865,35.0,0.15,94.0,34.99,0.15,92.55,258981.0,258.98,20.7
4866,35.0,0.15,96.0,35.0,0.15,94.64,257896.0,257.9,20.23
4867,35.0,0.15,99.0,35.0,0.15,97.73,257119.0,257.12,20.17
4868,35.0,0.15,102.0,35.0,0.15,100.83,256952.0,256.95,20.53
4869,35.0,0.15,105.0,34.99,0.15,103.92,255335.0,255.34,19.95
4870,35.0,0.15,110.0,35.0,0.15,108.99,253798.99999999997,253.8,19.79
4871,35.0,0.15,115.0,35.0,0.15,114.08,252356.0,252.36,19.71
4872,35.0,0.15,120.0,35.0,0.15,119.16,250662.0,250.66,19.5
4873,35.0,0.15,125.0,35.0,0.15,124.23,249142.99999999997,249.14,19.36
4874,35.0,0.15,130.0,34.99,0.15,129.3,247694.99999999997,247.69,19.17
4875,35.0,0.15,135.0,35.0,0.15,134.38,246352.0,246.35,18.98
4876,35.0,0.15,140.0,35.0,0.15,139.46,245713.0,245.71,19.19
4877,35.0,0.15,145.0,35.0,0.15,144.53,244434.0,244.43,18.87
4878,35.0,0.15,150.0,35.0,0.15,149.59,243589.0,243.59,18.84
4879,35.0,0.15,155.0,35.0,0.15,154.64,243562.0,243.56,19.05
4880,35.0,0.15,160.0,34.99,0.15,159.65,244021.0,244.02,19.55
4881,35.0,0.15,165.0,35.0,0.15,164.64,243887.0,243.89,19.53
4882,35.0,0.15,170.0,35.0,0.15,169.61,243776.00000000003,243.78,19.49
4883,35.0,0.15,175.0,35.0,0.15,174.57,244037.0,244.04,19.52
4884,35.0,0.15,180.0,35.0,0.15,179.5,244828.00000000003,244.83,19.81
4897,35.0,0.2,0.0,34.99,0.2,-0.33,240282.00000000003,240.28,20.03
4898,35.0,0.2,5.0,34.99,0.2,4.65,240332.00000000003,240.33,19.78
4899,35.0,0.2,10.0,35.0,0.2,9.6,241588.0,241.59,20.24
4900,35.0,0.2,15.0,35.0,0.2,14.51,242567.0,242.57,20.41
4901,35.0,0.2,20.0,35.0,0.2,19.36,243692.99999999997,243.69,20.39
4902,35.0,0.2,25.0,35.0,0.2,24.18,245233.0,245.23,20.5
4903,35.0,0.2,30.0,35.0,0.2,28.95,246350.0,246.35,20.21
4904,35.0,0.2,35.0,35.0,0.2,33.69,248826.00000000003,248.83,20.74
4905,35.0,0.2,40.0,34.99,0.2,38.39,250278.00000000003,250.28,20.57
4906,35.0,0.2,45.0,34.99,0.2,43.09,252286.0,252.29,20.81
4907,35.0,0.2,50.0,35.0,0.2,47.8,254209.0,254.21,20.91
4908,35.0,0.2,55.0,35.0,0.2,52.57,255421.0,255.42,20.7
4909,35.0,0.2,60.0,34.99,0.2,57.41,257246.0,257.25,21.06
4910,35.0,0.2,65.0,35.0,0.2,62.36,258425.0,258.43,21.14
4911,35.0,0.2,70.0,34.99,0.2,67.4,259309.0,259.31,21.29
4912,35.0,0.2,75.0,35.0,0.2,72.55,258390.0,258.39,20.51
4913,35.0,0.2,78.0,34.99,0.2,75.72,259013.0,259.01,21.05
4914,35.0,0.2,81.0,35.0,0.2,78.87,258186.0,258.19,20.56
4915,35.0,0.2,84.0,35.0,0.2,82.03,257459.0,257.46,20.35
4916,35.0,0.2,86.0,35.0,0.2,84.17,256846.0,256.85,20.1
4917,35.0,0.2,88.0,34.99,0.2,86.29,256717.99999999997,256.72,20.36
4918,35.0,0.2,90.0,35.0,0.2,88.4,256657.00000000003,256.66,20.55
4919,35.0,0.2,92.0,34.99,0.2,90.5,254498.99999999997,254.5,19.58
4920,35.0,0.2,94.0,35.0,0.2,92.6,254429.0,254.43,19.8
4921,35.0,0.2,96.0,35.0,0.2,94.7,253077.0,253.08,19.38
4922,35.0,0.2,99.0,34.99,0.2,97.8,251751.00000000003,251.75,19.17
4923,35.0,0.2,102.0,35.0,0.2,100.92,250737.0,250.74,19.15
4924,35.0,0.2,105.0,34.99,0.2,104.01,249462.0,249.46,19.07
4925,35.0,0.2,110.0,35.0,0.2,109.09,246694.99999999997,246.7,18.59
4926,35.0,0.2,115.0,35.0,0.2,114.18,244159.0,244.16,18.22
4927,35.0,0.2,120.0,35.0,0.2,119.26,242648.99999999997,242.65,18.47
4928,35.0,0.2,125.0,35.0,0.2,124.32,240126.00000000003,240.13,18.09
4929,35.0,0.2,130.0,35.0,0.2,129.4,239116.0,239.12,18.38
4930,35.0,0.2,135.0,35.0,0.2,134.46,236878.00000000003,236.88,17.97
4931,35.0,0.2,140.0,35.0,0.2,139.52,235714.0,235.71,18.04
4932,35.0,0.2,145.0,35.0,0.2,144.58,234962.0,234.96,18.11
4933,35.0,0.2,150.0,35.0,0.2,149.62,233844.99999999997,233.85,17.92
4934,35.0,0.2,155.0,35.0,0.2,154.65,233927.0,233.93,18.34
4935,35.0,0.2,160.0,35.0,0.2,159.65,234325.0,234.32,18.7
4936,35.0,0.2,165.0,35.0,0.2,164.63,233917.99999999997,233.92,18.56
4937,35.0,0.2,170.0,35.0,0.2,169.59,234458.0,234.46,18.87
4938,35.0,0.2,175.0,35.0,0.2,174.54,234558.0,234.56,18.85
4939,35.0,0.2,180.0,35.0,0.2,179.46,234840.0,234.84,18.7
4952,35.0,0.3,0.0,34.99,0.3,-0.46,222913.0,222.91,18.97
4953,35.0,0.3,5.0,34.99,0.3,4.52,223423.99999999997,223.42,19.0
4954,35.0,0.3,10.0,34.99,0.3,9.48,224291.0,224.29,19.0
4955,35.0,0.3,15.0,35.0,0.3,14.4,225748.0,225.75,19.15
4956,35.0,0.3,20.0,35.0,0.3,19.26,227902.0,227.9,19.52
4957,35.0,0.3,25.0,35.0,0.3,24.08,229714.0,229.71,19.53
4958,35.0,0.3,30.0,35.0,0.3,28.86,231706.0,231.71,19.54
4959,35.0,0.3,35.0,34.99,0.3,33.6,233500.0,233.5,19.16
4960,35.0,0.3,40.0,34.99,0.3,38.3,235942.99999999997,235.94,19.17
4961,35.0,0.3,45.0,35.0,0.3,43.0,238942.0,238.94,19.38
4962,35.0,0.3,50.0,35.0,0.3,47.73,241910.0,241.91,19.7
4963,35.0,0.3,55.0,35.0,0.3,52.52,244425.0,244.43,19.61
4964,35.0,0.3,60.0,34.99,0.3,57.39,246441.0,246.44,19.48
4965,35.0,0.3,65.0,35.0,0.3,62.36,249002.0,249.0,19.76
4966,35.0,0.3,70.0,35.0,0.3,67.43,250629.0,250.63,19.79
4967,35.0,0.3,75.0,34.99,0.3,72.61,250980.00000000003,250.98,19.44
4968,35.0,0.3,78.0,34.99,0.3,75.79,250803.00000000003,250.8,19.25
4969,35.0,0.3,81.0,35.0,0.3,78.96,250282.00000000003,250.28,19.05
4970,35.0,0.3,84.0,35.0,0.3,82.14,249932.00000000003,249.93,19.17
4971,35.0,0.3,86.0,35.0,0.3,84.28,249048.99999999997,249.05,18.91
4972,35.0,0.3,88.0,35.0,0.3,86.4,247869.99999999997,247.87,18.56
4973,35.0,0.3,90.0,34.99,0.3,88.52,247279.0,247.28,18.63
4974,35.0,0.3,92.0,34.99,0.3,90.63,245753.00000000003,245.75,18.27
4975,35.0,0.3,94.0,35.0,0.3,92.74,244223.99999999997,244.22,18.04
4976,35.0,0.3,96.0,35.0,0.3,94.84,243044.99999999997,243.04,17.95
4977,35.0,0.3,99.0,34.99,0.3,97.95,240663.0,240.66,17.58
4978,35.0,0.3,102.0,35.0,0.3,101.07,238319.0,238.32,17.34
4979,35.0,0.3,105.0,35.0,0.3,104.16,235319.0,235.32,16.8
4980,35.0,0.3,110.0,35.0,0.3,109.25,231814.0,231.81,16.65
4981,35.0,0.3,115.0,35.0,0.3,114.34,228529.0,228.53,16.62
4982,35.0,0.3,120.0,35.0,0.3,119.41,225046.0,225.05,16.4
4983,35.0,0.3,125.0,35.0,0.3,124.46,222290.0,222.29,16.31
4984,35.0,0.3,130.0,35.0,0.3,129.51,220187.0,220.19,16.4
4985,35.0,0.3,135.0,35.0,0.3,134.56,218333.0,218.33,16.44
4986,35.0,0.3,140.0,35.0,0.3,139.6,217680.00000000003,217.68,16.94
4987,35.0,0.3,145.0,35.0,0.3,144.64,215682.00000000003,215.68,16.45
4988,35.0,0.3,150.0,35.0,0.3,149.67,215753.00000000003,215.75,16.87
4989,35.0,0.3,155.0,35.0,0.3,154.67,216515.0,216.52,17.62
4990,35.0,0.3,160.0,35.0,0.3,159.66,216017.0,216.02,17.59
4991,35.0,0.3,165.0,35.0,0.3,164.63,216055.00000000003,216.05,17.57
4992,35.0,0.3,170.0,34.99,0.3,169.57,216857.00000000003,216.86,17.89
4993,35.0,0.3,175.0,35.0,0.3,174.51,217558.0,217.56,17.99
4994,35.0,0.3,180.0,35.0,0.3,179.42,218792.0,218.79,18.37
5007,35.0,0.5,0.0,34.99,0.5,-0.58,197399.0,197.4,18.68
5008,35.0,0.5,5.0,35.0,0.5,4.43,197872.0,197.87,18.44
5009,35.0,0.5,10.0,34.99,0.5,9.42,199809.0,199.81,18.97
5010,35.0,0.5,15.0,35.0,0.5,14.37,201675.0,201.68,19.39
5011,35.0,0.5,20.0,35.0,0.5,19.26,202452.0,202.45,18.84
5012,35.0,0.5,25.0,35.0,0.5,24.1,203721.0,203.72,18.5
5013,35.0,0.5,30.0,35.0,0.5,28.89,205677.0,205.68,18.56
5014,35.0,0.5,35.0,35.0,0.5,33.64,206873.0,206.87,17.89
5015,35.0,0.5,40.0,35.0,0.5,38.37,209023.0,209.02,17.79
5016,35.0,0.5,45.0,34.99,0.5,43.11,210773.0,210.77,17.3
5017,35.0,0.5,50.0,35.0,0.5,47.86,213162.0,213.16,17.0
5018,35.0,0.5,55.0,34.99,0.5,52.67,217040.0,217.04,17.3
5019,35.0,0.5,60.0,34.99,0.5,57.56,220671.0,220.67,17.21
5020,35.0,0.5,65.0,35.0,0.5,62.55,224752.0,224.75,17.26
5021,35.0,0.5,70.0,35.0,0.5,67.62,228667.0,228.67,17.16
5022,35.0,0.5,75.0,35.0,0.5,72.8,233123.99999999997,233.12,17.55
5023,35.0,0.5,78.0,34.99,0.5,75.96,234023.0,234.02,17.25
5024,35.0,0.5,81.0,34.99,0.5,79.13,236159.0,236.16,17.78
5025,35.0,0.5,84.0,34.99,0.5,82.29,235350.0,235.35,17.39
5026,35.0,0.5,86.0,35.0,0.5,84.43,234405.00000000003,234.4,17.13
5027,35.0,0.5,88.0,35.0,0.5,86.54,233428.00000000003,233.43,17.1
5028,35.0,0.5,90.0,35.0,0.5,88.66,231155.00000000003,231.15,16.59
5029,35.0,0.5,92.0,34.99,0.5,90.77,229487.0,229.49,16.57
5030,35.0,0.5,94.0,35.0,0.5,92.88,225952.0,225.95,15.84
5031,35.0,0.5,96.0,35.0,0.5,94.98,223985.0,223.98,15.88
5032,35.0,0.5,99.0,35.0,0.5,98.11,219844.99999999997,219.84,15.63
5033,35.0,0.5,102.0,35.0,0.5,101.22,214981.0,214.98,15.12
5034,35.0,0.5,105.0,35.0,0.5,104.32,210178.00000000003,210.18,14.65
5035,35.0,0.5,110.0,35.0,0.5,109.43,205054.0,205.05,14.84
5036,35.0,0.5,115.0,35.0,0.5,114.51,199226.0,199.23,14.48
5037,35.0,0.5,120.0,35.0,0.5,119.56,195745.0,195.75,14.71
5038,35.0,0.5,125.0,35.0,0.5,124.6,192185.0,192.18,14.6
5039,35.0,0.5,130.0,35.0,0.5,129.64,189899.0,189.9,14.67
5040,35.0,0.5,135.0,35.0,0.5,134.66,189319.0,189.32,15.26
5041,35.0,0.5,140.0,35.0,0.5,139.68,187701.0,187.7,15.19
5042,35.0,0.5,145.0,35.0,0.5,144.69,188218.0,188.22,15.84
5043,35.0,0.5,150.0,35.0,0.5,149.7,188506.0,188.51,16.2
5044,35.0,0.5,155.0,35.0,0.5,154.69,189158.0,189.16,16.58
5045,35.0,0.5,160.0,35.0,0.5,159.65,189636.0,189.64,16.78
5046,35.0,0.5,165.0,35.0,0.5,164.61,190824.0,190.82,17.24
5047,35.0,0.5,170.0,35.0,0.5,169.54,191716.0,191.72,17.46
5048,35.0,0.5,175.0,35.0,0.5,174.48,192317.0,192.32,17.36
5049,35.0,0.5,180.0,35.0,0.5,179.39,194037.0,194.04,17.9
5062,35.0,0.7,0.0,34.99,0.7,-0.63,180581.0,180.58,18.9
5063,35.0,0.7,5.0,34.99,0.7,4.4,181278.0,181.28,18.9
5064,35.0,0.7,10.0,34.99,0.7,9.42,182363.0,182.36,18.85
5065,35.0,0.7,15.0,34.99,0.7,14.41,183850.0,183.85,18.97
5066,35.0,0.7,20.0,34.99,0.7,19.32,183898.0,183.9,18.22
5067,35.0,0.7,25.0,35.0,0.7,24.18,185442.0,185.44,18.43
5068,35.0,0.7,30.0,35.0,0.7,28.99,185942.0,185.94,17.85
5069,35.0,0.7,35.0,35.0,0.7,33.78,186827.0,186.83,17.62
5070,35.0,0.7,40.0,35.0,0.7,38.52,187453.0,187.45,17.08
5071,35.0,0.7,45.0,35.0,0.7,43.28,188405.0,188.41,16.49
5072,35.0,0.7,50.0,35.0,0.7,48.05,189734.0,189.73,15.99
5073,35.0,0.7,55.0,35.0,0.7,52.86,192572.0,192.57,15.9
5074,35.0,0.7,60.0,35.0,0.7,57.74,196879.0,196.88,16.09
5075,35.0,0.7,65.0,35.0,0.7,62.71,201539.0,201.54,15.93
5076,35.0,0.7,70.0,35.0,0.7,67.77,206200.0,206.2,15.22
5077,35.0,0.7,75.0,35.0,0.7,72.93,214017.99999999997,214.02,15.8
5078,35.0,0.7,78.0,35.0,0.7,76.06,217669.99999999997,217.67,15.73
5079,35.0,0.7,81.0,35.0,0.7,79.22,222075.0,222.07,16.44
5080,35.0,0.7,84.0,35.0,0.7,82.37,224112.0,224.11,16.7
5081,35.0,0.7,86.0,35.0,0.7,84.5,223515.0,223.51,16.38
5082,35.0,0.7,88.0,35.0,0.7,86.61,222002.0,222.0,15.99
5083,35.0,0.7,90.0,35.0,0.7,88.72,219315.0,219.32,15.61
5084,35.0,0.7,92.0,35.0,0.7,90.84,216051.00000000003,216.05,15.21
5085,35.0,0.7,94.0,35.0,0.7,92.95,211816.0,211.82,14.77
5086,35.0,0.7,96.0,35.0,0.7,95.05,206617.99999999997,206.62,14.01
5087,35.0,0.7,99.0,35.0,0.7,98.18,201014.0,201.01,13.96
5088,35.0,0.7,102.0,35.0,0.7,101.3,193657.0,193.66,13.22
5089,35.0,0.7,105.0,35.0,0.7,104.4,188139.0,188.14,13.02
5090,35.0,0.7,110.0,35.0,0.7,109.52,181722.0,181.72,13.22
5091,35.0,0.7,115.0,35.0,0.7,114.6,176237.0,176.24,13.24
5092,35.0,0.7,120.0,35.0,0.7,119.65,172875.0,172.87,13.57
5093,35.0,0.7,125.0,35.0,0.7,124.68,169546.0,169.55,13.48
5094,35.0,0.7,130.0,35.0,0.7,129.71,168775.0,168.77,14.2
5095,35.0,0.7,135.0,35.0,0.7,134.73,168150.0,168.15,14.66
5096,35.0,0.7,140.0,35.0,0.7,139.73,167309.0,167.31,14.67
5097,35.0,0.7,145.0,35.0,0.7,144.73,167878.0,167.88,15.23
5098,35.0,0.7,150.0,35.0,0.7,149.72,168926.0,168.93,15.78
5099,35.0,0.7,155.0,35.0,0.7,154.69,169598.0,169.6,15.95
5100,35.0,0.7,160.0,35.0,0.7,159.65,171293.0,171.29,16.61
5101,35.0,0.7,165.0,35.0,0.7,164.6,173027.0,173.03,17.19
5102,35.0,0.7,170.0,35.0,0.7,169.53,173976.0,173.98,17.1
5103,35.0,0.7,175.0,35.0,0.7,174.46,175534.0,175.53,17.41
5104,35.0,0.7,180.0,35.0,0.7,179.38,177577.0,177.58,18.2
5117,35.0,1.0,0.0,34.99,1.0,-0.71,160943.0,160.94,18.95
5118,35.0,1.0,5.0,34.99,1.0,4.36,162015.0,162.01,18.84
5119,35.0,1.0,10.0,34.99,1.0,9.43,163984.0,163.98,19.54
5120,35.0,1.0,15.0,34.99,1.0,14.46,164325.0,164.33,19.06
5121,35.0,1.0,20.0,34.99,1.0,19.41,164237.0,164.24,18.38
5122,35.0,1.0,25.0,35.0,1.0,24.31,164613.0,164.61,18.4
5123,35.0,1.0,30.0,35.0,1.0,29.17,164243.0,164.24,17.98
5124,35.0,1.0,35.0,35.0,1.0,33.99,162989.0,162.99,16.8
5125,35.0,1.0,40.0,35.0,1.0,38.77,162405.0,162.4,16.01
5126,35.0,1.0,45.0,35.0,1.0,43.54,162566.0,162.57,15.59
5127,35.0,1.0,50.0,35.0,1.0,48.31,163538.0,163.54,15.24
5128,35.0,1.0,55.0,35.0,1.0,53.11,164175.0,164.18,14.31
5129,35.0,1.0,60.0,34.99,1.0,57.98,167660.0,167.66,14.32
5130,35.0,1.0,65.0,35.0,1.0,62.92,170919.0,170.92,13.67
5131,35.0,1.0,70.0,35.0,1.0,67.94,177361.0,177.36,13.56
5132,35.0,1.0,75.0,35.0,1.0,73.06,187238.0,187.24,13.89
5133,35.0,1.0,78.0,35.0,1.0,76.17,194020.0,194.02,14.12
5134,35.0,1.0,81.0,35.0,1.0,79.3,201699.0,201.7,14.56
5135,35.0,1.0,84.0,35.0,1.0,82.45,208912.0,208.91,15.54
5136,35.0,1.0,86.0,35.0,1.0,84.56,210985.0,210.99,15.61
5137,35.0,1.0,88.0,35.0,1.0,86.66,210910.0,210.91,15.64
5138,35.0,1.0,90.0,35.0,1.0,88.77,206969.0,206.97,14.84
5139,35.0,1.0,92.0,35.0,1.0,90.88,201609.0,201.61,14.24
5140,35.0,1.0,94.0,35.0,1.0,92.99,195104.0,195.1,13.64
5141,35.0,1.0,96.0,35.0,1.0,95.1,187319.0,187.32,12.79
5142,35.0,1.0,99.0,35.0,1.0,98.24,177646.0,177.65,12.28
5143,35.0,1.0,102.0,35.0,1.0,101.36,168978.0,168.98,11.78
5144,35.0,1.0,105.0,35.0,1.0,104.47,163511.0,163.51,12.02
5145,35.0,1.0,110.0,35.0,1.0,109.59,155818.0,155.82,12.01
5146,35.0,1.0,115.0,35.0,1.0,114.68,150900.0,150.9,12.24
5147,35.0,1.0,120.0,35.0,1.0,119.75,147623.0,147.62,12.57
5148,35.0,1.0,125.0,35.0,1.0,124.77,145808.0,145.81,13.03
5149,35.0,1.0,130.0,35.0,1.0,129.79,144486.0,144.49,13.32
5150,35.0,1.0,135.0,35.0,1.0,134.8,144375.0,144.37,13.9
5151,35.0,1.0,140.0,35.0,1.0,139.8,144369.0,144.37,14.21
5152,35.0,1.0,145.0,35.0,1.0,144.78,145498.0,145.5,14.83
5153,35.0,1.0,150.0,35.0,1.0,149.75,146640.0,146.64,15.34
5154,35.0,1.0,155.0,35.0,1.0,154.71,148006.0,148.01,15.5
5155,35.0,1.0,160.0,35.0,1.0,159.65,150744.0,150.74,16.62
5156,35.0,1.0,165.0,35.0,1.0,164.59,152475.0,152.47,16.83
5157,35.0,1.0,170.0,35.0,1.0,169.51,154774.0,154.77,17.42
5158,35.0,1.0,175.0,35.0,1.0,174.43,156994.0,156.99,18.04
5159,35.0,1.0,180.0,35.0,1.0,179.34,159110.0,159.11,18.52
5172,35.0,1.5,0.0,34.99,1.5,-0.88,137459.0,137.46,19.23
5173,35.0,1.5,5.0,34.99,1.5,4.22,138920.0,138.92,19.31
5174,35.0,1.5,10.0,34.99,1.5,9.33,140092.0,140.09,19.51
5175,35.0,1.5,15.0,34.99,1.5,14.41,140552.0,140.55,19.51
5176,35.0,1.5,20.0,34.99,1.5,19.42,139431.0,139.43,18.68
5177,35.0,1.5,25.0,34.99,1.5,24.4,137853.0,137.85,17.84
5178,35.0,1.5,30.0,35.0,1.5,29.33,136259.0,136.26,17.25
5179,35.0,1.5,35.0,34.99,1.5,34.24,134555.0,134.56,16.25
5180,35.0,1.5,40.0,35.0,1.5,39.09,132809.0,132.81,15.18
5181,35.0,1.5,45.0,35.0,1.5,43.93,132424.0,132.42,14.66
5182,35.0,1.5,50.0,35.0,1.5,48.75,132326.0,132.33,14.0
5183,35.0,1.5,55.0,35.0,1.5,53.58,133232.0,133.23,13.48
5184,35.0,1.5,60.0,35.0,1.5,58.44,134919.0,134.92,12.83
5185,35.0,1.5,65.0,34.99,1.5,63.35,138293.0,138.29,12.43
5186,35.0,1.5,70.0,35.0,1.5,68.32,144210.0,144.21,12.4
5187,35.0,1.5,75.0,35.0,1.5,73.36,152410.0,152.41,11.94
5188,35.0,1.5,78.0,35.0,1.5,76.41,159889.0,159.89,11.77
5189,35.0,1.5,81.0,35.0,1.5,79.49,172698.0,172.7,12.8
5190,35.0,1.5,84.0,35.0,1.5,82.58,187205.0,187.2,14.01
5191,35.0,1.5,86.0,35.0,1.5,84.65,194815.0,194.81,14.63
5192,35.0,1.5,88.0,35.0,1.5,86.73,197835.0,197.83,14.79
5193,35.0,1.5,90.0,35.0,1.5,88.82,195106.0,195.11,14.65
5194,35.0,1.5,92.0,35.0,1.5,90.92,185355.0,185.36,13.28
5195,35.0,1.5,94.0,35.0,1.5,93.02,174911.0,174.91,12.54
5196,35.0,1.5,96.0,35.0,1.5,95.11,162398.0,162.4,11.38
5197,35.0,1.5,99.0,35.0,1.5,98.26,149134.0,149.13,10.73
5198,35.0,1.5,102.0,35.0,1.5,101.39,139980.0,139.98,10.6
5199,35.0,1.5,105.0,35.0,1.5,104.51,133745.0,133.74,10.66
5200,35.0,1.5,110.0,35.0,1.5,109.67,126580.0,126.58,10.85
5201,35.0,1.5,115.0,35.0,1.5,114.79,122806.0,122.81,11.5
5202,35.0,1.5,120.0,35.0,1.5,119.88,119451.0,119.45,11.59
5203,35.0,1.5,125.0,35.0,1.5,124.95,117956.0,117.96,12.11
5204,35.0,1.5,130.0,35.0,1.5,130.0,117391.00000000001,117.39,12.74
5205,35.0,1.5,135.0,35.0,1.5,135.04,117021.0,117.02,13.07
5206,35.0,1.5,140.0,35.0,1.5,140.04,117622.0,117.62,13.61
5207,35.0,1.5,145.0,35.0,1.5,145.02,118608.0,118.61,14.06
5208,35.0,1.5,150.0,35.0,1.5,149.96,120872.0,120.87,15.1
5209,35.0,1.5,155.0,35.0,1.5,154.88,122876.0,122.88,15.61
5210,35.0,1.5,160.0,35.0,1.5,159.77,125626.0,125.63,16.41
5211,35.0,1.5,165.0,35.0,1.5,164.64,129067.0,129.07,17.75
5212,35.0,1.5,170.0,35.0,1.5,169.5,131774.0,131.77,18.35
5213,35.0,1.5,175.0,35.0,1.5,174.37,133474.0,133.47,18.02
5214,35.0,1.5,180.0,35.0,1.5,179.24,135760.0,135.76,18.52
5227,35.0,2.0,0.0,34.99,2.0,-1.03,120844.0,120.84,20.33
5228,35.0,2.0,5.0,34.99,2.0,4.09,121880.0,121.88,19.83
5229,35.0,2.0,10.0,34.99,2.0,9.22,122935.99999999999,122.94,20.11
5230,35.0,2.0,15.0,35.0,2.0,14.32,122539.00000000001,122.54,19.73
5231,35.0,2.0,20.0,34.99,2.0,19.37,120886.99999999999,120.89,18.72
5232,35.0,2.0,25.0,34.99,2.0,24.4,118669.0,118.67,17.91
5233,35.0,2.0,30.0,35.0,2.0,29.4,116456.0,116.46,17.21
5234,35.0,2.0,35.0,34.99,2.0,34.37,114190.00000000001,114.19,15.98
5235,35.0,2.0,40.0,35.0,2.0,39.3,112230.0,112.23,14.85
5236,35.0,2.0,45.0,35.0,2.0,44.2,111106.0,111.11,14.0
5237,35.0,2.0,50.0,35.0,2.0,49.07,110911.99999999999,110.91,13.47
5238,35.0,2.0,55.0,35.0,2.0,53.95,111605.0,111.6,12.89
5239,35.0,2.0,60.0,35.0,2.0,58.82,113225.0,113.23,12.24
5240,35.0,2.0,65.0,35.0,2.0,63.72,115558.99999999999,115.56,11.48
5241,35.0,2.0,70.0,35.0,2.0,68.63,120198.0,120.2,11.02
5242,35.0,2.0,75.0,35.0,2.0,73.6,129049.0,129.05,11.11
5243,35.0,2.0,78.0,34.99,2.0,76.59,136045.0,136.04,10.85
5244,35.0,2.0,81.0,35.0,2.0,79.63,147880.0,147.88,11.12
5245,35.0,2.0,84.0,35.0,2.0,82.67,165042.0,165.04,11.86
5246,35.0,2.0,86.0,35.0,2.0,84.7,179965.0,179.97,13.41
5247,35.0,2.0,88.0,35.0,2.0,86.76,189143.0,189.14,14.45
5248,35.0,2.0,90.0,35.0,2.0,88.82,186733.0,186.73,14.11
5249,35.0,2.0,92.0,35.0,2.0,90.91,173868.0,173.87,12.57
5250,35.0,2.0,94.0,35.0,2.0,93.0,157722.0,157.72,11.25
5251,35.0,2.0,96.0,35.0,2.0,95.1,144231.0,144.23,10.55
5252,35.0,2.0,99.0,35.0,2.0,98.25,129960.99999999999,129.96,10.28
5253,35.0,2.0,102.0,35.0,2.0,101.38,119903.0,119.9,9.91
5254,35.0,2.0,105.0,35.0,2.0,104.51,113965.00000000001,113.97,10.04
5255,35.0,2.0,110.0,35.0,2.0,109.7,108020.0,108.02,10.59
5256,35.0,2.0,115.0,35.0,2.0,114.86,103660.99999999999,103.66,10.86
5257,35.0,2.0,120.0,35.0,2.0,119.97,101294.0,101.29,11.39
5258,35.0,2.0,125.0,35.0,2.0,125.07,99831.0,99.83,11.93
5259,35.0,2.0,130.0,35.0,2.0,130.15,99449.0,99.45,12.63
5260,35.0,2.0,135.0,35.0,2.0,135.19,99427.0,99.43,13.09
5261,35.0,2.0,140.0,35.0,2.0,140.2,99990.0,99.99,13.62
5262,35.0,2.0,145.0,35.0,2.0,145.18,101558.0,101.56,14.46
5263,35.0,2.0,150.0,35.0,2.0,150.11,103143.0,103.14,14.96
5264,35.0,2.0,155.0,35.0,2.0,155.0,105600.0,105.6,15.82
5265,35.0,2.0,160.0,35.0,2.0,159.85,108666.00000000001,108.67,16.9
5266,35.0,2.0,165.0,35.0,2.0,164.68,111228.0,111.23,17.27
5267,35.0,2.0,170.0,35.0,2.0,169.49,114285.99999999999,114.29,18.19
5268,35.0,2.0,175.0,35.0,2.0,174.31,117084.99999999999,117.09,18.67
5269,35.0,2.0,180.0,35.0,2.0,179.14,119217.0,119.22,19.1
5282,35.0,3.0,0.0,34.99,3.0,-1.13,96780.0,96.78,20.11
5283,35.0,3.0,5.0,34.99,3.0,4.02,97527.0,97.53,19.4
5284,35.0,3.0,10.0,34.99,3.0,9.19,98248.0,98.25,19.78
5285,35.0,3.0,15.0,34.99,3.0,14.31,97157.0,97.16,19.13
5286,35.0,3.0,20.0,34.99,3.0,19.41,95129.0,95.13,18.45
5287,35.0,3.0,25.0,34.99,3.0,24.48,92849.0,92.85,18.07
5288,35.0,3.0,30.0,35.0,3.0,29.54,90040.0,90.04,16.79
5289,35.0,3.0,35.0,34.99,3.0,34.57,87416.0,87.42,15.36
5290,35.0,3.0,40.0,35.0,3.0,39.56,86288.0,86.29,15.3
5291,35.0,3.0,45.0,35.0,3.0,44.52,84762.0,84.76,14.17
5292,35.0,3.0,50.0,35.0,3.0,49.44,84392.0,84.39,13.47
5293,35.0,3.0,55.0,35.0,3.0,54.34,84955.0,84.96,12.99
5294,35.0,3.0,60.0,35.0,3.0,59.22,85584.0,85.58,11.91
5295,35.0,3.0,65.0,35.0,3.0,64.1,87274.0,87.27,10.87
5296,35.0,3.0,70.0,35.0,3.0,68.96,91624.0,91.62,10.51
5297,35.0,3.0,75.0,35.0,3.0,73.85,98430.0,98.43,10.12
5298,35.0,3.0,78.0,35.0,3.0,76.78,103947.0,103.95,9.59
5299,35.0,3.0,81.0,35.0,3.0,79.75,115208.0,115.21,9.89
5300,35.0,3.0,84.0,35.0,3.0,82.72,133410.0,133.41,10.31
5301,35.0,3.0,86.0,35.0,3.0,84.72,154028.0,154.03,11.67
5302,35.0,3.0,88.0,34.99,3.0,86.74,174260.0,174.26,13.38
5303,35.0,3.0,90.0,35.0,3.0,88.78,176393.0,176.39,13.56
5304,35.0,3.0,92.0,35.0,3.0,90.84,157663.0,157.66,11.8
5305,35.0,3.0,94.0,35.0,3.0,92.94,133242.0,133.24,9.86
5306,35.0,3.0,96.0,35.0,3.0,95.05,116314.00000000001,116.31,9.14
5307,35.0,3.0,99.0,35.0,3.0,98.2,101651.0,101.65,8.97
5308,35.0,3.0,102.0,35.0,3.0,101.35,93243.0,93.24,9.1
5309,35.0,3.0,105.0,35.0,3.0,104.5,88320.0,88.32,9.51
5310,35.0,3.0,110.0,35.0,3.0,109.69,82953.0,82.95,9.99
5311,35.0,3.0,115.0,35.0,3.0,114.86,80032.0,80.03,10.7
5312,35.0,3.0,120.0,35.0,3.0,119.99,77974.0,77.97,11.31
5313,35.0,3.0,125.0,35.0,3.0,125.09,77257.0,77.26,12.19
5314,35.0,3.0,130.0,35.0,3.0,130.17,77024.0,77.02,12.89
5315,35.0,3.0,135.0,35.0,3.0,135.21,77023.0,77.02,13.35
5316,35.0,3.0,140.0,35.0,3.0,140.22,78043.0,78.04,14.28
5317,35.0,3.0,145.0,35.0,3.0,145.19,79369.0,79.37,15.04
5318,35.0,3.0,150.0,35.0,3.0,150.11,81102.0,81.1,15.75
5319,35.0,3.0,155.0,35.0,3.0,155.0,82903.0,82.9,15.92
5320,35.0,3.0,160.0,35.0,3.0,159.83,85642.0,85.64,17.17
5321,35.0,3.0,165.0,35.0,3.0,164.65,88767.0,88.77,18.5
5322,35.0,3.0,170.0,35.0,3.0,169.44,91124.0,91.12,18.2
5323,35.0,3.0,175.0,35.0,3.0,174.26,94133.0,94.13,19.39
5324,35.0,3.0,180.0,35.0,3.0,179.08,95750.0,95.75,19.06
5337,35.0,5.0,0.0,34.99,5.0,-1.2,68324.0,68.32,19.51
5338,35.0,5.0,5.0,34.99,5.0,4.01,69477.0,69.48,19.55
5339,35.0,5.0,10.0,34.99,5.0,9.22,69580.0,69.58,19.46
5340,35.0,5.0,15.0,34.99,5.0,14.38,68472.0,68.47,19.38
5341,35.0,5.0,20.0,34.99,5.0,19.49,66179.0,66.18,18.13
5342,35.0,5.0,25.0,35.0,5.0,24.6,64522.0,64.52,18.32
5343,35.0,5.0,30.0,35.0,5.0,29.7,62341.99999999999,62.34,17.02
5344,35.0,5.0,35.0,34.99,5.0,34.78,60897.0,60.9,16.66
5345,35.0,5.0,40.0,35.0,5.0,39.81,59912.0,59.91,16.85
5346,35.0,5.0,45.0,35.0,5.0,44.8,58796.0,58.8,15.5
5347,35.0,5.0,50.0,35.0,5.0,49.76,58094.00000000001,58.09,14.41
5348,35.0,5.0,55.0,35.0,5.0,54.69,58074.0,58.07,13.6
5349,35.0,5.0,60.0,35.0,5.0,59.56,58446.0,58.45,12.52
5350,35.0,5.0,65.0,35.0,5.0,64.43,60123.0,60.12,11.91
5351,35.0,5.0,70.0,35.0,5.0,69.25,61986.0,61.99,10.37
5352,35.0,5.0,75.0,35.0,5.0,74.06,66521.0,66.52,9.46
5353,35.0,5.0,78.0,35.0,5.0,76.94,71024.0,71.02,8.97
5354,35.0,5.0,81.0,35.0,5.0,79.83,78733.0,78.73,8.62
5355,35.0,5.0,84.0,35.0,5.0,82.73,94291.0,94.29,8.71
5356,35.0,5.0,86.0,35.0,5.0,84.68,114907.0,114.91,9.42
5357,35.0,5.0,88.0,35.0,5.0,86.64,148687.0,148.69,11.69
5358,35.0,5.0,90.0,35.0,5.0,88.63,165881.0,165.88,13.58
5359,35.0,5.0,92.0,35.0,5.0,90.68,136543.0,136.54,10.74
5360,35.0,5.0,94.0,35.0,5.0,92.79,104693.0,104.69,8.87
5361,35.0,5.0,96.0,35.0,5.0,94.91,85458.0,85.46,8.11
5362,35.0,5.0,99.0,35.0,5.0,98.09,71108.0,71.11,7.96
5363,35.0,5.0,102.0,35.0,5.0,101.25,65682.0,65.68,8.83
5364,35.0,5.0,105.0,35.0,5.0,104.4,61339.0,61.34,9.03
5365,35.0,5.0,110.0,35.0,5.0,109.58,58061.0,58.06,10.16
5366,35.0,5.0,115.0,35.0,5.0,114.73,56247.0,56.25,11.26
5367,35.0,5.0,120.0,35.0,5.0,119.85,55264.0,55.26,12.38
5368,35.0,5.0,125.0,35.0,5.0,124.94,54738.0,54.74,13.24
5369,35.0,5.0,130.0,35.0,5.0,130.0,54617.99999999999,54.62,14.08
5370,35.0,5.0,135.0,35.0,5.0,135.02,54772.0,54.77,14.7
5371,35.0,5.0,140.0,35.0,5.0,140.02,55445.00000000001,55.44,15.53
5372,35.0,5.0,145.0,35.0,5.0,144.99,56190.0,56.19,16.0
5373,35.0,5.0,150.0,35.0,5.0,149.92,57398.0,57.4,16.88
5374,35.0,5.0,155.0,35.0,5.0,154.83,58754.0,58.75,17.28
5375,35.0,5.0,160.0,35.0,5.0,159.7,60273.0,60.27,17.46
5376,35.0,5.0,165.0,35.0,5.0,164.54,62007.00000000001,62.01,17.44
5377,35.0,5.0,170.0,35.0,5.0,169.37,64401.0,64.4,18.71
5378,35.0,5.0,175.0,35.0,5.0,174.2,66403.0,66.4,18.64
5379,35.0,5.0,180.0,35.0,5.0,179.04,68368.0,68.37,19.53
5392,35.0,7.0,0.0,34.99,7.0,-1.71,50848.0,50.85,19.06
5393,35.0,7.0,5.0,34.99,7.0,3.52,51780.99999999999,51.78,19.17
5394,35.0,7.0,10.0,34.99,7.0,8.75,51769.00000000001,51.77,18.46
5395,35.0,7.0,15.0,34.99,7.0,13.92,51491.0,51.49,19.93
5396,35.0,7.0,20.0,34.99,7.0,19.05,49987.0,49.99,19.13
5397,35.0,7.0,25.0,35.0,7.0,24.17,48329.0,48.33,17.34
5398,35.0,7.0,30.0,35.0,7.0,29.29,47579.0,47.58,17.98
5399,35.0,7.0,35.0,35.0,7.0,34.38,46439.0,46.44,17.11
5400,35.0,7.0,40.0,35.0,7.0,39.43,45573.0,45.57,16.35
5401,35.0,7.0,45.0,35.0,7.0,44.44,45209.0,45.21,16.49
5402,35.0,7.0,50.0,35.0,7.0,49.42,44917.0,44.92,15.63
5403,35.0,7.0,55.0,35.0,7.0,54.35,44597.0,44.6,14.18
5404,35.0,7.0,60.0,35.0,7.0,59.24,45117.0,45.12,13.53
5405,35.0,7.0,65.0,35.0,7.0,64.11,45785.0,45.79,12.21
5406,35.0,7.0,70.0,35.0,7.0,68.92,47354.0,47.35,10.97
5407,35.0,7.0,75.0,35.0,7.0,73.7,50306.0,50.31,9.64
5408,35.0,7.0,78.0,35.0,7.0,76.56,53254.0,53.25,8.83
5409,35.0,7.0,81.0,35.0,7.0,79.42,58914.0,58.91,8.47
5410,35.0,7.0,84.0,35.0,7.0,82.28,69323.0,69.32,7.84
5411,35.0,7.0,86.0,35.0,7.0,84.19,85268.0,85.27,8.21
5412,35.0,7.0,88.0,35.0,7.0,86.11,117508.99999999999,117.51,10.12
5413,35.0,7.0,90.0,35.0,7.0,88.05,157071.0,157.07,13.63
5414,35.0,7.0,92.0,35.0,7.0,90.06,134808.0,134.81,11.23
5415,35.0,7.0,94.0,35.0,7.0,92.15,93765.0,93.77,8.47
5416,35.0,7.0,96.0,35.0,7.0,94.28,71767.0,71.77,7.71
5417,35.0,7.0,99.0,35.0,7.0,97.47,57805.99999999999,57.81,8.08
5418,35.0,7.0,102.0,35.0,7.0,100.64,51588.0,51.59,8.63
5419,35.0,7.0,105.0,35.0,7.0,103.79,48873.0,48.87,9.52
5420,35.0,7.0,110.0,35.0,7.0,108.97,46063.0,46.06,10.85
5421,35.0,7.0,115.0,35.0,7.0,114.12,44765.0,44.77,12.45
5422,35.0,7.0,120.0,35.0,7.0,119.24,43488.0,43.49,12.99
5423,35.0,7.0,125.0,35.0,7.0,124.32,42969.0,42.97,13.96
5424,35.0,7.0,130.0,35.0,7.0,129.37,42658.0,42.66,14.68
5425,35.0,7.0,135.0,35.0,7.0,134.39,42579.0,42.58,15.36
5426,35.0,7.0,140.0,35.0,7.0,139.39,42769.0,42.77,16.05
5427,35.0,7.0,145.0,35.0,7.0,144.36,43136.0,43.14,16.52
5428,35.0,7.0,150.0,35.0,7.0,149.3,43730.0,43.73,16.9
5429,35.0,7.0,155.0,35.0,7.0,154.23,44686.0,44.69,17.8
5430,35.0,7.0,160.0,35.0,7.0,159.12,45393.0,45.39,17.31
5431,35.0,7.0,165.0,35.0,7.0,164.0,46619.0,46.62,17.54
5432,35.0,7.0,170.0,35.0,7.0,168.85,48353.0,48.35,18.76
5433,35.0,7.0,175.0,35.0,7.0,173.7,49500.0,49.5,18.15
5434,35.0,7.0,180.0,35.0,7.0,178.56,50840.0,50.84,18.41
5447,35.0,8.0,0.0,35.0,8.0,-1.23,44206.0,44.21,17.42
5448,35.0,8.0,5.0,35.0,8.0,4.01,45273.0,45.27,18.62
5449,35.0,8.0,10.0,35.0,8.0,9.24,45009.0,45.01,17.44
5450,35.0,8.0,15.0,35.0,8.0,14.42,44583.0,44.58,17.87
5451,35.0,8.0,20.0,35.0,8.0,19.54,43541.0,43.54,17.41
5452,35.0,8.0,25.0,35.0,8.0,24.66,42597.0,42.6,17.29
5453,35.0,8.0,30.0,35.0,8.0,29.78,41752.0,41.75,16.86
5454,35.0,8.0,35.0,35.0,8.0,34.87,41268.0,41.27,17.42
5455,35.0,8.0,40.0,35.0,8.0,39.93,40594.0,40.59,16.49
5456,35.0,8.0,45.0,35.0,8.0,44.94,40313.0,40.31,16.14
5457,35.0,8.0,50.0,35.0,8.0,49.91,40174.0,40.17,15.56
5458,35.0,8.0,55.0,35.0,8.0,54.85,40360.0,40.36,15.14
5459,35.0,8.0,60.0,35.0,8.0,59.75,40620.0,40.62,13.67
5460,35.0,8.0,65.0,35.0,8.0,64.61,41455.0,41.45,12.7
5461,35.0,8.0,70.0,35.0,8.0,69.42,42944.0,42.94,11.32
5462,35.0,8.0,75.0,35.0,8.0,74.19,45683.0,45.68,9.85
5463,35.0,8.0,78.0,35.0,8.0,77.02,48684.0,48.68,9.11
5464,35.0,8.0,81.0,35.0,8.0,79.87,53433.00000000001,53.43,8.12
5465,35.0,8.0,84.0,35.0,8.0,82.71,64866.99999999999,64.87,7.77
5466,35.0,8.0,86.0,35.0,8.0,84.62,82286.0,82.29,8.17
5467,35.0,8.0,88.0,35.0,8.0,86.53,117510.99999999999,117.51,9.93
5468,35.0,8.0,90.0,35.0,8.0,88.46,153822.0,153.82,13.39
5469,35.0,8.0,92.0,35.0,8.0,90.47,119550.0,119.55,10.29
5470,35.0,8.0,94.0,35.0,8.0,92.58,81074.0,81.07,8.01
5471,35.0,8.0,96.0,35.0,8.0,94.72,61659.0,61.66,7.29
5472,35.0,8.0,99.0,35.0,8.0,97.91,50978.0,50.98,8.03
5473,35.0,8.0,102.0,35.0,8.0,101.09,46196.0,46.2,8.79
5474,35.0,8.0,105.0,35.0,8.0,104.23,43922.0,43.92,9.76
5475,35.0,8.0,110.0,35.0,8.0,109.4,41868.0,41.87,11.47
5476,35.0,8.0,115.0,35.0,8.0,114.55,40585.0,40.59,13.0
5477,35.0,8.0,120.0,35.0,8.0,119.66,39644.0,39.64,14.11
5478,35.0,8.0,125.0,35.0,8.0,124.74,38898.0,38.9,14.67
5479,35.0,8.0,130.0,35.0,8.0,129.78,38528.0,38.53,15.38
5480,35.0,8.0,135.0,35.0,8.0,134.8,38388.0,38.39,15.92
5481,35.0,8.0,140.0,35.0,8.0,139.78,38439.0,38.44,16.5
5482,35.0,8.0,145.0,35.0,8.0,144.76,38440.0,38.44,16.25
5483,35.0,8.0,150.0,35.0,8.0,149.7,39017.0,39.02,17.02
5484,35.0,8.0,155.0,35.0,8.0,154.63,39509.0,39.51,16.99
5485,35.0,8.0,160.0,35.0,8.0,159.53,40461.0,40.46,17.74
5486,35.0,8.0,165.0,35.0,8.0,164.42,41159.0,41.16,17.05
5487,35.0,8.0,170.0,35.0,8.0,169.28,42260.0,42.26,17.19
5488,35.0,8.0,175.0,35.0,8.0,174.14,43500.0,43.5,17.68
5489,35.0,8.0,180.0,35.0,8.0,179.01,44451.0,44.45,17.93
5777,40.0,0.05,0.0,40.0,0.05,0.41,222644.99999999997,222.65,21.82
5778,40.0,0.05,5.0,39.99,0.05,5.35,222069.0,222.07,21.42
5779,40.0,0.05,10.0,39.99,0.05,10.33,222212.0,222.21,21.46
5780,40.0,0.05,15.0,39.99,0.05,15.31,222111.0,222.11,21.35
5781,40.0,0.05,20.0,39.99,0.05,20.2,222336.0,222.34,21.4
5782,40.0,0.05,25.0,39.99,0.05,25.06,222505.00000000003,222.5,21.38
5783,40.0,0.05,30.0,39.99,0.05,29.85,222809.0,222.81,21.52
5784,40.0,0.05,35.0,39.99,0.05,34.62,223282.00000000003,223.28,21.73
5785,40.0,0.05,40.0,39.99,0.05,39.35,223505.00000000003,223.51,21.73
5786,40.0,0.05,45.0,39.99,0.05,44.07,223508.0,223.51,21.55
5787,40.0,0.05,50.0,39.99,0.05,48.79,223361.0,223.36,21.3
5788,40.0,0.05,55.0,39.99,0.05,53.54,224092.99999999997,224.09,21.79
5789,40.0,0.05,60.0,39.99,0.05,58.37,223890.0,223.89,21.48
5790,40.0,0.05,65.0,39.99,0.05,63.26,223977.0,223.98,21.47
5791,40.0,0.05,70.0,40.0,0.05,68.22,224175.0,224.18,21.55
5792,40.0,0.05,75.0,39.99,0.05,73.28,224434.0,224.43,21.81
5793,40.0,0.05,78.0,40.0,0.05,76.36,224131.0,224.13,21.6
5794,40.0,0.05,81.0,39.99,0.05,79.44,224087.0,224.09,21.51
5795,40.0,0.05,84.0,39.99,0.05,82.52,223590.0,223.59,21.14
5796,40.0,0.05,86.0,40.0,0.05,84.61,223787.0,223.79,21.32
5797,40.0,0.05,88.0,39.99,0.05,86.67,224101.00000000003,224.1,21.65
5798,40.0,0.05,90.0,40.0,0.05,88.73,223736.0,223.74,21.35
5799,40.0,0.05,92.0,39.99,0.05,90.8,223977.0,223.98,21.66
5800,40.0,0.05,94.0,39.99,0.05,92.84,223359.0,223.36,21.19
5801,40.0,0.05,96.0,39.99,0.05,94.89,223554.0,223.55,21.38
5802,40.0,0.05,99.0,39.99,0.05,97.94,223190.0,223.19,21.22
5803,40.0,0.05,102.0,39.99,0.05,100.96,223191.0,223.19,21.31
5804,40.0,0.05,105.0,40.0,0.05,104.01,222869.0,222.87,21.13
5805,40.0,0.05,110.0,39.99,0.05,109.01,222448.99999999997,222.45,21.08
5806,40.0,0.05,115.0,39.99,0.05,114.04,221929.0,221.93,20.89
5807,40.0,0.05,120.0,39.99,0.05,119.08,221394.0,221.39,20.68
5808,40.0,0.05,125.0,40.0,0.05,124.13,221442.99999999997,221.44,20.93
5809,40.0,0.05,130.0,40.0,0.05,129.19,221181.0,221.18,21.08
5810,40.0,0.05,135.0,40.0,0.05,134.27,221165.0,221.16,21.15
5811,40.0,0.05,140.0,39.99,0.05,139.34,220367.99999999997,220.37,20.69
5812,40.0,0.05,145.0,39.99,0.05,144.42,220348.99999999997,220.35,20.93
5813,40.0,0.05,150.0,39.99,0.05,149.51,220390.0,220.39,21.01
5814,40.0,0.05,155.0,40.0,0.05,154.56,220415.0,220.41,21.06
5815,40.0,0.05,160.0,39.99,0.05,159.58,220279.0,220.28,21.0
5816,40.0,0.05,165.0,40.0,0.05,164.58,220073.0,220.07,20.91
5817,40.0,0.05,170.0,39.99,0.05,169.54,219852.0,219.85,20.75
5818,40.0,0.05,175.0,39.99,0.05,174.49,220442.0,220.44,21.13
5819,40.0,0.05,180.0,40.0,0.05,179.44,220027.0,220.03,20.72
5832,40.0,0.07,0.0,40.0,0.07,0.18,220416.0,220.42,21.83
5833,40.0,0.07,5.0,39.99,0.07,5.11,219706.0,219.71,21.3
5834,40.0,0.07,10.0,39.99,0.07,10.09,219844.0,219.84,21.3
5835,40.0,0.07,15.0,39.99,0.07,15.04,219998.99999999997,220.0,21.28
5836,40.0,0.07,20.0,39.99,0.07,19.92,220350.0,220.35,21.38
5837,40.0,0.07,25.0,39.99,0.07,24.76,220757.00000000003,220.76,21.56
5838,40.0,0.07,30.0,39.99,0.07,29.55,221790.0,221.79,22.22
5839,40.0,0.07,35.0,39.99,0.07,34.31,221407.00000000003,221.41,21.5
5840,40.0,0.07,40.0,39.99,0.07,39.04,221812.0,221.81,21.52
5841,40.0,0.07,45.0,39.99,0.07,43.76,222384.0,222.38,21.52
5842,40.0,0.07,50.0,39.99,0.07,48.48,222673.99999999997,222.67,21.46
5843,40.0,0.07,55.0,39.99,0.07,53.24,222511.0,222.51,21.12
5844,40.0,0.07,60.0,39.99,0.07,58.05,222769.0,222.77,21.11
5845,40.0,0.07,65.0,40.0,0.07,62.96,222892.0,222.89,21.09
5846,40.0,0.07,70.0,40.0,0.07,67.95,223215.0,223.22,21.21
5847,40.0,0.07,75.0,39.99,0.07,73.03,223009.0,223.01,21.11
5848,40.0,0.07,78.0,39.99,0.07,76.14,223365.0,223.36,21.35
5849,40.0,0.07,81.0,39.99,0.07,79.25,222784.0,222.78,20.95
5850,40.0,0.07,84.0,40.0,0.07,82.34,222925.0,222.92,21.14
5851,40.0,0.07,86.0,39.99,0.07,84.44,222427.0,222.43,20.81
5852,40.0,0.07,88.0,40.0,0.07,86.52,222815.0,222.81,21.18
5853,40.0,0.07,90.0,39.99,0.07,88.6,221951.00000000003,221.95,20.57
5854,40.0,0.07,92.0,40.0,0.07,90.67,222548.0,222.55,21.1
5855,40.0,0.07,94.0,39.99,0.07,92.73,222159.0,222.16,20.87
5856,40.0,0.07,96.0,40.0,0.07,94.79,222019.0,222.02,20.87
5857,40.0,0.07,99.0,39.99,0.07,97.85,221319.99999999997,221.32,20.51
5858,40.0,0.07,102.0,40.0,0.07,100.91,221082.00000000003,221.08,20.53
5859,40.0,0.07,105.0,40.0,0.07,103.98,220605.00000000003,220.6,20.4
5860,40.0,0.07,110.0,39.99,0.07,109.01,220554.0,220.55,20.75
5861,40.0,0.07,115.0,40.0,0.07,114.05,219976.00000000003,219.98,20.6
5862,40.0,0.07,120.0,40.0,0.07,119.11,219541.0,219.54,20.76
5863,40.0,0.07,125.0,40.0,0.07,124.17,218375.0,218.37,20.14
5864,40.0,0.07,130.0,39.99,0.07,129.26,218092.99999999997,218.09,20.26
5865,40.0,0.07,135.0,39.99,0.07,134.34,217471.0,217.47,20.15
5866,40.0,0.07,140.0,39.99,0.07,139.42,217128.00000000003,217.13,20.07
5867,40.0,0.07,145.0,39.99,0.07,144.51,216948.99999999997,216.95,20.23
5868,40.0,0.07,150.0,40.0,0.07,149.58,216677.0,216.68,20.17
5869,40.0,0.07,155.0,39.99,0.07,154.63,216556.0,216.56,20.22
5870,40.0,0.07,160.0,39.99,0.07,159.65,216525.0,216.53,20.22
5871,40.0,0.07,165.0,39.99,0.07,164.66,216401.00000000003,216.4,20.14
5872,40.0,0.07,170.0,40.0,0.07,169.63,216532.00000000003,216.53,20.27
5873,40.0,0.07,175.0,39.99,0.07,174.59,216721.0,216.72,20.27
5874,40.0,0.07,180.0,39.99,0.07,179.52,217194.0,217.19,20.55
5887,40.0,0.1,0.0,40.0,0.1,-0.03,215855.00000000003,215.86,21.46
5888,40.0,0.1,5.0,39.99,0.1,4.9,215217.0,215.22,20.87
5889,40.0,0.1,10.0,39.99,0.1,9.86,215773.99999999997,215.77,21.14
5890,40.0,0.1,15.0,39.99,0.1,14.8,215687.0,215.69,20.77
5891,40.0,0.1,20.0,39.99,0.1,19.67,216573.99999999997,216.57,21.14
5892,40.0,0.1,25.0,39.99,0.1,24.49,216881.0,216.88,20.84
5893,40.0,0.1,30.0,39.99,0.1,29.27,217816.0,217.82,21.09
5894,40.0,0.1,35.0,39.99,0.1,34.02,218348.0,218.35,20.96
5895,40.0,0.1,40.0,39.99,0.1,38.74,218575.0,218.58,20.57
5896,40.0,0.1,45.0,39.99,0.1,43.45,220236.0,220.24,21.39
5897,40.0,0.1,50.0,39.99,0.1,48.16,220692.0,220.69,21.32
5898,40.0,0.1,55.0,39.99,0.1,52.92,220923.99999999997,220.92,21.09
5899,40.0,0.1,60.0,39.99,0.1,57.75,221402.0,221.4,21.12
5900,40.0,0.1,65.0,40.0,0.1,62.68,221348.0,221.35,20.77
5901,40.0,0.1,70.0,40.0,0.1,67.69,221515.0,221.52,20.73
5902,40.0,0.1,75.0,39.99,0.1,72.8,221460.0,221.46,20.65
5903,40.0,0.1,78.0,39.99,0.1,75.93,221487.0,221.49,20.74
5904,40.0,0.1,81.0,39.99,0.1,79.05,221159.0,221.16,20.56
5905,40.0,0.1,84.0,39.99,0.1,82.17,221380.00000000003,221.38,21.08
5906,40.0,0.1,86.0,39.99,0.1,84.27,220798.0,220.8,20.65
5907,40.0,0.1,88.0,39.99,0.1,86.37,220742.99999999997,220.74,20.79
5908,40.0,0.1,90.0,39.99,0.1,88.46,220577.0,220.58,20.8
5909,40.0,0.1,92.0,40.0,0.1,90.56,220086.0,220.09,20.55
5910,40.0,0.1,94.0,39.99,0.1,92.63,219567.0,219.57,20.32
5911,40.0,0.1,96.0,39.99,0.1,94.71,218796.0,218.8,19.94
5912,40.0,0.1,99.0,39.99,0.1,97.79,218555.00000000003,218.55,20.07
5913,40.0,0.1,102.0,39.99,0.1,100.88,218052.0,218.05,19.98
5914,40.0,0.1,105.0,39.99,0.1,103.96,217126.00000000003,217.13,19.65
5915,40.0,0.1,110.0,39.99,0.1,109.02,216667.99999999997,216.67,19.86
5916,40.0,0.1,115.0,39.99,0.1,114.08,215880.00000000003,215.88,19.83
5917,40.0,0.1,120.0,40.0,0.1,119.17,214644.0,214.64,19.66
5918,40.0,0.1,125.0,40.0,0.1,124.24,213313.0,213.31,19.25
5919,40.0,0.1,130.0,40.0,0.1,129.32,212594.0,212.59,19.16
5920,40.0,0.1,135.0,39.99,0.1,134.4,211701.00000000003,211.7,19.06
5921,40.0,0.1,140.0,39.99,0.1,139.47,211281.0,211.28,19.12
5922,40.0,0.1,145.0,40.0,0.1,144.56,210616.0,210.62,18.99
5923,40.0,0.1,150.0,39.99,0.1,149.62,210360.0,210.36,18.99
5924,40.0,0.1,155.0,40.0,0.1,154.67,210421.0,210.42,19.32
5925,40.0,0.1,160.0,39.99,0.1,159.69,209788.0,209.79,18.94
5926,40.0,0.1,165.0,39.99,0.1,164.68,210613.0,210.61,19.65
5927,40.0,0.1,170.0,39.99,0.1,169.66,210698.0,210.7,19.69
5928,40.0,0.1,175.0,40.0,0.1,174.62,210707.00000000003,210.71,19.51
5929,40.0,0.1,180.0,40.0,0.1,179.55,210828.00000000003,210.83,19.34
5942,40.0,0.15,0.0,40.0,0.15,-0.23,207317.99999999997,207.32,20.69
5943,40.0,0.15,5.0,39.99,0.15,4.71,206627.0,206.63,19.99
5944,40.0,0.15,10.0,39.99,0.15,9.65,207217.99999999997,207.22,20.07
5945,40.0,0.15,15.0,39.99,0.15,14.58,207887.0,207.89,20.03
5946,40.0,0.15,20.0,39.99,0.15,19.44,208832.00000000003,208.83,20.13
5947,40.0,0.15,25.0,39.99,0.15,24.26,209412.0,209.41,19.89
5948,40.0,0.15,30.0,39.99,0.15,29.03,210783.0,210.78,20.09
5949,40.0,0.15,35.0,39.99,0.15,33.77,212092.0,212.09,20.24
5950,40.0,0.15,40.0,39.99,0.15,38.48,213741.0,213.74,20.58
5951,40.0,0.15,45.0,39.99,0.15,43.19,214375.0,214.38,20.16
5952,40.0,0.15,50.0,39.99,0.15,47.91,215931.0,215.93,20.51
5953,40.0,0.15,55.0,39.99,0.15,52.68,216842.0,216.84,20.37
5954,40.0,0.15,60.0,39.99,0.15,57.53,217650.0,217.65,20.44
5955,40.0,0.15,65.0,40.0,0.15,62.47,218442.0,218.44,20.54
5956,40.0,0.15,70.0,39.99,0.15,67.5,218267.99999999997,218.27,20.19
5957,40.0,0.15,75.0,40.0,0.15,72.64,217814.0,217.81,19.81
5958,40.0,0.15,78.0,40.0,0.15,75.8,217352.0,217.35,19.64
5959,40.0,0.15,81.0,39.99,0.15,78.94,217360.0,217.36,19.78
5960,40.0,0.15,84.0,39.99,0.15,82.08,216692.99999999997,216.69,19.59
5961,40.0,0.15,86.0,39.99,0.15,84.21,216044.99999999997,216.04,19.33
5962,40.0,0.15,88.0,40.0,0.15,86.33,215923.99999999997,215.92,19.44
5963,40.0,0.15,90.0,39.99,0.15,88.44,215215.0,215.21,19.23
5964,40.0,0.15,92.0,39.99,0.15,90.54,214673.99999999997,214.67,19.13
5965,40.0,0.15,94.0,39.99,0.15,92.64,214294.99999999997,214.3,19.25
5966,40.0,0.15,96.0,39.99,0.15,94.73,213760.0,213.76,19.2
5967,40.0,0.15,99.0,39.99,0.15,97.82,212825.0,212.82,19.01
5968,40.0,0.15,102.0,40.0,0.15,100.92,211321.0,211.32,18.56
5969,40.0,0.15,105.0,40.0,0.15,104.02,210284.0,210.28,18.37
5970,40.0,0.15,110.0,39.99,0.15,109.09,208563.0,208.56,18.28
5971,40.0,0.15,115.0,39.99,0.15,114.18,206976.00000000003,206.98,18.14
5972,40.0,0.15,120.0,40.0,0.15,119.26,205030.00000000003,205.03,17.78
5973,40.0,0.15,125.0,40.0,0.15,124.34,204129.0,204.13,17.98
5974,40.0,0.15,130.0,40.0,0.15,129.4,202674.0,202.67,17.85
5975,40.0,0.15,135.0,40.0,0.15,134.48,201291.0,201.29,17.52
5976,40.0,0.15,140.0,39.99,0.15,139.53,200708.0,200.71,17.65
5977,40.0,0.15,145.0,39.99,0.15,144.6,200250.0,200.25,17.9
5978,40.0,0.15,150.0,39.99,0.15,149.65,199728.0,199.73,17.81
5979,40.0,0.15,155.0,40.0,0.15,154.68,200127.0,200.13,18.27
5980,40.0,0.15,160.0,40.0,0.15,159.69,199968.0,199.97,18.28
5981,40.0,0.15,165.0,39.99,0.15,164.67,200084.0,200.08,18.34
5982,40.0,0.15,170.0,39.99,0.15,169.63,200644.0,200.64,18.6
5983,40.0,0.15,175.0,39.99,0.15,174.59,201078.0,201.08,18.69
5984,40.0,0.15,180.0,39.99,0.15,179.5,201386.0,201.39,18.59
5997,40.0,0.2,0.0,40.0,0.2,-0.35,198614.0,198.61,20.04
5998,40.0,0.2,5.0,39.99,0.2,4.6,198018.0,198.02,19.4
5999,40.0,0.2,10.0,39.99,0.2,9.54,198657.0,198.66,19.29
6000,40.0,0.2,15.0,39.99,0.2,14.47,199709.0,199.71,19.4
6001,40.0,0.2,20.0,39.99,0.2,19.33,200613.0,200.61,19.32
6002,40.0,0.2,25.0,39.99,0.2,24.14,202342.0,202.34,19.75
6003,40.0,0.2,30.0,40.0,0.2,28.92,203421.0,203.42,19.44
6004,40.0,0.2,35.0,39.99,0.2,33.65,205196.0,205.2,19.64
6005,40.0,0.2,40.0,39.99,0.2,38.36,207594.0,207.59,20.3
6006,40.0,0.2,45.0,39.99,0.2,43.07,208616.0,208.62,19.71
6007,40.0,0.2,50.0,39.99,0.2,47.8,209907.00000000003,209.91,19.58
6008,40.0,0.2,55.0,39.99,0.2,52.58,211348.0,211.35,19.51
6009,40.0,0.2,60.0,39.99,0.2,57.43,212340.0,212.34,19.35
6010,40.0,0.2,65.0,40.0,0.2,62.39,213625.0,213.62,19.66
6011,40.0,0.2,70.0,40.0,0.2,67.45,213988.0,213.99,19.52
6012,40.0,0.2,75.0,39.99,0.2,72.61,213871.99999999997,213.87,19.23
6013,40.0,0.2,78.0,39.99,0.2,75.78,213232.00000000003,213.23,18.91
6014,40.0,0.2,81.0,39.99,0.2,78.94,212912.0,212.91,18.97
6015,40.0,0.2,84.0,39.99,0.2,82.1,212017.0,212.02,18.64
6016,40.0,0.2,86.0,40.0,0.2,84.24,211292.99999999997,211.29,18.44
6017,40.0,0.2,88.0,39.99,0.2,86.37,210484.0,210.48,18.22
6018,40.0,0.2,90.0,39.99,0.2,88.48,210030.00000000003,210.03,18.31
6019,40.0,0.2,92.0,40.0,0.2,90.59,209108.0,209.11,18.06
6020,40.0,0.2,94.0,39.99,0.2,92.69,208163.0,208.16,17.88
6021,40.0,0.2,96.0,39.99,0.2,94.78,207129.0,207.13,17.68
6022,40.0,0.2,99.0,39.99,0.2,97.89,205709.0,205.71,17.6
6023,40.0,0.2,102.0,39.99,0.2,101.01,203817.0,203.82,17.13
6024,40.0,0.2,105.0,40.0,0.2,104.1,202570.0,202.57,17.18
6025,40.0,0.2,110.0,40.0,0.2,109.18,199854.0,199.85,16.81
6026,40.0,0.2,115.0,40.0,0.2,114.27,197393.0,197.39,16.52
6027,40.0,0.2,120.0,40.0,0.2,119.35,195543.0,195.54,16.54
6028,40.0,0.2,125.0,40.0,0.2,124.41,193352.0,193.35,16.32
6029,40.0,0.2,130.0,40.0,0.2,129.47,192233.0,192.23,16.45
6030,40.0,0.2,135.0,39.99,0.2,134.53,191133.0,191.13,16.52
6031,40.0,0.2,140.0,40.0,0.2,139.58,190713.0,190.71,16.83
6032,40.0,0.2,145.0,40.0,0.2,144.63,190437.0,190.44,17.09
6033,40.0,0.2,150.0,39.99,0.2,149.66,190165.0,190.17,17.27
6034,40.0,0.2,155.0,39.99,0.2,154.68,190132.0,190.13,17.35
6035,40.0,0.2,160.0,40.0,0.2,159.68,189983.0,189.98,17.3
6036,40.0,0.2,165.0,40.0,0.2,164.65,190634.0,190.63,17.66
6037,40.0,0.2,170.0,40.0,0.2,169.61,191272.0,191.27,17.92
6038,40.0,0.2,175.0,40.0,0.2,174.55,192118.0,192.12,18.19
6039,40.0,0.2,180.0,40.0,0.2,179.46,193678.0,193.68,18.87
6052,40.0,0.3,0.0,40.0,0.3,-0.46,182637.0,182.64,19.03
6053,40.0,0.3,5.0,39.99,0.3,4.5,182289.0,182.29,18.3
6054,40.0,0.3,10.0,39.99,0.3,9.44,183337.0,183.34,18.39
6055,40.0,0.3,15.0,39.99,0.3,14.39,184957.0,184.96,18.84
6056,40.0,0.3,20.0,39.99,0.3,19.25,185947.0,185.95,18.72
6057,40.0,0.3,25.0,39.99,0.3,24.07,187610.0,187.61,18.72
6058,40.0,0.3,30.0,40.0,0.3,28.84,189470.0,189.47,18.95
6059,40.0,0.3,35.0,39.99,0.3,33.59,189948.0,189.95,17.98
6060,40.0,0.3,40.0,40.0,0.3,38.3,192463.0,192.46,18.48
6061,40.0,0.3,45.0,39.99,0.3,43.02,194102.0,194.1,18.15
6062,40.0,0.3,50.0,39.99,0.3,47.76,196250.0,196.25,18.24
6063,40.0,0.3,55.0,39.99,0.3,52.56,197970.0,197.97,17.92
6064,40.0,0.3,60.0,39.99,0.3,57.44,200330.0,200.33,18.13
6065,40.0,0.3,65.0,40.0,0.3,62.42,201241.0,201.24,17.51
6066,40.0,0.3,70.0,40.0,0.3,67.51,203737.0,203.74,18.18
6067,40.0,0.3,75.0,40.0,0.3,72.69,204166.0,204.17,17.92
6068,40.0,0.3,78.0,40.0,0.3,75.87,204312.0,204.31,17.84
6069,40.0,0.3,81.0,39.99,0.3,79.04,203459.0,203.46,17.43
6070,40.0,0.3,84.0,39.99,0.3,82.21,202163.0,202.16,17.05
6071,40.0,0.3,86.0,39.99,0.3,84.35,201263.0,201.26,16.87
6072,40.0,0.3,88.0,40.0,0.3,86.48,201099.0,201.1,17.12
6073,40.0,0.3,90.0,40.0,0.3,88.6,198987.0,198.99,16.48
6074,40.0,0.3,92.0,39.99,0.3,90.71,197606.0,197.61,16.3
6075,40.0,0.3,94.0,39.99,0.3,92.82,196633.0,196.63,16.4
6076,40.0,0.3,96.0,39.99,0.3,94.92,194523.0,194.52,15.96
6077,40.0,0.3,99.0,39.99,0.3,98.03,192137.0,192.14,15.75
6078,40.0,0.3,102.0,39.99,0.3,101.14,189455.0,189.45,15.42
6079,40.0,0.3,105.0,39.99,0.3,104.24,186623.0,186.62,15.07
6080,40.0,0.3,110.0,39.99,0.3,109.33,182922.0,182.92,14.91
6081,40.0,0.3,115.0,39.99,0.3,114.41,180094.0,180.09,15.0
6082,40.0,0.3,120.0,40.0,0.3,119.47,177831.0,177.83,15.1
6083,40.0,0.3,125.0,40.0,0.3,124.52,175547.0,175.55,15.13
6084,40.0,0.3,130.0,40.0,0.3,129.57,174290.0,174.29,15.34
6085,40.0,0.3,135.0,40.0,0.3,134.61,173737.0,173.74,15.66
6086,40.0,0.3,140.0,40.0,0.3,139.64,173090.0,173.09,15.82
6087,40.0,0.3,145.0,40.0,0.3,144.67,173155.0,173.16,16.13
6088,40.0,0.3,150.0,40.0,0.3,149.69,172884.0,172.88,16.18
6089,40.0,0.3,155.0,40.0,0.3,154.7,173454.0,173.45,16.53
6090,40.0,0.3,160.0,40.0,0.3,159.68,173590.0,173.59,16.45
6091,40.0,0.3,165.0,40.0,0.3,164.64,174730.0,174.73,16.95
6092,40.0,0.3,170.0,40.0,0.3,169.58,175585.0,175.59,17.15
6093,40.0,0.3,175.0,40.0,0.3,174.52,177361.0,177.36,17.9
6094,40.0,0.3,180.0,40.0,0.3,179.42,177802.0,177.8,17.6
6107,40.0,0.5,0.0,40.0,0.5,-0.58,162182.0,162.18,19.44
6108,40.0,0.5,5.0,39.99,0.5,4.43,162124.0,162.12,18.58
6109,40.0,0.5,10.0,39.99,0.5,9.4,163083.0,163.08,18.57
6110,40.0,0.5,15.0,39.99,0.5,14.37,163969.0,163.97,18.46
6111,40.0,0.5,20.0,39.99,0.5,19.25,165246.0,165.25,18.73
6112,40.0,0.5,25.0,39.99,0.5,24.09,165370.0,165.37,18.03
6113,40.0,0.5,30.0,40.0,0.5,28.88,166127.0,166.13,17.83
6114,40.0,0.5,35.0,39.99,0.5,33.64,167228.0,167.23,17.83
6115,40.0,0.5,40.0,39.99,0.5,38.38,167062.0,167.06,16.87
6116,40.0,0.5,45.0,39.99,0.5,43.14,167989.0,167.99,16.61
6117,40.0,0.5,50.0,39.99,0.5,47.9,169258.0,169.26,16.38
6118,40.0,0.5,55.0,39.99,0.5,52.73,170571.0,170.57,15.95
6119,40.0,0.5,60.0,39.99,0.5,57.63,172589.0,172.59,15.6
6120,40.0,0.5,65.0,40.0,0.5,62.63,175893.0,175.89,15.6
6121,40.0,0.5,70.0,39.99,0.5,67.71,179128.0,179.13,15.34
6122,40.0,0.5,75.0,40.0,0.5,72.88,183073.0,183.07,15.5
6123,40.0,0.5,78.0,40.0,0.5,76.03,184935.0,184.94,15.54
6124,40.0,0.5,81.0,39.99,0.5,79.19,186975.0,186.98,15.97
6125,40.0,0.5,84.0,39.99,0.5,82.35,186116.0,186.12,15.32
6126,40.0,0.5,86.0,39.99,0.5,84.47,185640.0,185.64,15.35
6127,40.0,0.5,88.0,40.0,0.5,86.6,183679.0,183.68,14.94
6128,40.0,0.5,90.0,40.0,0.5,88.72,181320.0,181.32,14.51
6129,40.0,0.5,92.0,40.0,0.5,90.84,178914.0,178.91,14.25
6130,40.0,0.5,94.0,39.99,0.5,92.94,176124.0,176.12,13.99
6131,40.0,0.5,96.0,40.0,0.5,95.04,172326.0,172.33,13.46
6132,40.0,0.5,99.0,40.0,0.5,98.16,167790.0,167.79,13.14
6133,40.0,0.5,102.0,40.0,0.5,101.28,163160.0,163.16,12.83
6134,40.0,0.5,105.0,40.0,0.5,104.38,159719.0,159.72,12.95
6135,40.0,0.5,110.0,39.99,0.5,109.48,154882.0,154.88,12.93
6136,40.0,0.5,115.0,40.0,0.5,114.56,151304.0,151.3,13.05
6137,40.0,0.5,120.0,40.0,0.5,119.61,148933.0,148.93,13.26
6138,40.0,0.5,125.0,40.0,0.5,124.65,147293.0,147.29,13.45
6139,40.0,0.5,130.0,40.0,0.5,129.68,146903.0,146.9,13.92
6140,40.0,0.5,135.0,40.0,0.5,134.7,147265.0,147.27,14.57
6141,40.0,0.5,140.0,39.99,0.5,139.71,147493.0,147.49,14.89
6142,40.0,0.5,145.0,40.0,0.5,144.71,148942.0,148.94,15.7
6143,40.0,0.5,150.0,40.0,0.5,149.71,149422.0,149.42,15.67
6144,40.0,0.5,155.0,40.0,0.5,154.7,150397.0,150.4,15.9
6145,40.0,0.5,160.0,40.0,0.5,159.66,151991.0,151.99,16.49
6146,40.0,0.5,165.0,39.99,0.5,164.61,153936.0,153.94,17.17
6147,40.0,0.5,170.0,40.0,0.5,169.55,154892.0,154.89,17.04
6148,40.0,0.5,175.0,40.0,0.5,174.48,156889.0,156.89,17.66
6149,40.0,0.5,180.0,40.0,0.5,179.39,158284.0,158.28,17.91
6162,40.0,0.7,0.0,40.0,0.7,-0.65,147418.0,147.42,18.71
6163,40.0,0.7,5.0,39.99,0.7,4.39,148435.0,148.43,18.62
6164,40.0,0.7,10.0,39.99,0.7,9.4,149788.0,149.79,18.92
6165,40.0,0.7,15.0,39.99,0.7,14.4,150183.0,150.18,18.55
6166,40.0,0.7,20.0,39.99,0.7,19.31,150513.0,150.51,18.32
6167,40.0,0.7,25.0,39.99,0.7,24.17,150662.0,150.66,18.14
6168,40.0,0.7,30.0,40.0,0.7,28.99,150226.0,150.23,17.71
6169,40.0,0.7,35.0,39.99,0.7,33.78,150157.0,150.16,17.51
6170,40.0,0.7,40.0,39.99,0.7,38.54,148744.0,148.74,16.26
6171,40.0,0.7,45.0,39.99,0.7,43.3,148563.0,148.56,15.85
6172,40.0,0.7,50.0,39.99,0.7,48.08,148256.0,148.26,15.11
6173,40.0,0.7,55.0,39.99,0.7,52.9,148990.0,148.99,14.82
6174,40.0,0.7,60.0,40.0,0.7,57.79,150300.0,150.3,14.35
6175,40.0,0.7,65.0,39.99,0.7,62.77,152489.0,152.49,13.75
6176,40.0,0.7,70.0,40.0,0.7,67.83,157381.0,157.38,13.97
6177,40.0,0.7,75.0,40.0,0.7,72.99,163176.0,163.18,13.92
6178,40.0,0.7,78.0,39.99,0.7,76.12,167011.0,167.01,13.95
6179,40.0,0.7,81.0,40.0,0.7,79.27,170889.0,170.89,14.16
6180,40.0,0.7,84.0,40.0,0.7,82.42,174157.0,174.16,14.6
6181,40.0,0.7,86.0,40.0,0.7,84.54,173927.0,173.93,14.32
6182,40.0,0.7,88.0,40.0,0.7,86.67,172472.0,172.47,14.05
6183,40.0,0.7,90.0,40.0,0.7,88.78,170078.0,170.08,13.86
6184,40.0,0.7,92.0,39.99,0.7,90.9,165868.0,165.87,13.35
6185,40.0,0.7,94.0,40.0,0.7,93.0,160665.0,160.66,12.64
6186,40.0,0.7,96.0,39.99,0.7,95.1,155824.0,155.82,12.25
6187,40.0,0.7,99.0,39.99,0.7,98.23,148784.0,148.78,11.74
6188,40.0,0.7,102.0,40.0,0.7,101.35,143297.0,143.3,11.63
6189,40.0,0.7,105.0,40.0,0.7,104.45,139174.0,139.17,11.66
6190,40.0,0.7,110.0,39.99,0.7,109.56,134649.0,134.65,12.01
6191,40.0,0.7,115.0,40.0,0.7,114.64,131791.0,131.79,12.45
6192,40.0,0.7,120.0,40.0,0.7,119.69,129788.00000000001,129.79,12.69
6193,40.0,0.7,125.0,40.0,0.7,124.72,129061.99999999999,129.06,13.09
6194,40.0,0.7,130.0,39.99,0.7,129.74,129096.0,129.1,13.71
6195,40.0,0.7,135.0,40.0,0.7,134.76,129521.0,129.52,14.11
6196,40.0,0.7,140.0,39.99,0.7,139.75,130147.0,130.15,14.42
6197,40.0,0.7,145.0,40.0,0.7,144.74,131056.0,131.06,14.59
6198,40.0,0.7,150.0,39.99,0.7,149.72,132693.0,132.69,15.16
6199,40.0,0.7,155.0,40.0,0.7,154.7,135237.0,135.24,16.16
6200,40.0,0.7,160.0,40.0,0.7,159.65,136965.0,136.96,16.35
6201,40.0,0.7,165.0,40.0,0.7,164.6,138794.0,138.79,16.55
6202,40.0,0.7,170.0,40.0,0.7,169.53,141365.0,141.37,17.5
6203,40.0,0.7,175.0,39.99,0.7,174.46,143104.0,143.1,17.6
6204,40.0,0.7,180.0,40.0,0.7,179.37,145001.0,145.0,18.12
6217,40.0,1.0,0.0,40.0,1.0,-0.71,131833.0,131.83,18.8
6218,40.0,1.0,5.0,39.99,1.0,4.36,133420.0,133.42,19.12
6219,40.0,1.0,10.0,39.99,1.0,9.42,134715.0,134.71,19.38
6220,40.0,1.0,15.0,39.99,1.0,14.46,134987.0,134.99,19.14
6221,40.0,1.0,20.0,39.99,1.0,19.41,134902.0,134.9,19.04
6222,40.0,1.0,25.0,39.99,1.0,24.31,133572.0,133.57,18.26
6223,40.0,1.0,30.0,39.99,1.0,29.17,131738.0,131.74,17.25
6224,40.0,1.0,35.0,39.99,1.0,33.99,130251.0,130.25,16.75
6225,40.0,1.0,40.0,39.99,1.0,38.78,128246.0,128.25,15.67
6226,40.0,1.0,45.0,39.99,1.0,43.56,126853.0,126.85,14.98
6227,40.0,1.0,50.0,39.99,1.0,48.33,126059.99999999999,126.06,14.37
6228,40.0,1.0,55.0,39.99,1.0,53.14,126192.0,126.19,14.01
6229,40.0,1.0,60.0,39.99,1.0,58.01,126680.0,126.68,13.44
6230,40.0,1.0,65.0,40.0,1.0,62.96,127601.0,127.6,12.57
6231,40.0,1.0,70.0,40.0,1.0,67.99,131021.0,131.02,12.27
6232,40.0,1.0,75.0,39.99,1.0,73.11,137055.0,137.06,11.99
6233,40.0,1.0,78.0,39.99,1.0,76.21,143003.0,143.0,12.24
6234,40.0,1.0,81.0,40.0,1.0,79.35,149834.0,149.83,12.45
6235,40.0,1.0,84.0,39.99,1.0,82.5,157711.0,157.71,13.18
6236,40.0,1.0,86.0,40.0,1.0,84.59,160733.0,160.73,13.36
6237,40.0,1.0,88.0,40.0,1.0,86.71,161701.0,161.7,13.6
6238,40.0,1.0,90.0,40.0,1.0,88.82,158359.0,158.36,13.17
6239,40.0,1.0,92.0,40.0,1.0,90.93,151667.0,151.67,12.34
6240,40.0,1.0,94.0,40.0,1.0,93.04,143648.0,143.65,11.43
6241,40.0,1.0,96.0,40.0,1.0,95.14,136456.0,136.46,11.0
6242,40.0,1.0,99.0,40.0,1.0,98.27,127463.00000000001,127.46,10.66
6243,40.0,1.0,102.0,40.0,1.0,101.4,120742.0,120.74,10.43
6244,40.0,1.0,105.0,40.0,1.0,104.51,116985.99999999999,116.99,10.68
6245,40.0,1.0,110.0,40.0,1.0,109.62,112961.99999999999,112.96,11.11
6246,40.0,1.0,115.0,40.0,1.0,114.72,111016.00000000001,111.02,11.76
6247,40.0,1.0,120.0,40.0,1.0,119.77,109279.0,109.28,11.92
6248,40.0,1.0,125.0,40.0,1.0,124.81,108720.0,108.72,12.27
6249,40.0,1.0,130.0,40.0,1.0,129.83,109467.0,109.47,12.98
6250,40.0,1.0,135.0,40.0,1.0,134.83,110097.0,110.1,13.4
6251,40.0,1.0,140.0,40.0,1.0,139.82,111671.0,111.67,14.14
6252,40.0,1.0,145.0,40.0,1.0,144.8,113510.99999999999,113.51,14.81
6253,40.0,1.0,150.0,40.0,1.0,149.76,115384.99999999999,115.38,15.18
6254,40.0,1.0,155.0,40.0,1.0,154.72,117473.0,117.47,15.51
6255,40.0,1.0,160.0,40.0,1.0,159.65,120699.0,120.7,16.76
6256,40.0,1.0,165.0,40.0,1.0,164.58,122815.00000000001,122.82,16.72
6257,40.0,1.0,170.0,40.0,1.0,169.51,125991.00000000001,125.99,17.78
6258,40.0,1.0,175.0,40.0,1.0,174.43,128494.0,128.49,18.55
6259,40.0,1.0,180.0,40.0,1.0,179.34,130000.0,130.0,18.22
6272,40.0,1.5,0.0,40.0,1.5,-0.89,113602.0,113.6,19.9
6273,40.0,1.5,5.0,40.0,1.5,4.22,114783.0,114.78,19.34
6274,40.0,1.5,10.0,39.99,1.5,9.32,116048.0,116.05,19.97
6275,40.0,1.5,15.0,39.99,1.5,14.41,116022.0,116.02,19.86
6276,40.0,1.5,20.0,39.99,1.5,19.43,114086.99999999999,114.09,18.56
6277,40.0,1.5,25.0,39.99,1.5,24.41,112289.00000000001,112.29,18.35
6278,40.0,1.5,30.0,40.0,1.5,29.35,109498.0,109.5,17.07
6279,40.0,1.5,35.0,39.99,1.5,34.25,106805.0,106.8,15.97
6280,40.0,1.5,40.0,40.0,1.5,39.11,104870.0,104.87,15.42
6281,40.0,1.5,45.0,39.99,1.5,43.95,103177.0,103.18,14.88
6282,40.0,1.5,50.0,39.99,1.5,48.77,101540.0,101.54,13.86
6283,40.0,1.5,55.0,40.0,1.5,53.61,100808.0,100.81,13.12
6284,40.0,1.5,60.0,39.99,1.5,58.48,100590.0,100.59,12.35
6285,40.0,1.5,65.0,40.0,1.5,63.4,101702.0,101.7,11.91
6286,40.0,1.5,70.0,40.0,1.5,68.37,104070.0,104.07,11.4
6287,40.0,1.5,75.0,40.0,1.5,73.41,108279.0,108.28,10.68
6288,40.0,1.5,78.0,39.99,1.5,76.45,113952.0,113.95,10.8
6289,40.0,1.5,81.0,40.0,1.5,79.53,121908.0,121.91,10.76
6290,40.0,1.5,84.0,39.99,1.5,82.62,134599.0,134.6,11.5
6291,40.0,1.5,86.0,40.0,1.5,84.69,143601.0,143.6,12.13
6292,40.0,1.5,88.0,39.99,1.5,86.78,149882.0,149.88,13.06
6293,40.0,1.5,90.0,40.0,1.5,88.87,145726.0,145.73,12.22
6294,40.0,1.5,92.0,40.0,1.5,90.97,135751.0,135.75,11.32
6295,40.0,1.5,94.0,40.0,1.5,93.07,122820.0,122.82,10.07
6296,40.0,1.5,96.0,40.0,1.5,95.16,113151.0,113.15,9.74
6297,40.0,1.5,99.0,39.99,1.5,98.3,101797.0,101.8,9.15
6298,40.0,1.5,102.0,40.0,1.5,101.43,97237.0,97.24,9.69
6299,40.0,1.5,105.0,40.0,1.5,104.55,93386.0,93.39,9.8
6300,40.0,1.5,110.0,39.99,1.5,109.7,90484.0,90.48,10.5
6301,40.0,1.5,115.0,40.0,1.5,114.82,88513.0,88.51,10.87
6302,40.0,1.5,120.0,40.0,1.5,119.92,87918.0,87.92,11.48
6303,40.0,1.5,125.0,40.0,1.5,124.99,88162.0,88.16,12.29
6304,40.0,1.5,130.0,40.0,1.5,130.04,88642.0,88.64,12.75
6305,40.0,1.5,135.0,40.0,1.5,135.06,89990.0,89.99,13.66
6306,40.0,1.5,140.0,40.0,1.5,140.06,91087.0,91.09,13.88
6307,40.0,1.5,145.0,40.0,1.5,145.04,93021.0,93.02,14.62
6308,40.0,1.5,150.0,40.0,1.5,149.98,95449.0,95.45,15.42
6309,40.0,1.5,155.0,40.0,1.5,154.89,98271.0,98.27,16.3
6310,40.0,1.5,160.0,40.0,1.5,159.78,100505.0,100.5,16.17
6311,40.0,1.5,165.0,40.0,1.5,164.65,103969.0,103.97,17.21
6312,40.0,1.5,170.0,40.0,1.5,169.5,107326.0,107.33,18.28
6313,40.0,1.5,175.0,40.0,1.5,174.37,109774.0,109.77,18.43
6314,40.0,1.5,180.0,40.0,1.5,179.23,112230.0,112.23,19.05
6327,40.0,2.0,0.0,40.0,2.0,-1.04,99834.0,99.83,20.03
6328,40.0,2.0,5.0,39.99,2.0,4.09,100895.0,100.9,19.48
6329,40.0,2.0,10.0,39.99,2.0,9.21,101610.0,101.61,19.72
6330,40.0,2.0,15.0,39.99,2.0,14.33,101024.0,101.02,19.44
6331,40.0,2.0,20.0,39.99,2.0,19.38,98635.0,98.63,18.08
6332,40.0,2.0,25.0,39.99,2.0,24.41,96381.0,96.38,17.79
6333,40.0,2.0,30.0,40.0,2.0,29.42,93728.0,93.73,17.01
6334,40.0,2.0,35.0,39.99,2.0,34.38,90824.0,90.82,15.78
6335,40.0,2.0,40.0,40.0,2.0,39.32,88775.0,88.78,15.33
6336,40.0,2.0,45.0,39.99,2.0,44.22,86821.0,86.82,14.53
6337,40.0,2.0,50.0,40.0,2.0,49.1,85357.0,85.36,13.61
6338,40.0,2.0,55.0,40.0,2.0,53.98,84441.0,84.44,12.85
6339,40.0,2.0,60.0,40.0,2.0,58.86,84750.0,84.75,12.61
6340,40.0,2.0,65.0,40.0,2.0,63.76,84884.0,84.88,11.57
6341,40.0,2.0,70.0,40.0,2.0,68.68,86389.0,86.39,10.7
6342,40.0,2.0,75.0,40.0,2.0,73.65,90391.0,90.39,10.21
6343,40.0,2.0,78.0,40.0,2.0,76.65,94391.0,94.39,9.85
6344,40.0,2.0,81.0,40.0,2.0,79.68,102154.0,102.15,9.85
6345,40.0,2.0,84.0,40.0,2.0,82.72,115521.0,115.52,10.23
6346,40.0,2.0,86.0,40.0,2.0,84.76,128754.0,128.75,11.06
6347,40.0,2.0,88.0,39.99,2.0,86.81,140553.0,140.55,12.29
6348,40.0,2.0,90.0,39.99,2.0,88.88,139061.0,139.06,12.05
6349,40.0,2.0,92.0,40.0,2.0,90.97,123858.99999999999,123.86,10.32
6350,40.0,2.0,94.0,40.0,2.0,93.06,107627.0,107.63,9.19
6351,40.0,2.0,96.0,40.0,2.0,95.15,96377.0,96.38,8.85
6352,40.0,2.0,99.0,40.0,2.0,98.29,86602.0,86.6,8.83
6353,40.0,2.0,102.0,40.0,2.0,101.43,81657.0,81.66,9.17
6354,40.0,2.0,105.0,40.0,2.0,104.56,78494.0,78.49,9.46
6355,40.0,2.0,110.0,40.0,2.0,109.74,76037.0,76.04,10.15
6356,40.0,2.0,115.0,40.0,2.0,114.89,74787.0,74.79,10.8
6357,40.0,2.0,120.0,40.0,2.0,120.01,74350.0,74.35,11.4
6358,40.0,2.0,125.0,40.0,2.0,125.11,74830.0,74.83,12.29
6359,40.0,2.0,130.0,40.0,2.0,130.19,75319.0,75.32,12.84
6360,40.0,2.0,135.0,40.0,2.0,135.23,76681.0,76.68,13.75
6361,40.0,2.0,140.0,40.0,2.0,140.23,77665.0,77.67,13.93
6362,40.0,2.0,145.0,40.0,2.0,145.2,79936.0,79.94,14.98
6363,40.0,2.0,150.0,40.0,2.0,150.13,81889.0,81.89,15.39
6364,40.0,2.0,155.0,40.0,2.0,155.01,84366.0,84.37,15.99
6365,40.0,2.0,160.0,40.0,2.0,159.86,87232.0,87.23,16.7
6366,40.0,2.0,165.0,40.0,2.0,164.69,90350.0,90.35,17.38
6367,40.0,2.0,170.0,40.0,2.0,169.5,93721.0,93.72,18.55
6368,40.0,2.0,175.0,40.0,2.0,174.32,96546.0,96.55,19.33
6369,40.0,2.0,180.0,40.0,2.0,179.14,98349.0,98.35,18.82
6382,40.0,3.0,0.0,40.0,3.0,-1.15,79943.0,79.94,19.45
6383,40.0,3.0,5.0,39.99,3.0,4.02,81166.0,81.17,19.41
6384,40.0,3.0,10.0,39.99,3.0,9.18,81546.0,81.55,19.55
6385,40.0,3.0,15.0,39.99,3.0,14.34,80592.0,80.59,19.46
6386,40.0,3.0,20.0,39.99,3.0,19.43,78284.0,78.28,18.6
6387,40.0,3.0,25.0,40.0,3.0,24.51,75463.0,75.46,17.45
6388,40.0,3.0,30.0,40.0,3.0,29.56,73347.0,73.35,17.63
6389,40.0,3.0,35.0,39.99,3.0,34.59,70861.0,70.86,16.55
6390,40.0,3.0,40.0,40.0,3.0,39.59,68878.0,68.88,15.96
6391,40.0,3.0,45.0,40.0,3.0,44.55,67029.0,67.03,15.01
6392,40.0,3.0,50.0,40.0,3.0,49.47,65621.0,65.62,14.13
6393,40.0,3.0,55.0,40.0,3.0,54.38,64824.0,64.82,13.47
6394,40.0,3.0,60.0,40.0,3.0,59.27,64446.0,64.45,12.61
6395,40.0,3.0,65.0,40.0,3.0,64.15,64271.0,64.27,11.4
6396,40.0,3.0,70.0,40.0,3.0,69.02,65375.0,65.38,10.5
6397,40.0,3.0,75.0,40.0,3.0,73.91,67987.0,67.99,9.73
6398,40.0,3.0,78.0,40.0,3.0,76.85,70782.0,70.78,9.14
6399,40.0,3.0,81.0,40.0,3.0,79.81,76805.0,76.8,8.89
6400,40.0,3.0,84.0,40.0,3.0,82.79,88922.0,88.92,8.94
6401,40.0,3.0,86.0,40.0,3.0,84.8,103703.0,103.7,9.25
6402,40.0,3.0,88.0,40.0,3.0,86.81,125127.0,125.13,10.98
6403,40.0,3.0,90.0,39.99,3.0,88.85,129197.0,129.2,11.31
6404,40.0,3.0,92.0,40.0,3.0,90.93,108060.99999999999,108.06,9.44
6405,40.0,3.0,94.0,40.0,3.0,93.03,87288.0,87.29,8.3
6406,40.0,3.0,96.0,40.0,3.0,95.13,75010.0,75.01,8.01
6407,40.0,3.0,99.0,40.0,3.0,98.28,66217.0,66.22,8.22
6408,40.0,3.0,102.0,40.0,3.0,101.42,62011.0,62.01,8.55
6409,40.0,3.0,105.0,40.0,3.0,104.57,60410.0,60.41,9.3
6410,40.0,3.0,110.0,40.0,3.0,109.76,58905.99999999999,58.91,10.25
6411,40.0,3.0,115.0,40.0,3.0,114.92,58266.99999999999,58.27,11.07
6412,40.0,3.0,120.0,40.0,3.0,120.04,58186.0,58.19,11.88
6413,40.0,3.0,125.0,40.0,3.0,125.15,58677.0,58.68,12.84
6414,40.0,3.0,130.0,40.0,3.0,130.23,59424.0,59.42,13.66
6415,40.0,3.0,135.0,40.0,3.0,135.27,60429.0,60.43,14.42
6416,40.0,3.0,140.0,40.0,3.0,140.26,61623.0,61.62,14.94
6417,40.0,3.0,145.0,40.0,3.0,145.22,63177.0,63.18,15.56
6418,40.0,3.0,150.0,40.0,3.0,150.14,65221.0,65.22,16.4
6419,40.0,3.0,155.0,40.0,3.0,155.02,67219.0,67.22,16.84
6420,40.0,3.0,160.0,40.0,3.0,159.85,69530.0,69.53,17.04
6421,40.0,3.0,165.0,40.0,3.0,164.67,72670.0,72.67,18.7
6422,40.0,3.0,170.0,40.0,3.0,169.46,74986.0,74.99,18.37
6423,40.0,3.0,175.0,40.0,3.0,174.26,78275.0,78.28,20.5
6424,40.0,3.0,180.0,40.0,3.0,179.09,79644.0,79.64,19.33
6437,40.0,5.0,0.0,40.0,5.0,-1.22,56527.0,56.53,19.28
6438,40.0,5.0,5.0,39.99,5.0,4.02,57335.0,57.33,18.74
6439,40.0,5.0,10.0,39.99,5.0,9.22,57692.99999999999,57.69,19.49
6440,40.0,5.0,15.0,39.99,5.0,14.4,56208.00000000001,56.21,18.47
6441,40.0,5.0,20.0,39.99,5.0,19.52,54563.0,54.56,18.11
6442,40.0,5.0,25.0,39.99,5.0,24.64,52623.0,52.62,17.47
6443,40.0,5.0,30.0,40.0,5.0,29.73,50924.0,50.92,17.34
6444,40.0,5.0,35.0,40.0,5.0,34.81,49534.0,49.53,17.1
6445,40.0,5.0,40.0,40.0,5.0,39.86,48040.0,48.04,16.27
6446,40.0,5.0,45.0,39.99,5.0,44.86,46930.0,46.93,15.75
6447,40.0,5.0,50.0,40.0,5.0,49.83,45975.0,45.98,14.85
6448,40.0,5.0,55.0,40.0,5.0,54.75,45469.0,45.47,14.43
6449,40.0,5.0,60.0,40.0,5.0,59.65,44931.0,44.93,13.33
6450,40.0,5.0,65.0,40.0,5.0,64.52,44898.0,44.9,12.22
6451,40.0,5.0,70.0,40.0,5.0,69.36,45313.0,45.31,11.09
6452,40.0,5.0,75.0,40.0,5.0,74.17,46545.0,46.54,9.82
6453,40.0,5.0,78.0,40.0,5.0,77.05,48123.0,48.12,9.09
6454,40.0,5.0,81.0,40.0,5.0,79.94,51417.99999999999,51.42,8.27
6455,40.0,5.0,84.0,40.0,5.0,82.85,60009.0,60.01,7.69
6456,40.0,5.0,86.0,40.0,5.0,84.81,73625.0,73.63,7.87
6457,40.0,5.0,88.0,40.0,5.0,86.78,100283.0,100.28,9.06
6458,40.0,5.0,90.0,40.0,5.0,88.77,118196.0,118.2,10.66
6459,40.0,5.0,92.0,40.0,5.0,90.83,87961.0,87.96,8.28
6460,40.0,5.0,94.0,40.0,5.0,92.93,63764.0,63.76,7.26
6461,40.0,5.0,96.0,40.0,5.0,95.04,52709.0,52.71,7.35
6462,40.0,5.0,99.0,40.0,5.0,98.21,45903.0,45.9,7.87
6463,40.0,5.0,102.0,40.0,5.0,101.37,43746.0,43.75,8.8
6464,40.0,5.0,105.0,40.0,5.0,104.51,43026.0,43.03,9.79
6465,40.0,5.0,110.0,40.0,5.0,109.69,42546.0,42.55,11.2
6466,40.0,5.0,115.0,40.0,5.0,114.84,42264.0,42.26,12.2
6467,40.0,5.0,120.0,40.0,5.0,119.94,42492.0,42.49,13.37
6468,40.0,5.0,125.0,40.0,5.0,125.03,42924.0,42.92,14.57
6469,40.0,5.0,130.0,40.0,5.0,130.08,43311.0,43.31,15.24
6470,40.0,5.0,135.0,40.0,5.0,135.1,43785.0,43.79,15.63
6471,40.0,5.0,140.0,40.0,5.0,140.08,44415.0,44.41,15.94
6472,40.0,5.0,145.0,40.0,5.0,145.04,45367.0,45.37,16.45
6473,40.0,5.0,150.0,40.0,5.0,149.97,46424.0,46.42,16.71
6474,40.0,5.0,155.0,40.0,5.0,154.86,47658.0,47.66,16.96
6475,40.0,5.0,160.0,40.0,5.0,159.72,49268.0,49.27,17.37
6476,40.0,5.0,165.0,40.0,5.0,164.56,50944.0,50.94,17.53
6477,40.0,5.0,170.0,40.0,5.0,169.38,52834.0,52.83,17.85
6478,40.0,5.0,175.0,40.0,5.0,174.2,54982.00000000001,54.98,18.87
6479,40.0,5.0,180.0,40.0,5.0,179.05,56465.0,56.46,19.01
6492,40.0,7.0,0.0,40.0,7.0,-1.23,41516.0,41.52,18.06
6493,40.0,7.0,5.0,40.0,7.0,4.04,42221.0,42.22,17.83
6494,40.0,7.0,10.0,39.99,7.0,9.25,42420.0,42.42,18.05
6495,40.0,7.0,15.0,39.99,7.0,14.43,41572.0,41.57,17.75
6496,40.0,7.0,20.0,39.99,7.0,19.57,40608.0,40.61,17.94
6497,40.0,7.0,25.0,40.0,7.0,24.69,39513.0,39.51,17.95
6498,40.0,7.0,30.0,40.0,7.0,29.81,38472.0,38.47,17.22
6499,40.0,7.0,35.0,40.0,7.0,34.91,37447.0,37.45,16.54
6500,40.0,7.0,40.0,40.0,7.0,39.97,36682.0,36.68,16.08
6501,40.0,7.0,45.0,40.0,7.0,44.99,36100.0,36.1,15.7
6502,40.0,7.0,50.0,40.0,7.0,49.97,35879.0,35.88,15.93
6503,40.0,7.0,55.0,40.0,7.0,54.91,35556.0,35.56,15.24
6504,40.0,7.0,60.0,40.0,7.0,59.81,35387.0,35.39,14.53
6505,40.0,7.0,65.0,40.0,7.0,64.69,35383.0,35.38,13.36
6506,40.0,7.0,70.0,40.0,7.0,69.52,35561.0,35.56,11.83
6507,40.0,7.0,75.0,40.0,7.0,74.3,36446.0,36.45,10.53
6508,40.0,7.0,78.0,40.0,7.0,77.16,37371.0,37.37,9.5
6509,40.0,7.0,81.0,40.0,7.0,80.02,39256.0,39.26,8.17
6510,40.0,7.0,84.0,40.0,7.0,82.89,45339.0,45.34,7.28
6511,40.0,7.0,86.0,40.0,7.0,84.81,56987.0,56.99,7.25
6512,40.0,7.0,88.0,40.0,7.0,86.75,84017.0,84.02,8.4
6513,40.0,7.0,90.0,40.0,7.0,88.71,111310.99999999999,111.31,10.73
6514,40.0,7.0,92.0,40.0,7.0,90.75,76512.0,76.51,7.87
6515,40.0,7.0,94.0,40.0,7.0,92.85,51201.0,51.2,6.86
6516,40.0,7.0,96.0,40.0,7.0,94.97,41155.0,41.15,7.11
6517,40.0,7.0,99.0,40.0,7.0,98.15,36333.0,36.33,8.22
6518,40.0,7.0,102.0,40.0,7.0,101.3,35049.0,35.05,9.38
6519,40.0,7.0,105.0,40.0,7.0,104.44,34716.0,34.72,10.75
6520,40.0,7.0,110.0,40.0,7.0,109.61,34141.0,34.14,11.82
6521,40.0,7.0,115.0,40.0,7.0,114.74,34090.0,34.09,13.19
6522,40.0,7.0,120.0,40.0,7.0,119.83,33948.0,33.95,14.01
6523,40.0,7.0,125.0,40.0,7.0,124.91,34190.0,34.19,15.53
6524,40.0,7.0,130.0,40.0,7.0,129.94,34005.0,34.01,15.35
6525,40.0,7.0,135.0,40.0,7.0,134.94,34244.0,34.24,16.04
6526,40.0,7.0,140.0,40.0,7.0,139.91,34384.0,34.38,16.02
6527,40.0,7.0,145.0,40.0,7.0,144.87,34733.0,34.73,16.02
6528,40.0,7.0,150.0,40.0,7.0,149.81,35215.0,35.21,16.23
6529,40.0,7.0,155.0,40.0,7.0,154.72,36055.0,36.06,16.77
6530,40.0,7.0,160.0,40.0,7.0,159.61,36913.0,36.91,16.86
6531,40.0,7.0,165.0,40.0,7.0,164.48,37724.0,37.72,16.27
6532,40.0,7.0,170.0,40.0,7.0,169.32,39224.0,39.22,17.38
6533,40.0,7.0,175.0,40.0,7.0,174.16,40507.0,40.51,17.79
6534,40.0,7.0,180.0,40.0,7.0,179.02,41625.0,41.63,17.93
6547,40.0,8.0,0.0,40.0,8.0,-1.21,35744.0,35.74,16.41
6548,40.0,8.0,5.0,40.0,8.0,4.04,36540.0,36.54,17.03
6549,40.0,8.0,10.0,40.0,8.0,9.25,36618.0,36.62,16.99
6550,40.0,8.0,15.0,40.0,8.0,14.44,36173.0,36.17,17.19
6551,40.0,8.0,20.0,40.0,8.0,19.57,35408.0,35.41,17.1
6552,40.0,8.0,25.0,40.0,8.0,24.7,34303.0,34.3,16.04
6553,40.0,8.0,30.0,40.0,8.0,29.82,33733.0,33.73,16.22
6554,40.0,8.0,35.0,40.0,8.0,34.93,33001.0,33.0,15.75
6555,40.0,8.0,40.0,40.0,8.0,39.99,32704.000000000004,32.7,16.07
6556,40.0,8.0,45.0,40.0,8.0,45.02,32287.0,32.29,15.76
6557,40.0,8.0,50.0,40.0,8.0,50.0,32169.0,32.17,15.83
6558,40.0,8.0,55.0,40.0,8.0,54.95,31926.0,31.93,15.04
6559,40.0,8.0,60.0,40.0,8.0,59.86,31979.000000000004,31.98,14.65
6560,40.0,8.0,65.0,40.0,8.0,64.75,32008.0,32.01,13.52
6561,40.0,8.0,70.0,40.0,8.0,69.57,32314.0,32.31,12.33
6562,40.0,8.0,75.0,40.0,8.0,74.35,32924.0,32.92,10.6
6563,40.0,8.0,78.0,40.0,8.0,77.2,33818.0,33.82,9.63
6564,40.0,8.0,81.0,40.0,8.0,80.05,35591.0,35.59,8.46
6565,40.0,8.0,84.0,40.0,8.0,82.9,40896.0,40.9,7.37
6566,40.0,8.0,86.0,40.0,8.0,84.81,51315.0,51.32,7.11
6567,40.0,8.0,88.0,40.0,8.0,86.74,77469.0,77.47,8.07
6568,40.0,8.0,90.0,40.0,8.0,88.68,106330.0,106.33,9.73
6569,40.0,8.0,92.0,40.0,8.0,90.72,72259.0,72.26,7.68
6570,40.0,8.0,94.0,40.0,8.0,92.81,46773.0,46.77,6.71
6571,40.0,8.0,96.0,40.0,8.0,94.94,37251.0,37.25,6.99
6572,40.0,8.0,99.0,40.0,8.0,98.13,33461.0,33.46,8.6
6573,40.0,8.0,102.0,40.0,8.0,101.28,32060.000000000004,32.06,9.59
6574,40.0,8.0,105.0,40.0,8.0,104.41,31747.000000000004,31.75,10.87
6575,40.0,8.0,110.0,40.0,8.0,109.57,31398.0,31.4,12.41
6576,40.0,8.0,115.0,40.0,8.0,114.7,31189.999999999996,31.19,13.66
6577,40.0,8.0,120.0,40.0,8.0,119.79,31030.0,31.03,14.74
6578,40.0,8.0,125.0,40.0,8.0,124.85,30779.000000000004,30.78,15.14
6579,40.0,8.0,130.0,40.0,8.0,129.88,30676.0,30.68,15.48
6580,40.0,8.0,135.0,40.0,8.0,134.88,30626.0,30.63,15.69
6581,40.0,8.0,140.0,40.0,8.0,139.85,30763.0,30.76,16.03
6582,40.0,8.0,145.0,40.0,8.0,144.81,30908.0,30.91,16.0
6583,40.0,8.0,150.0,40.0,8.0,149.75,31242.0,31.24,16.08
6584,40.0,8.0,155.0,40.0,8.0,154.67,31706.0,31.71,16.1
6585,40.0,8.0,160.0,40.0,8.0,159.56,32324.0,32.32,16.15
6586,40.0,8.0,165.0,40.0,8.0,164.44,33042.0,33.04,15.88
6587,40.0,8.0,170.0,40.0,8.0,169.3,34146.0,34.15,16.76
6588,40.0,8.0,175.0,40.0,8.0,174.15,35189.0,35.19,16.97
6589,40.0,8.0,180.0,40.0,8.0,179.02,35713.0,35.71,15.94
