source_row,nominal_temperature_k,nominal_field_t,nominal_angle_deg,temperature_k,applied_field_t,angle_from_normal_deg,ic_a_per_m,bridge_ic_a,n_value
800000,10.0,12.0,0.0,10.0,12.0,0.0,198248.83586556025,792.9953434622411,20.0
800001,10.0,12.0,2.0,10.0,12.0,2.0,197654.12396135612,790.6164958454245,20.0
800002,10.0,12.0,4.0,10.0,12.0,4.0,195919.63805330356,783.6785522132143,20.0
800003,10.0,12.0,6.0,10.0,12.0,6.0,193189.34842474424,772.757393698977,20.0
800004,10.0,12.0,8.0,10.0,12.0,8.0,189687.16091489972,758.7486436595989,20.0
800005,10.0,12.0,10.0,10.0,12.0,10.0,185694.73231314422,742.7789292525769,20.0
800006,10.0,12.0,12.0,10.0,12.0,12.0,181523.99232764452,726.0959693105781,20.0
800007,10.0,12.0,14.0,10.0,12.0,14.0,177487.52532566004,709.9501013026402,20.0
800008,10.0,12.0,16.0,10.0,12.0,16.0,173870.26737437802,695.4810694975121,20.0
800009,10.0,12.0,18.0,10.0,12.0,18.0,170905.85997334364,683.6234398933746,20.0
800010,10.0,12.0,20.0,10.0,12.0,20.0,168760.43582849947,675.0417433139979,20.0
800011,10.0,12.0,22.0,10.0,12.0,22.0,167525.6156156055,670.102462462422,20.0
800012,10.0,12.0,24.0,10.0,12.0,24.0,167221.16562127197,668.8846624850879,20.0
800013,10.0,12.0,26.0,10.0,12.0,26.0,167806.28784913107,671.2251513965243,20.0
800014,10.0,12.0,28.0,10.0,12.0,28.0,169197.1452733816,676.7885810935264,20.0
800015,10.0,12.0,30.0,10.0,12.0,30.0,171287.2594868348,685.1490379473393,20.0
800016,10.0,12.0,32.0,10.0,12.0,32.0,173967.11415216664,695.8684566086666,20.0
800017,10.0,12.0,34.0,10.0,12.0,34.0,177139.78626737016,708.5591450694807,20.0
800018,10.0,12.0,36.0,10.0,12.0,36.0,180730.63072774615,722.9225229109846,20.0
800019,10.0,12.0,38.0,10.0,12.0,38.0,184690.6495335941,738.7625981343765,20.0
800020,10.0,12.0,40.0,10.0,12.0,40.0,188994.7062276428,755.9788249105712,20.0
800021,10.0,12.0,42.0,10.0,12.0,42.0,193636.72107166683,774.5468842866674,20.0
800022,10.0,12.0,44.0,10.0,12.0,44.0,198624.13623578727,794.496544943149,20.0
800023,10.0,12.0,46.0,10.0,12.0,46.0,203973.35416807333,815.8934166722934,20.0
800024,10.0,12.0,48.0,10.0,12.0,48.0,209706.91455809397,838.8276582323758,20.0
800025,10.0,12.0,50.0,10.0,12.0,50.0,215852.3571042738,863.4094284170952,20.0
800026,10.0,12.0,52.0,10.0,12.0,52.0,222442.30592543524,889.769223701741,20.0
800027,10.0,12.0,54.0,10.0,12.0,54.0,229515.2938208586,918.0611752834345,20.0
800028,10.0,12.0,56.0,10.0,12.0,56.0,237117.01207073938,948.4680482829575,20.0
800029,10.0,12.0,58.0,10.0,12.0,58.0,245301.81949129808,981.2072779651924,20.0
800030,10.0,12.0,60.0,10.0,12.0,60.0,254134.381673938,1016.537526695752,20.0
800031,10.0,12.0,62.0,10.0,12.0,62.0,263691.2296673974,1054.7649186695896,20.0
800032,10.0,12.0,64.0,10.0,12.0,64.0,274061.8247012952,1096.2472988051807,20.0
800033,10.0,12.0,66.0,10.0,12.0,66.0,285348.3545417598,1141.3934181670393,20.0
800034,10.0,12.0,68.0,10.0,12.0,68.0,297662.89391037327,1190.651575641493,20.0
800035,10.0,12.0,70.0,10.0,12.0,70.0,311119.64583929454,1244.4785833571782,20.0
800036,10.0,12.0,72.0,10.0,12.0,72.0,325818.6926255213,1303.2747705020852,20.0
800037,10.0,12.0,74.0,10.0,12.0,74.0,341816.1662152834,1367.2646648611335,20.0
800038,10.0,12.0,76.0,10.0,12.0,76.0,359074.67761402985,1436.2987104561194,20.0
800039,10.0,12.0,78.0,10.0,12.0,78.0,377389.0498680244,1509.5561994720977,20.0
800040,10.0,12.0,80.0,10.0,12.0,80.0,396289.49991863855,1585.1579996745543,20.0
800041,10.0,12.0,82.0,10.0,12.0,82.0,414942.2789756783,1659.7691159027133,20.0
800042,10.0,12.0,84.0,10.0,12.0,84.0,432097.83333675534,1728.3913333470214,20.0
800043,10.0,12.0,86.0,10.0,12.0,86.0,446165.3780190835,1784.6615120763342,20.0
800044,10.0,12.0,88.0,10.0,12.0,88.0,455482.04936938797,1821.928197477552,20.0
800045,10.0,12.0,90.0,10.0,12.0,90.0,458752.1177204002,1835.008470881601,20.0
800046,10.0,12.0,92.0,10.0,12.0,92.0,455482.04936938797,1821.928197477552,20.0
800047,10.0,12.0,94.0,10.0,12.0,94.0,446165.3780190835,1784.6615120763342,20.0
800048,10.0,12.0,96.0,10.0,12.0,96.0,432097.83333675546,1728.3913333470218,20.0
800049,10.0,12.0,98.0,10.0,12.0,98.0,414942.27897567826,1659.769115902713,20.0
800050,10.0,12.0,100.0,10.0,12.0,100.0,396289.49991863855,1585.1579996745543,20.0
800051,10.0,12.0,102.0,10.0,12.0,102.0,377389.0498680244,1509.5561994720977,20.0
800052,10.0,12.0,104.0,10.0,12.0,104.0,359074.67761402985,1436.2987104561194,20.0
800053,10.0,12.0,106.0,10.0,12.0,106.0,341816.1662152834,1367.2646648611335,20.0
800054,10.0,12.0,108.0,10.0,12.0,108.0,325818.69262552133,1303.2747705020854,20.0
800055,10.0,12.0,110.0,10.0,12.0,110.0,311119.6458392946,1244.4785833571784,20.0
800056,10.0,12.0,112.0,10.0,12.0,112.0,297662.8939103733,1190.6515756414933,20.0
800057,10.0,12.0,114.0,10.0,12.0,114.0,285348.3545417599,1141.3934181670395,20.0
800058,10.0,12.0,116.0,10.0,12.0,116.0,274061.8247012951,1096.2472988051804,20.0
800059,10.0,12.0,118.0,10.0,12.0,118.0,263691.22966739733,1054.7649186695894,20.0
800060,10.0,12.0,120.0,10.0,12.0,120.0,254134.381673938,1016.537526695752,20.0
800061,10.0,12.0,122.0,10.0,12.0,122.0,245301.81949129808,981.2072779651924,20.0
800062,10.0,12.0,124.0,10.0,12.0,124.0,237117.01207073938,948.4680482829575,20.0
800063,10.0,12.0,126.0,10.0,12.0,126.0,229515.2938208586,918.0611752834345,20.0
800064,10.0,12.0,128.0,10.0,12.0,128.0,222442.3059254353,889.7692237017412,20.0
800065,10.0,12.0,130.0,10.0,12.0,130.0,215852.35710427386,863.4094284170955,20.0
800066,10.0,12.0,132.0,10.0,12.0,132.0,209706.91455809397,838.8276582323758,20.0
800067,10.0,12.0,134.0,10.0,12.0,134.0,203973.3541680733,815.8934166722933,20.0
800068,10.0,12.0,136.0,10.0,12.0,136.0,198624.13623578727,794.496544943149,20.0
800069,10.0,12.0,138.0,10.0,12.0,138.0,193636.72107166683,774.5468842866674,20.0
800070,10.0,12.0,140.0,10.0,12.0,140.0,188994.7062276428,755.9788249105712,20.0
800071,10.0,12.0,142.0,10.0,12.0,142.0,184690.6495335941,738.7625981343765,20.0
800072,10.0,12.0,144.0,10.0,12.0,144.0,180730.63072774615,722.9225229109846,20.0
800073,10.0,12.0,146.0,10.0,12.0,146.0,177139.78626737013,708.5591450694806,20.0
800074,10.0,12.0,148.0,10.0,12.0,148.0,173967.11415216664,695.8684566086666,20.0
800075,10.0,12.0,150.0,10.0,12.0,150.0,171287.25948683484,685.1490379473394,20.0
800076,10.0,12.0,152.0,10.0,12.0,152.0,169197.1452733816,676.7885810935264,20.0
800077,10.0,12.0,154.0,10.0,12.0,154.0,167806.28784913098,671.225151396524,20.0
800078,10.0,12.0,156.0,10.0,12.0,156.0,167221.16562127197,668.8846624850879,20.0
800079,10.0,12.0,158.0,10.0,12.0,158.0,167525.6156156055,670.102462462422,20.0
800080,10.0,12.0,160.0,10.0,12.0,160.0,168760.4358284995,675.041743313998,20.0
800081,10.0,12.0,162.0,10.0,12.0,162.0,170905.8599733437,683.6234398933748,20.0
800082,10.0,12.0,164.0,10.0,12.0,164.0,173870.267374378,695.481069497512,20.0
800083,10.0,12.0,166.0,10.0,12.0,166.0,177487.52532566004,709.9501013026402,20.0
800084,10.0,12.0,168.0,10.0,12.0,168.0,181523.9923276446,726.0959693105784,20.0
800085,10.0,12.0,170.0,10.0,12.0,170.0,185694.73231314422,742.7789292525769,20.0
800086,10.0,12.0,172.0,10.0,12.0,172.0,189687.16091489972,758.7486436595989,20.0
800087,10.0,12.0,174.0,10.0,12.0,174.0,193189.34842474424,772.757393698977,20.0
800088,10.0,12.0,176.0,10.0,12.0,176.0,195919.63805330356,783.6785522132143,20.0
800089,10.0,12.0,178.0,10.0,12.0,178.0,197654.12396135612,790.6164958454245,20.0
800090,10.0,12.0,180.0,10.0,12.0,180.0,198248.83586556025,792.9953434622411,20.0
800091,10.0,14.0,0.0,10.0,14.0,0.0,171878.34494701374,687.513379788055,20.0
800092,10.0,14.0,2.0,10.0,14.0,2.0,171381.63335837657,685.5265334335063,20.0
800093,10.0,14.0,4.0,10.0,14.0,4.0,169928.2060100319,679.7128240401275,20.0
800094,10.0,14.0,6.0,10.0,14.0,6.0,167625.13479760612,670.5005391904245,20.0
800095,10.0,14.0,8.0,10.0,14.0,8.0,164640.9649296029,658.5638597184115,20.0
800096,10.0,14.0,10.0,10.0,14.0,10.0,161191.74971100833,644.7669988440333,20.0
800097,10.0,14.0,12.0,10.0,14.0,12.0,157523.24409729204,630.0929763891681,20.0
800098,10.0,14.0,14.0,10.0,14.0,14.0,153890.88214828447,615.5635285931379,20.0
800099,10.0,14.0,16.0,10.0,14.0,16.0,150539.44241259043,602.1577696503617,20.0
800100,10.0,14.0,18.0,10.0,14.0,18.0,147684.4257962461,590.7377031849844,20.0
800101,10.0,14.0,20.0,10.0,14.0,20.0,145497.08766158158,581.9883506463264,20.0
800102,10.0,14.0,22.0,10.0,14.0,22.0,144094.7448264331,576.3789793057324,20.0
800103,10.0,14.0,24.0,10.0,14.0,24.0,143537.40819370403,574.1496327748162,20.0
800104,10.0,14.0,26.0,10.0,14.0,26.0,143831.00322690848,575.3240129076339,20.0
800105,10.0,14.0,28.0,10.0,14.0,28.0,144936.51871075772,579.7460748430309,20.0
800106,10.0,14.0,30.0,10.0,14.0,30.0,146783.51394358694,587.1340557743478,20.0
800107,10.0,14.0,32.0,10.0,14.0,32.0,149285.7058064426,597.1428232257704,20.0
800108,10.0,14.0,34.0,10.0,14.0,34.0,152356.0462008787,609.4241848035149,20.0
800109,10.0,14.0,36.0,10.0,14.0,36.0,155918.92595189143,623.6757038075657,20.0
800110,10.0,14.0,38.0,10.0,14.0,38.0,159917.91288318657,639.6716515327463,20.0
800111,10.0,14.0,40.0,10.0,14.0,40.0,164318.5811172358,657.2743244689432,20.0
800112,10.0,14.0,42.0,10.0,14.0,42.0,169107.18542734673,676.4287417093869,20.0
800113,10.0,14.0,44.0,10.0,14.0,44.0,174286.79072298756,697.1471628919502,20.0
800114,10.0,14.0,46.0,10.0,14.0,46.0,179872.70696380685,719.4908278552274,20.0
800115,10.0,14.0,48.0,10.0,14.0,48.0,185888.69165489572,743.5547666195829,20.0
800116,10.0,14.0,50.0,10.0,14.0,50.0,192364.63720772552,769.4585488309021,20.0
800117,10.0,14.0,52.0,10.0,14.0,52.0,199335.75782916276,797.343031316651,20.0
800118,10.0,14.0,54.0,10.0,14.0,54.0,206842.91332729286,827.3716533091715,20.0
800119,10.0,14.0,56.0,10.0,14.0,56.0,214933.67769280417,859.7347107712167,20.0
800120,10.0,14.0,58.0,10.0,14.0,58.0,223663.9027258818,894.6556109035273,20.0
800121,10.0,14.0,60.0,10.0,14.0,60.0,233099.64786601218,932.3985914640488,20.0
800122,10.0,14.0,62.0,10.0,14.0,62.0,243319.3481912702,973.2773927650808,20.0
800123,10.0,14.0,64.0,10.0,14.0,64.0,254415.94444310653,1017.6637777724262,20.0
800124,10.0,14.0,66.0,10.0,14.0,66.0,266498.36319587764,1065.9934527835105,20.0
800125,10.0,14.0,68.0,10.0,14.0,68.0,279691.11586357723,1118.764463454309,20.0
800126,10.0,14.0,70.0,10.0,14.0,70.0,294129.7224606817,1176.5188898427268,20.0
800127,10.0,14.0,72.0,10.0,14.0,72.0,309947.9688061128,1239.7918752244514,20.0
800128,10.0,14.0,74.0,10.0,14.0,74.0,327250.5839700269,1309.0023358801077,20.0
800129,10.0,14.0,76.0,10.0,14.0,76.0,346062.1850329292,1384.2487401317167,20.0
800130,10.0,14.0,78.0,10.0,14.0,78.0,366242.1042729989,1464.9684170919957,20.0
800131,10.0,14.0,80.0,10.0,14.0,80.0,387359.7886636089,1549.4391546544357,20.0
800132,10.0,14.0,82.0,10.0,14.0,82.0,408545.65725701966,1634.1826290280787,20.0
800133,10.0,14.0,84.0,10.0,14.0,84.0,428376.2030358379,1713.5048121433517,20.0
800134,10.0,14.0,86.0,10.0,14.0,86.0,444909.9123579116,1779.6396494316464,20.0
800135,10.0,14.0,88.0,10.0,14.0,88.0,456004.95711567166,1824.0198284626867,20.0
800136,10.0,14.0,90.0,10.0,14.0,90.0,459927.80393408384,1839.7112157363354,20.0
800137,10.0,14.0,92.0,10.0,14.0,92.0,456004.95711567166,1824.0198284626867,20.0
800138,10.0,14.0,94.0,10.0,14.0,94.0,444909.91235791164,1779.6396494316466,20.0
800139,10.0,14.0,96.0,10.0,14.0,96.0,428376.203035838,1713.5048121433522,20.0
800140,10.0,14.0,98.0,10.0,14.0,98.0,408545.6572570196,1634.1826290280785,20.0
800141,10.0,14.0,100.0,10.0,14.0,100.0,387359.78866360884,1549.4391546544355,20.0
800142,10.0,14.0,102.0,10.0,14.0,102.0,366242.1042729989,1464.9684170919957,20.0
800143,10.0,14.0,104.0,10.0,14.0,104.0,346062.1850329292,1384.2487401317167,20.0
800144,10.0,14.0,106.0,10.0,14.0,106.0,327250.5839700269,1309.0023358801077,20.0
800145,10.0,14.0,108.0,10.0,14.0,108.0,309947.9688061129,1239.7918752244516,20.0
800146,10.0,14.0,110.0,10.0,14.0,110.0,294129.7224606817,1176.5188898427268,20.0
800147,10.0,14.0,112.0,10.0,14.0,112.0,279691.1158635773,1118.7644634543092,20.0
800148,10.0,14.0,114.0,10.0,14.0,114.0,266498.36319587776,1065.993452783511,20.0
800149,10.0,14.0,116.0,10.0,14.0,116.0,254415.9444431065,1017.663777772426,20.0
800150,10.0,14.0,118.0,10.0,14.0,118.0,243319.34819127014,973.2773927650805,20.0
800151,10.0,14.0,120.0,10.0,14.0,120.0,233099.64786601218,932.3985914640488,20.0
800152,10.0,14.0,122.0,10.0,14.0,122.0,223663.9027258818,894.6556109035273,20.0
800153,10.0,14.0,124.0,10.0,14.0,124.0,214933.67769280417,859.7347107712167,20.0
800154,10.0,14.0,126.0,10.0,14.0,126.0,206842.91332729292,827.3716533091717,20.0
800155,10.0,14.0,128.0,10.0,14.0,128.0,199335.75782916282,797.3430313166513,20.0
800156,10.0,14.0,130.0,10.0,14.0,130.0,192364.63720772558,769.4585488309024,20.0
800157,10.0,14.0,132.0,10.0,14.0,132.0,185888.69165489572,743.5547666195829,20.0
800158,10.0,14.0,134.0,10.0,14.0,134.0,179872.7069638068,719.4908278552272,20.0
800159,10.0,14.0,136.0,10.0,14.0,136.0,174286.7907229876,697.1471628919503,20.0
800160,10.0,14.0,138.0,10.0,14.0,138.0,169107.18542734673,676.4287417093869,20.0
800161,10.0,14.0,140.0,10.0,14.0,140.0,164318.5811172358,657.2743244689432,20.0
800162,10.0,14.0,142.0,10.0,14.0,142.0,159917.91288318657,639.6716515327463,20.0
800163,10.0,14.0,144.0,10.0,14.0,144.0,155918.92595189143,623.6757038075657,20.0
800164,10.0,14.0,146.0,10.0,14.0,146.0,152356.04620087869,609.4241848035148,20.0
800165,10.0,14.0,148.0,10.0,14.0,148.0,149285.70580644262,597.1428232257705,20.0
800166,10.0,14.0,150.0,10.0,14.0,150.0,146783.51394358696,587.1340557743479,20.0
800167,10.0,14.0,152.0,10.0,14.0,152.0,144936.51871075772,579.7460748430309,20.0
800168,10.0,14.0,154.0,10.0,14.0,154.0,143831.00322690845,575.3240129076338,20.0
800169,10.0,14.0,156.0,10.0,14.0,156.0,143537.40819370403,574.1496327748162,20.0
800170,10.0,14.0,158.0,10.0,14.0,158.0,144094.7448264331,576.3789793057324,20.0
800171,10.0,14.0,160.0,10.0,14.0,160.0,145497.08766158164,581.9883506463266,20.0
800172,10.0,14.0,162.0,10.0,14.0,162.0,147684.42579624613,590.7377031849845,20.0
800173,10.0,14.0,164.0,10.0,14.0,164.0,150539.44241259043,602.1577696503617,20.0
800174,10.0,14.0,166.0,10.0,14.0,166.0,153890.88214828447,615.5635285931379,20.0
800175,10.0,14.0,168.0,10.0,14.0,168.0,157523.24409729207,630.0929763891683,20.0
800176,10.0,14.0,170.0,10.0,14.0,170.0,161191.74971100833,644.7669988440333,20.0
800177,10.0,14.0,172.0,10.0,14.0,172.0,164640.9649296029,658.5638597184115,20.0
800178,10.0,14.0,174.0,10.0,14.0,174.0,167625.13479760612,670.5005391904245,20.0
800179,10.0,14.0,176.0,10.0,14.0,176.0,169928.2060100319,679.7128240401275,20.0
800180,10.0,14.0,178.0,10.0,14.0,178.0,171381.63335837657,685.5265334335063,20.0
800181,10.0,14.0,180.0,10.0,14.0,180.0,171878.34494701374,687.513379788055,20.0
800182,15.0,10.0,0.0,15.0,10.0,0.0,192988.53960449388,771.9541584179756,20.0
800183,15.0,10.0,2.0,15.0,10.0,2.0,192295.03769719903,769.1801507887961,20.0
800184,15.0,10.0,4.0,15.0,10.0,4.0,190276.99822988827,761.1079929195531,20.0
800185,15.0,10.0,6.0,15.0,10.0,6.0,187114.642988994,748.458571955976,20.0
800186,15.0,10.0,8.0,15.0,10.0,8.0,183085.36762130912,732.3414704852365,20.0
800187,15.0,10.0,10.0,15.0,10.0,10.0,178532.484327299,714.129937309196,20.0
800188,15.0,10.0,12.0,15.0,10.0,12.0,173827.4502791288,695.3098011165152,20.0
800189,15.0,10.0,14.0,15.0,10.0,14.0,169330.6267476146,677.3225069904584,20.0
800190,15.0,10.0,16.0,15.0,10.0,16.0,165355.79825957026,661.423193038281,20.0
800191,15.0,10.0,18.0,15.0,10.0,18.0,162143.09340627553,648.5723736251022,20.0
800192,15.0,10.0,20.0,15.0,10.0,20.0,159843.62269725377,639.3744907890151,20.0
800193,15.0,10.0,22.0,15.0,10.0,22.0,158517.24588433266,634.0689835373306,20.0
800194,15.0,10.0,24.0,15.0,10.0,24.0,158142.69565902706,632.5707826361082,20.0
800195,15.0,10.0,26.0,15.0,10.0,26.0,158637.2163524311,634.5488654097244,20.0
800196,15.0,10.0,28.0,15.0,10.0,28.0,159881.3634205468,639.5254536821873,20.0
800197,15.0,10.0,30.0,15.0,10.0,30.0,161744.02266197064,646.9760906478825,20.0
800198,15.0,10.0,32.0,15.0,10.0,32.0,164103.2262451577,656.4129049806309,20.0
800199,15.0,10.0,34.0,15.0,10.0,34.0,166859.8534979123,667.4394139916492,20.0
800200,15.0,10.0,36.0,15.0,10.0,36.0,169943.3849381799,679.7735397527196,20.0
800201,15.0,10.0,38.0,15.0,10.0,38.0,173310.89734702322,693.2435893880929,20.0
800202,15.0,10.0,40.0,15.0,10.0,40.0,176941.82758997835,707.7673103599134,20.0
800203,15.0,10.0,42.0,15.0,10.0,42.0,180831.3461405819,723.3253845623277,20.0
800204,15.0,10.0,44.0,15.0,10.0,44.0,184984.5517653619,739.9382070614475,20.0
800205,15.0,10.0,46.0,15.0,10.0,46.0,189412.58735742274,757.650349429691,20.0
800206,15.0,10.0,48.0,15.0,10.0,48.0,194130.75672996097,776.5230269198439,20.0
800207,15.0,10.0,50.0,15.0,10.0,50.0,199158.16585312708,796.6326634125084,20.0
800208,15.0,10.0,52.0,15.0,10.0,52.0,204518.34440286228,818.0733776114491,20.0
800209,15.0,10.0,54.0,15.0,10.0,54.0,210240.505068807,840.9620202752279,20.0
800210,15.0,10.0,56.0,15.0,10.0,56.0,216361.33013978516,865.4453205591407,20.0
800211,15.0,10.0,58.0,15.0,10.0,58.0,222927.32259701152,891.709290388046,20.0
800212,15.0,10.0,60.0,15.0,10.0,60.0,229997.8185758231,919.9912743032924,20.0
800213,15.0,10.0,62.0,15.0,10.0,62.0,237648.75356450304,950.5950142580122,20.0
800214,15.0,10.0,64.0,15.0,10.0,64.0,245977.2001312324,983.9088005249297,20.0
800215,15.0,10.0,66.0,15.0,10.0,66.0,255106.49381754812,1020.4259752701926,20.0
800216,15.0,10.0,68.0,15.0,10.0,68.0,265191.3094792045,1060.7652379168178,20.0
800217,15.0,10.0,70.0,15.0,10.0,70.0,276421.10321455664,1105.6844128582266,20.0
800218,15.0,10.0,72.0,15.0,10.0,72.0,289018.4776263913,1156.0739105055652,20.0
800219,15.0,10.0,74.0,15.0,10.0,74.0,303225.6229774539,1212.9024919098158,20.0
800220,15.0,10.0,76.0,15.0,10.0,76.0,319266.34058941,1277.06536235764,20.0
800221,15.0,10.0,78.0,15.0,10.0,78.0,337263.44947746553,1349.0537979098622,20.0
800222,15.0,10.0,80.0,15.0,10.0,80.0,357085.6251706431,1428.3425006825723,20.0
800223,15.0,10.0,82.0,15.0,10.0,82.0,378108.1481709716,1512.4325926838865,20.0
800224,15.0,10.0,84.0,15.0,10.0,84.0,398929.16818041774,1595.7166727216709,20.0
800225,15.0,10.0,86.0,15.0,10.0,86.0,417215.37432701624,1668.861497308065,20.0
800226,15.0,10.0,88.0,15.0,10.0,88.0,429995.69134121033,1719.9827653648413,20.0
800227,15.0,10.0,90.0,15.0,10.0,90.0,434617.2567687536,1738.4690270750143,20.0
800228,15.0,10.0,92.0,15.0,10.0,92.0,429995.6913412104,1719.9827653648415,20.0
800229,15.0,10.0,94.0,15.0,10.0,94.0,417215.37432701635,1668.8614973080655,20.0
800230,15.0,10.0,96.0,15.0,10.0,96.0,398929.1681804179,1595.7166727216718,20.0
800231,15.0,10.0,98.0,15.0,10.0,98.0,378108.14817097154,1512.4325926838862,20.0
800232,15.0,10.0,100.0,15.0,10.0,100.0,357085.6251706431,1428.3425006825723,20.0
800233,15.0,10.0,102.0,15.0,10.0,102.0,337263.44947746553,1349.0537979098622,20.0
800234,15.0,10.0,104.0,15.0,10.0,104.0,319266.34058941,1277.06536235764,20.0
800235,15.0,10.0,106.0,15.0,10.0,106.0,303225.6229774539,1212.9024919098158,20.0
800236,15.0,10.0,108.0,15.0,10.0,108.0,289018.4776263914,1156.0739105055657,20.0
800237,15.0,10.0,110.0,15.0,10.0,110.0,276421.10321455664,1105.6844128582266,20.0
800238,15.0,10.0,112.0,15.0,10.0,112.0,265191.3094792045,1060.765237916818,20.0
800239,15.0,10.0,114.0,15.0,10.0,114.0,255106.49381754818,1020.4259752701928,20.0
800240,15.0,10.0,116.0,15.0,10.0,116.0,245977.20013123236,983.9088005249295,20.0
800241,15.0,10.0,118.0,15.0,10.0,118.0,237648.75356450304,950.5950142580122,20.0
800242,15.0,10.0,120.0,15.0,10.0,120.0,229997.8185758231,919.9912743032924,20.0
800243,15.0,10.0,122.0,15.0,10.0,122.0,222927.32259701152,891.709290388046,20.0
800244,15.0,10.0,124.0,15.0,10.0,124.0,216361.33013978516,865.4453205591407,20.0
800245,15.0,10.0,126.0,15.0,10.0,126.0,210240.50506880702,840.962020275228,20.0
800246,15.0,10.0,128.0,15.0,10.0,128.0,204518.34440286233,818.0733776114494,20.0
800247,15.0,10.0,130.0,15.0,10.0,130.0,199158.16585312708,796.6326634125084,20.0
800248,15.0,10.0,132.0,15.0,10.0,132.0,194130.756729961,776.523026919844,20.0
800249,15.0,10.0,134.0,15.0,10.0,134.0,189412.58735742272,757.6503494296909,20.0
800250,15.0,10.0,136.0,15.0,10.0,136.0,184984.55176536192,739.9382070614477,20.0
800251,15.0,10.0,138.0,15.0,10.0,138.0,180831.3461405819,723.3253845623277,20.0
800252,15.0,10.0,140.0,15.0,10.0,140.0,176941.82758997835,707.7673103599134,20.0
800253,15.0,10.0,142.0,15.0,10.0,142.0,173310.89734702322,693.2435893880929,20.0
800254,15.0,10.0,144.0,15.0,10.0,144.0,169943.38493817986,679.7735397527194,20.0
800255,15.0,10.0,146.0,15.0,10.0,146.0,166859.8534979123,667.4394139916492,20.0
800256,15.0,10.0,148.0,15.0,10.0,148.0,164103.22624515774,656.412904980631,20.0
800257,15.0,10.0,150.0,15.0,10.0,150.0,161744.02266197064,646.9760906478825,20.0
800258,15.0,10.0,152.0,15.0,10.0,152.0,159881.3634205468,639.5254536821873,20.0
800259,15.0,10.0,154.0,15.0,10.0,154.0,158637.21635243107,634.5488654097243,20.0
800260,15.0,10.0,156.0,15.0,10.0,156.0,158142.69565902706,632.5707826361082,20.0
800261,15.0,10.0,158.0,15.0,10.0,158.0,158517.24588433266,634.0689835373306,20.0
800262,15.0,10.0,160.0,15.0,10.0,160.0,159843.62269725383,639.3744907890153,20.0
800263,15.0,10.0,162.0,15.0,10.0,162.0,162143.09340627556,648.5723736251023,20.0
800264,15.0,10.0,164.0,15.0,10.0,164.0,165355.79825957026,661.423193038281,20.0
800265,15.0,10.0,166.0,15.0,10.0,166.0,169330.6267476146,677.3225069904584,20.0
800266,15.0,10.0,168.0,15.0,10.0,168.0,173827.45027912883,695.3098011165154,20.0
800267,15.0,10.0,170.0,15.0,10.0,170.0,178532.484327299,714.129937309196,20.0
800268,15.0,10.0,172.0,15.0,10.0,172.0,183085.36762130912,732.3414704852365,20.0
800269,15.0,10.0,174.0,15.0,10.0,174.0,187114.642988994,748.458571955976,20.0
800270,15.0,10.0,176.0,15.0,10.0,176.0,190276.99822988827,761.1079929195531,20.0
800271,15.0,10.0,178.0,15.0,10.0,178.0,192295.03769719903,769.1801507887961,20.0
800272,15.0,10.0,180.0,15.0,10.0,180.0,192988.53960449388,771.9541584179756,20.0
800273,15.0,12.0,0.0,15.0,12.0,0.0,166883.68400455557,667.5347360182224,20.0
800274,15.0,12.0,2.0,15.0,12.0,2.0,166306.7485219485,665.226994087794,20.0
800275,15.0,12.0,4.0,15.0,12.0,4.0,164621.63359900154,658.4865343960062,20.0
800276,15.0,12.0,6.0,15.0,12.0,6.0,161961.04588768122,647.8441835507249,20.0
800277,15.0,12.0,8.0,15.0,12.0,8.0,158532.0571408796,634.1282285635184,20.0
800278,15.0,12.0,10.0,15.0,12.0,10.0,154596.49625871592,618.3859850348637,20.0
800279,15.0,12.0,12.0,15.0,12.0,12.0,150446.46608804067,601.7858643521627,20.0
800280,15.0,12.0,14.0,15.0,12.0,14.0,146377.6381106108,585.5105524424432,20.0
800281,15.0,12.0,16.0,15.0,12.0,16.0,142663.28592688235,570.6531437075295,20.0
800282,15.0,12.0,18.0,15.0,12.0,18.0,139531.99795551118,558.1279918220447,20.0
800283,15.0,12.0,20.0,15.0,12.0,20.0,137151.61765869474,548.6064706347789,20.0
800284,15.0,12.0,22.0,15.0,12.0,22.0,135621.19256711975,542.484770268479,20.0
800285,15.0,12.0,24.0,15.0,12.0,24.0,134971.62740535493,539.8865096214197,20.0
800286,15.0,12.0,26.0,15.0,12.0,26.0,135174.4612730589,540.6978450922356,20.0
800287,15.0,12.0,28.0,15.0,12.0,28.0,136156.92754260878,544.6277101704352,20.0
800288,15.0,12.0,30.0,15.0,12.0,30.0,137820.4617326691,551.2818469306764,20.0
800289,15.0,12.0,32.0,15.0,12.0,32.0,140059.34823249152,560.2373929299661,20.0
800290,15.0,12.0,34.0,15.0,12.0,34.0,142776.41123763734,571.1056449505494,20.0
800291,15.0,12.0,36.0,15.0,12.0,36.0,145893.56395121576,583.5742558048631,20.0
800292,15.0,12.0,38.0,15.0,12.0,38.0,149356.4235601725,597.42569424069,20.0
800293,15.0,12.0,40.0,15.0,12.0,40.0,153133.6793257286,612.5347173029144,20.0
800294,15.0,12.0,42.0,15.0,12.0,42.0,157213.00425175487,628.8520170070195,20.0
800295,15.0,12.0,44.0,15.0,12.0,44.0,161595.6921930682,646.3827687722728,20.0
800296,15.0,12.0,46.0,15.0,12.0,46.0,166291.84345970658,665.1673738388263,20.0
800297,15.0,12.0,48.0,15.0,12.0,48.0,171317.09953585823,685.2683981434329,20.0
800298,15.0,12.0,50.0,15.0,12.0,50.0,176691.0916708264,706.7643666833056,20.0
800299,15.0,12.0,52.0,15.0,12.0,52.0,182437.2700362567,729.7490801450268,20.0
800300,15.0,12.0,54.0,15.0,12.0,54.0,188583.69676270985,754.3347870508394,20.0
800301,15.0,12.0,56.0,15.0,12.0,56.0,195164.5586324248,780.6582345296993,20.0
800302,15.0,12.0,58.0,15.0,12.0,58.0,202222.37499602023,808.8894999840809,20.0
800303,15.0,12.0,60.0,15.0,12.0,60.0,209811.031198952,839.244124795808,20.0
800304,15.0,12.0,62.0,15.0,12.0,62.0,217999.84519125367,871.9993807650147,20.0
800305,15.0,12.0,64.0,15.0,12.0,64.0,226878.8856263873,907.5155425055492,20.0
800306,15.0,12.0,66.0,15.0,12.0,66.0,236565.672371531,946.262689486124,20.0
800307,15.0,12.0,68.0,15.0,12.0,68.0,247213.09214004868,988.8523685601948,20.0
800308,15.0,12.0,70.0,15.0,12.0,70.0,259017.599935083,1036.070399740332,20.0
800309,15.0,12.0,72.0,15.0,12.0,72.0,272225.04129915126,1088.900165196605,20.0
800310,15.0,12.0,74.0,15.0,12.0,74.0,287127.77237802907,1148.5110895121163,20.0
800311,15.0,12.0,76.0,15.0,12.0,76.0,304039.6509169591,1216.1586036678364,20.0
800312,15.0,12.0,78.0,15.0,12.0,78.0,323223.30326258915,1292.8932130503567,20.0
800313,15.0,12.0,80.0,15.0,12.0,80.0,344728.14165894676,1378.912566635787,20.0
800314,15.0,12.0,82.0,15.0,12.0,82.0,368092.0156041275,1472.36806241651,20.0
800315,15.0,12.0,84.0,15.0,12.0,84.0,391910.46116823563,1567.6418446729426,20.0
800316,15.0,12.0,86.0,15.0,12.0,86.0,413465.56342603796,1653.862253704152,20.0
800317,15.0,12.0,88.0,15.0,12.0,88.0,428918.7280960529,1715.6749123842117,20.0
800318,15.0,12.0,90.0,15.0,12.0,90.0,434590.11697504896,1738.360467900196,20.0
800319,15.0,12.0,92.0,15.0,12.0,92.0,428918.728096053,1715.6749123842121,20.0
800320,15.0,12.0,94.0,15.0,12.0,94.0,413465.5634260381,1653.8622537041524,20.0
800321,15.0,12.0,96.0,15.0,12.0,96.0,391910.46116823575,1567.641844672943,20.0
800322,15.0,12.0,98.0,15.0,12.0,98.0,368092.0156041274,1472.3680624165095,20.0
800323,15.0,12.0,100.0,15.0,12.0,100.0,344728.1416589467,1378.9125666357868,20.0
800324,15.0,12.0,102.0,15.0,12.0,102.0,323223.30326258915,1292.8932130503567,20.0
800325,15.0,12.0,104.0,15.0,12.0,104.0,304039.6509169591,1216.1586036678364,20.0
800326,15.0,12.0,106.0,15.0,12.0,106.0,287127.7723780291,1148.5110895121165,20.0
800327,15.0,12.0,108.0,15.0,12.0,108.0,272225.0412991513,1088.9001651966053,20.0
800328,15.0,12.0,110.0,15.0,12.0,110.0,259017.59993508307,1036.0703997403323,20.0
800329,15.0,12.0,112.0,15.0,12.0,112.0,247213.09214004874,988.852368560195,20.0
800330,15.0,12.0,114.0,15.0,12.0,114.0,236565.67237153102,946.2626894861241,20.0
800331,15.0,12.0,116.0,15.0,12.0,116.0,226878.88562638723,907.515542505549,20.0
800332,15.0,12.0,118.0,15.0,12.0,118.0,217999.84519125367,871.9993807650147,20.0
800333,15.0,12.0,120.0,15.0,12.0,120.0,209811.031198952,839.244124795808,20.0
800334,15.0,12.0,122.0,15.0,12.0,122.0,202222.37499602023,808.8894999840809,20.0
800335,15.0,12.0,124.0,15.0,12.0,124.0,195164.5586324248,780.6582345296993,20.0
800336,15.0,12.0,126.0,15.0,12.0,126.0,188583.6967627099,754.3347870508396,20.0
800337,15.0,12.0,128.0,15.0,12.0,128.0,182437.27003625676,729.749080145027,20.0
800338,15.0,12.0,130.0,15.0,12.0,130.0,176691.09167082646,706.7643666833059,20.0
800339,15.0,12.0,132.0,15.0,12.0,132.0,171317.09953585823,685.2683981434329,20.0
800340,15.0,12.0,134.0,15.0,12.0,134.0,166291.84345970652,665.167373838826,20.0
800341,15.0,12.0,136.0,15.0,12.0,136.0,161595.69219306821,646.3827687722729,20.0
800342,15.0,12.0,138.0,15.0,12.0,138.0,157213.00425175487,628.8520170070195,20.0
800343,15.0,12.0,140.0,15.0,12.0,140.0,153133.6793257286,612.5347173029144,20.0
800344,15.0,12.0,142.0,15.0,12.0,142.0,149356.4235601725,597.42569424069,20.0
800345,15.0,12.0,144.0,15.0,12.0,144.0,145893.56395121576,583.5742558048631,20.0
800346,15.0,12.0,146.0,15.0,12.0,146.0,142776.41123763728,571.1056449505492,20.0
800347,15.0,12.0,148.0,15.0,12.0,148.0,140059.34823249158,560.2373929299663,20.0
800348,15.0,12.0,150.0,15.0,12.0,150.0,137820.46173266912,551.2818469306765,20.0
800349,15.0,12.0,152.0,15.0,12.0,152.0,136156.92754260878,544.6277101704352,20.0
800350,15.0,12.0,154.0,15.0,12.0,154.0,135174.46127305887,540.6978450922355,20.0
800351,15.0,12.0,156.0,15.0,12.0,156.0,134971.62740535493,539.8865096214197,20.0
800352,15.0,12.0,158.0,15.0,12.0,158.0,135621.19256711975,542.484770268479,20.0
800353,15.0,12.0,160.0,15.0,12.0,160.0,137151.61765869477,548.606470634779,20.0
800354,15.0,12.0,162.0,15.0,12.0,162.0,139531.9979555112,558.1279918220448,20.0
800355,15.0,12.0,164.0,15.0,12.0,164.0,142663.28592688235,570.6531437075295,20.0
800356,15.0,12.0,166.0,15.0,12.0,166.0,146377.6381106108,585.5105524424432,20.0
800357,15.0,12.0,168.0,15.0,12.0,168.0,150446.46608804073,601.7858643521629,20.0
800358,15.0,12.0,170.0,15.0,12.0,170.0,154596.49625871592,618.3859850348637,20.0
800359,15.0,12.0,172.0,15.0,12.0,172.0,158532.0571408796,634.1282285635184,20.0
800360,15.0,12.0,174.0,15.0,12.0,174.0,161961.04588768122,647.8441835507249,20.0
800361,15.0,12.0,176.0,15.0,12.0,176.0,164621.63359900154,658.4865343960062,20.0
800362,15.0,12.0,178.0,15.0,12.0,178.0,166306.7485219485,665.226994087794,20.0
800363,15.0,12.0,180.0,15.0,12.0,180.0,166883.68400455557,667.5347360182224,20.0
800364,15.0,14.0,0.0,15.0,14.0,0.0,143264.45188802478,573.0578075520991,20.0
800365,15.0,14.0,2.0,15.0,14.0,2.0,142776.78584578258,571.1071433831303,20.0
800366,15.0,14.0,4.0,15.0,14.0,4.0,141347.66075995695,565.3906430398279,20.0
800367,15.0,14.0,6.0,15.0,14.0,6.0,139076.01531924636,556.3040612769854,20.0
800368,15.0,14.0,8.0,15.0,14.0,8.0,136118.02410707506,544.4720964283002,20.0
800369,15.0,14.0,10.0,15.0,14.0,10.0,132674.7450887291,530.6989803549164,20.0
800370,15.0,14.0,12.0,15.0,14.0,12.0,128976.259753724,515.905039014896,20.0
800371,15.0,14.0,14.0,15.0,14.0,14.0,125263.66070035809,501.05464280143235,20.0
800372,15.0,14.0,16.0,15.0,14.0,16.0,121770.50066097833,487.0820026439133,20.0
800373,15.0,14.0,18.0,15.0,14.0,18.0,118705.45816594454,474.8218326637782,20.0
800374,15.0,14.0,20.0,15.0,14.0,20.0,116237.95665977368,464.95182663909475,20.0
800375,15.0,14.0,22.0,15.0,14.0,22.0,114488.2582176266,457.95303287050643,20.0
800376,15.0,14.0,24.0,15.0,14.0,24.0,113523.11820353703,454.09247281414815,20.0
800377,15.0,14.0,26.0,15.0,14.0,26.0,113357.44245686133,453.42976982744534,20.0
800378,15.0,14.0,28.0,15.0,14.0,28.0,113961.58935374614,455.84635741498454,20.0
800379,15.0,14.0,30.0,15.0,14.0,30.0,115273.11637672759,461.09246550691034,20.0
800380,15.0,14.0,32.0,15.0,14.0,32.0,117211.04637448814,468.8441854979526,20.0
800381,15.0,14.0,34.0,15.0,14.0,34.0,119690.30802743333,478.7612321097333,20.0
800382,15.0,14.0,36.0,15.0,14.0,36.0,122634.0453989918,490.5361815959672,20.0
800383,15.0,14.0,38.0,15.0,14.0,38.0,125982.0532825313,503.9282131301252,20.0
800384,15.0,14.0,40.0,15.0,14.0,40.0,129694.58220539505,518.7783288215802,20.0
800385,15.0,14.0,42.0,15.0,14.0,42.0,133751.90428933417,535.0076171573367,20.0
800386,15.0,14.0,44.0,15.0,14.0,44.0,138150.9735214021,552.6038940856084,20.0
800387,15.0,14.0,46.0,15.0,14.0,46.0,142900.9347716429,571.6037390865716,20.0
800388,15.0,14.0,48.0,15.0,14.0,48.0,148019.03256249963,592.0761302499985,20.0
800389,15.0,14.0,50.0,15.0,14.0,50.0,153527.82799405316,614.1113119762126,20.0
800390,15.0,14.0,52.0,15.0,14.0,52.0,159453.92378858468,637.8156951543388,20.0
800391,15.0,14.0,54.0,15.0,14.0,54.0,165827.95633111868,663.3118253244747,20.0
800392,15.0,14.0,56.0,15.0,14.0,56.0,172685.54298390614,690.7421719356246,20.0
800393,15.0,14.0,58.0,15.0,14.0,58.0,180069.0480547503,720.2761922190012,20.0
800394,15.0,14.0,60.0,15.0,14.0,60.0,188030.26381439876,752.121055257595,20.0
800395,15.0,14.0,62.0,15.0,14.0,62.0,196634.28931373486,786.5371572549394,20.0
800396,15.0,14.0,64.0,15.0,14.0,64.0,205965.01613327165,823.8600645330866,20.0
800397,15.0,14.0,66.0,15.0,14.0,66.0,216132.69372867444,864.5307749146978,20.0
800398,15.0,14.0,68.0,15.0,14.0,68.0,227283.97569011882,909.1359027604753,20.0
800399,15.0,14.0,70.0,15.0,14.0,70.0,239614.4210340303,958.4576841361212,20.0
800400,15.0,14.0,72.0,15.0,14.0,72.0,253382.11713883354,1013.5284685553341,20.0
800401,15.0,14.0,74.0,15.0,14.0,74.0,268917.7551166204,1075.6710204664817,20.0
800402,15.0,14.0,76.0,15.0,14.0,76.0,286618.814309684,1146.4752572387358,20.0
800403,15.0,14.0,78.0,15.0,14.0,78.0,306899.57370532816,1227.5982948213127,20.0
800404,15.0,14.0,80.0,15.0,14.0,80.0,330040.54860211443,1320.1621944084577,20.0
800405,15.0,14.0,82.0,15.0,14.0,82.0,355847.8436117936,1423.3913744471745,20.0
800406,15.0,14.0,84.0,15.0,14.0,84.0,383049.60140841693,1532.1984056336678,20.0
800407,15.0,14.0,86.0,15.0,14.0,86.0,408580.4681876039,1634.3218727504157,20.0
800408,15.0,14.0,88.0,15.0,14.0,88.0,427483.9302147941,1709.9357208591766,20.0
800409,15.0,14.0,90.0,15.0,14.0,90.0,434556.5812191309,1738.2263248765237,20.0
800410,15.0,14.0,92.0,15.0,14.0,92.0,427483.9302147942,1709.9357208591769,20.0
800411,15.0,14.0,94.0,15.0,14.0,94.0,408580.46818760416,1634.3218727504166,20.0
800412,15.0,14.0,96.0,15.0,14.0,96.0,383049.6014084171,1532.1984056336685,20.0
800413,15.0,14.0,98.0,15.0,14.0,98.0,355847.84361179353,1423.3913744471743,20.0
800414,15.0,14.0,100.0,15.0,14.0,100.0,330040.54860211443,1320.1621944084577,20.0
800415,15.0,14.0,102.0,15.0,14.0,102.0,306899.57370532816,1227.5982948213127,20.0
800416,15.0,14.0,104.0,15.0,14.0,104.0,286618.814309684,1146.4752572387358,20.0
800417,15.0,14.0,106.0,15.0,14.0,106.0,268917.75511662045,1075.6710204664819,20.0
800418,15.0,14.0,108.0,15.0,14.0,108.0,253382.1171388336,1013.5284685553344,20.0
800419,15.0,14.0,110.0,15.0,14.0,110.0,239614.4210340303,958.4576841361212,20.0
800420,15.0,14.0,112.0,15.0,14.0,112.0,227283.97569011885,909.1359027604755,20.0
800421,15.0,14.0,114.0,15.0,14.0,114.0,216132.69372867458,864.5307749146983,20.0
800422,15.0,14.0,116.0,15.0,14.0,116.0,205965.0161332716,823.8600645330864,20.0
800423,15.0,14.0,118.0,15.0,14.0,118.0,196634.2893137348,786.5371572549392,20.0
800424,15.0,14.0,120.0,15.0,14.0,120.0,188030.26381439876,752.121055257595,20.0
800425,15.0,14.0,122.0,15.0,14.0,122.0,180069.0480547503,720.2761922190012,20.0
800426,15.0,14.0,124.0,15.0,14.0,124.0,172685.54298390614,690.7421719356246,20.0
800427,15.0,14.0,126.0,15.0,14.0,126.0,165827.95633111868,663.3118253244747,20.0
800428,15.0,14.0,128.0,15.0,14.0,128.0,159453.9237885847,637.8156951543389,20.0
800429,15.0,14.0,130.0,15.0,14.0,130.0,153527.8279940532,614.1113119762128,20.0
800430,15.0,14.0,132.0,15.0,14.0,132.0,148019.03256249966,592.0761302499986,20.0
800431,15.0,14.0,134.0,15.0,14.0,134.0,142900.93477164287,571.6037390865715,20.0
800432,15.0,14.0,136.0,15.0,14.0,136.0,138150.97352140213,552.6038940856085,20.0
800433,15.0,14.0,138.0,15.0,14.0,138.0,133751.90428933417,535.0076171573367,20.0
800434,15.0,14.0,140.0,15.0,14.0,140.0,129694.58220539505,518.7783288215802,20.0
800435,15.0,14.0,142.0,15.0,14.0,142.0,125982.0532825313,503.9282131301252,20.0
800436,15.0,14.0,144.0,15.0,14.0,144.0,122634.0453989918,490.5361815959672,20.0
800437,15.0,14.0,146.0,15.0,14.0,146.0,119690.30802743333,478.7612321097333,20.0
800438,15.0,14.0,148.0,15.0,14.0,148.0,117211.04637448819,468.84418549795276,20.0
800439,15.0,14.0,150.0,15.0,14.0,150.0,115273.1163767276,461.0924655069104,20.0
800440,15.0,14.0,152.0,15.0,14.0,152.0,113961.58935374614,455.84635741498454,20.0
800441,15.0,14.0,154.0,15.0,14.0,154.0,113357.44245686132,453.4297698274453,20.0
800442,15.0,14.0,156.0,15.0,14.0,156.0,113523.11820353703,454.09247281414815,20.0
800443,15.0,14.0,158.0,15.0,14.0,158.0,114488.2582176266,457.95303287050643,20.0
800444,15.0,14.0,160.0,15.0,14.0,160.0,116237.9566597737,464.9518266390948,20.0
800445,15.0,14.0,162.0,15.0,14.0,162.0,118705.45816594457,474.8218326637783,20.0
800446,15.0,14.0,164.0,15.0,14.0,164.0,121770.50066097833,487.0820026439133,20.0
800447,15.0,14.0,166.0,15.0,14.0,166.0,125263.66070035809,501.05464280143235,20.0
800448,15.0,14.0,168.0,15.0,14.0,168.0,128976.25975372407,515.9050390148963,20.0
800449,15.0,14.0,170.0,15.0,14.0,170.0,132674.7450887291,530.6989803549164,20.0
800450,15.0,14.0,172.0,15.0,14.0,172.0,136118.02410707506,544.4720964283002,20.0
800451,15.0,14.0,174.0,15.0,14.0,174.0,139076.01531924636,556.3040612769854,20.0
800452,15.0,14.0,176.0,15.0,14.0,176.0,141347.66075995695,565.3906430398279,20.0
800453,15.0,14.0,178.0,15.0,14.0,178.0,142776.78584578258,571.1071433831303,20.0
800454,15.0,14.0,180.0,15.0,14.0,180.0,143264.45188802478,573.0578075520991,20.0
800455,15.0,16.0,0.0,15.0,16.0,0.0,122101.40900293991,488.40563601175967,20.0
800456,15.0,16.0,2.0,15.0,16.0,2.0,121682.46509077548,486.7298603631019,20.0
800457,15.0,16.0,4.0,15.0,16.0,4.0,120451.01788845724,481.804071553829,20.0
800458,15.0,16.0,6.0,15.0,16.0,6.0,118481.5723195354,473.9262892781416,20.0
800459,15.0,16.0,8.0,15.0,16.0,8.0,115892.90056606595,463.5716022642638,20.0
800460,15.0,16.0,10.0,15.0,16.0,10.0,112840.2643043743,451.3610572174972,20.0
800461,15.0,16.0,12.0,15.0,16.0,12.0,109505.1810478547,438.0207241914188,20.0
800462,15.0,16.0,14.0,15.0,16.0,14.0,106083.39137251164,424.33356549004657,20.0
800463,15.0,16.0,16.0,15.0,16.0,16.0,102771.86199658112,411.0874479863245,20.0
800464,15.0,16.0,18.0,15.0,16.0,18.0,99755.81137946591,399.02324551786364,20.0
800465,15.0,16.0,20.0,15.0,16.0,20.0,97196.84483332912,388.7873793333165,20.0
800466,15.0,16.0,22.0,15.0,16.0,22.0,95223.30349480879,380.89321397923516,20.0
800467,15.0,16.0,24.0,15.0,16.0,24.0,93923.83186476718,375.6953274590687,20.0
800468,15.0,16.0,26.0,15.0,16.0,26.0,93344.92353182676,373.37969412730706,20.0
800469,15.0,16.0,28.0,15.0,16.0,28.0,93492.80291927322,373.97121167709287,20.0
800470,15.0,16.0,30.0,15.0,16.0,30.0,94339.46233506722,377.3578493402689,20.0
800471,15.0,16.0,32.0,15.0,16.0,32.0,95832.0616049797,383.3282464199188,20.0
800472,15.0,16.0,34.0,15.0,16.0,34.0,97904.32304352324,391.617292174093,20.0
800473,15.0,16.0,36.0,15.0,16.0,36.0,100488.16354616413,401.9526541846565,20.0
800474,15.0,16.0,38.0,15.0,16.0,38.0,103523.74385528735,414.0949754211494,20.0
800475,15.0,16.0,40.0,15.0,16.0,40.0,106966.47055276894,427.86588221107576,20.0
800476,15.0,16.0,42.0,15.0,16.0,42.0,110790.22692855942,443.1609077142377,20.0
800477,15.0,16.0,44.0,15.0,16.0,44.0,114987.0487366771,459.9481949467084,20.0
800478,15.0,16.0,46.0,15.0,16.0,46.0,119564.29564213687,478.2571825685475,20.0
800479,15.0,16.0,48.0,15.0,16.0,48.0,124540.79621816438,498.16318487265755,20.0
800480,15.0,16.0,50.0,15.0,16.0,50.0,129943.32549812751,519.77330199251,20.0
800481,15.0,16.0,52.0,15.0,16.0,52.0,135804.23686881686,543.2169474752675,20.0
800482,15.0,16.0,54.0,15.0,16.0,54.0,142160.4463604936,568.6417854419744,20.0
800483,15.0,16.0,56.0,15.0,16.0,56.0,149053.5809847803,596.2143239391212,20.0
800484,15.0,16.0,58.0,15.0,16.0,58.0,156531.06826693867,626.1242730677548,20.0
800485,15.0,16.0,60.0,15.0,16.0,60.0,164648.15228856297,658.5926091542519,20.0
800486,15.0,16.0,62.0,15.0,16.0,62.0,173471.10069029438,693.8844027611775,20.0
800487,15.0,16.0,64.0,15.0,16.0,64.0,183082.129771167,732.3285190846681,20.0
800488,15.0,16.0,66.0,15.0,16.0,66.0,193586.81847287697,774.3472738915079,20.0
800489,15.0,16.0,68.0,15.0,16.0,68.0,205124.99361799797,820.4999744719919,20.0
800490,15.0,16.0,70.0,15.0,16.0,70.0,217886.11331601464,871.5444532640586,20.0
800491,15.0,16.0,72.0,15.0,16.0,72.0,232129.6218250949,928.5184873003795,20.0
800492,15.0,16.0,74.0,15.0,16.0,74.0,248208.4620160274,992.8338480641096,20.0
800493,15.0,16.0,76.0,15.0,16.0,76.0,266587.14783487795,1066.3485913395118,20.0
800494,15.0,16.0,78.0,15.0,16.0,78.0,287828.40325058217,1151.3136130023288,20.0
800495,15.0,16.0,80.0,15.0,16.0,80.0,312483.2915708244,1249.9331662832976,20.0
800496,15.0,16.0,82.0,15.0,16.0,82.0,340749.55917407526,1362.998236696301,20.0
800497,15.0,16.0,84.0,15.0,16.0,84.0,371701.2298973966,1486.8049195895865,20.0
800498,15.0,16.0,86.0,15.0,16.0,86.0,402074.0202856735,1608.296081142694,20.0
800499,15.0,16.0,88.0,15.0,16.0,88.0,425515.5357664348,1702.0621430657393,20.0
800500,15.0,16.0,90.0,15.0,16.0,90.0,434514.1440583134,1738.0565762332535,20.0
800501,15.0,16.0,92.0,15.0,16.0,92.0,425515.5357664349,1702.0621430657397,20.0
800502,15.0,16.0,94.0,15.0,16.0,94.0,402074.02028567373,1608.296081142695,20.0
800503,15.0,16.0,96.0,15.0,16.0,96.0,371701.2298973969,1486.8049195895876,20.0
800504,15.0,16.0,98.0,15.0,16.0,98.0,340749.55917407514,1362.9982366963006,20.0
800505,15.0,16.0,100.0,15.0,16.0,100.0,312483.2915708243,1249.9331662832972,20.0
800506,15.0,16.0,102.0,15.0,16.0,102.0,287828.40325058217,1151.3136130023288,20.0
800507,15.0,16.0,104.0,15.0,16.0,104.0,266587.14783487795,1066.3485913395118,20.0
800508,15.0,16.0,106.0,15.0,16.0,106.0,248208.46201602748,992.8338480641099,20.0
800509,15.0,16.0,108.0,15.0,16.0,108.0,232129.62182509495,928.5184873003798,20.0
800510,15.0,16.0,110.0,15.0,16.0,110.0,217886.1133160147,871.5444532640588,20.0
800511,15.0,16.0,112.0,15.0,16.0,112.0,205124.99361799803,820.4999744719921,20.0
800512,15.0,16.0,114.0,15.0,16.0,114.0,193586.81847287706,774.3472738915083,20.0
800513,15.0,16.0,116.0,15.0,16.0,116.0,183082.12977116695,732.3285190846678,20.0
800514,15.0,16.0,118.0,15.0,16.0,118.0,173471.10069029438,693.8844027611775,20.0
800515,15.0,16.0,120.0,15.0,16.0,120.0,164648.15228856297,658.5926091542519,20.0
800516,15.0,16.0,122.0,15.0,16.0,122.0,156531.06826693867,626.1242730677548,20.0
800517,15.0,16.0,124.0,15.0,16.0,124.0,149053.5809847803,596.2143239391212,20.0
800518,15.0,16.0,126.0,15.0,16.0,126.0,142160.44636049363,568.6417854419745,20.0
800519,15.0,16.0,128.0,15.0,16.0,128.0,135804.23686881686,543.2169474752675,20.0
800520,15.0,16.0,130.0,15.0,16.0,130.0,129943.32549812757,519.7733019925103,20.0
800521,15.0,16.0,132.0,15.0,16.0,132.0,124540.7962181644,498.1631848726576,20.0
800522,15.0,16.0,134.0,15.0,16.0,134.0,119564.29564213681,478.25718256854725,20.0
800523,15.0,16.0,136.0,15.0,16.0,136.0,114987.0487366771,459.9481949467084,20.0
800524,15.0,16.0,138.0,15.0,16.0,138.0,110790.22692855942,443.1609077142377,20.0
800525,15.0,16.0,140.0,15.0,16.0,140.0,106966.47055276894,427.86588221107576,20.0
800526,15.0,16.0,142.0,15.0,16.0,142.0,103523.74385528735,414.0949754211494,20.0
800527,15.0,16.0,144.0,15.0,16.0,144.0,100488.16354616413,401.9526541846565,20.0
800528,15.0,16.0,146.0,15.0,16.0,146.0,97904.32304352324,391.617292174093,20.0
800529,15.0,16.0,148.0,15.0,16.0,148.0,95832.06160497972,383.3282464199189,20.0
800530,15.0,16.0,150.0,15.0,16.0,150.0,94339.46233506725,377.357849340269,20.0
800531,15.0,16.0,152.0,15.0,16.0,152.0,93492.80291927322,373.97121167709287,20.0
800532,15.0,16.0,154.0,15.0,16.0,154.0,93344.92353182673,373.37969412730695,20.0
800533,15.0,16.0,156.0,15.0,16.0,156.0,93923.83186476718,375.6953274590687,20.0
800534,15.0,16.0,158.0,15.0,16.0,158.0,95223.30349480879,380.89321397923516,20.0
800535,15.0,16.0,160.0,15.0,16.0,160.0,97196.84483332915,388.7873793333166,20.0
800536,15.0,16.0,162.0,15.0,16.0,162.0,99755.81137946593,399.0232455178637,20.0
800537,15.0,16.0,164.0,15.0,16.0,164.0,102771.86199658112,411.0874479863245,20.0
800538,15.0,16.0,166.0,15.0,16.0,166.0,106083.39137251164,424.33356549004657,20.0
800539,15.0,16.0,168.0,15.0,16.0,168.0,109505.18104785473,438.02072419141894,20.0
800540,15.0,16.0,170.0,15.0,16.0,170.0,112840.2643043743,451.3610572174972,20.0
800541,15.0,16.0,172.0,15.0,16.0,172.0,115892.90056606595,463.5716022642638,20.0
800542,15.0,16.0,174.0,15.0,16.0,174.0,118481.5723195354,473.9262892781416,20.0
800543,15.0,16.0,176.0,15.0,16.0,176.0,120451.01788845724,481.804071553829,20.0
800544,15.0,16.0,178.0,15.0,16.0,178.0,121682.46509077548,486.7298603631019,20.0
800545,15.0,16.0,180.0,15.0,16.0,180.0,122101.40900293991,488.40563601175967,20.0
800546,20.0,8.0,0.0,20.0,8.0,0.0,189543.59295736233,758.1743718294493,20.0
800547,20.0,8.0,2.0,20.0,8.0,2.0,188736.6077224158,754.9464308896631,20.0
800548,20.0,8.0,4.0,20.0,8.0,4.0,186394.95410861773,745.5798164344709,20.0
800549,20.0,8.0,6.0,20.0,8.0,6.0,182746.11675197518,730.9844670079007,20.0
800550,20.0,8.0,8.0,20.0,8.0,8.0,178136.12457479074,712.5444982991629,20.0
800551,20.0,8.0,10.0,20.0,8.0,10.0,172985.31684781788,691.9412673912716,20.0
800552,20.0,8.0,12.0,20.0,8.0,12.0,167736.38518762248,670.94554075049,20.0
800553,20.0,8.0,14.0,20.0,8.0,14.0,162802.68534148543,651.2107413659418,20.0
800554,20.0,8.0,16.0,20.0,8.0,16.0,158524.58469989977,634.0983387995991,20.0
800555,20.0,8.0,18.0,20.0,8.0,18.0,155140.02834796265,620.5601133918507,20.0
800556,20.0,8.0,20.0,20.0,8.0,20.0,152772.81127796794,611.0912451118718,20.0
800557,20.0,8.0,22.0,20.0,8.0,22.0,151438.72152876484,605.7548861150594,20.0
800558,20.0,8.0,24.0,20.0,8.0,24.0,151066.43219874142,604.2657287949656,20.0
800559,20.0,8.0,26.0,20.0,8.0,26.0,151527.48782626804,606.1099513050722,20.0
800560,20.0,8.0,28.0,20.0,8.0,28.0,152668.54938637605,610.6741975455042,20.0
800561,20.0,8.0,30.0,20.0,8.0,30.0,154339.51904161618,617.3580761664647,20.0
800562,20.0,8.0,32.0,20.0,8.0,32.0,156413.10302644287,625.6524121057715,20.0
800563,20.0,8.0,34.0,20.0,8.0,34.0,158794.17975484888,635.1767190193956,20.0
800564,20.0,8.0,36.0,20.0,8.0,36.0,161420.12879670854,645.6805151868342,20.0
800565,20.0,8.0,38.0,20.0,8.0,38.0,164255.1873038279,657.0207492153116,20.0
800566,20.0,8.0,40.0,20.0,8.0,40.0,167282.45573697094,669.1298229478838,20.0
800567,20.0,8.0,42.0,20.0,8.0,42.0,170496.47168763514,681.9858867505405,20.0
800568,20.0,8.0,44.0,20.0,8.0,44.0,173897.89561070848,695.5915824428339,20.0
800569,20.0,8.0,46.0,20.0,8.0,46.0,177490.53841739087,709.9621536695635,20.0
800570,20.0,8.0,48.0,20.0,8.0,48.0,181280.19717262898,725.120788690516,20.0
800571,20.0,8.0,50.0,20.0,8.0,50.0,185274.6133068187,741.0984532272748,20.0
800572,20.0,8.0,52.0,20.0,8.0,52.0,189484.07921879055,757.9363168751622,20.0
800573,20.0,8.0,54.0,20.0,8.0,54.0,193922.5030178454,775.6900120713816,20.0
800574,20.0,8.0,56.0,20.0,8.0,56.0,198608.94697027194,794.4357878810878,20.0
800575,20.0,8.0,58.0,20.0,8.0,58.0,203569.77624598393,814.2791049839358,20.0
800576,20.0,8.0,60.0,20.0,8.0,60.0,208841.6392454433,835.3665569817732,20.0
800577,20.0,8.0,62.0,20.0,8.0,62.0,214475.58811195812,857.9023524478325,20.0
800578,20.0,8.0,64.0,20.0,8.0,64.0,220542.7533089078,882.1710132356312,20.0
800579,20.0,8.0,66.0,20.0,8.0,66.0,227142.10249241436,908.5684099696574,20.0
800580,20.0,8.0,68.0,20.0,8.0,68.0,234410.89702487504,937.6435880995002,20.0
800581,20.0,8.0,70.0,20.0,8.0,70.0,242538.37159741405,970.1534863896562,20.0
800582,20.0,8.0,72.0,20.0,8.0,72.0,251782.52933672108,1007.1301173468844,20.0
800583,20.0,8.0,74.0,20.0,8.0,74.0,262487.8205640741,1049.9512822562965,20.0
800584,20.0,8.0,76.0,20.0,8.0,76.0,275095.6238619749,1100.3824954478996,20.0
800585,20.0,8.0,78.0,20.0,8.0,78.0,290125.1169464925,1160.5004677859702,20.0
800586,20.0,8.0,80.0,20.0,8.0,80.0,308071.28396835073,1232.2851358734029,20.0
800587,20.0,8.0,82.0,20.0,8.0,82.0,329114.73902313295,1316.458956092532,20.0
800588,20.0,8.0,84.0,20.0,8.0,84.0,352501.90798777406,1410.0076319510963,20.0
800589,20.0,8.0,86.0,20.0,8.0,86.0,375618.48665704136,1502.4739466281655,20.0
800590,20.0,8.0,88.0,20.0,8.0,88.0,393491.0930902276,1573.9643723609104,20.0
800591,20.0,8.0,90.0,20.0,8.0,90.0,400349.0758018848,1601.3963032075392,20.0
800592,20.0,8.0,92.0,20.0,8.0,92.0,393491.09309022763,1573.9643723609106,20.0
800593,20.0,8.0,94.0,20.0,8.0,94.0,375618.48665704153,1502.4739466281662,20.0
800594,20.0,8.0,96.0,20.0,8.0,96.0,352501.9079877743,1410.0076319510972,20.0
800595,20.0,8.0,98.0,20.0,8.0,98.0,329114.73902313295,1316.458956092532,20.0
800596,20.0,8.0,100.0,20.0,8.0,100.0,308071.2839683507,1232.2851358734026,20.0
800597,20.0,8.0,102.0,20.0,8.0,102.0,290125.1169464925,1160.5004677859702,20.0
800598,20.0,8.0,104.0,20.0,8.0,104.0,275095.6238619749,1100.3824954478996,20.0
800599,20.0,8.0,106.0,20.0,8.0,106.0,262487.82056407415,1049.9512822562967,20.0
800600,20.0,8.0,108.0,20.0,8.0,108.0,251782.52933672114,1007.1301173468846,20.0
800601,20.0,8.0,110.0,20.0,8.0,110.0,242538.37159741405,970.1534863896562,20.0
800602,20.0,8.0,112.0,20.0,8.0,112.0,234410.89702487507,937.6435880995003,20.0
800603,20.0,8.0,114.0,20.0,8.0,114.0,227142.1024924144,908.5684099696575,20.0
800604,20.0,8.0,116.0,20.0,8.0,116.0,220542.75330890776,882.1710132356311,20.0
800605,20.0,8.0,118.0,20.0,8.0,118.0,214475.5881119581,857.9023524478324,20.0
800606,20.0,8.0,120.0,20.0,8.0,120.0,208841.6392454433,835.3665569817732,20.0
800607,20.0,8.0,122.0,20.0,8.0,122.0,203569.77624598393,814.2791049839358,20.0
800608,20.0,8.0,124.0,20.0,8.0,124.0,198608.94697027194,794.4357878810878,20.0
800609,20.0,8.0,126.0,20.0,8.0,126.0,193922.50301784542,775.6900120713817,20.0
800610,20.0,8.0,128.0,20.0,8.0,128.0,189484.07921879063,757.9363168751626,20.0
800611,20.0,8.0,130.0,20.0,8.0,130.0,185274.61330681873,741.098453227275,20.0
800612,20.0,8.0,132.0,20.0,8.0,132.0,181280.19717262898,725.120788690516,20.0
800613,20.0,8.0,134.0,20.0,8.0,134.0,177490.53841739087,709.9621536695635,20.0
800614,20.0,8.0,136.0,20.0,8.0,136.0,173897.8956107085,695.591582442834,20.0
800615,20.0,8.0,138.0,20.0,8.0,138.0,170496.47168763514,681.9858867505405,20.0
800616,20.0,8.0,140.0,20.0,8.0,140.0,167282.45573697094,669.1298229478838,20.0
800617,20.0,8.0,142.0,20.0,8.0,142.0,164255.1873038279,657.0207492153116,20.0
800618,20.0,8.0,144.0,20.0,8.0,144.0,161420.12879670848,645.680515186834,20.0
800619,20.0,8.0,146.0,20.0,8.0,146.0,158794.17975484888,635.1767190193956,20.0
800620,20.0,8.0,148.0,20.0,8.0,148.0,156413.10302644287,625.6524121057715,20.0
800621,20.0,8.0,150.0,20.0,8.0,150.0,154339.51904161618,617.3580761664647,20.0
800622,20.0,8.0,152.0,20.0,8.0,152.0,152668.54938637605,610.6741975455042,20.0
800623,20.0,8.0,154.0,20.0,8.0,154.0,151527.48782626798,606.109951305072,20.0
800624,20.0,8.0,156.0,20.0,8.0,156.0,151066.43219874142,604.2657287949656,20.0
800625,20.0,8.0,158.0,20.0,8.0,158.0,151438.72152876484,605.7548861150594,20.0
800626,20.0,8.0,160.0,20.0,8.0,160.0,152772.81127796796,611.0912451118719,20.0
800627,20.0,8.0,162.0,20.0,8.0,162.0,155140.02834796265,620.5601133918507,20.0
800628,20.0,8.0,164.0,20.0,8.0,164.0,158524.58469989977,634.0983387995991,20.0
800629,20.0,8.0,166.0,20.0,8.0,166.0,162802.68534148543,651.2107413659418,20.0
800630,20.0,8.0,168.0,20.0,8.0,168.0,167736.38518762248,670.94554075049,20.0
800631,20.0,8.0,170.0,20.0,8.0,170.0,172985.31684781788,691.9412673912716,20.0
800632,20.0,8.0,172.0,20.0,8.0,172.0,178136.12457479074,712.5444982991629,20.0
800633,20.0,8.0,174.0,20.0,8.0,174.0,182746.11675197518,730.9844670079007,20.0
800634,20.0,8.0,176.0,20.0,8.0,176.0,186394.95410861773,745.5798164344709,20.0
800635,20.0,8.0,178.0,20.0,8.0,178.0,188736.6077224158,754.9464308896631,20.0
800636,20.0,8.0,180.0,20.0,8.0,180.0,189543.59295736233,758.1743718294493,20.0
800637,20.0,10.0,0.0,20.0,10.0,0.0,163685.21244393333,654.7408497757333,20.0
800638,20.0,10.0,2.0,20.0,10.0,2.0,163017.5056067352,652.0700224269409,20.0
800639,20.0,10.0,4.0,20.0,10.0,4.0,161071.71843525424,644.286873741017,20.0
800640,20.0,10.0,6.0,20.0,10.0,6.0,158013.56878034864,632.0542751213945,20.0
800641,20.0,10.0,8.0,20.0,10.0,8.0,154099.09412133705,616.3963764853482,20.0
800642,20.0,10.0,10.0,20.0,10.0,10.0,149647.06014718625,598.588240588745,20.0
800643,20.0,10.0,12.0,20.0,10.0,12.0,145005.3119897979,580.0212479591916,20.0
800644,20.0,10.0,14.0,20.0,10.0,14.0,140515.33124043111,562.0613249617245,20.0
800645,20.0,10.0,16.0,20.0,10.0,16.0,136479.50954062282,545.9180381624913,20.0
800646,20.0,10.0,18.0,20.0,10.0,18.0,133135.27445156322,532.5410978062529,20.0
800647,20.0,10.0,20.0,20.0,10.0,20.0,130639.20407217875,522.556816288715,20.0
800648,20.0,10.0,22.0,20.0,10.0,22.0,129062.7402909248,516.2509611636992,20.0
800649,20.0,10.0,24.0,20.0,10.0,24.0,128399.26458390107,513.5970583356043,20.0
800650,20.0,10.0,26.0,20.0,10.0,26.0,128580.4451731694,514.3217806926776,20.0
800651,20.0,10.0,28.0,20.0,10.0,28.0,129498.27092653385,517.9930837061354,20.0
800652,20.0,10.0,30.0,20.0,10.0,30.0,131028.40795569804,524.1136318227922,20.0
800653,20.0,10.0,32.0,20.0,10.0,32.0,133050.67716972428,532.2027086788971,20.0
800654,20.0,10.0,34.0,20.0,10.0,34.0,135463.55480787772,541.8542192315109,20.0
800655,20.0,10.0,36.0,20.0,10.0,36.0,138191.36204179574,552.765448167183,20.0
800656,20.0,10.0,38.0,20.0,10.0,38.0,141184.7179162117,564.7388716648468,20.0
800657,20.0,10.0,40.0,20.0,10.0,40.0,144416.29382850198,577.6651753140079,20.0
800658,20.0,10.0,42.0,20.0,10.0,42.0,147874.50239328036,591.4980095731214,20.0
800659,20.0,10.0,44.0,20.0,10.0,44.0,151557.41411622838,606.2296564649135,20.0
800660,20.0,10.0,46.0,20.0,10.0,46.0,155468.24758686192,621.8729903474477,20.0
800661,20.0,10.0,48.0,20.0,10.0,48.0,159612.75370010672,638.451014800427,20.0
800662,20.0,10.0,50.0,20.0,10.0,50.0,163998.1470357306,655.9925881429224,20.0
800663,20.0,10.0,52.0,20.0,10.0,52.0,168633.0574724686,674.5322298898743,20.0
800664,20.0,10.0,54.0,20.0,10.0,54.0,173528.12904071558,694.1125161628623,20.0
800665,20.0,10.0,56.0,20.0,10.0,56.0,178697.14369396347,714.7885747758539,20.0
800666,20.0,10.0,58.0,20.0,10.0,58.0,184158.75294879248,736.6350117951699,20.0
800667,20.0,10.0,60.0,20.0,10.0,60.0,189939.04583869898,759.7561833547959,20.0
800668,20.0,10.0,62.0,20.0,10.0,62.0,196075.31278750725,784.301251150029,20.0
800669,20.0,10.0,64.0,20.0,10.0,64.0,202621.52611959432,810.4861044783772,20.0
800670,20.0,10.0,66.0,20.0,10.0,66.0,209656.27533949973,838.6251013579989,20.0
800671,20.0,10.0,68.0,20.0,10.0,68.0,217294.17380559797,869.1766952223919,20.0
800672,20.0,10.0,70.0,20.0,10.0,70.0,225702.04358139672,902.808174325587,20.0
800673,20.0,10.0,72.0,20.0,10.0,72.0,235121.26695815497,940.4850678326198,20.0
800674,20.0,10.0,74.0,20.0,10.0,74.0,245896.84025005353,983.5873610002142,20.0
800675,20.0,10.0,76.0,20.0,10.0,76.0,258509.74762107397,1034.038990484296,20.0
800676,20.0,10.0,78.0,20.0,10.0,78.0,273596.5610051372,1094.386244020549,20.0
800677,20.0,10.0,80.0,20.0,10.0,80.0,291905.0501164846,1167.6202004659383,20.0
800678,20.0,10.0,82.0,20.0,10.0,82.0,314052.9080451081,1256.2116321804324,20.0
800679,20.0,10.0,84.0,20.0,10.0,84.0,339825.04297754855,1359.3001719101942,20.0
800680,20.0,10.0,86.0,20.0,10.0,86.0,366763.582337724,1467.054329350896,20.0
800681,20.0,10.0,88.0,20.0,10.0,88.0,388744.9665271972,1554.9798661087889,20.0
800682,20.0,10.0,90.0,20.0,10.0,90.0,397472.91529523744,1589.8916611809498,20.0
800683,20.0,10.0,92.0,20.0,10.0,92.0,388744.96652719734,1554.9798661087893,20.0
800684,20.0,10.0,94.0,20.0,10.0,94.0,366763.5823377243,1467.0543293508972,20.0
800685,20.0,10.0,96.0,20.0,10.0,96.0,339825.0429775487,1359.3001719101949,20.0
800686,20.0,10.0,98.0,20.0,10.0,98.0,314052.90804510796,1256.211632180432,20.0
800687,20.0,10.0,100.0,20.0,10.0,100.0,291905.0501164845,1167.620200465938,20.0
800688,20.0,10.0,102.0,20.0,10.0,102.0,273596.5610051371,1094.3862440205485,20.0
800689,20.0,10.0,104.0,20.0,10.0,104.0,258509.74762107397,1034.038990484296,20.0
800690,20.0,10.0,106.0,20.0,10.0,106.0,245896.8402500536,983.5873610002144,20.0
800691,20.0,10.0,108.0,20.0,10.0,108.0,235121.26695815503,940.4850678326202,20.0
800692,20.0,10.0,110.0,20.0,10.0,110.0,225702.04358139675,902.8081743255871,20.0
800693,20.0,10.0,112.0,20.0,10.0,112.0,217294.173805598,869.176695222392,20.0
800694,20.0,10.0,114.0,20.0,10.0,114.0,209656.27533949984,838.6251013579994,20.0
800695,20.0,10.0,116.0,20.0,10.0,116.0,202621.5261195943,810.4861044783771,20.0
800696,20.0,10.0,118.0,20.0,10.0,118.0,196075.31278750725,784.301251150029,20.0
800697,20.0,10.0,120.0,20.0,10.0,120.0,189939.04583869898,759.7561833547959,20.0
800698,20.0,10.0,122.0,20.0,10.0,122.0,184158.75294879248,736.6350117951699,20.0
800699,20.0,10.0,124.0,20.0,10.0,124.0,178697.14369396347,714.7885747758539,20.0
800700,20.0,10.0,126.0,20.0,10.0,126.0,173528.1290407156,694.1125161628624,20.0
800701,20.0,10.0,128.0,20.0,10.0,128.0,168633.05747246862,674.5322298898744,20.0
800702,20.0,10.0,130.0,20.0,10.0,130.0,163998.14703573068,655.9925881429227,20.0
800703,20.0,10.0,132.0,20.0,10.0,132.0,159612.75370010672,638.451014800427,20.0
800704,20.0,10.0,134.0,20.0,10.0,134.0,155468.2475868619,621.8729903474476,20.0
800705,20.0,10.0,136.0,20.0,10.0,136.0,151557.4141162284,606.2296564649137,20.0
800706,20.0,10.0,138.0,20.0,10.0,138.0,147874.50239328036,591.4980095731214,20.0
800707,20.0,10.0,140.0,20.0,10.0,140.0,144416.29382850198,577.6651753140079,20.0
800708,20.0,10.0,142.0,20.0,10.0,142.0,141184.7179162117,564.7388716648468,20.0
800709,20.0,10.0,144.0,20.0,10.0,144.0,138191.36204179574,552.765448167183,20.0
800710,20.0,10.0,146.0,20.0,10.0,146.0,135463.5548078777,541.8542192315108,20.0
800711,20.0,10.0,148.0,20.0,10.0,148.0,133050.67716972428,532.2027086788971,20.0
800712,20.0,10.0,150.0,20.0,10.0,150.0,131028.40795569804,524.1136318227922,20.0
800713,20.0,10.0,152.0,20.0,10.0,152.0,129498.27092653385,517.9930837061354,20.0
800714,20.0,10.0,154.0,20.0,10.0,154.0,128580.44517316938,514.3217806926775,20.0
800715,20.0,10.0,156.0,20.0,10.0,156.0,128399.26458390107,513.5970583356043,20.0
800716,20.0,10.0,158.0,20.0,10.0,158.0,129062.7402909248,516.2509611636992,20.0
800717,20.0,10.0,160.0,20.0,10.0,160.0,130639.20407217878,522.5568162887151,20.0
800718,20.0,10.0,162.0,20.0,10.0,162.0,133135.27445156325,532.541097806253,20.0
800719,20.0,10.0,164.0,20.0,10.0,164.0,136479.50954062282,545.9180381624913,20.0
800720,20.0,10.0,166.0,20.0,10.0,166.0,140515.33124043111,562.0613249617245,20.0
800721,20.0,10.0,168.0,20.0,10.0,168.0,145005.31198979792,580.0212479591917,20.0
800722,20.0,10.0,170.0,20.0,10.0,170.0,149647.06014718625,598.588240588745,20.0
800723,20.0,10.0,172.0,20.0,10.0,172.0,154099.09412133705,616.3963764853482,20.0
800724,20.0,10.0,174.0,20.0,10.0,174.0,158013.56878034864,632.0542751213945,20.0
800725,20.0,10.0,176.0,20.0,10.0,176.0,161071.71843525424,644.286873741017,20.0
800726,20.0,10.0,178.0,20.0,10.0,178.0,163017.5056067352,652.0700224269409,20.0
800727,20.0,10.0,180.0,20.0,10.0,180.0,163685.21244393333,654.7408497757333,20.0
800728,20.0,12.0,0.0,20.0,12.0,0.0,140338.33165687296,561.3533266274918,20.0
800729,20.0,12.0,2.0,20.0,12.0,2.0,139777.1423068739,559.1085692274955,20.0
800730,20.0,12.0,4.0,20.0,12.0,4.0,138135.65446500783,552.5426178600313,20.0
800731,20.0,12.0,6.0,20.0,12.0,6.0,135536.27483416477,542.1450993366591,20.0
800732,20.0,12.0,8.0,20.0,12.0,8.0,132170.60690134275,528.682427605371,20.0
800733,20.0,12.0,10.0,20.0,12.0,10.0,128282.1153790243,513.1284615160972,20.0
800734,20.0,12.0,12.0,20.0,12.0,12.0,124144.31251383522,496.57725005534087,20.0
800735,20.0,12.0,14.0,20.0,12.0,14.0,120036.69428082864,480.14677712331456,20.0
800736,20.0,12.0,16.0,20.0,12.0,16.0,116220.95710251755,464.88382841007024,20.0
800737,20.0,12.0,18.0,20.0,12.0,18.0,112920.07236733858,451.6802894693543,20.0
800738,20.0,12.0,20.0,20.0,12.0,20.0,110302.54018214188,441.21016072856753,20.0
800739,20.0,12.0,22.0,20.0,12.0,22.0,108473.56573947908,433.89426295791634,20.0
800740,20.0,12.0,24.0,20.0,12.0,24.0,107474.02643181781,429.8961057272712,20.0
800741,20.0,12.0,26.0,20.0,12.0,26.0,107287.01165943503,429.1480466377401,20.0
800742,20.0,12.0,28.0,20.0,12.0,28.0,107850.57516206063,431.40230064824254,20.0
800743,20.0,12.0,30.0,20.0,12.0,30.0,109074.35465635985,436.29741862543943,20.0
800744,20.0,12.0,32.0,20.0,12.0,32.0,110857.11958650807,443.42847834603225,20.0
800745,20.0,12.0,34.0,20.0,12.0,34.0,113102.29556613896,452.40918226455585,20.0
800746,20.0,12.0,36.0,20.0,12.0,36.0,115729.15168295654,462.91660673182616,20.0
800747,20.0,12.0,38.0,20.0,12.0,38.0,118678.5052731668,474.71402109266717,20.0
800748,20.0,12.0,40.0,20.0,12.0,40.0,121913.18395668248,487.6527358267299,20.0
800749,20.0,12.0,42.0,20.0,12.0,42.0,125414.6592194203,501.6586368776812,20.0
800750,20.0,12.0,44.0,20.0,12.0,44.0,129177.85456690384,516.7114182676154,20.0
800751,20.0,12.0,46.0,20.0,12.0,46.0,133205.99325081063,532.8239730032425,20.0
800752,20.0,12.0,48.0,20.0,12.0,48.0,137506.66410529907,550.0266564211963,20.0
800753,20.0,12.0,50.0,20.0,12.0,50.0,142089.4524847837,568.3578099391348,20.0
800754,20.0,12.0,52.0,20.0,12.0,52.0,146964.89733194222,587.859589327769,20.0
800755,20.0,12.0,54.0,20.0,12.0,54.0,152144.3566150535,608.5774264602139,20.0
800756,20.0,12.0,56.0,20.0,12.0,56.0,157640.4943813676,630.5619775254704,20.0
800757,20.0,12.0,58.0,20.0,12.0,58.0,163468.34315514448,653.8733726205779,20.0
800758,20.0,12.0,60.0,20.0,12.0,60.0,169647.11604819255,678.5884641927702,20.0
800759,20.0,12.0,62.0,20.0,12.0,62.0,176203.13372630937,704.8125349052375,20.0
800760,20.0,12.0,64.0,20.0,12.0,64.0,183174.44607248637,732.6977842899455,20.0
800761,20.0,12.0,66.0,20.0,12.0,66.0,190618.0295797986,762.4721183191945,20.0
800762,20.0,12.0,68.0,20.0,12.0,68.0,198620.8879598447,794.4835518393788,20.0
800763,20.0,12.0,70.0,20.0,12.0,70.0,207317.02702350385,829.2681080940154,20.0
800764,20.0,12.0,72.0,20.0,12.0,72.0,216913.10637535778,867.6524255014311,20.0
800765,20.0,12.0,74.0,20.0,12.0,74.0,227726.28655424342,910.9051462169737,20.0
800766,20.0,12.0,76.0,20.0,12.0,76.0,240236.98690425666,960.9479476170267,20.0
800767,20.0,12.0,78.0,20.0,12.0,78.0,255151.87037020325,1020.607481480813,20.0
800768,20.0,12.0,80.0,20.0,12.0,80.0,273442.20325312024,1093.768813012481,20.0
800769,20.0,12.0,82.0,20.0,12.0,82.0,296225.6895529766,1184.9027582119063,20.0
800770,20.0,12.0,84.0,20.0,12.0,84.0,324115.2110932117,1296.4608443728469,20.0
800771,20.0,12.0,86.0,20.0,12.0,86.0,355335.02837667806,1421.3401135067122,20.0
800772,20.0,12.0,88.0,20.0,12.0,88.0,382702.4389505993,1530.8097558023971,20.0
800773,20.0,12.0,90.0,20.0,12.0,90.0,394103.0900081139,1576.4123600324556,20.0
800774,20.0,12.0,92.0,20.0,12.0,92.0,382702.43895059935,1530.8097558023974,20.0
800775,20.0,12.0,94.0,20.0,12.0,94.0,355335.02837667824,1421.340113506713,20.0
800776,20.0,12.0,96.0,20.0,12.0,96.0,324115.2110932119,1296.4608443728475,20.0
800777,20.0,12.0,98.0,20.0,12.0,98.0,296225.6895529764,1184.9027582119056,20.0
800778,20.0,12.0,100.0,20.0,12.0,100.0,273442.2032531202,1093.7688130124807,20.0
800779,20.0,12.0,102.0,20.0,12.0,102.0,255151.87037020325,1020.607481480813,20.0
800780,20.0,12.0,104.0,20.0,12.0,104.0,240236.98690425666,960.9479476170267,20.0
800781,20.0,12.0,106.0,20.0,12.0,106.0,227726.2865542435,910.905146216974,20.0
800782,20.0,12.0,108.0,20.0,12.0,108.0,216913.10637535786,867.6524255014315,20.0
800783,20.0,12.0,110.0,20.0,12.0,110.0,207317.02702350385,829.2681080940154,20.0
800784,20.0,12.0,112.0,20.0,12.0,112.0,198620.88795984478,794.4835518393792,20.0
800785,20.0,12.0,114.0,20.0,12.0,114.0,190618.0295797987,762.4721183191948,20.0
800786,20.0,12.0,116.0,20.0,12.0,116.0,183174.44607248635,732.6977842899454,20.0
800787,20.0,12.0,118.0,20.0,12.0,118.0,176203.13372630932,704.8125349052373,20.0
800788,20.0,12.0,120.0,20.0,12.0,120.0,169647.11604819255,678.5884641927702,20.0
800789,20.0,12.0,122.0,20.0,12.0,122.0,163468.34315514448,653.8733726205779,20.0
800790,20.0,12.0,124.0,20.0,12.0,124.0,157640.4943813676,630.5619775254704,20.0
800791,20.0,12.0,126.0,20.0,12.0,126.0,152144.35661505352,608.577426460214,20.0
800792,20.0,12.0,128.0,20.0,12.0,128.0,146964.89733194222,587.859589327769,20.0
800793,20.0,12.0,130.0,20.0,12.0,130.0,142089.45248478375,568.357809939135,20.0
800794,20.0,12.0,132.0,20.0,12.0,132.0,137506.6641052991,550.0266564211964,20.0
800795,20.0,12.0,134.0,20.0,12.0,134.0,133205.99325081063,532.8239730032425,20.0
800796,20.0,12.0,136.0,20.0,12.0,136.0,129177.85456690387,516.7114182676155,20.0
800797,20.0,12.0,138.0,20.0,12.0,138.0,125414.6592194203,501.6586368776812,20.0
800798,20.0,12.0,140.0,20.0,12.0,140.0,121913.18395668248,487.6527358267299,20.0
800799,20.0,12.0,142.0,20.0,12.0,142.0,118678.5052731668,474.71402109266717,20.0
800800,20.0,12.0,144.0,20.0,12.0,144.0,115729.15168295654,462.91660673182616,20.0
800801,20.0,12.0,146.0,20.0,12.0,146.0,113102.29556613896,452.40918226455585,20.0
800802,20.0,12.0,148.0,20.0,12.0,148.0,110857.11958650808,443.4284783460323,20.0
800803,20.0,12.0,150.0,20.0,12.0,150.0,109074.35465635985,436.29741862543943,20.0
800804,20.0,12.0,152.0,20.0,12.0,152.0,107850.57516206063,431.40230064824254,20.0
800805,20.0,12.0,154.0,20.0,12.0,154.0,107287.01165943503,429.1480466377401,20.0
800806,20.0,12.0,156.0,20.0,12.0,156.0,107474.02643181781,429.8961057272712,20.0
800807,20.0,12.0,158.0,20.0,12.0,158.0,108473.56573947908,433.89426295791634,20.0
800808,20.0,12.0,160.0,20.0,12.0,160.0,110302.54018214191,441.21016072856764,20.0
800809,20.0,12.0,162.0,20.0,12.0,162.0,112920.0723673386,451.68028946935436,20.0
800810,20.0,12.0,164.0,20.0,12.0,164.0,116220.95710251755,464.88382841007024,20.0
800811,20.0,12.0,166.0,20.0,12.0,166.0,120036.69428082864,480.14677712331456,20.0
800812,20.0,12.0,168.0,20.0,12.0,168.0,124144.31251383525,496.577250055341,20.0
800813,20.0,12.0,170.0,20.0,12.0,170.0,128282.1153790243,513.1284615160972,20.0
800814,20.0,12.0,172.0,20.0,12.0,172.0,132170.60690134275,528.682427605371,20.0
800815,20.0,12.0,174.0,20.0,12.0,174.0,135536.27483416477,542.1450993366591,20.0
800816,20.0,12.0,176.0,20.0,12.0,176.0,138135.65446500783,552.5426178600313,20.0
800817,20.0,12.0,178.0,20.0,12.0,178.0,139777.1423068739,559.1085692274955,20.0
800818,20.0,12.0,180.0,20.0,12.0,180.0,140338.33165687296,561.3533266274918,20.0
800819,20.0,14.0,0.0,20.0,14.0,0.0,119468.0076070265,477.87203042810603,20.0
800820,20.0,14.0,2.0,20.0,14.0,2.0,118988.86439078837,475.95545756315346,20.0
800821,20.0,14.0,4.0,20.0,14.0,4.0,117582.70468536964,470.33081874147854,20.0
800822,20.0,14.0,6.0,20.0,14.0,6.0,115340.98247750777,461.3639299100311,20.0
800823,20.0,14.0,8.0,20.0,14.0,8.0,112408.43979014667,449.6337591605867,20.0
800824,20.0,14.0,10.0,20.0,14.0,10.0,108972.18058627777,435.8887223451111,20.0
800825,20.0,14.0,12.0,20.0,14.0,12.0,105247.54795151568,420.99019180606274,20.0
800826,20.0,14.0,14.0,20.0,14.0,14.0,101461.93011998913,405.84772047995654,20.0
800827,20.0,14.0,16.0,20.0,14.0,16.0,97837.85875764288,391.35143503057157,20.0
800828,20.0,14.0,18.0,20.0,14.0,18.0,94576.91510466726,378.30766041866906,20.0
800829,20.0,14.0,20.0,20.0,14.0,20.0,91845.98870461204,367.38395481844816,20.0
800830,20.0,14.0,22.0,20.0,14.0,22.0,89767.30155328533,359.06920621314134,20.0
800831,20.0,14.0,24.0,20.0,14.0,24.0,88413.2887314125,353.65315492564997,20.0
800832,20.0,14.0,26.0,20.0,14.0,26.0,87806.90863566534,351.22763454266135,20.0
800833,20.0,14.0,28.0,20.0,14.0,28.0,87927.27316756149,351.709092670246,20.0
800834,20.0,14.0,30.0,20.0,14.0,30.0,88719.72197270796,354.8788878908319,20.0
800835,20.0,14.0,32.0,20.0,14.0,32.0,90108.74842792859,360.43499371171436,20.0
800836,20.0,14.0,34.0,20.0,14.0,34.0,92011.68774716077,368.0467509886431,20.0
800837,20.0,14.0,36.0,20.0,14.0,36.0,94350.96379786152,377.4038551914461,20.0
800838,20.0,14.0,38.0,20.0,14.0,38.0,97063.0589322376,388.25223572895044,20.0
800839,20.0,14.0,40.0,20.0,14.0,40.0,100103.18674446689,400.4127469778676,20.0
800840,20.0,14.0,42.0,20.0,14.0,42.0,103445.71210816047,413.7828484326419,20.0
800841,20.0,14.0,44.0,20.0,14.0,44.0,107081.34746269457,428.32538985077827,20.0
800842,20.0,14.0,46.0,20.0,14.0,46.0,111012.72189077055,444.0508875630822,20.0
800843,20.0,14.0,48.0,20.0,14.0,48.0,115249.89109756902,460.9995643902761,20.0
800844,20.0,14.0,50.0,20.0,14.0,50.0,119806.82549010306,479.22730196041226,20.0
800845,20.0,14.0,52.0,20.0,14.0,52.0,124699.20662880952,498.7968265152381,20.0
800846,20.0,14.0,54.0,20.0,14.0,54.0,129943.34029755591,519.7733611902237,20.0
800847,20.0,14.0,56.0,20.0,14.0,56.0,135555.8336245003,542.2233344980011,20.0
800848,20.0,14.0,58.0,20.0,14.0,58.0,141553.81652610685,566.2152661044274,20.0
800849,20.0,14.0,60.0,20.0,14.0,60.0,147955.7378549801,591.8229514199204,20.0
800850,20.0,14.0,62.0,20.0,14.0,62.0,154783.02226940315,619.1320890776126,20.0
800851,20.0,14.0,64.0,20.0,14.0,64.0,162063.14328841827,648.2525731536731,20.0
800852,20.0,14.0,66.0,20.0,14.0,66.0,169835.03138183587,679.3401255273435,20.0
800853,20.0,14.0,68.0,20.0,14.0,68.0,178158.30257351813,712.6332102940726,20.0
800854,20.0,14.0,70.0,20.0,14.0,70.0,187128.7090342808,748.5148361371232,20.0
800855,20.0,14.0,72.0,20.0,14.0,72.0,196903.6839430583,787.6147357722332,20.0
800856,20.0,14.0,74.0,20.0,14.0,74.0,207744.09356979054,830.9763742791622,20.0
800857,20.0,14.0,76.0,20.0,14.0,76.0,220081.1311748292,880.3245246993168,20.0
800858,20.0,14.0,78.0,20.0,14.0,78.0,234618.14605349724,938.472584213989,20.0
800859,20.0,14.0,80.0,20.0,14.0,80.0,252463.26861641064,1009.8530744656426,20.0
800860,20.0,14.0,82.0,20.0,14.0,82.0,275208.35885748453,1100.8334354299382,20.0
800861,20.0,14.0,84.0,20.0,14.0,84.0,304555.41655995534,1218.2216662398214,20.0
800862,20.0,14.0,86.0,20.0,14.0,86.0,340249.53787015204,1360.9981514806082,20.0
800863,20.0,14.0,88.0,20.0,14.0,88.0,374721.3721924738,1498.8854887698951,20.0
800864,20.0,14.0,90.0,20.0,14.0,90.0,390120.0444082743,1560.4801776330971,20.0
800865,20.0,14.0,92.0,20.0,14.0,92.0,374721.3721924739,1498.8854887698956,20.0
800866,20.0,14.0,94.0,20.0,14.0,94.0,340249.5378701523,1360.998151480609,20.0
800867,20.0,14.0,96.0,20.0,14.0,96.0,304555.4165599556,1218.2216662398225,20.0
800868,20.0,14.0,98.0,20.0,14.0,98.0,275208.3588574845,1100.833435429938,20.0
800869,20.0,14.0,100.0,20.0,14.0,100.0,252463.26861641053,1009.8530744656422,20.0
800870,20.0,14.0,102.0,20.0,14.0,102.0,234618.14605349724,938.472584213989,20.0
800871,20.0,14.0,104.0,20.0,14.0,104.0,220081.1311748292,880.3245246993168,20.0
800872,20.0,14.0,106.0,20.0,14.0,106.0,207744.09356979054,830.9763742791622,20.0
800873,20.0,14.0,108.0,20.0,14.0,108.0,196903.68394305833,787.6147357722333,20.0
800874,20.0,14.0,110.0,20.0,14.0,110.0,187128.7090342808,748.5148361371232,20.0
800875,20.0,14.0,112.0,20.0,14.0,112.0,178158.3025735182,712.6332102940728,20.0
800876,20.0,14.0,114.0,20.0,14.0,114.0,169835.03138183593,679.3401255273437,20.0
800877,20.0,14.0,116.0,20.0,14.0,116.0,162063.14328841824,648.252573153673,20.0
800878,20.0,14.0,118.0,20.0,14.0,118.0,154783.02226940313,619.1320890776125,20.0
800879,20.0,14.0,120.0,20.0,14.0,120.0,147955.7378549801,591.8229514199204,20.0
800880,20.0,14.0,122.0,20.0,14.0,122.0,141553.81652610685,566.2152661044274,20.0
800881,20.0,14.0,124.0,20.0,14.0,124.0,135555.8336245003,542.2233344980011,20.0
800882,20.0,14.0,126.0,20.0,14.0,126.0,129943.34029755594,519.7733611902238,20.0
800883,20.0,14.0,128.0,20.0,14.0,128.0,124699.20662880955,498.7968265152382,20.0
800884,20.0,14.0,130.0,20.0,14.0,130.0,119806.82549010309,479.2273019604124,20.0
800885,20.0,14.0,132.0,20.0,14.0,132.0,115249.89109756904,460.99956439027613,20.0
800886,20.0,14.0,134.0,20.0,14.0,134.0,111012.72189077052,444.0508875630821,20.0
800887,20.0,14.0,136.0,20.0,14.0,136.0,107081.34746269461,428.32538985077844,20.0
800888,20.0,14.0,138.0,20.0,14.0,138.0,103445.71210816047,413.7828484326419,20.0
800889,20.0,14.0,140.0,20.0,14.0,140.0,100103.18674446689,400.4127469778676,20.0
800890,20.0,14.0,142.0,20.0,14.0,142.0,97063.0589322376,388.25223572895044,20.0
800891,20.0,14.0,144.0,20.0,14.0,144.0,94350.96379786152,377.4038551914461,20.0
800892,20.0,14.0,146.0,20.0,14.0,146.0,92011.68774716076,368.04675098864305,20.0
800893,20.0,14.0,148.0,20.0,14.0,148.0,90108.74842792861,360.43499371171447,20.0
800894,20.0,14.0,150.0,20.0,14.0,150.0,88719.721972708,354.878887890832,20.0
800895,20.0,14.0,152.0,20.0,14.0,152.0,87927.27316756149,351.709092670246,20.0
800896,20.0,14.0,154.0,20.0,14.0,154.0,87806.90863566533,351.2276345426613,20.0
800897,20.0,14.0,156.0,20.0,14.0,156.0,88413.2887314125,353.65315492564997,20.0
800898,20.0,14.0,158.0,20.0,14.0,158.0,89767.30155328533,359.06920621314134,20.0
800899,20.0,14.0,160.0,20.0,14.0,160.0,91845.98870461206,367.3839548184482,20.0
800900,20.0,14.0,162.0,20.0,14.0,162.0,94576.91510466729,378.3076604186692,20.0
800901,20.0,14.0,164.0,20.0,14.0,164.0,97837.85875764288,391.35143503057157,20.0
800902,20.0,14.0,166.0,20.0,14.0,166.0,101461.93011998913,405.84772047995654,20.0
800903,20.0,14.0,168.0,20.0,14.0,168.0,105247.54795151569,420.9901918060628,20.0
800904,20.0,14.0,170.0,20.0,14.0,170.0,108972.18058627777,435.8887223451111,20.0
800905,20.0,14.0,172.0,20.0,14.0,172.0,112408.43979014667,449.6337591605867,20.0
800906,20.0,14.0,174.0,20.0,14.0,174.0,115340.98247750777,461.3639299100311,20.0
800907,20.0,14.0,176.0,20.0,14.0,176.0,117582.70468536964,470.33081874147854,20.0
800908,20.0,14.0,178.0,20.0,14.0,178.0,118988.86439078837,475.95545756315346,20.0
800909,20.0,14.0,180.0,20.0,14.0,180.0,119468.0076070265,477.87203042810603,20.0
800910,20.0,16.0,0.0,20.0,16.0,0.0,101046.63992209718,404.18655968838874,20.0
800911,20.0,16.0,2.0,20.0,16.0,2.0,100631.24251431563,402.5249700572625,20.0
800912,20.0,16.0,4.0,20.0,16.0,4.0,99408.51465326104,397.63405861304415,20.0
800913,20.0,16.0,6.0,20.0,16.0,6.0,97447.40075042295,389.78960300169183,20.0
800914,20.0,16.0,8.0,20.0,16.0,8.0,94858.05266686447,379.4322106674579,20.0
800915,20.0,16.0,10.0,20.0,16.0,10.0,91784.95551152622,367.1398220461049,20.0
800916,20.0,16.0,12.0,20.0,16.0,12.0,88397.8280827237,353.5913123308948,20.0
800917,20.0,16.0,14.0,20.0,16.0,14.0,84880.8328560731,339.5233314242924,20.0
800918,20.0,16.0,16.0,20.0,16.0,16.0,81420.78818542357,325.6831527416943,20.0
800919,20.0,16.0,18.0,20.0,16.0,18.0,78195.21957076462,312.7808782830585,20.0
800920,20.0,16.0,20.0,20.0,16.0,20.0,75361.19679297999,301.4447871719199,20.0
800921,20.0,16.0,22.0,20.0,16.0,22.0,73045.9513085323,292.1838052341292,20.0
800922,20.0,16.0,24.0,20.0,16.0,24.0,71340.2208858461,285.3608835433844,20.0
800923,20.0,16.0,26.0,20.0,16.0,26.0,70295.09503289706,281.18038013158827,20.0
800924,20.0,16.0,28.0,20.0,16.0,28.0,69922.8158553238,279.6912634212952,20.0
800925,20.0,16.0,30.0,20.0,16.0,30.0,70201.52970279114,280.8061188111646,20.0
800926,20.0,16.0,32.0,20.0,16.0,32.0,71083.42834484285,284.3337133793714,20.0
800927,20.0,16.0,34.0,20.0,16.0,34.0,72505.15368370518,290.02061473482075,20.0
800928,20.0,16.0,36.0,20.0,16.0,36.0,74398.89774099794,297.59559096399175,20.0
800929,20.0,16.0,38.0,20.0,16.0,38.0,76702.4558914386,306.8098235657544,20.0
800930,20.0,16.0,40.0,20.0,16.0,40.0,79366.6979280457,317.46679171218284,20.0
800931,20.0,16.0,42.0,20.0,16.0,42.0,82359.52311323259,329.43809245293033,20.0
800932,20.0,16.0,44.0,20.0,16.0,44.0,85666.23102860547,342.66492411442186,20.0
800933,20.0,16.0,46.0,20.0,16.0,46.0,89287.10117695718,357.1484047078287,20.0
800934,20.0,16.0,48.0,20.0,16.0,48.0,93233.51737209625,372.934069488385,20.0
800935,20.0,16.0,50.0,20.0,16.0,50.0,97523.99731092906,390.09598924371625,20.0
800936,20.0,16.0,52.0,20.0,16.0,52.0,102181.03914632002,408.72415658528007,20.0
800937,20.0,16.0,54.0,20.0,16.0,54.0,107229.06130280561,428.9162452112225,20.0
800938,20.0,16.0,56.0,20.0,16.0,56.0,112693.23573423477,450.7729429369391,20.0
800939,20.0,16.0,58.0,20.0,16.0,58.0,118598.8795707608,474.3955182830432,20.0
800940,20.0,16.0,60.0,20.0,16.0,60.0,124971.21860320863,499.88487441283456,20.0
800941,20.0,16.0,62.0,20.0,16.0,62.0,131835.60744620764,527.3424297848305,20.0
800942,20.0,16.0,64.0,20.0,16.0,64.0,139218.6003307875,556.87440132315,20.0
800943,20.0,16.0,66.0,20.0,16.0,66.0,147150.66046476868,588.6026418590748,20.0
800944,20.0,16.0,68.0,20.0,16.0,68.0,155671.91381729938,622.6876552691975,20.0
800945,20.0,16.0,70.0,20.0,16.0,70.0,164843.4141556856,659.3736566227425,20.0
800946,20.0,16.0,72.0,20.0,16.0,72.0,174768.26150253584,699.0730460101433,20.0
800947,20.0,16.0,74.0,20.0,16.0,74.0,185630.2739517863,742.5210958071452,20.0
800948,20.0,16.0,76.0,20.0,16.0,76.0,197763.86316835336,791.0554526734135,20.0
800949,20.0,16.0,78.0,20.0,16.0,78.0,211778.44250163902,847.1137700065561,20.0
800950,20.0,16.0,80.0,20.0,16.0,80.0,228770.84620857396,915.0833848342959,20.0
800951,20.0,16.0,82.0,20.0,16.0,82.0,250635.75064681665,1002.5430025872666,20.0
800952,20.0,16.0,84.0,20.0,16.0,84.0,280232.82758903684,1120.9313103561474,20.0
800953,20.0,16.0,86.0,20.0,16.0,86.0,319903.3285134523,1279.6133140538093,20.0
800954,20.0,16.0,88.0,20.0,16.0,88.0,363653.87342997815,1454.6154937199126,20.0
800955,20.0,16.0,90.0,20.0,16.0,90.0,385384.75915731996,1541.53903662928,20.0
800956,20.0,16.0,92.0,20.0,16.0,92.0,363653.8734299784,1454.6154937199135,20.0
800957,20.0,16.0,94.0,20.0,16.0,94.0,319903.32851345255,1279.6133140538102,20.0
800958,20.0,16.0,96.0,20.0,16.0,96.0,280232.82758903713,1120.9313103561485,20.0
800959,20.0,16.0,98.0,20.0,16.0,98.0,250635.75064681657,1002.5430025872663,20.0
800960,20.0,16.0,100.0,20.0,16.0,100.0,228770.84620857393,915.0833848342958,20.0
800961,20.0,16.0,102.0,20.0,16.0,102.0,211778.44250163902,847.1137700065561,20.0
800962,20.0,16.0,104.0,20.0,16.0,104.0,197763.86316835336,791.0554526734135,20.0
800963,20.0,16.0,106.0,20.0,16.0,106.0,185630.27395178634,742.5210958071453,20.0
800964,20.0,16.0,108.0,20.0,16.0,108.0,174768.2615025359,699.0730460101436,20.0
800965,20.0,16.0,110.0,20.0,16.0,110.0,164843.41415568563,659.3736566227426,20.0
800966,20.0,16.0,112.0,20.0,16.0,112.0,155671.9138172994,622.6876552691976,20.0
800967,20.0,16.0,114.0,20.0,16.0,114.0,147150.6604647687,588.6026418590749,20.0
800968,20.0,16.0,116.0,20.0,16.0,116.0,139218.60033078745,556.8744013231498,20.0
800969,20.0,16.0,118.0,20.0,16.0,118.0,131835.60744620764,527.3424297848305,20.0
800970,20.0,16.0,120.0,20.0,16.0,120.0,124971.21860320863,499.88487441283456,20.0
800971,20.0,16.0,122.0,20.0,16.0,122.0,118598.8795707608,474.3955182830432,20.0
800972,20.0,16.0,124.0,20.0,16.0,124.0,112693.23573423477,450.7729429369391,20.0
800973,20.0,16.0,126.0,20.0,16.0,126.0,107229.06130280567,428.9162452112227,20.0
800974,20.0,16.0,128.0,20.0,16.0,128.0,102181.03914632008,408.7241565852803,20.0
800975,20.0,16.0,130.0,20.0,16.0,130.0,97523.9973109291,390.0959892437164,20.0
800976,20.0,16.0,132.0,20.0,16.0,132.0,93233.51737209625,372.934069488385,20.0
800977,20.0,16.0,134.0,20.0,16.0,134.0,89287.10117695715,357.1484047078286,20.0
800978,20.0,16.0,136.0,20.0,16.0,136.0,85666.23102860549,342.6649241144219,20.0
800979,20.0,16.0,138.0,20.0,16.0,138.0,82359.52311323259,329.43809245293033,20.0
800980,20.0,16.0,140.0,20.0,16.0,140.0,79366.6979280457,317.46679171218284,20.0
800981,20.0,16.0,142.0,20.0,16.0,142.0,76702.4558914386,306.8098235657544,20.0
800982,20.0,16.0,144.0,20.0,16.0,144.0,74398.89774099794,297.59559096399175,20.0
800983,20.0,16.0,146.0,20.0,16.0,146.0,72505.15368370518,290.02061473482075,20.0
800984,20.0,16.0,148.0,20.0,16.0,148.0,71083.42834484286,284.33371337937143,20.0
800985,20.0,16.0,150.0,20.0,16.0,150.0,70201.52970279114,280.8061188111646,20.0
800986,20.0,16.0,152.0,20.0,16.0,152.0,69922.8158553238,279.6912634212952,20.0
800987,20.0,16.0,154.0,20.0,16.0,154.0,70295.09503289704,281.18038013158815,20.0
800988,20.0,16.0,156.0,20.0,16.0,156.0,71340.2208858461,285.3608835433844,20.0
800989,20.0,16.0,158.0,20.0,16.0,158.0,73045.9513085323,292.1838052341292,20.0
800990,20.0,16.0,160.0,20.0,16.0,160.0,75361.19679298,301.44478717192,20.0
800991,20.0,16.0,162.0,20.0,16.0,162.0,78195.21957076462,312.7808782830585,20.0
800992,20.0,16.0,164.0,20.0,16.0,164.0,81420.78818542357,325.6831527416943,20.0
800993,20.0,16.0,166.0,20.0,16.0,166.0,84880.8328560731,339.5233314242924,20.0
800994,20.0,16.0,168.0,20.0,16.0,168.0,88397.82808272372,353.5913123308949,20.0
800995,20.0,16.0,170.0,20.0,16.0,170.0,91784.95551152622,367.1398220461049,20.0
800996,20.0,16.0,172.0,20.0,16.0,172.0,94858.05266686447,379.4322106674579,20.0
800997,20.0,16.0,174.0,20.0,16.0,174.0,97447.40075042295,389.78960300169183,20.0
800998,20.0,16.0,176.0,20.0,16.0,176.0,99408.51465326104,397.63405861304415,20.0
800999,20.0,16.0,178.0,20.0,16.0,178.0,100631.24251431563,402.5249700572625,20.0
801000,20.0,16.0,180.0,20.0,16.0,180.0,101046.63992209718,404.18655968838874,20.0
801001,25.0,8.0,0.0,25.0,8.0,0.0,165700.92775872318,662.8037110348927,20.0
801002,25.0,8.0,2.0,25.0,8.0,2.0,165264.70630356862,661.0588252142745,20.0
801003,25.0,8.0,4.0,25.0,8.0,4.0,163987.06537327133,655.9482614930853,20.0
801004,25.0,8.0,6.0,25.0,8.0,6.0,161958.43850541045,647.8337540216418,20.0
801005,25.0,8.0,8.0,25.0,8.0,8.0,159320.98820003663,637.2839528001465,20.0
801006,25.0,8.0,10.0,25.0,8.0,10.0,156256.55573899156,625.0262229559663,20.0
801007,25.0,8.0,12.0,25.0,8.0,12.0,152971.32541614748,611.8853016645899,20.0
801008,25.0,8.0,14.0,25.0,8.0,14.0,149678.62662303488,598.7145064921395,20.0
801009,25.0,8.0,16.0,25.0,8.0,16.0,146581.5337319139,586.3261349276556,20.0
801010,25.0,8.0,18.0,25.0,8.0,18.0,143857.0175381142,575.4280701524567,20.0
801011,25.0,8.0,20.0,25.0,8.0,20.0,141643.3151215522,566.5732604862088,20.0
801012,25.0,8.0,22.0,25.0,8.0,22.0,140031.8893900495,560.127557560198,20.0
801013,25.0,8.0,24.0,25.0,8.0,24.0,139064.83984476986,556.2593593790795,20.0
801014,25.0,8.0,26.0,25.0,8.0,26.0,138737.93336263666,554.9517334505466,20.0
801015,25.0,8.0,28.0,25.0,8.0,28.0,139008.62695363615,556.0345078145447,20.0
801016,25.0,8.0,30.0,25.0,8.0,30.0,139807.68249366895,559.2307299746758,20.0
801017,25.0,8.0,32.0,25.0,8.0,32.0,141052.3911303091,564.2095645212363,20.0
801018,25.0,8.0,34.0,25.0,8.0,34.0,142659.19715261462,570.6367886104586,20.0
801019,25.0,8.0,36.0,25.0,8.0,36.0,144553.74701304338,578.2149880521736,20.0
801020,25.0,8.0,38.0,25.0,8.0,38.0,146677.08282875887,586.7083313150355,20.0
801021,25.0,8.0,40.0,25.0,8.0,40.0,148987.6929825088,595.9507719300352,20.0
801022,25.0,8.0,42.0,25.0,8.0,42.0,151460.13587006132,605.8405434802453,20.0
801023,25.0,8.0,44.0,25.0,8.0,44.0,154081.64080118324,616.326563204733,20.0
801024,25.0,8.0,46.0,25.0,8.0,46.0,156848.24635720006,627.3929854288002,20.0
801025,25.0,8.0,48.0,25.0,8.0,48.0,159761.67449712832,639.0466979885133,20.0
801026,25.0,8.0,50.0,25.0,8.0,50.0,162827.5051367989,651.3100205471956,20.0
801027,25.0,8.0,52.0,25.0,8.0,52.0,166054.64830219408,664.2185932087764,20.0
801028,25.0,8.0,54.0,25.0,8.0,54.0,169455.83507742695,677.8233403097078,20.0
801029,25.0,8.0,56.0,25.0,8.0,56.0,173048.87160606845,692.1954864242738,20.0
801030,25.0,8.0,58.0,25.0,8.0,58.0,176858.57819379086,707.4343127751634,20.0
801031,25.0,8.0,60.0,25.0,8.0,60.0,180919.52718193212,723.6781087277285,20.0
801032,25.0,8.0,62.0,25.0,8.0,62.0,185279.85017514453,741.1194007005781,20.0
801033,25.0,8.0,64.0,25.0,8.0,64.0,190006.52844282624,760.026113771305,20.0
801034,25.0,8.0,66.0,25.0,8.0,66.0,195192.738201689,780.770952806756,20.0
801035,25.0,8.0,68.0,25.0,8.0,68.0,200967.98822770533,803.8719529108213,20.0
801036,25.0,8.0,70.0,25.0,8.0,70.0,207511.87458494748,830.04749833979,20.0
801037,25.0,8.0,72.0,25.0,8.0,72.0,215072.00168787866,860.2880067515147,20.0
801038,25.0,8.0,74.0,25.0,8.0,74.0,223985.17990602241,895.9407196240896,20.0
801039,25.0,8.0,76.0,25.0,8.0,76.0,234696.3252048352,938.7853008193408,20.0
801040,25.0,8.0,78.0,25.0,8.0,78.0,247756.5933970399,991.0263735881596,20.0
801041,25.0,8.0,80.0,25.0,8.0,80.0,263751.1422092806,1055.0045688371224,20.0
801042,25.0,8.0,82.0,25.0,8.0,82.0,283045.15747241274,1132.180629889651,20.0
801043,25.0,8.0,84.0,25.0,8.0,84.0,305165.02011478104,1220.6600804591242,20.0
801044,25.0,8.0,86.0,25.0,8.0,86.0,327737.26441803254,1310.9490576721303,20.0
801045,25.0,8.0,88.0,25.0,8.0,88.0,345682.91927414906,1382.7316770965963,20.0
801046,25.0,8.0,90.0,25.0,8.0,90.0,352685.812616964,1410.743250467856,20.0
801047,25.0,8.0,92.0,25.0,8.0,92.0,345682.9192741491,1382.7316770965965,20.0
801048,25.0,8.0,94.0,25.0,8.0,94.0,327737.2644180327,1310.949057672131,20.0
801049,25.0,8.0,96.0,25.0,8.0,96.0,305165.0201147813,1220.660080459125,20.0
801050,25.0,8.0,98.0,25.0,8.0,98.0,283045.1574724126,1132.1806298896506,20.0
801051,25.0,8.0,100.0,25.0,8.0,100.0,263751.1422092805,1055.0045688371222,20.0
801052,25.0,8.0,102.0,25.0,8.0,102.0,247756.5933970399,991.0263735881596,20.0
801053,25.0,8.0,104.0,25.0,8.0,104.0,234696.3252048352,938.7853008193408,20.0
801054,25.0,8.0,106.0,25.0,8.0,106.0,223985.17990602241,895.9407196240896,20.0
801055,25.0,8.0,108.0,25.0,8.0,108.0,215072.0016878787,860.2880067515149,20.0
801056,25.0,8.0,110.0,25.0,8.0,110.0,207511.87458494748,830.04749833979,20.0
801057,25.0,8.0,112.0,25.0,8.0,112.0,200967.98822770535,803.8719529108214,20.0
801058,25.0,8.0,114.0,25.0,8.0,114.0,195192.73820168903,780.7709528067561,20.0
801059,25.0,8.0,116.0,25.0,8.0,116.0,190006.52844282624,760.026113771305,20.0
801060,25.0,8.0,118.0,25.0,8.0,118.0,185279.85017514453,741.1194007005781,20.0
801061,25.0,8.0,120.0,25.0,8.0,120.0,180919.52718193212,723.6781087277285,20.0
801062,25.0,8.0,122.0,25.0,8.0,122.0,176858.57819379086,707.4343127751634,20.0
801063,25.0,8.0,124.0,25.0,8.0,124.0,173048.87160606845,692.1954864242738,20.0
801064,25.0,8.0,126.0,25.0,8.0,126.0,169455.83507742695,677.8233403097078,20.0
801065,25.0,8.0,128.0,25.0,8.0,128.0,166054.64830219408,664.2185932087764,20.0
801066,25.0,8.0,130.0,25.0,8.0,130.0,162827.50513679892,651.3100205471957,20.0
801067,25.0,8.0,132.0,25.0,8.0,132.0,159761.67449712832,639.0466979885133,20.0
801068,25.0,8.0,134.0,25.0,8.0,134.0,156848.2463572,627.3929854288,20.0
801069,25.0,8.0,136.0,25.0,8.0,136.0,154081.64080118324,616.326563204733,20.0
801070,25.0,8.0,138.0,25.0,8.0,138.0,151460.13587006132,605.8405434802453,20.0
801071,25.0,8.0,140.0,25.0,8.0,140.0,148987.6929825088,595.9507719300352,20.0
801072,25.0,8.0,142.0,25.0,8.0,142.0,146677.08282875887,586.7083313150355,20.0
801073,25.0,8.0,144.0,25.0,8.0,144.0,144553.74701304335,578.2149880521735,20.0
801074,25.0,8.0,146.0,25.0,8.0,146.0,142659.1971526146,570.6367886104584,20.0
801075,25.0,8.0,148.0,25.0,8.0,148.0,141052.3911303091,564.2095645212363,20.0
801076,25.0,8.0,150.0,25.0,8.0,150.0,139807.68249366895,559.2307299746758,20.0
801077,25.0,8.0,152.0,25.0,8.0,152.0,139008.62695363615,556.0345078145447,20.0
801078,25.0,8.0,154.0,25.0,8.0,154.0,138737.9333626366,554.9517334505464,20.0
801079,25.0,8.0,156.0,25.0,8.0,156.0,139064.83984476986,556.2593593790795,20.0
801080,25.0,8.0,158.0,25.0,8.0,158.0,140031.8893900495,560.127557560198,20.0
801081,25.0,8.0,160.0,25.0,8.0,160.0,141643.3151215522,566.5732604862088,20.0
801082,25.0,8.0,162.0,25.0,8.0,162.0,143857.01753811422,575.4280701524569,20.0
801083,25.0,8.0,164.0,25.0,8.0,164.0,146581.5337319139,586.3261349276556,20.0
801084,25.0,8.0,166.0,25.0,8.0,166.0,149678.62662303488,598.7145064921395,20.0
801085,25.0,8.0,168.0,25.0,8.0,168.0,152971.3254161475,611.8853016645901,20.0
801086,25.0,8.0,170.0,25.0,8.0,170.0,156256.55573899156,625.0262229559663,20.0
801087,25.0,8.0,172.0,25.0,8.0,172.0,159320.98820003663,637.2839528001465,20.0
801088,25.0,8.0,174.0,25.0,8.0,174.0,161958.43850541045,647.8337540216418,20.0
801089,25.0,8.0,176.0,25.0,8.0,176.0,163987.06537327133,655.9482614930853,20.0
801090,25.0,8.0,178.0,25.0,8.0,178.0,165264.70630356862,661.0588252142745,20.0
801091,25.0,8.0,180.0,25.0,8.0,180.0,165700.92775872318,662.8037110348927,20.0
801092,25.0,10.0,0.0,25.0,10.0,0.0,141607.59681055893,566.4303872422357,20.0
801093,25.0,10.0,2.0,25.0,10.0,2.0,141239.47704308914,564.9579081723566,20.0
801094,25.0,10.0,4.0,25.0,10.0,4.0,140158.40061672745,560.6336024669098,20.0
801095,25.0,10.0,6.0,25.0,10.0,6.0,138432.58403615715,553.7303361446286,20.0
801096,25.0,10.0,8.0,25.0,10.0,8.0,136170.38483514547,544.6815393405818,20.0
801097,25.0,10.0,10.0,25.0,10.0,10.0,133512.6591522788,534.0506366091151,20.0
801098,25.0,10.0,12.0,25.0,10.0,12.0,130622.7837418734,522.4911349674936,20.0
801099,25.0,10.0,14.0,25.0,10.0,14.0,127675.0506665953,510.7002026663812,20.0
801100,25.0,10.0,16.0,25.0,10.0,16.0,124842.31517349025,499.369260693961,20.0
801101,25.0,10.0,18.0,25.0,10.0,18.0,122283.90874980782,489.1356349992313,20.0
801102,25.0,10.0,20.0,25.0,10.0,20.0,120134.89445044624,480.53957780178496,20.0
801103,25.0,10.0,22.0,25.0,10.0,22.0,118497.71056651026,473.99084226604106,20.0
801104,25.0,10.0,24.0,25.0,10.0,24.0,117437.09324436758,469.74837297747035,20.0
801105,25.0,10.0,26.0,25.0,10.0,26.0,116978.87061811253,467.91548247245015,20.0
801106,25.0,10.0,28.0,25.0,10.0,28.0,117112.78386262637,468.4511354505055,20.0
801107,25.0,10.0,30.0,25.0,10.0,30.0,117798.95126356136,471.19580505424545,20.0
801108,25.0,10.0,32.0,25.0,10.0,32.0,118977.0281065194,475.9081124260776,20.0
801109,25.0,10.0,34.0,25.0,10.0,34.0,120576.64440991399,482.306577639656,20.0
801110,25.0,10.0,36.0,25.0,10.0,36.0,122527.45884782872,490.1098353913149,20.0
801111,25.0,10.0,38.0,25.0,10.0,38.0,124767.26284889145,499.0690513955658,20.0
801112,25.0,10.0,40.0,25.0,10.0,40.0,127247.03984906292,508.98815939625166,20.0
801113,25.0,10.0,42.0,25.0,10.0,42.0,129932.64474279436,519.7305789711775,20.0
801114,25.0,10.0,44.0,25.0,10.0,44.0,132803.6032274483,531.2144129097932,20.0
801115,25.0,10.0,46.0,25.0,10.0,46.0,135850.15935254947,543.4006374101979,20.0
801116,25.0,10.0,48.0,25.0,10.0,48.0,139069.90032559552,556.279601302382,20.0
801117,25.0,10.0,50.0,25.0,10.0,50.0,142465.02586209134,569.8601034483654,20.0
801118,25.0,10.0,52.0,25.0,10.0,52.0,146040.7951869011,584.1631807476043,20.0
801119,25.0,10.0,54.0,25.0,10.0,54.0,149805.183709836,599.220734839344,20.0
801120,25.0,10.0,56.0,25.0,10.0,56.0,153769.53943301356,615.0781577320543,20.0
801121,25.0,10.0,58.0,25.0,10.0,58.0,157950.0695067077,631.8002780268308,20.0
801122,25.0,10.0,60.0,25.0,10.0,60.0,162370.181834107,649.480727336428,20.0
801123,25.0,10.0,62.0,25.0,10.0,62.0,167063.9284127619,668.2557136510476,20.0
801124,25.0,10.0,64.0,25.0,10.0,64.0,172081.01314343183,688.3240525737274,20.0
801125,25.0,10.0,66.0,25.0,10.0,66.0,177494.07565117726,709.9763026047091,20.0
801126,25.0,10.0,68.0,25.0,10.0,68.0,183409.2927010115,733.637170804046,20.0
801127,25.0,10.0,70.0,25.0,10.0,70.0,189981.7613784209,759.9270455136837,20.0
801128,25.0,10.0,72.0,25.0,10.0,72.0,197437.535789844,789.750143159376,20.0
801129,25.0,10.0,74.0,25.0,10.0,74.0,206104.08823671995,824.4163529468798,20.0
801130,25.0,10.0,76.0,25.0,10.0,76.0,216448.66466535983,865.7946586614394,20.0
801131,25.0,10.0,78.0,25.0,10.0,78.0,229114.3494364646,916.4573977458584,20.0
801132,25.0,10.0,80.0,25.0,10.0,80.0,244912.57631063065,979.6503052425227,20.0
801133,25.0,10.0,82.0,25.0,10.0,82.0,264646.9734502399,1058.5878938009598,20.0
801134,25.0,10.0,84.0,25.0,10.0,84.0,288473.32444038,1153.89329776152,20.0
801135,25.0,10.0,86.0,25.0,10.0,86.0,314392.2525319098,1257.569010127639,20.0
801136,25.0,10.0,88.0,25.0,10.0,88.0,336337.4172540218,1345.3496690160873,20.0
801137,25.0,10.0,90.0,25.0,10.0,90.0,345255.9894169596,1381.0239576678384,20.0
801138,25.0,10.0,92.0,25.0,10.0,92.0,336337.4172540219,1345.3496690160878,20.0
801139,25.0,10.0,94.0,25.0,10.0,94.0,314392.25253191,1257.56901012764,20.0
801140,25.0,10.0,96.0,25.0,10.0,96.0,288473.32444038015,1153.8932977615207,20.0
801141,25.0,10.0,98.0,25.0,10.0,98.0,264646.97345023986,1058.5878938009594,20.0
801142,25.0,10.0,100.0,25.0,10.0,100.0,244912.57631063063,979.6503052425226,20.0
801143,25.0,10.0,102.0,25.0,10.0,102.0,229114.3494364646,916.4573977458584,20.0
801144,25.0,10.0,104.0,25.0,10.0,104.0,216448.66466535983,865.7946586614394,20.0
801145,25.0,10.0,106.0,25.0,10.0,106.0,206104.08823671998,824.4163529468799,20.0
801146,25.0,10.0,108.0,25.0,10.0,108.0,197437.53578984403,789.7501431593761,20.0
801147,25.0,10.0,110.0,25.0,10.0,110.0,189981.76137842092,759.9270455136838,20.0
801148,25.0,10.0,112.0,25.0,10.0,112.0,183409.2927010115,733.637170804046,20.0
801149,25.0,10.0,114.0,25.0,10.0,114.0,177494.07565117732,709.9763026047093,20.0
801150,25.0,10.0,116.0,25.0,10.0,116.0,172081.0131434318,688.3240525737273,20.0
801151,25.0,10.0,118.0,25.0,10.0,118.0,167063.92841276186,668.2557136510475,20.0
801152,25.0,10.0,120.0,25.0,10.0,120.0,162370.181834107,649.480727336428,20.0
801153,25.0,10.0,122.0,25.0,10.0,122.0,157950.0695067077,631.8002780268308,20.0
801154,25.0,10.0,124.0,25.0,10.0,124.0,153769.53943301356,615.0781577320543,20.0
801155,25.0,10.0,126.0,25.0,10.0,126.0,149805.183709836,599.2207348393441,20.0
801156,25.0,10.0,128.0,25.0,10.0,128.0,146040.79518690112,584.1631807476044,20.0
801157,25.0,10.0,130.0,25.0,10.0,130.0,142465.02586209137,569.8601034483655,20.0
801158,25.0,10.0,132.0,25.0,10.0,132.0,139069.90032559552,556.279601302382,20.0
801159,25.0,10.0,134.0,25.0,10.0,134.0,135850.15935254944,543.4006374101978,20.0
801160,25.0,10.0,136.0,25.0,10.0,136.0,132803.6032274483,531.2144129097932,20.0
801161,25.0,10.0,138.0,25.0,10.0,138.0,129932.64474279436,519.7305789711775,20.0
801162,25.0,10.0,140.0,25.0,10.0,140.0,127247.03984906292,508.98815939625166,20.0
801163,25.0,10.0,142.0,25.0,10.0,142.0,124767.26284889145,499.0690513955658,20.0
801164,25.0,10.0,144.0,25.0,10.0,144.0,122527.45884782872,490.1098353913149,20.0
801165,25.0,10.0,146.0,25.0,10.0,146.0,120576.64440991396,482.30657763965587,20.0
801166,25.0,10.0,148.0,25.0,10.0,148.0,118977.02810651943,475.9081124260777,20.0
801167,25.0,10.0,150.0,25.0,10.0,150.0,117798.95126356138,471.1958050542455,20.0
801168,25.0,10.0,152.0,25.0,10.0,152.0,117112.78386262637,468.4511354505055,20.0
801169,25.0,10.0,154.0,25.0,10.0,154.0,116978.87061811252,467.9154824724501,20.0
801170,25.0,10.0,156.0,25.0,10.0,156.0,117437.09324436758,469.74837297747035,20.0
801171,25.0,10.0,158.0,25.0,10.0,158.0,118497.71056651026,473.99084226604106,20.0
801172,25.0,10.0,160.0,25.0,10.0,160.0,120134.89445044627,480.5395778017851,20.0
801173,25.0,10.0,162.0,25.0,10.0,162.0,122283.90874980784,489.1356349992314,20.0
801174,25.0,10.0,164.0,25.0,10.0,164.0,124842.31517349025,499.369260693961,20.0
801175,25.0,10.0,166.0,25.0,10.0,166.0,127675.0506665953,510.7002026663812,20.0
801176,25.0,10.0,168.0,25.0,10.0,168.0,130622.78374187343,522.4911349674937,20.0
801177,25.0,10.0,170.0,25.0,10.0,170.0,133512.6591522788,534.0506366091151,20.0
801178,25.0,10.0,172.0,25.0,10.0,172.0,136170.38483514547,544.6815393405818,20.0
801179,25.0,10.0,174.0,25.0,10.0,174.0,138432.58403615715,553.7303361446286,20.0
801180,25.0,10.0,176.0,25.0,10.0,176.0,140158.40061672745,560.6336024669098,20.0
801181,25.0,10.0,178.0,25.0,10.0,178.0,141239.47704308914,564.9579081723566,20.0
801182,25.0,10.0,180.0,25.0,10.0,180.0,141607.59681055893,566.4303872422357,20.0
801183,25.0,12.0,0.0,25.0,12.0,0.0,119909.84007211801,479.63936028847206,20.0
801184,25.0,12.0,2.0,25.0,12.0,2.0,119593.65736254516,478.37462945018063,20.0
801185,25.0,12.0,4.0,25.0,12.0,4.0,118662.75957854185,474.6510383141674,20.0
801186,25.0,12.0,6.0,25.0,12.0,6.0,117169.08981685435,468.6763592674174,20.0
801187,25.0,12.0,8.0,25.0,12.0,8.0,115195.90241055573,460.7836096422229,20.0
801188,25.0,12.0,10.0,25.0,12.0,10.0,112852.9371447604,451.4117485790416,20.0
801189,25.0,12.0,12.0,25.0,12.0,12.0,110269.97208485732,441.07988833942926,20.0
801190,25.0,12.0,14.0,25.0,12.0,14.0,107589.08003870977,430.35632015483907,20.0
801191,25.0,12.0,16.0,25.0,12.0,16.0,104956.02281477679,419.82409125910715,20.0
801192,25.0,12.0,18.0,25.0,12.0,18.0,102511.32703199492,410.0453081279797,20.0
801193,25.0,12.0,20.0,25.0,12.0,20.0,100381.68265106794,401.52673060427173,20.0
801194,25.0,12.0,22.0,25.0,12.0,22.0,98672.37153224982,394.68948612899925,20.0
801195,25.0,12.0,24.0,25.0,12.0,24.0,97461.44363346916,389.84577453387664,20.0
801196,25.0,12.0,26.0,25.0,12.0,26.0,96796.28616665825,387.185144666633,20.0
801197,25.0,12.0,28.0,25.0,12.0,28.0,96693.05327830027,386.7722131132011,20.0
801198,25.0,12.0,30.0,25.0,12.0,30.0,97139.13096563079,388.55652386252314,20.0
801199,25.0,12.0,32.0,25.0,12.0,32.0,98098.41885958632,392.3936754383453,20.0
801200,25.0,12.0,34.0,25.0,12.0,34.0,99518.76681022876,398.075067240915,20.0
801201,25.0,12.0,36.0,25.0,12.0,36.0,101340.49768804647,405.3619907521859,20.0
801202,25.0,12.0,38.0,25.0,12.0,38.0,103504.69377886818,414.01877511547275,20.0
801203,25.0,12.0,40.0,25.0,12.0,40.0,105959.93486798667,423.8397394719467,20.0
801204,25.0,12.0,42.0,25.0,12.0,42.0,108666.51190398098,434.6660476159239,20.0
801205,25.0,12.0,44.0,25.0,12.0,44.0,111597.75788538161,446.39103154152644,20.0
801206,25.0,12.0,46.0,25.0,12.0,46.0,114738.86806529586,458.95547226118344,20.0
801207,25.0,12.0,48.0,25.0,12.0,48.0,118084.17024905267,472.33668099621065,20.0
801208,25.0,12.0,50.0,25.0,12.0,50.0,121634.02637353865,486.53610549415464,20.0
801209,25.0,12.0,52.0,25.0,12.0,52.0,125392.33677584151,501.56934710336606,20.0
801210,25.0,12.0,54.0,25.0,12.0,54.0,129365.14110209887,517.4605644083955,20.0
801211,25.0,12.0,56.0,25.0,12.0,56.0,133560.35847174202,534.241433886968,20.0
801212,25.0,12.0,58.0,25.0,12.0,58.0,137988.51103121712,551.9540441248685,20.0
801213,25.0,12.0,60.0,25.0,12.0,60.0,142664.3549461663,570.6574197846652,20.0
801214,25.0,12.0,62.0,25.0,12.0,62.0,147609.57843540376,590.438313741615,20.0
801215,25.0,12.0,64.0,25.0,12.0,64.0,152857.00881808327,611.4280352723331,20.0
801216,25.0,12.0,66.0,25.0,12.0,66.0,158457.09810236085,633.8283924094434,20.0
801217,25.0,12.0,68.0,25.0,12.0,68.0,164487.9103303282,657.9516413213128,20.0
801218,25.0,12.0,70.0,25.0,12.0,70.0,171070.52402390182,684.2820960956072,20.0
801219,25.0,12.0,72.0,25.0,12.0,72.0,178392.78954996623,713.571158199865,20.0
801220,25.0,12.0,74.0,25.0,12.0,74.0,186745.70063172115,746.9828025268846,20.0
801221,25.0,12.0,76.0,25.0,12.0,76.0,196577.48451701767,786.3099380680707,20.0
801222,25.0,12.0,78.0,25.0,12.0,78.0,208567.23140972096,834.2689256388838,20.0
801223,25.0,12.0,80.0,25.0,12.0,80.0,223698.62042114118,894.7944816845647,20.0
801224,25.0,12.0,82.0,25.0,12.0,82.0,243229.9199949147,972.9196799796588,20.0
801225,25.0,12.0,84.0,25.0,12.0,84.0,268196.7184286904,1072.7868737147617,20.0
801226,25.0,12.0,86.0,25.0,12.0,86.0,297580.9414589554,1190.3237658358216,20.0
801227,25.0,12.0,88.0,25.0,12.0,88.0,324654.9314809522,1298.6197259238088,20.0
801228,25.0,12.0,90.0,25.0,12.0,90.0,336314.3771178064,1345.2575084712257,20.0
801229,25.0,12.0,92.0,25.0,12.0,92.0,324654.93148095225,1298.619725923809,20.0
801230,25.0,12.0,94.0,25.0,12.0,94.0,297580.94145895564,1190.3237658358225,20.0
801231,25.0,12.0,96.0,25.0,12.0,96.0,268196.71842869057,1072.7868737147624,20.0
801232,25.0,12.0,98.0,25.0,12.0,98.0,243229.91999491464,972.9196799796586,20.0
801233,25.0,12.0,100.0,25.0,12.0,100.0,223698.62042114115,894.7944816845646,20.0
801234,25.0,12.0,102.0,25.0,12.0,102.0,208567.23140972093,834.2689256388837,20.0
801235,25.0,12.0,104.0,25.0,12.0,104.0,196577.48451701767,786.3099380680707,20.0
801236,25.0,12.0,106.0,25.0,12.0,106.0,186745.70063172118,746.9828025268847,20.0
801237,25.0,12.0,108.0,25.0,12.0,108.0,178392.78954996626,713.5711581998651,20.0
801238,25.0,12.0,110.0,25.0,12.0,110.0,171070.52402390185,684.2820960956074,20.0
801239,25.0,12.0,112.0,25.0,12.0,112.0,164487.91033032825,657.951641321313,20.0
801240,25.0,12.0,114.0,25.0,12.0,114.0,158457.09810236088,633.8283924094435,20.0
801241,25.0,12.0,116.0,25.0,12.0,116.0,152857.00881808324,611.428035272333,20.0
801242,25.0,12.0,118.0,25.0,12.0,118.0,147609.57843540373,590.4383137416149,20.0
801243,25.0,12.0,120.0,25.0,12.0,120.0,142664.3549461663,570.6574197846652,20.0
801244,25.0,12.0,122.0,25.0,12.0,122.0,137988.51103121712,551.9540441248685,20.0
801245,25.0,12.0,124.0,25.0,12.0,124.0,133560.35847174202,534.241433886968,20.0
801246,25.0,12.0,126.0,25.0,12.0,126.0,129365.1411020989,517.4605644083956,20.0
801247,25.0,12.0,128.0,25.0,12.0,128.0,125392.33677584157,501.5693471033663,20.0
801248,25.0,12.0,130.0,25.0,12.0,130.0,121634.02637353868,486.53610549415475,20.0
801249,25.0,12.0,132.0,25.0,12.0,132.0,118084.17024905267,472.33668099621065,20.0
801250,25.0,12.0,134.0,25.0,12.0,134.0,114738.86806529583,458.95547226118333,20.0
801251,25.0,12.0,136.0,25.0,12.0,136.0,111597.75788538164,446.39103154152656,20.0
801252,25.0,12.0,138.0,25.0,12.0,138.0,108666.51190398098,434.6660476159239,20.0
801253,25.0,12.0,140.0,25.0,12.0,140.0,105959.93486798667,423.8397394719467,20.0
801254,25.0,12.0,142.0,25.0,12.0,142.0,103504.69377886818,414.01877511547275,20.0
801255,25.0,12.0,144.0,25.0,12.0,144.0,101340.49768804645,405.3619907521858,20.0
801256,25.0,12.0,146.0,25.0,12.0,146.0,99518.76681022874,398.07506724091496,20.0
801257,25.0,12.0,148.0,25.0,12.0,148.0,98098.41885958634,392.3936754383454,20.0
801258,25.0,12.0,150.0,25.0,12.0,150.0,97139.1309656308,388.5565238625232,20.0
801259,25.0,12.0,152.0,25.0,12.0,152.0,96693.05327830027,386.7722131132011,20.0
801260,25.0,12.0,154.0,25.0,12.0,154.0,96796.28616665823,387.18514466663294,20.0
801261,25.0,12.0,156.0,25.0,12.0,156.0,97461.44363346916,389.84577453387664,20.0
801262,25.0,12.0,158.0,25.0,12.0,158.0,98672.37153224982,394.68948612899925,20.0
801263,25.0,12.0,160.0,25.0,12.0,160.0,100381.68265106795,401.52673060427185,20.0
801264,25.0,12.0,162.0,25.0,12.0,162.0,102511.32703199492,410.0453081279797,20.0
801265,25.0,12.0,164.0,25.0,12.0,164.0,104956.02281477679,419.82409125910715,20.0
801266,25.0,12.0,166.0,25.0,12.0,166.0,107589.08003870977,430.35632015483907,20.0
801267,25.0,12.0,168.0,25.0,12.0,168.0,110269.97208485732,441.0798883394293,20.0
801268,25.0,12.0,170.0,25.0,12.0,170.0,112852.9371447604,451.4117485790416,20.0
801269,25.0,12.0,172.0,25.0,12.0,172.0,115195.90241055573,460.7836096422229,20.0
801270,25.0,12.0,174.0,25.0,12.0,174.0,117169.08981685435,468.6763592674174,20.0
801271,25.0,12.0,176.0,25.0,12.0,176.0,118662.75957854185,474.6510383141674,20.0
801272,25.0,12.0,178.0,25.0,12.0,178.0,119593.65736254516,478.37462945018063,20.0
801273,25.0,12.0,180.0,25.0,12.0,180.0,119909.84007211801,479.63936028847206,20.0
801274,25.0,14.0,0.0,25.0,14.0,0.0,100593.83845631235,402.3753538252494,20.0
801275,25.0,14.0,2.0,25.0,14.0,2.0,100317.24514919816,401.2689805967927,20.0
801276,25.0,14.0,4.0,25.0,14.0,4.0,99500.94546187305,398.00378184749223,20.0
801277,25.0,14.0,6.0,25.0,14.0,6.0,98184.76441494934,392.73905765979737,20.0
801278,25.0,14.0,8.0,25.0,14.0,8.0,96433.03766427889,385.7321506571156,20.0
801279,25.0,14.0,10.0,25.0,14.0,10.0,94331.6001630487,377.3264006521948,20.0
801280,25.0,14.0,12.0,25.0,14.0,12.0,91983.67484139247,367.9346993655699,20.0
801281,25.0,14.0,14.0,25.0,14.0,14.0,89504.78598281156,358.0191439312463,20.0
801282,25.0,14.0,16.0,25.0,14.0,16.0,87016.88336517823,348.0675334607129,20.0
801283,25.0,14.0,18.0,25.0,14.0,18.0,84641.93826474882,338.5677530589953,20.0
801284,25.0,14.0,20.0,25.0,14.0,20.0,82495.35704920163,329.9814281968065,20.0
801285,25.0,14.0,22.0,25.0,14.0,22.0,80679.64331404277,322.71857325617106,20.0
801286,25.0,14.0,24.0,25.0,14.0,24.0,79278.81052590322,317.11524210361284,20.0
801287,25.0,14.0,26.0,25.0,14.0,26.0,78354.08329221759,313.4163331688704,20.0
801288,25.0,14.0,28.0,25.0,14.0,28.0,77941.40194282263,311.76560777129055,20.0
801289,25.0,14.0,30.0,25.0,14.0,30.0,78051.13759017187,312.2045503606875,20.0
801290,25.0,14.0,32.0,25.0,14.0,32.0,78670.21663414157,314.68086653656627,20.0
801291,25.0,14.0,34.0,25.0,14.0,34.0,79766.54680648654,319.0661872259462,20.0
801292,25.0,14.0,36.0,25.0,14.0,36.0,81295.26353423591,325.18105413694366,20.0
801293,25.0,14.0,38.0,25.0,14.0,38.0,83205.94562117929,332.8237824847171,20.0
801294,25.0,14.0,40.0,25.0,14.0,40.0,85449.68652415878,341.7987460966351,20.0
801295,25.0,14.0,42.0,25.0,14.0,42.0,87984.86492945375,351.939459717815,20.0
801296,25.0,14.0,44.0,25.0,14.0,44.0,90780.7125149749,363.12285005989963,20.0
801297,25.0,14.0,46.0,25.0,14.0,46.0,93818.31154911024,375.27324619644094,20.0
801298,25.0,14.0,48.0,25.0,14.0,48.0,97089.32626719223,388.35730506876894,20.0
801299,25.0,14.0,50.0,25.0,14.0,50.0,100593.3355069858,402.3733420279432,20.0
801300,25.0,14.0,52.0,25.0,14.0,52.0,104334.85565596308,417.33942262385233,20.0
801301,25.0,14.0,54.0,25.0,14.0,54.0,108320.9472170583,433.2837888682332,20.0
801302,25.0,14.0,56.0,25.0,14.0,56.0,112559.84443391794,450.2393777356718,20.0
801303,25.0,14.0,58.0,25.0,14.0,58.0,117060.6358385821,468.2425433543284,20.0
801304,25.0,14.0,60.0,25.0,14.0,60.0,121833.88146851913,487.33552587407655,20.0
801305,25.0,14.0,62.0,25.0,14.0,62.0,126893.19496545417,507.5727798618167,20.0
801306,25.0,14.0,64.0,25.0,14.0,64.0,132258.12299429055,529.0324919771622,20.0
801307,25.0,14.0,66.0,25.0,14.0,66.0,137959.0420640945,551.8361682563781,20.0
801308,25.0,14.0,68.0,25.0,14.0,68.0,144045.32180694918,576.1812872277967,20.0
801309,25.0,14.0,70.0,25.0,14.0,70.0,150598.84849251175,602.395393970047,20.0
801310,25.0,14.0,72.0,25.0,14.0,72.0,157756.44259448952,631.0257703779581,20.0
801311,25.0,14.0,74.0,25.0,14.0,74.0,165747.15242244772,662.9886096897909,20.0
801312,25.0,14.0,76.0,25.0,14.0,76.0,174954.28327200096,699.8171330880039,20.0
801313,25.0,14.0,78.0,25.0,14.0,78.0,186016.62015579874,744.0664806231949,20.0
801314,25.0,14.0,80.0,25.0,14.0,80.0,199980.8410700961,799.9233642803844,20.0
801315,25.0,14.0,82.0,25.0,14.0,82.0,218466.44040808946,873.8657616323578,20.0
801316,25.0,14.0,84.0,25.0,14.0,84.0,243535.11999215986,974.1404799686395,20.0
801317,25.0,14.0,86.0,25.0,14.0,86.0,275996.79469197127,1103.987178767885,20.0
801318,25.0,14.0,88.0,25.0,14.0,88.0,309568.51630587154,1238.274065223486,20.0
801319,25.0,14.0,90.0,25.0,14.0,90.0,325324.9456606882,1301.299782642753,20.0
801320,25.0,14.0,92.0,25.0,14.0,92.0,309568.51630587166,1238.2740652234866,20.0
801321,25.0,14.0,94.0,25.0,14.0,94.0,275996.79469197156,1103.9871787678862,20.0
801322,25.0,14.0,96.0,25.0,14.0,96.0,243535.1199921601,974.1404799686404,20.0
801323,25.0,14.0,98.0,25.0,14.0,98.0,218466.4404080894,873.8657616323576,20.0
801324,25.0,14.0,100.0,25.0,14.0,100.0,199980.8410700961,799.9233642803844,20.0
801325,25.0,14.0,102.0,25.0,14.0,102.0,186016.6201557987,744.0664806231948,20.0
801326,25.0,14.0,104.0,25.0,14.0,104.0,174954.28327200096,699.8171330880039,20.0
801327,25.0,14.0,106.0,25.0,14.0,106.0,165747.15242244775,662.988609689791,20.0
801328,25.0,14.0,108.0,25.0,14.0,108.0,157756.44259448955,631.0257703779582,20.0
801329,25.0,14.0,110.0,25.0,14.0,110.0,150598.84849251178,602.3953939700472,20.0
801330,25.0,14.0,112.0,25.0,14.0,112.0,144045.32180694918,576.1812872277967,20.0
801331,25.0,14.0,114.0,25.0,14.0,114.0,137959.0420640946,551.8361682563784,20.0
801332,25.0,14.0,116.0,25.0,14.0,116.0,132258.12299429055,529.0324919771622,20.0
801333,25.0,14.0,118.0,25.0,14.0,118.0,126893.19496545411,507.57277986181646,20.0
801334,25.0,14.0,120.0,25.0,14.0,120.0,121833.88146851913,487.33552587407655,20.0
801335,25.0,14.0,122.0,25.0,14.0,122.0,117060.6358385821,468.2425433543284,20.0
801336,25.0,14.0,124.0,25.0,14.0,124.0,112559.84443391794,450.2393777356718,20.0
801337,25.0,14.0,126.0,25.0,14.0,126.0,108320.94721705833,433.28378886823333,20.0
801338,25.0,14.0,128.0,25.0,14.0,128.0,104334.85565596311,417.33942262385244,20.0
801339,25.0,14.0,130.0,25.0,14.0,130.0,100593.33550698585,402.3733420279434,20.0
801340,25.0,14.0,132.0,25.0,14.0,132.0,97089.32626719223,388.35730506876894,20.0
801341,25.0,14.0,134.0,25.0,14.0,134.0,93818.3115491102,375.2732461964408,20.0
801342,25.0,14.0,136.0,25.0,14.0,136.0,90780.71251497493,363.12285005989975,20.0
801343,25.0,14.0,138.0,25.0,14.0,138.0,87984.86492945375,351.939459717815,20.0
801344,25.0,14.0,140.0,25.0,14.0,140.0,85449.68652415878,341.7987460966351,20.0
801345,25.0,14.0,142.0,25.0,14.0,142.0,83205.94562117929,332.8237824847171,20.0
801346,25.0,14.0,144.0,25.0,14.0,144.0,81295.26353423591,325.18105413694366,20.0
801347,25.0,14.0,146.0,25.0,14.0,146.0,79766.54680648654,319.0661872259462,20.0
801348,25.0,14.0,148.0,25.0,14.0,148.0,78670.2166341416,314.6808665365664,20.0
801349,25.0,14.0,150.0,25.0,14.0,150.0,78051.13759017189,312.20455036068756,20.0
801350,25.0,14.0,152.0,25.0,14.0,152.0,77941.40194282263,311.76560777129055,20.0
801351,25.0,14.0,154.0,25.0,14.0,154.0,78354.08329221758,313.4163331688703,20.0
801352,25.0,14.0,156.0,25.0,14.0,156.0,79278.81052590322,317.11524210361284,20.0
801353,25.0,14.0,158.0,25.0,14.0,158.0,80679.64331404277,322.71857325617106,20.0
801354,25.0,14.0,160.0,25.0,14.0,160.0,82495.35704920164,329.9814281968066,20.0
801355,25.0,14.0,162.0,25.0,14.0,162.0,84641.93826474885,338.56775305899544,20.0
801356,25.0,14.0,164.0,25.0,14.0,164.0,87016.88336517823,348.0675334607129,20.0
801357,25.0,14.0,166.0,25.0,14.0,166.0,89504.78598281156,358.0191439312463,20.0
801358,25.0,14.0,168.0,25.0,14.0,168.0,91983.67484139248,367.93469936556994,20.0
801359,25.0,14.0,170.0,25.0,14.0,170.0,94331.6001630487,377.3264006521948,20.0
801360,25.0,14.0,172.0,25.0,14.0,172.0,96433.03766427889,385.7321506571156,20.0
801361,25.0,14.0,174.0,25.0,14.0,174.0,98184.76441494934,392.73905765979737,20.0
801362,25.0,14.0,176.0,25.0,14.0,176.0,99500.94546187305,398.00378184749223,20.0
801363,25.0,14.0,178.0,25.0,14.0,178.0,100317.24514919816,401.2689805967927,20.0
801364,25.0,14.0,180.0,25.0,14.0,180.0,100593.83845631235,402.3753538252494,20.0
801365,25.0,16.0,0.0,25.0,16.0,0.0,83648.3512111984,334.5934048447936,20.0
801366,25.0,16.0,2.0,25.0,16.0,2.0,83402.06216944082,333.6082486777633,20.0
801367,25.0,16.0,4.0,25.0,16.0,4.0,82673.53701912862,330.69414807651447,20.0
801368,25.0,16.0,6.0,25.0,16.0,6.0,81493.43423578948,325.9737369431579,20.0
801369,25.0,16.0,8.0,25.0,16.0,8.0,79911.62605452818,319.64650421811274,20.0
801370,25.0,16.0,10.0,25.0,16.0,10.0,77995.36123272576,311.981444930903,20.0
801371,25.0,16.0,12.0,25.0,16.0,12.0,75826.7011687019,303.3068046748076,20.0
801372,25.0,16.0,14.0,25.0,16.0,14.0,73499.25384401804,293.99701537607217,20.0
801373,25.0,16.0,16.0,25.0,16.0,16.0,71114.25943378406,284.4570377351362,20.0
801374,25.0,16.0,18.0,25.0,16.0,18.0,68776.12578874259,275.10450315497036,20.0
801375,25.0,16.0,20.0,25.0,16.0,20.0,66587.5718057363,266.3502872229452,20.0
801376,25.0,16.0,22.0,25.0,16.0,22.0,64644.609630305866,258.57843852122346,20.0
801377,25.0,16.0,24.0,25.0,16.0,24.0,63031.67626090271,252.12670504361083,20.0
801378,25.0,16.0,26.0,25.0,16.0,26.0,61817.299731714455,247.26919892685783,20.0
801379,25.0,16.0,28.0,25.0,16.0,28.0,61050.736939350114,244.20294775740047,20.0
801380,25.0,16.0,30.0,25.0,16.0,30.0,60760.02632416934,243.04010529667735,20.0
801381,25.0,16.0,32.0,25.0,16.0,32.0,60951.833741206654,243.80733496482662,20.0
801382,25.0,16.0,34.0,25.0,16.0,34.0,61613.31293904763,246.45325175619053,20.0
801383,25.0,16.0,36.0,25.0,16.0,36.0,62715.94668128495,250.8637867251398,20.0
801384,25.0,16.0,38.0,25.0,16.0,38.0,64221.00161980638,256.88400647922555,20.0
801385,25.0,16.0,40.0,25.0,16.0,40.0,66085.87856223073,264.34351424892293,20.0
801386,25.0,16.0,42.0,25.0,16.0,42.0,68270.36737764472,273.0814695105789,20.0
801387,25.0,16.0,44.0,25.0,16.0,44.0,70741.73897232024,282.96695588928094,20.0
801388,25.0,16.0,46.0,25.0,16.0,46.0,73477.81527889748,293.9112611155899,20.0
801389,25.0,16.0,48.0,25.0,16.0,48.0,76467.65254935289,305.87061019741157,20.0
801390,25.0,16.0,50.0,25.0,16.0,50.0,79710.11870855336,318.84047483421347,20.0
801391,25.0,16.0,52.0,25.0,16.0,52.0,83211.19285146764,332.8447714058706,20.0
801392,25.0,16.0,54.0,25.0,16.0,54.0,86981.01761598382,347.92407046393527,20.0
801393,25.0,16.0,56.0,25.0,16.0,56.0,91031.51717639323,364.12606870557295,20.0
801394,25.0,16.0,58.0,25.0,16.0,58.0,95374.9349392913,381.49973975716523,20.0
801395,25.0,16.0,60.0,25.0,16.0,60.0,100023.26880024858,400.09307520099435,20.0
801396,25.0,16.0,62.0,25.0,16.0,62.0,104988.5106305986,419.9540425223944,20.0
801397,25.0,16.0,64.0,25.0,16.0,64.0,110283.82161673561,441.1352864669425,20.0
801398,25.0,16.0,66.0,25.0,16.0,66.0,115926.17578582837,463.70470314331345,20.0
801399,25.0,16.0,68.0,25.0,16.0,68.0,121941.55835469793,487.7662334187917,20.0
801400,25.0,16.0,70.0,25.0,16.0,70.0,128374.67931939429,513.4987172775772,20.0
801401,25.0,16.0,72.0,25.0,16.0,72.0,135306.7291718925,541.2269166875701,20.0
801402,25.0,16.0,74.0,25.0,16.0,74.0,142887.6789383548,571.5507157534192,20.0
801403,25.0,16.0,76.0,25.0,16.0,76.0,151395.41484767295,605.5816593906918,20.0
801404,25.0,16.0,78.0,25.0,16.0,78.0,161345.09307905543,645.3803723162217,20.0
801405,25.0,16.0,80.0,25.0,16.0,80.0,173690.75166315376,694.7630066526151,20.0
801406,25.0,16.0,82.0,25.0,16.0,82.0,190173.39591048186,760.6935836419275,20.0
801407,25.0,16.0,84.0,25.0,16.0,84.0,213736.5983151443,854.9463932605772,20.0
801408,25.0,16.0,86.0,25.0,16.0,86.0,247843.98556775358,991.3759422710143,20.0
801409,25.0,16.0,88.0,25.0,16.0,88.0,289233.2174981921,1156.9328699927685,20.0
801410,25.0,16.0,90.0,25.0,16.0,90.0,311440.98117413477,1245.763924696539,20.0
801411,25.0,16.0,92.0,25.0,16.0,92.0,289233.2174981923,1156.9328699927692,20.0
801412,25.0,16.0,94.0,25.0,16.0,94.0,247843.9855677538,991.3759422710153,20.0
801413,25.0,16.0,96.0,25.0,16.0,96.0,213736.59831514454,854.9463932605781,20.0
801414,25.0,16.0,98.0,25.0,16.0,98.0,190173.39591048178,760.6935836419271,20.0
801415,25.0,16.0,100.0,25.0,16.0,100.0,173690.75166315376,694.7630066526151,20.0
801416,25.0,16.0,102.0,25.0,16.0,102.0,161345.09307905543,645.3803723162217,20.0
801417,25.0,16.0,104.0,25.0,16.0,104.0,151395.41484767295,605.5816593906918,20.0
801418,25.0,16.0,106.0,25.0,16.0,106.0,142887.6789383548,571.5507157534192,20.0
801419,25.0,16.0,108.0,25.0,16.0,108.0,135306.72917189257,541.2269166875703,20.0
801420,25.0,16.0,110.0,25.0,16.0,110.0,128374.67931939432,513.4987172775773,20.0
801421,25.0,16.0,112.0,25.0,16.0,112.0,121941.55835469796,487.76623341879184,20.0
801422,25.0,16.0,114.0,25.0,16.0,114.0,115926.1757858284,463.7047031433136,20.0
801423,25.0,16.0,116.0,25.0,16.0,116.0,110283.82161673559,441.1352864669424,20.0
801424,25.0,16.0,118.0,25.0,16.0,118.0,104988.51063059858,419.95404252239433,20.0
801425,25.0,16.0,120.0,25.0,16.0,120.0,100023.26880024858,400.09307520099435,20.0
801426,25.0,16.0,122.0,25.0,16.0,122.0,95374.9349392913,381.49973975716523,20.0
801427,25.0,16.0,124.0,25.0,16.0,124.0,91031.51717639323,364.12606870557295,20.0
801428,25.0,16.0,126.0,25.0,16.0,126.0,86981.01761598383,347.9240704639353,20.0
801429,25.0,16.0,128.0,25.0,16.0,128.0,83211.19285146767,332.8447714058707,20.0
801430,25.0,16.0,130.0,25.0,16.0,130.0,79710.11870855339,318.8404748342136,20.0
801431,25.0,16.0,132.0,25.0,16.0,132.0,76467.65254935289,305.87061019741157,20.0
801432,25.0,16.0,134.0,25.0,16.0,134.0,73477.81527889748,293.9112611155899,20.0
801433,25.0,16.0,136.0,25.0,16.0,136.0,70741.73897232024,282.96695588928094,20.0
801434,25.0,16.0,138.0,25.0,16.0,138.0,68270.36737764472,273.0814695105789,20.0
801435,25.0,16.0,140.0,25.0,16.0,140.0,66085.87856223073,264.34351424892293,20.0
801436,25.0,16.0,142.0,25.0,16.0,142.0,64221.00161980638,256.88400647922555,20.0
801437,25.0,16.0,144.0,25.0,16.0,144.0,62715.94668128495,250.8637867251398,20.0
801438,25.0,16.0,146.0,25.0,16.0,146.0,61613.31293904763,246.45325175619053,20.0
801439,25.0,16.0,148.0,25.0,16.0,148.0,60951.83374120667,243.80733496482668,20.0
801440,25.0,16.0,150.0,25.0,16.0,150.0,60760.026324169354,243.0401052966774,20.0
801441,25.0,16.0,152.0,25.0,16.0,152.0,61050.736939350114,244.20294775740047,20.0
801442,25.0,16.0,154.0,25.0,16.0,154.0,61817.299731714455,247.26919892685783,20.0
801443,25.0,16.0,156.0,25.0,16.0,156.0,63031.67626090271,252.12670504361083,20.0
801444,25.0,16.0,158.0,25.0,16.0,158.0,64644.609630305866,258.57843852122346,20.0
801445,25.0,16.0,160.0,25.0,16.0,160.0,66587.57180573631,266.35028722294527,20.0
801446,25.0,16.0,162.0,25.0,16.0,162.0,68776.12578874259,275.10450315497036,20.0
801447,25.0,16.0,164.0,25.0,16.0,164.0,71114.25943378406,284.4570377351362,20.0
801448,25.0,16.0,166.0,25.0,16.0,166.0,73499.25384401804,293.99701537607217,20.0
801449,25.0,16.0,168.0,25.0,16.0,168.0,75826.70116870193,303.3068046748077,20.0
801450,25.0,16.0,170.0,25.0,16.0,170.0,77995.36123272576,311.981444930903,20.0
801451,25.0,16.0,172.0,25.0,16.0,172.0,79911.62605452818,319.64650421811274,20.0
801452,25.0,16.0,174.0,25.0,16.0,174.0,81493.43423578948,325.9737369431579,20.0
801453,25.0,16.0,176.0,25.0,16.0,176.0,82673.53701912862,330.69414807651447,20.0
801454,25.0,16.0,178.0,25.0,16.0,178.0,83402.06216944082,333.6082486777633,20.0
801455,25.0,16.0,180.0,25.0,16.0,180.0,83648.3512111984,334.5934048447936,20.0
801456,30.0,10.0,0.0,30.0,10.0,0.0,120843.57888820079,483.3743155528032,20.0
801457,30.0,10.0,2.0,30.0,10.0,2.0,120635.00024175466,482.54000096701867,20.0
801458,30.0,10.0,4.0,30.0,10.0,4.0,120019.14309249546,480.0765723699819,20.0
801459,30.0,10.0,6.0,30.0,10.0,6.0,119025.22804814453,476.10091219257816,20.0
801460,30.0,10.0,8.0,30.0,10.0,8.0,117700.57534766821,470.8023013906729,20.0
801461,30.0,10.0,10.0,30.0,10.0,10.0,116108.55352766055,464.43421411064224,20.0
801462,30.0,10.0,12.0,30.0,10.0,12.0,114325.75417249194,457.30301668996776,20.0
801463,30.0,10.0,14.0,30.0,10.0,14.0,112438.45505317897,449.7538202127159,20.0
801464,30.0,10.0,16.0,30.0,10.0,16.0,110538.47258360952,442.1538903344381,20.0
801465,30.0,10.0,18.0,30.0,10.0,18.0,108718.5555862228,434.8742223448912,20.0
801466,30.0,10.0,20.0,30.0,10.0,20.0,107067.53437918398,428.27013751673593,20.0
801467,30.0,10.0,22.0,30.0,10.0,22.0,105665.50733430209,422.66202933720837,20.0
801468,30.0,10.0,24.0,30.0,10.0,24.0,104579.41216321684,418.3176486528674,20.0
801469,30.0,10.0,26.0,30.0,10.0,26.0,103859.37725883773,415.43750903535096,20.0
801470,30.0,10.0,28.0,30.0,10.0,28.0,103536.26099780925,414.145043991237,20.0
801471,30.0,10.0,30.0,30.0,10.0,30.0,103620.7432803164,414.4829731212656,20.0
801472,30.0,10.0,32.0,30.0,10.0,32.0,104104.21548119688,416.41686192478755,20.0
801473,30.0,10.0,34.0,30.0,10.0,34.0,104961.51423045307,419.8460569218123,20.0
801474,30.0,10.0,36.0,30.0,10.0,36.0,106155.27269460335,424.6210907784134,20.0
801475,30.0,10.0,38.0,30.0,10.0,38.0,107641.36083172771,430.56544332691084,20.0
801476,30.0,10.0,40.0,30.0,10.0,40.0,109374.62565362139,437.4985026144856,20.0
801477,30.0,10.0,42.0,30.0,10.0,42.0,111314.0169410801,445.2560677643204,20.0
801478,30.0,10.0,44.0,30.0,10.0,44.0,113426.27712715638,453.70510850862553,20.0
801479,30.0,10.0,46.0,30.0,10.0,46.0,115687.71499903678,462.75085999614714,20.0
801480,30.0,10.0,48.0,30.0,10.0,48.0,118084.10192146704,472.33640768586815,20.0
801481,30.0,10.0,50.0,30.0,10.0,50.0,120609.25303660845,482.4370121464338,20.0
801482,30.0,10.0,52.0,30.0,10.0,52.0,123263.17056112898,493.05268224451595,20.0
801483,30.0,10.0,54.0,30.0,10.0,54.0,126050.60046939395,504.2024018775758,20.0
801484,30.0,10.0,56.0,30.0,10.0,56.0,128980.54348278162,515.9221739311265,20.0
801485,30.0,10.0,58.0,30.0,10.0,58.0,132066.8921189102,528.2675684756408,20.0
801486,30.0,10.0,60.0,30.0,10.0,60.0,135330.17337107233,541.3206934842893,20.0
801487,30.0,10.0,62.0,30.0,10.0,62.0,138800.44107191233,555.2017642876493,20.0
801488,30.0,10.0,64.0,30.0,10.0,64.0,142521.60280080588,570.0864112032235,20.0
801489,30.0,10.0,66.0,30.0,10.0,66.0,146557.78586724473,586.231143468979,20.0
801490,30.0,10.0,68.0,30.0,10.0,68.0,151002.73748790746,604.0109499516299,20.0
801491,30.0,10.0,70.0,30.0,10.0,70.0,155993.77051781624,623.975082071265,20.0
801492,30.0,10.0,72.0,30.0,10.0,72.0,161732.4179663124,646.9296718652497,20.0
801493,30.0,10.0,74.0,30.0,10.0,74.0,168514.4976604906,674.0579906419624,20.0
801494,30.0,10.0,76.0,30.0,10.0,76.0,176771.54685677108,707.0861874270843,20.0
801495,30.0,10.0,78.0,30.0,10.0,78.0,187119.39702644557,748.4775881057823,20.0
801496,30.0,10.0,80.0,30.0,10.0,80.0,200384.88843522657,801.5395537409063,20.0
801497,30.0,10.0,82.0,30.0,10.0,82.0,217503.03955686334,870.0121582274534,20.0
801498,30.0,10.0,84.0,30.0,10.0,84.0,238981.5165718992,955.9260662875969,20.0
801499,30.0,10.0,86.0,30.0,10.0,86.0,263380.4388993992,1053.521755597597,20.0
801500,30.0,10.0,88.0,30.0,10.0,88.0,284918.2237272342,1139.6728949089368,20.0
801501,30.0,10.0,90.0,30.0,10.0,90.0,293911.2709073108,1175.6450836292433,20.0
801502,30.0,10.0,92.0,30.0,10.0,92.0,284918.2237272343,1139.6728949089372,20.0
801503,30.0,10.0,94.0,30.0,10.0,94.0,263380.43889939936,1053.5217555975976,20.0
801504,30.0,10.0,96.0,30.0,10.0,96.0,238981.51657189944,955.9260662875978,20.0
801505,30.0,10.0,98.0,30.0,10.0,98.0,217503.03955686328,870.0121582274531,20.0
801506,30.0,10.0,100.0,30.0,10.0,100.0,200384.88843522652,801.5395537409061,20.0
801507,30.0,10.0,102.0,30.0,10.0,102.0,187119.39702644557,748.4775881057823,20.0
801508,30.0,10.0,104.0,30.0,10.0,104.0,176771.54685677108,707.0861874270843,20.0
801509,30.0,10.0,106.0,30.0,10.0,106.0,168514.49766049063,674.0579906419625,20.0
801510,30.0,10.0,108.0,30.0,10.0,108.0,161732.41796631244,646.9296718652498,20.0
801511,30.0,10.0,110.0,30.0,10.0,110.0,155993.77051781624,623.975082071265,20.0
801512,30.0,10.0,112.0,30.0,10.0,112.0,151002.7374879075,604.01094995163,20.0
801513,30.0,10.0,114.0,30.0,10.0,114.0,146557.78586724476,586.2311434689791,20.0
801514,30.0,10.0,116.0,30.0,10.0,116.0,142521.60280080585,570.0864112032234,20.0
801515,30.0,10.0,118.0,30.0,10.0,118.0,138800.44107191233,555.2017642876493,20.0
801516,30.0,10.0,120.0,30.0,10.0,120.0,135330.17337107233,541.3206934842893,20.0
801517,30.0,10.0,122.0,30.0,10.0,122.0,132066.8921189102,528.2675684756408,20.0
801518,30.0,10.0,124.0,30.0,10.0,124.0,128980.54348278162,515.9221739311265,20.0
801519,30.0,10.0,126.0,30.0,10.0,126.0,126050.60046939398,504.20240187757594,20.0
801520,30.0,10.0,128.0,30.0,10.0,128.0,123263.17056112905,493.05268224451623,20.0
801521,30.0,10.0,130.0,30.0,10.0,130.0,120609.25303660848,482.4370121464339,20.0
801522,30.0,10.0,132.0,30.0,10.0,132.0,118084.10192146704,472.33640768586815,20.0
801523,30.0,10.0,134.0,30.0,10.0,134.0,115687.71499903676,462.7508599961471,20.0
801524,30.0,10.0,136.0,30.0,10.0,136.0,113426.27712715638,453.70510850862553,20.0
801525,30.0,10.0,138.0,30.0,10.0,138.0,111314.0169410801,445.2560677643204,20.0
801526,30.0,10.0,140.0,30.0,10.0,140.0,109374.62565362139,437.4985026144856,20.0
801527,30.0,10.0,142.0,30.0,10.0,142.0,107641.36083172771,430.56544332691084,20.0
801528,30.0,10.0,144.0,30.0,10.0,144.0,106155.27269460335,424.6210907784134,20.0
801529,30.0,10.0,146.0,30.0,10.0,146.0,104961.51423045306,419.84605692181225,20.0
801530,30.0,10.0,148.0,30.0,10.0,148.0,104104.2154811969,416.4168619247876,20.0
801531,30.0,10.0,150.0,30.0,10.0,150.0,103620.74328031638,414.48297312126556,20.0
801532,30.0,10.0,152.0,30.0,10.0,152.0,103536.26099780925,414.145043991237,20.0
801533,30.0,10.0,154.0,30.0,10.0,154.0,103859.3772588377,415.43750903535084,20.0
801534,30.0,10.0,156.0,30.0,10.0,156.0,104579.41216321684,418.3176486528674,20.0
801535,30.0,10.0,158.0,30.0,10.0,158.0,105665.50733430209,422.66202933720837,20.0
801536,30.0,10.0,160.0,30.0,10.0,160.0,107067.53437918401,428.27013751673604,20.0
801537,30.0,10.0,162.0,30.0,10.0,162.0,108718.5555862228,434.8742223448912,20.0
801538,30.0,10.0,164.0,30.0,10.0,164.0,110538.4725836095,442.153890334438,20.0
801539,30.0,10.0,166.0,30.0,10.0,166.0,112438.45505317897,449.7538202127159,20.0
801540,30.0,10.0,168.0,30.0,10.0,168.0,114325.75417249197,457.3030166899679,20.0
801541,30.0,10.0,170.0,30.0,10.0,170.0,116108.55352766055,464.43421411064224,20.0
801542,30.0,10.0,172.0,30.0,10.0,172.0,117700.57534766821,470.8023013906729,20.0
801543,30.0,10.0,174.0,30.0,10.0,174.0,119025.22804814453,476.10091219257816,20.0
801544,30.0,10.0,176.0,30.0,10.0,176.0,120019.14309249546,480.0765723699819,20.0
801545,30.0,10.0,178.0,30.0,10.0,178.0,120635.00024175466,482.54000096701867,20.0
801546,30.0,10.0,180.0,30.0,10.0,180.0,120843.57888820079,483.3743155528032,20.0
801547,30.0,12.0,0.0,30.0,12.0,0.0,100512.4935284982,402.04997411399285,20.0
801548,30.0,12.0,2.0,30.0,12.0,2.0,100330.03770793063,401.3201508317226,20.0
801549,30.0,12.0,4.0,30.0,12.0,4.0,99790.33226060952,399.16132904243807,20.0
801550,30.0,12.0,6.0,30.0,12.0,6.0,98916.11617967425,395.66446471869705,20.0
801551,30.0,12.0,8.0,30.0,12.0,8.0,97744.46161129653,390.9778464451861,20.0
801552,30.0,12.0,10.0,30.0,12.0,10.0,96325.52662050203,385.3021064820081,20.0
801553,30.0,12.0,12.0,30.0,12.0,12.0,94720.79814143736,378.8831925657495,20.0
801554,30.0,12.0,14.0,30.0,12.0,14.0,93000.82586913124,372.00330347652493,20.0
801555,30.0,12.0,16.0,30.0,12.0,16.0,91242.4645506086,364.9698582024344,20.0
801556,30.0,12.0,18.0,30.0,12.0,18.0,89525.67052806214,358.10268211224854,20.0
801557,30.0,12.0,20.0,30.0,12.0,20.0,87929.93969119263,351.7197587647705,20.0
801558,30.0,12.0,22.0,30.0,12.0,22.0,86530.5277243968,346.1221108975872,20.0
801559,30.0,12.0,24.0,30.0,12.0,24.0,85394.65649660536,341.57862598642146,20.0
801560,30.0,12.0,26.0,30.0,12.0,26.0,84577.97561107553,338.3119024443021,20.0
801561,30.0,12.0,28.0,30.0,12.0,28.0,84121.60368797657,336.4864147519063,20.0
801562,30.0,12.0,30.0,30.0,12.0,30.0,84050.10303675596,336.2004121470238,20.0
801563,30.0,12.0,32.0,30.0,12.0,32.0,84370.72339841997,337.4828935936799,20.0
801564,30.0,12.0,34.0,30.0,12.0,34.0,85074.16492098829,340.2966596839532,20.0
801565,30.0,12.0,36.0,30.0,12.0,36.0,86136.94426852043,344.5477770740817,20.0
801566,30.0,12.0,38.0,30.0,12.0,38.0,87525.20508748671,350.10082034994684,20.0
801567,30.0,12.0,40.0,30.0,12.0,40.0,89199.52782682185,356.7981113072874,20.0
801568,30.0,12.0,42.0,30.0,12.0,42.0,91120.03163230125,364.480126529205,20.0
801569,30.0,12.0,44.0,30.0,12.0,44.0,93250.91746448223,373.00366985792897,20.0
801570,30.0,12.0,46.0,30.0,12.0,46.0,95563.66970411045,382.2546788164418,20.0
801571,30.0,12.0,48.0,30.0,12.0,48.0,98038.45435586595,392.1538174234638,20.0
801572,30.0,12.0,50.0,30.0,12.0,50.0,100663.76282314226,402.65505129256906,20.0
801573,30.0,12.0,52.0,30.0,12.0,52.0,103434.87205528977,413.7394882211591,20.0
801574,30.0,12.0,54.0,30.0,12.0,54.0,106351.99698345333,425.40798793381333,20.0
801575,30.0,12.0,56.0,30.0,12.0,56.0,109418.96356021966,437.67585424087866,20.0
801576,30.0,12.0,58.0,30.0,12.0,58.0,112642.9055112781,450.5716220451124,20.0
801577,30.0,12.0,60.0,30.0,12.0,60.0,116035.14125518696,464.14056502074783,20.0
801578,30.0,12.0,62.0,30.0,12.0,62.0,119613.26378875849,478.45305515503395,20.0
801579,30.0,12.0,64.0,30.0,12.0,64.0,123404.63490550776,493.61853962203105,20.0
801580,30.0,12.0,66.0,30.0,12.0,66.0,127451.82650376509,509.80730601506036,20.0
801581,30.0,12.0,68.0,30.0,12.0,68.0,131821.03989189272,527.2841595675709,20.0
801582,30.0,12.0,70.0,30.0,12.0,70.0,136615.23986909265,546.4609594763706,20.0
801583,30.0,12.0,72.0,30.0,12.0,72.0,141994.84710941894,567.9793884376758,20.0
801584,30.0,12.0,74.0,30.0,12.0,74.0,148210.52110709922,592.8420844283969,20.0
801585,30.0,12.0,76.0,30.0,12.0,76.0,155654.667297021,622.618669188084,20.0
801586,30.0,12.0,78.0,30.0,12.0,78.0,164938.74256199945,659.7549702479978,20.0
801587,30.0,12.0,80.0,30.0,12.0,80.0,176991.9889710058,707.9679558840232,20.0
801588,30.0,12.0,82.0,30.0,12.0,82.0,193113.4054767258,772.4536219069032,20.0
801589,30.0,12.0,84.0,30.0,12.0,84.0,214663.40414653133,858.6536165861254,20.0
801590,30.0,12.0,86.0,30.0,12.0,86.0,241438.42720956999,965.75370883828,20.0
801591,30.0,12.0,88.0,30.0,12.0,88.0,267547.8434725295,1070.191373890118,20.0
801592,30.0,12.0,90.0,30.0,12.0,90.0,279243.59223005106,1116.9743689202041,20.0
801593,30.0,12.0,92.0,30.0,12.0,92.0,267547.8434725296,1070.1913738901185,20.0
801594,30.0,12.0,94.0,30.0,12.0,94.0,241438.42720957022,965.7537088382809,20.0
801595,30.0,12.0,96.0,30.0,12.0,96.0,214663.40414653154,858.6536165861262,20.0
801596,30.0,12.0,98.0,30.0,12.0,98.0,193113.40547672572,772.4536219069029,20.0
801597,30.0,12.0,100.0,30.0,12.0,100.0,176991.98897100578,707.9679558840231,20.0
801598,30.0,12.0,102.0,30.0,12.0,102.0,164938.74256199945,659.7549702479978,20.0
801599,30.0,12.0,104.0,30.0,12.0,104.0,155654.667297021,622.618669188084,20.0
801600,30.0,12.0,106.0,30.0,12.0,106.0,148210.52110709925,592.842084428397,20.0
801601,30.0,12.0,108.0,30.0,12.0,108.0,141994.84710941897,567.9793884376759,20.0
801602,30.0,12.0,110.0,30.0,12.0,110.0,136615.23986909268,546.4609594763707,20.0
801603,30.0,12.0,112.0,30.0,12.0,112.0,131821.03989189275,527.284159567571,20.0
801604,30.0,12.0,114.0,30.0,12.0,114.0,127451.82650376514,509.8073060150606,20.0
801605,30.0,12.0,116.0,30.0,12.0,116.0,123404.63490550773,493.61853962203094,20.0
801606,30.0,12.0,118.0,30.0,12.0,118.0,119613.26378875846,478.45305515503384,20.0
801607,30.0,12.0,120.0,30.0,12.0,120.0,116035.14125518696,464.14056502074783,20.0
801608,30.0,12.0,122.0,30.0,12.0,122.0,112642.9055112781,450.5716220451124,20.0
801609,30.0,12.0,124.0,30.0,12.0,124.0,109418.96356021966,437.67585424087866,20.0
801610,30.0,12.0,126.0,30.0,12.0,126.0,106351.99698345337,425.4079879338135,20.0
801611,30.0,12.0,128.0,30.0,12.0,128.0,103434.8720552898,413.7394882211592,20.0
801612,30.0,12.0,130.0,30.0,12.0,130.0,100663.76282314229,402.65505129256917,20.0
801613,30.0,12.0,132.0,30.0,12.0,132.0,98038.45435586595,392.1538174234638,20.0
801614,30.0,12.0,134.0,30.0,12.0,134.0,95563.66970411043,382.25467881644175,20.0
801615,30.0,12.0,136.0,30.0,12.0,136.0,93250.91746448225,373.003669857929,20.0
801616,30.0,12.0,138.0,30.0,12.0,138.0,91120.03163230125,364.480126529205,20.0
801617,30.0,12.0,140.0,30.0,12.0,140.0,89199.52782682185,356.7981113072874,20.0
801618,30.0,12.0,142.0,30.0,12.0,142.0,87525.20508748671,350.10082034994684,20.0
801619,30.0,12.0,144.0,30.0,12.0,144.0,86136.94426852043,344.5477770740817,20.0
801620,30.0,12.0,146.0,30.0,12.0,146.0,85074.16492098829,340.2966596839532,20.0
801621,30.0,12.0,148.0,30.0,12.0,148.0,84370.72339841998,337.48289359367993,20.0
801622,30.0,12.0,150.0,30.0,12.0,150.0,84050.10303675596,336.2004121470238,20.0
801623,30.0,12.0,152.0,30.0,12.0,152.0,84121.60368797657,336.4864147519063,20.0
801624,30.0,12.0,154.0,30.0,12.0,154.0,84577.97561107551,338.31190244430206,20.0
801625,30.0,12.0,156.0,30.0,12.0,156.0,85394.65649660536,341.57862598642146,20.0
801626,30.0,12.0,158.0,30.0,12.0,158.0,86530.5277243968,346.1221108975872,20.0
801627,30.0,12.0,160.0,30.0,12.0,160.0,87929.93969119265,351.7197587647706,20.0
801628,30.0,12.0,162.0,30.0,12.0,162.0,89525.67052806217,358.10268211224866,20.0
801629,30.0,12.0,164.0,30.0,12.0,164.0,91242.46455060858,364.96985820243435,20.0
801630,30.0,12.0,166.0,30.0,12.0,166.0,93000.82586913124,372.00330347652493,20.0
801631,30.0,12.0,168.0,30.0,12.0,168.0,94720.79814143738,378.88319256574954,20.0
801632,30.0,12.0,170.0,30.0,12.0,170.0,96325.52662050203,385.3021064820081,20.0
801633,30.0,12.0,172.0,30.0,12.0,172.0,97744.46161129653,390.9778464451861,20.0
801634,30.0,12.0,174.0,30.0,12.0,174.0,98916.11617967425,395.66446471869705,20.0
801635,30.0,12.0,176.0,30.0,12.0,176.0,99790.33226060952,399.16132904243807,20.0
801636,30.0,12.0,178.0,30.0,12.0,178.0,100330.03770793063,401.3201508317226,20.0
801637,30.0,12.0,180.0,30.0,12.0,180.0,100512.4935284982,402.04997411399285,20.0
801638,30.0,14.0,0.0,30.0,14.0,0.0,82513.03993629532,330.05215974518126,20.0
801639,30.0,14.0,2.0,30.0,14.0,2.0,82349.41721654471,329.39766886617883,20.0
801640,30.0,14.0,4.0,30.0,14.0,4.0,81864.50838345787,327.4580335338315,20.0
801641,30.0,14.0,6.0,30.0,14.0,6.0,81076.05264344024,324.304210573761,20.0
801642,30.0,14.0,8.0,30.0,14.0,8.0,80013.14725535938,320.05258902143754,20.0
801643,30.0,14.0,10.0,30.0,14.0,10.0,78715.52695968539,314.86210783874157,20.0
801644,30.0,14.0,12.0,30.0,14.0,12.0,77232.52139844414,308.93008559377654,20.0
801645,30.0,14.0,14.0,30.0,14.0,14.0,75621.6641787094,302.4866567148376,20.0
801646,30.0,14.0,16.0,30.0,14.0,16.0,73946.93074031784,295.78772296127136,20.0
801647,30.0,14.0,18.0,30.0,14.0,18.0,72276.59450994593,289.10637803978375,20.0
801648,30.0,14.0,20.0,30.0,14.0,20.0,70680.71410103416,282.7228564041366,20.0
801649,30.0,14.0,22.0,30.0,14.0,22.0,69228.300175509,276.91320070203597,20.0
801650,30.0,14.0,24.0,30.0,14.0,24.0,67984.25940133238,271.9370376053295,20.0
801651,30.0,14.0,26.0,30.0,14.0,26.0,67006.27282840062,268.02509131360245,20.0
801652,30.0,14.0,28.0,30.0,14.0,28.0,66341.83151890381,265.36732607561527,20.0
801653,30.0,14.0,30.0,30.0,14.0,30.0,66025.71312010025,264.102852480401,20.0
801654,30.0,14.0,32.0,30.0,14.0,32.0,66078.2233565338,264.3128934261352,20.0
801655,30.0,14.0,34.0,30.0,14.0,34.0,66504.52525569634,266.01810102278534,20.0
801656,30.0,14.0,36.0,30.0,14.0,36.0,67295.31365511162,269.18125462044645,20.0
801657,30.0,14.0,38.0,30.0,14.0,38.0,68428.94576364149,273.715783054566,20.0
801658,30.0,14.0,40.0,30.0,14.0,40.0,69874.90919188375,279.49963676753504,20.0
801659,30.0,14.0,42.0,30.0,14.0,42.0,71598.22532690402,286.3929013076161,20.0
801660,30.0,14.0,44.0,30.0,14.0,44.0,73564.11528434214,294.2564611373686,20.0
801661,30.0,14.0,46.0,30.0,14.0,46.0,75742.09862328506,302.96839449314024,20.0
801662,30.0,14.0,48.0,30.0,14.0,48.0,78108.75549728822,312.4350219891529,20.0
801663,30.0,14.0,50.0,30.0,14.0,50.0,80648.71075924217,322.59484303696865,20.0
801664,30.0,14.0,52.0,30.0,14.0,52.0,83353.92714317428,333.41570857269716,20.0
801665,30.0,14.0,54.0,30.0,14.0,54.0,86221.92473975988,344.88769895903954,20.0
801666,30.0,14.0,56.0,30.0,14.0,56.0,89253.82599372296,357.0153039748918,20.0
801667,30.0,14.0,58.0,30.0,14.0,58.0,92453.028528107,369.812114112428,20.0
801668,30.0,14.0,60.0,30.0,14.0,60.0,95824.95087082675,383.299803483307,20.0
801669,30.0,14.0,62.0,30.0,14.0,62.0,99377.98172715284,397.5119269086114,20.0
801670,30.0,14.0,64.0,30.0,14.0,64.0,103125.73655212841,412.50294620851366,20.0
801671,30.0,14.0,66.0,30.0,14.0,66.0,107091.00983392113,428.36403933568454,20.0
801672,30.0,14.0,68.0,30.0,14.0,68.0,111312.32266989557,445.2492906795823,20.0
801673,30.0,14.0,70.0,30.0,14.0,70.0,115854.73924874123,463.4189569949649,20.0
801674,30.0,14.0,72.0,30.0,14.0,72.0,120827.9296240857,483.3117184963428,20.0
801675,30.0,14.0,74.0,30.0,14.0,74.0,126416.81429191933,505.66725716767735,20.0
801676,30.0,14.0,76.0,30.0,14.0,76.0,132934.36945231634,531.7374778092653,20.0
801677,30.0,14.0,78.0,30.0,14.0,78.0,140913.0833470019,563.6523333880076,20.0
801678,30.0,14.0,80.0,30.0,14.0,80.0,151258.44565726168,605.0337826290468,20.0
801679,30.0,14.0,82.0,30.0,14.0,82.0,165468.59266373818,661.8743706549527,20.0
801680,30.0,14.0,84.0,30.0,14.0,84.0,185733.84511663078,742.9353804665232,20.0
801681,30.0,14.0,86.0,30.0,14.0,86.0,213795.78933934902,855.1831573573961,20.0
801682,30.0,14.0,88.0,30.0,14.0,88.0,245187.17795810095,980.7487118324038,20.0
801683,30.0,14.0,90.0,30.0,14.0,90.0,260830.25581997138,1043.3210232798856,20.0
801684,30.0,14.0,92.0,30.0,14.0,92.0,245187.17795810112,980.7487118324045,20.0
801685,30.0,14.0,94.0,30.0,14.0,94.0,213795.78933934926,855.183157357397,20.0
801686,30.0,14.0,96.0,30.0,14.0,96.0,185733.845116631,742.9353804665241,20.0
801687,30.0,14.0,98.0,30.0,14.0,98.0,165468.5926637381,661.8743706549524,20.0
801688,30.0,14.0,100.0,30.0,14.0,100.0,151258.44565726168,605.0337826290468,20.0
801689,30.0,14.0,102.0,30.0,14.0,102.0,140913.0833470019,563.6523333880076,20.0
801690,30.0,14.0,104.0,30.0,14.0,104.0,132934.36945231634,531.7374778092653,20.0
801691,30.0,14.0,106.0,30.0,14.0,106.0,126416.81429191933,505.66725716767735,20.0
801692,30.0,14.0,108.0,30.0,14.0,108.0,120827.9296240857,483.3117184963428,20.0
801693,30.0,14.0,110.0,30.0,14.0,110.0,115854.73924874123,463.4189569949649,20.0
801694,30.0,14.0,112.0,30.0,14.0,112.0,111312.3226698956,445.24929067958243,20.0
801695,30.0,14.0,114.0,30.0,14.0,114.0,107091.00983392118,428.36403933568477,20.0
801696,30.0,14.0,116.0,30.0,14.0,116.0,103125.7365521284,412.5029462085136,20.0
801697,30.0,14.0,118.0,30.0,14.0,118.0,99377.98172715283,397.5119269086113,20.0
801698,30.0,14.0,120.0,30.0,14.0,120.0,95824.95087082675,383.299803483307,20.0
801699,30.0,14.0,122.0,30.0,14.0,122.0,92453.028528107,369.812114112428,20.0
801700,30.0,14.0,124.0,30.0,14.0,124.0,89253.82599372296,357.0153039748918,20.0
801701,30.0,14.0,126.0,30.0,14.0,126.0,86221.92473975992,344.8876989590397,20.0
801702,30.0,14.0,128.0,30.0,14.0,128.0,83353.92714317428,333.41570857269716,20.0
801703,30.0,14.0,130.0,30.0,14.0,130.0,80648.7107592422,322.59484303696877,20.0
801704,30.0,14.0,132.0,30.0,14.0,132.0,78108.7554972882,312.43502198915286,20.0
801705,30.0,14.0,134.0,30.0,14.0,134.0,75742.09862328503,302.9683944931401,20.0
801706,30.0,14.0,136.0,30.0,14.0,136.0,73564.11528434214,294.2564611373686,20.0
801707,30.0,14.0,138.0,30.0,14.0,138.0,71598.22532690402,286.3929013076161,20.0
801708,30.0,14.0,140.0,30.0,14.0,140.0,69874.90919188375,279.49963676753504,20.0
801709,30.0,14.0,142.0,30.0,14.0,142.0,68428.94576364149,273.715783054566,20.0
801710,30.0,14.0,144.0,30.0,14.0,144.0,67295.31365511162,269.18125462044645,20.0
801711,30.0,14.0,146.0,30.0,14.0,146.0,66504.52525569632,266.0181010227853,20.0
801712,30.0,14.0,148.0,30.0,14.0,148.0,66078.22335653381,264.31289342613525,20.0
801713,30.0,14.0,150.0,30.0,14.0,150.0,66025.71312010026,264.10285248040105,20.0
801714,30.0,14.0,152.0,30.0,14.0,152.0,66341.83151890381,265.36732607561527,20.0
801715,30.0,14.0,154.0,30.0,14.0,154.0,67006.2728284006,268.0250913136024,20.0
801716,30.0,14.0,156.0,30.0,14.0,156.0,67984.25940133238,271.9370376053295,20.0
801717,30.0,14.0,158.0,30.0,14.0,158.0,69228.300175509,276.91320070203597,20.0
801718,30.0,14.0,160.0,30.0,14.0,160.0,70680.71410103417,282.7228564041367,20.0
801719,30.0,14.0,162.0,30.0,14.0,162.0,72276.59450994593,289.10637803978375,20.0
801720,30.0,14.0,164.0,30.0,14.0,164.0,73946.93074031784,295.78772296127136,20.0
801721,30.0,14.0,166.0,30.0,14.0,166.0,75621.6641787094,302.4866567148376,20.0
801722,30.0,14.0,168.0,30.0,14.0,168.0,77232.52139844415,308.9300855937766,20.0
801723,30.0,14.0,170.0,30.0,14.0,170.0,78715.52695968539,314.86210783874157,20.0
801724,30.0,14.0,172.0,30.0,14.0,172.0,80013.14725535938,320.05258902143754,20.0
801725,30.0,14.0,174.0,30.0,14.0,174.0,81076.05264344024,324.304210573761,20.0
801726,30.0,14.0,176.0,30.0,14.0,176.0,81864.50838345787,327.4580335338315,20.0
801727,30.0,14.0,178.0,30.0,14.0,178.0,82349.41721654471,329.39766886617883,20.0
801728,30.0,14.0,180.0,30.0,14.0,180.0,82513.03993629532,330.05215974518126,20.0
801729,30.0,16.0,0.0,30.0,16.0,0.0,66841.41731834423,267.3656692733769,20.0
801730,30.0,16.0,2.0,30.0,16.0,2.0,66691.2642138393,266.7650568553572,20.0
801731,30.0,16.0,4.0,30.0,16.0,4.0,66245.43282674339,264.9817313069736,20.0
801732,30.0,16.0,6.0,30.0,16.0,6.0,65517.73729547256,262.0709491818902,20.0
801733,30.0,16.0,8.0,30.0,16.0,8.0,64530.96308006239,258.12385232024957,20.0
801734,30.0,16.0,10.0,30.0,16.0,10.0,63316.489352595716,253.26595741038287,20.0
801735,30.0,16.0,12.0,30.0,16.0,12.0,61913.721066335005,247.65488426534003,20.0
801736,30.0,16.0,14.0,30.0,16.0,14.0,60369.295470301935,241.47718188120774,20.0
801737,30.0,16.0,16.0,30.0,16.0,16.0,58736.024141393646,234.9440965655746,20.0
801738,30.0,16.0,18.0,30.0,16.0,18.0,57071.53364653114,228.28613458612458,20.0
801739,30.0,16.0,20.0,30.0,16.0,20.0,55436.577858726494,221.74631143490598,20.0
801740,30.0,16.0,22.0,30.0,16.0,22.0,53893.01503637081,215.57206014548325,20.0
801741,30.0,16.0,24.0,30.0,16.0,24.0,52501.47511305275,210.005900452211,20.0
801742,30.0,16.0,26.0,30.0,16.0,26.0,51318.788390881266,205.27515356352507,20.0
801743,30.0,16.0,28.0,30.0,16.0,28.0,50395.30514234509,201.58122056938035,20.0
801744,30.0,16.0,30.0,30.0,16.0,30.0,49772.30223251066,199.08920893004264,20.0
801745,30.0,16.0,32.0,30.0,16.0,32.0,49479.738469337986,197.91895387735195,20.0
801746,30.0,16.0,34.0,30.0,16.0,34.0,49534.66937375154,198.13867749500616,20.0
801747,30.0,16.0,36.0,30.0,16.0,36.0,49940.642584068104,199.76257033627243,20.0
801748,30.0,16.0,38.0,30.0,16.0,38.0,50688.341887582996,202.753367550332,20.0
801749,30.0,16.0,40.0,30.0,16.0,40.0,51757.60939019997,207.0304375607999,20.0
801750,30.0,16.0,42.0,30.0,16.0,42.0,53120.74627469885,212.4829850987954,20.0
801751,30.0,16.0,44.0,30.0,16.0,44.0,54746.699680144106,218.98679872057642,20.0
801752,30.0,16.0,46.0,30.0,16.0,46.0,56605.45765673438,226.42183062693755,20.0
801753,30.0,16.0,48.0,30.0,16.0,48.0,58671.807767997634,234.68723107199054,20.0
801754,30.0,16.0,50.0,30.0,16.0,50.0,60927.6854023139,243.71074160925562,20.0
801755,30.0,16.0,52.0,30.0,16.0,52.0,63362.699556308195,253.45079822523277,20.0
801756,30.0,16.0,54.0,30.0,16.0,54.0,65972.99253320415,263.8919701328166,20.0
801757,30.0,16.0,56.0,30.0,16.0,56.0,68759.12869700241,275.03651478800964,20.0
801758,30.0,16.0,58.0,30.0,16.0,58.0,71723.93930769501,286.89575723078,20.0
801759,30.0,16.0,60.0,30.0,16.0,60.0,74871.06937000764,299.4842774800305,20.0
801760,30.0,16.0,62.0,30.0,16.0,62.0,78204.5721932676,312.8182887730704,20.0
801761,30.0,16.0,64.0,30.0,16.0,64.0,81729.63647577458,326.91854590309833,20.0
801762,30.0,16.0,66.0,30.0,16.0,66.0,85454.6296465503,341.8185185862012,20.0
801763,30.0,16.0,68.0,30.0,16.0,68.0,89395.07404259405,357.5802961703762,20.0
801764,30.0,16.0,70.0,30.0,16.0,70.0,93580.8924954231,374.3235699816924,20.0
801765,30.0,16.0,72.0,30.0,16.0,72.0,98069.47783683648,392.27791134734593,20.0
801766,30.0,16.0,74.0,30.0,16.0,74.0,102969.49331346792,411.8779732538717,20.0
801767,30.0,16.0,76.0,30.0,16.0,76.0,108485.18901407337,433.9407560562935,20.0
801768,30.0,16.0,78.0,30.0,16.0,78.0,115001.40729974993,460.0056291989997,20.0
801769,30.0,16.0,80.0,30.0,16.0,80.0,123250.99518568997,493.0039807427599,20.0
801770,30.0,16.0,82.0,30.0,16.0,82.0,134642.3494848587,538.5693979394349,20.0
801771,30.0,16.0,84.0,30.0,16.0,84.0,151809.2342886016,607.2369371544065,20.0
801772,30.0,16.0,86.0,30.0,16.0,86.0,178735.53959350818,714.9421583740327,20.0
801773,30.0,16.0,88.0,30.0,16.0,88.0,215205.8267909116,860.8233071636465,20.0
801774,30.0,16.0,90.0,30.0,16.0,90.0,236750.096545242,947.000386180968,20.0
801775,30.0,16.0,92.0,30.0,16.0,92.0,215205.8267909118,860.8233071636472,20.0
801776,30.0,16.0,94.0,30.0,16.0,94.0,178735.53959350838,714.9421583740335,20.0
801777,30.0,16.0,96.0,30.0,16.0,96.0,151809.23428860176,607.2369371544071,20.0
801778,30.0,16.0,98.0,30.0,16.0,98.0,134642.34948485869,538.5693979394348,20.0
801779,30.0,16.0,100.0,30.0,16.0,100.0,123250.99518568991,493.00398074275967,20.0
801780,30.0,16.0,102.0,30.0,16.0,102.0,115001.40729974993,460.0056291989997,20.0
801781,30.0,16.0,104.0,30.0,16.0,104.0,108485.18901407337,433.9407560562935,20.0
801782,30.0,16.0,106.0,30.0,16.0,106.0,102969.49331346794,411.8779732538718,20.0
801783,30.0,16.0,108.0,30.0,16.0,108.0,98069.4778368365,392.277911347346,20.0
801784,30.0,16.0,110.0,30.0,16.0,110.0,93580.89249542312,374.32356998169246,20.0
801785,30.0,16.0,112.0,30.0,16.0,112.0,89395.07404259407,357.5802961703763,20.0
801786,30.0,16.0,114.0,30.0,16.0,114.0,85454.62964655034,341.8185185862014,20.0
801787,30.0,16.0,116.0,30.0,16.0,116.0,81729.63647577453,326.91854590309816,20.0
801788,30.0,16.0,118.0,30.0,16.0,118.0,78204.57219326758,312.8182887730703,20.0
801789,30.0,16.0,120.0,30.0,16.0,120.0,74871.06937000764,299.4842774800305,20.0
801790,30.0,16.0,122.0,30.0,16.0,122.0,71723.93930769501,286.89575723078,20.0
801791,30.0,16.0,124.0,30.0,16.0,124.0,68759.12869700241,275.03651478800964,20.0
801792,30.0,16.0,126.0,30.0,16.0,126.0,65972.99253320416,263.89197013281665,20.0
801793,30.0,16.0,128.0,30.0,16.0,128.0,63362.69955630821,253.45079822523283,20.0
801794,30.0,16.0,130.0,30.0,16.0,130.0,60927.68540231392,243.71074160925568,20.0
801795,30.0,16.0,132.0,30.0,16.0,132.0,58671.80776799765,234.6872310719906,20.0
801796,30.0,16.0,134.0,30.0,16.0,134.0,56605.45765673437,226.4218306269375,20.0
801797,30.0,16.0,136.0,30.0,16.0,136.0,54746.699680144106,218.98679872057642,20.0
801798,30.0,16.0,138.0,30.0,16.0,138.0,53120.74627469885,212.4829850987954,20.0
801799,30.0,16.0,140.0,30.0,16.0,140.0,51757.60939019997,207.0304375607999,20.0
801800,30.0,16.0,142.0,30.0,16.0,142.0,50688.341887582996,202.753367550332,20.0
801801,30.0,16.0,144.0,30.0,16.0,144.0,49940.642584068104,199.76257033627243,20.0
801802,30.0,16.0,146.0,30.0,16.0,146.0,49534.66937375153,198.13867749500614,20.0
801803,30.0,16.0,148.0,30.0,16.0,148.0,49479.738469337986,197.91895387735195,20.0
801804,30.0,16.0,150.0,30.0,16.0,150.0,49772.30223251066,199.08920893004264,20.0
801805,30.0,16.0,152.0,30.0,16.0,152.0,50395.30514234509,201.58122056938035,20.0
801806,30.0,16.0,154.0,30.0,16.0,154.0,51318.78839088125,205.275153563525,20.0
801807,30.0,16.0,156.0,30.0,16.0,156.0,52501.47511305275,210.005900452211,20.0
801808,30.0,16.0,158.0,30.0,16.0,158.0,53893.01503637081,215.57206014548325,20.0
801809,30.0,16.0,160.0,30.0,16.0,160.0,55436.57785872651,221.74631143490603,20.0
801810,30.0,16.0,162.0,30.0,16.0,162.0,57071.53364653115,228.2861345861246,20.0
801811,30.0,16.0,164.0,30.0,16.0,164.0,58736.024141393646,234.9440965655746,20.0
801812,30.0,16.0,166.0,30.0,16.0,166.0,60369.295470301935,241.47718188120774,20.0
801813,30.0,16.0,168.0,30.0,16.0,168.0,61913.721066335005,247.65488426534003,20.0
801814,30.0,16.0,170.0,30.0,16.0,170.0,63316.489352595716,253.26595741038287,20.0
801815,30.0,16.0,172.0,30.0,16.0,172.0,64530.96308006239,258.12385232024957,20.0
801816,30.0,16.0,174.0,30.0,16.0,174.0,65517.73729547256,262.0709491818902,20.0
801817,30.0,16.0,176.0,30.0,16.0,176.0,66245.43282674339,264.9817313069736,20.0
801818,30.0,16.0,178.0,30.0,16.0,178.0,66691.2642138393,266.7650568553572,20.0
801819,30.0,16.0,180.0,30.0,16.0,180.0,66841.41731834423,267.3656692733769,20.0
801820,35.0,10.0,0.0,35.0,10.0,0.0,100610.24832878006,402.44099331512024,20.0
801821,35.0,10.0,2.0,35.0,10.0,2.0,100489.75465326662,401.95901861306646,20.0
801822,35.0,10.0,4.0,35.0,10.0,4.0,100132.51608387058,400.53006433548234,20.0
801823,35.0,10.0,6.0,35.0,10.0,6.0,99551.17275192158,398.20469100768634,20.0
801824,35.0,10.0,8.0,35.0,10.0,8.0,98766.49602461346,395.06598409845384,20.0
801825,35.0,10.0,10.0,35.0,10.0,10.0,97806.929250221,391.227717000884,20.0
801826,35.0,10.0,12.0,35.0,10.0,12.0,96707.91482750754,386.8316593100302,20.0
801827,35.0,10.0,14.0,35.0,10.0,14.0,95510.98242687318,382.04392970749274,20.0
801828,35.0,10.0,16.0,35.0,10.0,16.0,94262.57328195931,377.0502931278372,20.0
801829,35.0,10.0,18.0,35.0,10.0,18.0,93012.58164998329,372.05032659993316,20.0
801830,35.0,10.0,20.0,35.0,10.0,20.0,91812.60859719868,367.2504343887947,20.0
801831,35.0,10.0,22.0,35.0,10.0,22.0,90713.94684216416,362.85578736865665,20.0
801832,35.0,10.0,24.0,35.0,10.0,24.0,89765.34950254513,359.06139801018054,20.0
801833,35.0,10.0,26.0,35.0,10.0,26.0,89010.67990640778,356.0427196256311,20.0
801834,35.0,10.0,28.0,35.0,10.0,28.0,88486.59146440035,353.9463658576014,20.0
801835,35.0,10.0,30.0,35.0,10.0,30.0,88220.43977799668,352.88175911198675,20.0
801836,35.0,10.0,32.0,35.0,10.0,32.0,88228.67301586182,352.91469206344726,20.0
801837,35.0,10.0,34.0,35.0,10.0,34.0,88515.96573156562,354.0638629262625,20.0
801838,35.0,10.0,36.0,35.0,10.0,36.0,89075.33704434805,356.30134817739224,20.0
801839,35.0,10.0,38.0,35.0,10.0,38.0,89889.40875652088,359.5576350260835,20.0
801840,35.0,10.0,40.0,35.0,10.0,40.0,90932.80367924347,363.7312147169739,20.0
801841,35.0,10.0,42.0,35.0,10.0,42.0,92175.47009237752,368.7018803695101,20.0
801842,35.0,10.0,44.0,35.0,10.0,44.0,93586.48604853958,374.34594419415833,20.0
801843,35.0,10.0,46.0,35.0,10.0,46.0,95137.72114768795,380.55088459075176,20.0
801844,35.0,10.0,48.0,35.0,10.0,48.0,96806.70459113436,387.22681836453745,20.0
801845,35.0,10.0,50.0,35.0,10.0,50.0,98578.23441277925,394.312937651117,20.0
801846,35.0,10.0,52.0,35.0,10.0,52.0,100444.65161660218,401.7786064664087,20.0
801847,35.0,10.0,54.0,35.0,10.0,54.0,102405.16636654818,409.6206654661927,20.0
801848,35.0,10.0,56.0,35.0,10.0,56.0,104464.95303276744,417.85981213106976,20.0
801849,35.0,10.0,58.0,35.0,10.0,58.0,106634.76502005965,426.53906008023864,20.0
801850,35.0,10.0,60.0,35.0,10.0,60.0,108931.58624210831,435.7263449684333,20.0
801851,35.0,10.0,62.0,35.0,10.0,62.0,111380.56063215526,445.52224252862106,20.0
801852,35.0,10.0,64.0,35.0,10.0,64.0,114018.37236744688,456.07348946978755,20.0
801853,35.0,10.0,66.0,35.0,10.0,66.0,116898.46530047047,467.5938612018819,20.0
801854,35.0,10.0,68.0,35.0,10.0,68.0,120098.91847736304,480.39567390945217,20.0
801855,35.0,10.0,70.0,35.0,10.0,70.0,123734.38957787845,494.9375583115138,20.0
801856,35.0,10.0,72.0,35.0,10.0,72.0,127974.34614780715,511.8973845912286,20.0
801857,35.0,10.0,74.0,35.0,10.0,74.0,133070.8016271678,532.2832065086711,20.0
801858,35.0,10.0,76.0,35.0,10.0,76.0,139399.34786265396,557.5973914506159,20.0
801859,35.0,10.0,78.0,35.0,10.0,78.0,147514.5268148361,590.0581072593444,20.0
801860,35.0,10.0,80.0,35.0,10.0,80.0,158203.66829050553,632.8146731620221,20.0
801861,35.0,10.0,82.0,35.0,10.0,82.0,172457.38725219682,689.8295490087872,20.0
801862,35.0,10.0,84.0,35.0,10.0,84.0,191075.10782484262,764.3004312993705,20.0
801863,35.0,10.0,86.0,35.0,10.0,86.0,213246.76487159156,852.9870594863662,20.0
801864,35.0,10.0,88.0,35.0,10.0,88.0,233771.0359145691,935.0841436582764,20.0
801865,35.0,10.0,90.0,35.0,10.0,90.0,242618.6760020327,970.4747040081309,20.0
801866,35.0,10.0,92.0,35.0,10.0,92.0,233771.03591456922,935.0841436582768,20.0
801867,35.0,10.0,94.0,35.0,10.0,94.0,213246.76487159176,852.987059486367,20.0
801868,35.0,10.0,96.0,35.0,10.0,96.0,191075.1078248428,764.3004312993712,20.0
801869,35.0,10.0,98.0,35.0,10.0,98.0,172457.38725219676,689.829549008787,20.0
801870,35.0,10.0,100.0,35.0,10.0,100.0,158203.6682905055,632.814673162022,20.0
801871,35.0,10.0,102.0,35.0,10.0,102.0,147514.5268148361,590.0581072593444,20.0
801872,35.0,10.0,104.0,35.0,10.0,104.0,139399.34786265396,557.5973914506159,20.0
801873,35.0,10.0,106.0,35.0,10.0,106.0,133070.8016271678,532.2832065086711,20.0
801874,35.0,10.0,108.0,35.0,10.0,108.0,127974.34614780717,511.8973845912287,20.0
801875,35.0,10.0,110.0,35.0,10.0,110.0,123734.38957787845,494.9375583115138,20.0
801876,35.0,10.0,112.0,35.0,10.0,112.0,120098.91847736304,480.39567390945217,20.0
801877,35.0,10.0,114.0,35.0,10.0,114.0,116898.4653004705,467.593861201882,20.0
801878,35.0,10.0,116.0,35.0,10.0,116.0,114018.37236744683,456.0734894697874,20.0
801879,35.0,10.0,118.0,35.0,10.0,118.0,111380.56063215526,445.52224252862106,20.0
801880,35.0,10.0,120.0,35.0,10.0,120.0,108931.58624210831,435.7263449684333,20.0
801881,35.0,10.0,122.0,35.0,10.0,122.0,106634.76502005965,426.53906008023864,20.0
801882,35.0,10.0,124.0,35.0,10.0,124.0,104464.95303276744,417.85981213106976,20.0
801883,35.0,10.0,126.0,35.0,10.0,126.0,102405.16636654819,409.62066546619275,20.0
801884,35.0,10.0,128.0,35.0,10.0,128.0,100444.65161660222,401.77860646640886,20.0
801885,35.0,10.0,130.0,35.0,10.0,130.0,98578.23441277929,394.3129376511172,20.0
801886,35.0,10.0,132.0,35.0,10.0,132.0,96806.70459113436,387.22681836453745,20.0
801887,35.0,10.0,134.0,35.0,10.0,134.0,95137.72114768792,380.55088459075165,20.0
801888,35.0,10.0,136.0,35.0,10.0,136.0,93586.48604853959,374.3459441941584,20.0
801889,35.0,10.0,138.0,35.0,10.0,138.0,92175.47009237752,368.7018803695101,20.0
801890,35.0,10.0,140.0,35.0,10.0,140.0,90932.80367924347,363.7312147169739,20.0
801891,35.0,10.0,142.0,35.0,10.0,142.0,89889.40875652088,359.5576350260835,20.0
801892,35.0,10.0,144.0,35.0,10.0,144.0,89075.33704434805,356.30134817739224,20.0
801893,35.0,10.0,146.0,35.0,10.0,146.0,88515.96573156561,354.06386292626246,20.0
801894,35.0,10.0,148.0,35.0,10.0,148.0,88228.67301586182,352.91469206344726,20.0
801895,35.0,10.0,150.0,35.0,10.0,150.0,88220.43977799668,352.88175911198675,20.0
801896,35.0,10.0,152.0,35.0,10.0,152.0,88486.59146440035,353.9463658576014,20.0
801897,35.0,10.0,154.0,35.0,10.0,154.0,89010.67990640775,356.042719625631,20.0
801898,35.0,10.0,156.0,35.0,10.0,156.0,89765.34950254513,359.06139801018054,20.0
801899,35.0,10.0,158.0,35.0,10.0,158.0,90713.94684216416,362.85578736865665,20.0
801900,35.0,10.0,160.0,35.0,10.0,160.0,91812.60859719869,367.25043438879476,20.0
801901,35.0,10.0,162.0,35.0,10.0,162.0,93012.58164998332,372.05032659993327,20.0
801902,35.0,10.0,164.0,35.0,10.0,164.0,94262.5732819593,377.05029312783716,20.0
801903,35.0,10.0,166.0,35.0,10.0,166.0,95510.98242687318,382.04392970749274,20.0
801904,35.0,10.0,168.0,35.0,10.0,168.0,96707.91482750756,386.83165931003026,20.0
801905,35.0,10.0,170.0,35.0,10.0,170.0,97806.929250221,391.227717000884,20.0
801906,35.0,10.0,172.0,35.0,10.0,172.0,98766.49602461346,395.06598409845384,20.0
801907,35.0,10.0,174.0,35.0,10.0,174.0,99551.17275192158,398.20469100768634,20.0
801908,35.0,10.0,176.0,35.0,10.0,176.0,100132.51608387058,400.53006433548234,20.0
801909,35.0,10.0,178.0,35.0,10.0,178.0,100489.75465326662,401.95901861306646,20.0
801910,35.0,10.0,180.0,35.0,10.0,180.0,100610.24832878006,402.44099331512024,20.0
801911,35.0,12.0,0.0,35.0,12.0,0.0,81479.66030814633,325.9186412325853,20.0
801912,35.0,12.0,2.0,35.0,12.0,2.0,81372.24909555103,325.4889963822041,20.0
801913,35.0,12.0,4.0,35.0,12.0,4.0,81053.35275867903,324.2134110347161,20.0
801914,35.0,12.0,6.0,35.0,12.0,6.0,80532.94160100716,322.1317664040286,20.0
801915,35.0,12.0,8.0,35.0,12.0,8.0,79827.48941167525,319.30995764670104,20.0
801916,35.0,12.0,10.0,35.0,12.0,10.0,78959.7421239294,315.8389684957176,20.0
801917,35.0,12.0,12.0,35.0,12.0,12.0,77958.36235834872,311.8334494333949,20.0
801918,35.0,12.0,14.0,35.0,12.0,14.0,76857.42069300785,307.4296827720314,20.0
801919,35.0,12.0,16.0,35.0,12.0,16.0,75695.7001154472,302.7828004617888,20.0
801920,35.0,12.0,18.0,35.0,12.0,18.0,74515.77948943933,298.0631179577573,20.0
801921,35.0,12.0,20.0,35.0,12.0,20.0,73362.8666399324,293.4514665597296,20.0
801922,35.0,12.0,22.0,35.0,12.0,22.0,72283.36371930338,289.1334548772135,20.0
801923,35.0,12.0,24.0,35.0,12.0,24.0,71323.16881219618,285.29267524878475,20.0
801924,35.0,12.0,26.0,35.0,12.0,26.0,70525.74980934963,282.10299923739854,20.0
801925,35.0,12.0,28.0,35.0,12.0,28.0,69930.06982686523,279.72027930746094,20.0
801926,35.0,12.0,30.0,35.0,12.0,30.0,69568.49601846215,278.27398407384857,20.0
801927,35.0,12.0,32.0,35.0,12.0,32.0,69464.88007118068,277.85952028472275,20.0
801928,35.0,12.0,34.0,35.0,12.0,34.0,69633.04858255973,278.5321943302389,20.0
801929,35.0,12.0,36.0,35.0,12.0,36.0,70075.96883973374,280.303875358935,20.0
801930,35.0,12.0,38.0,35.0,12.0,38.0,70785.83963912241,283.14335855648966,20.0
801931,35.0,12.0,40.0,35.0,12.0,40.0,71745.27681087729,286.98110724350914,20.0
801932,35.0,12.0,42.0,35.0,12.0,42.0,72929.60668052573,291.71842672210295,20.0
801933,35.0,12.0,44.0,35.0,12.0,44.0,74310.05700231135,297.2402280092454,20.0
801934,35.0,12.0,46.0,35.0,12.0,46.0,75857.38807669058,303.42955230676233,20.0
801935,35.0,12.0,48.0,35.0,12.0,48.0,77545.32032101914,310.1812812840766,20.0
801936,35.0,12.0,50.0,35.0,12.0,50.0,79353.09317729411,317.41237270917645,20.0
801937,35.0,12.0,52.0,35.0,12.0,52.0,81266.70970843088,325.0668388337235,20.0
801938,35.0,12.0,54.0,35.0,12.0,54.0,83278.85887054783,333.11543548219134,20.0
801939,35.0,12.0,56.0,35.0,12.0,56.0,85388.00181894541,341.55200727578165,20.0
801940,35.0,12.0,58.0,35.0,12.0,58.0,87597.4166954904,350.38966678196164,20.0
801941,35.0,12.0,60.0,35.0,12.0,60.0,89914.96210913666,359.6598484365466,20.0
801942,35.0,12.0,62.0,35.0,12.0,62.0,92354.0338482851,369.4161353931404,20.0
801943,35.0,12.0,64.0,35.0,12.0,64.0,94935.95003080252,379.74380012321006,20.0
801944,35.0,12.0,66.0,35.0,12.0,66.0,97694.06171749016,390.77624686996063,20.0
801945,35.0,12.0,68.0,35.0,12.0,68.0,100680.28867492816,402.72115469971266,20.0
801946,35.0,12.0,70.0,35.0,12.0,70.0,103975.47631173117,415.9019052469247,20.0
801947,35.0,12.0,72.0,35.0,12.0,72.0,107706.05986701282,430.8242394680513,20.0
801948,35.0,12.0,74.0,35.0,12.0,74.0,112071.30528511992,448.2852211404797,20.0
801949,35.0,12.0,76.0,35.0,12.0,76.0,117388.18054090263,469.5527221636105,20.0
801950,35.0,12.0,78.0,35.0,12.0,78.0,124164.10069747151,496.65640278988604,20.0
801951,35.0,12.0,80.0,35.0,12.0,80.0,133205.44261861092,532.8217704744437,20.0
801952,35.0,12.0,82.0,35.0,12.0,82.0,145731.2098273867,582.9248393095468,20.0
801953,35.0,12.0,84.0,35.0,12.0,84.0,163262.12034726102,653.0484813890441,20.0
801954,35.0,12.0,86.0,35.0,12.0,86.0,186361.45608033275,745.445824321331,20.0
801955,35.0,12.0,88.0,35.0,12.0,88.0,210403.80643362223,841.615225734489,20.0
801956,35.0,12.0,90.0,35.0,12.0,90.0,221696.59784293914,886.7863913717566,20.0
801957,35.0,12.0,92.0,35.0,12.0,92.0,210403.80643362235,841.6152257344894,20.0
801958,35.0,12.0,94.0,35.0,12.0,94.0,186361.45608033292,745.4458243213317,20.0
801959,35.0,12.0,96.0,35.0,12.0,96.0,163262.1203472612,653.0484813890448,20.0
801960,35.0,12.0,98.0,35.0,12.0,98.0,145731.2098273866,582.9248393095464,20.0
801961,35.0,12.0,100.0,35.0,12.0,100.0,133205.4426186109,532.8217704744436,20.0
801962,35.0,12.0,102.0,35.0,12.0,102.0,124164.10069747151,496.65640278988604,20.0
801963,35.0,12.0,104.0,35.0,12.0,104.0,117388.18054090263,469.5527221636105,20.0
801964,35.0,12.0,106.0,35.0,12.0,106.0,112071.30528511995,448.2852211404798,20.0
801965,35.0,12.0,108.0,35.0,12.0,108.0,107706.05986701284,430.82423946805136,20.0
801966,35.0,12.0,110.0,35.0,12.0,110.0,103975.47631173118,415.90190524692474,20.0
801967,35.0,12.0,112.0,35.0,12.0,112.0,100680.28867492819,402.72115469971277,20.0
801968,35.0,12.0,114.0,35.0,12.0,114.0,97694.06171749017,390.7762468699607,20.0
801969,35.0,12.0,116.0,35.0,12.0,116.0,94935.95003080249,379.74380012320995,20.0
801970,35.0,12.0,118.0,35.0,12.0,118.0,92354.0338482851,369.4161353931404,20.0
801971,35.0,12.0,120.0,35.0,12.0,120.0,89914.96210913666,359.6598484365466,20.0
801972,35.0,12.0,122.0,35.0,12.0,122.0,87597.4166954904,350.38966678196164,20.0
801973,35.0,12.0,124.0,35.0,12.0,124.0,85388.00181894541,341.55200727578165,20.0
801974,35.0,12.0,126.0,35.0,12.0,126.0,83278.85887054785,333.1154354821914,20.0
801975,35.0,12.0,128.0,35.0,12.0,128.0,81266.7097084309,325.06683883372364,20.0
801976,35.0,12.0,130.0,35.0,12.0,130.0,79353.09317729414,317.41237270917657,20.0
801977,35.0,12.0,132.0,35.0,12.0,132.0,77545.32032101914,310.1812812840766,20.0
801978,35.0,12.0,134.0,35.0,12.0,134.0,75857.38807669055,303.4295523067622,20.0
801979,35.0,12.0,136.0,35.0,12.0,136.0,74310.05700231135,297.2402280092454,20.0
801980,35.0,12.0,138.0,35.0,12.0,138.0,72929.60668052573,291.71842672210295,20.0
801981,35.0,12.0,140.0,35.0,12.0,140.0,71745.27681087729,286.98110724350914,20.0
801982,35.0,12.0,142.0,35.0,12.0,142.0,70785.83963912241,283.14335855648966,20.0
801983,35.0,12.0,144.0,35.0,12.0,144.0,70075.96883973374,280.303875358935,20.0
801984,35.0,12.0,146.0,35.0,12.0,146.0,69633.04858255971,278.53219433023884,20.0
801985,35.0,12.0,148.0,35.0,12.0,148.0,69464.88007118068,277.85952028472275,20.0
801986,35.0,12.0,150.0,35.0,12.0,150.0,69568.49601846212,278.27398407384845,20.0
801987,35.0,12.0,152.0,35.0,12.0,152.0,69930.06982686523,279.72027930746094,20.0
801988,35.0,12.0,154.0,35.0,12.0,154.0,70525.74980934963,282.1029992373985,20.0
801989,35.0,12.0,156.0,35.0,12.0,156.0,71323.16881219618,285.29267524878475,20.0
801990,35.0,12.0,158.0,35.0,12.0,158.0,72283.36371930338,289.1334548772135,20.0
801991,35.0,12.0,160.0,35.0,12.0,160.0,73362.8666399324,293.4514665597296,20.0
801992,35.0,12.0,162.0,35.0,12.0,162.0,74515.77948943933,298.0631179577573,20.0
801993,35.0,12.0,164.0,35.0,12.0,164.0,75695.7001154472,302.7828004617888,20.0
801994,35.0,12.0,166.0,35.0,12.0,166.0,76857.42069300785,307.4296827720314,20.0
801995,35.0,12.0,168.0,35.0,12.0,168.0,77958.36235834874,311.83344943339495,20.0
801996,35.0,12.0,170.0,35.0,12.0,170.0,78959.7421239294,315.8389684957176,20.0
801997,35.0,12.0,172.0,35.0,12.0,172.0,79827.48941167525,319.30995764670104,20.0
801998,35.0,12.0,174.0,35.0,12.0,174.0,80532.94160100716,322.1317664040286,20.0
801999,35.0,12.0,176.0,35.0,12.0,176.0,81053.35275867903,324.2134110347161,20.0
802000,35.0,12.0,178.0,35.0,12.0,178.0,81372.24909555103,325.4889963822041,20.0
802001,35.0,12.0,180.0,35.0,12.0,180.0,81479.66030814633,325.9186412325853,20.0
802002,35.0,14.0,0.0,35.0,14.0,0.0,64653.28814209337,258.6131525683735,20.0
802003,35.0,14.0,2.0,35.0,14.0,2.0,64553.935716178516,258.21574286471406,20.0
802004,35.0,14.0,4.0,35.0,14.0,4.0,64258.49587378478,257.0339834951391,20.0
802005,35.0,14.0,6.0,35.0,14.0,6.0,63774.80855296774,255.09923421187096,20.0
802006,35.0,14.0,8.0,35.0,14.0,8.0,63115.89497963096,252.46357991852386,20.0
802007,35.0,14.0,10.0,35.0,14.0,10.0,62299.87533588916,249.19950134355665,20.0
802008,35.0,14.0,12.0,35.0,14.0,12.0,61349.82511471645,245.3993004588658,20.0
802009,35.0,14.0,14.0,35.0,14.0,14.0,60293.54257171456,241.17417028685824,20.0
802010,35.0,14.0,16.0,35.0,14.0,16.0,59163.193355654774,236.6527734226191,20.0
802011,35.0,14.0,18.0,35.0,14.0,18.0,57994.793978869726,231.97917591547892,20.0
802012,35.0,14.0,20.0,35.0,14.0,20.0,56827.49451918189,227.30997807672756,20.0
802013,35.0,14.0,22.0,35.0,14.0,22.0,55702.62450910146,222.81049803640585,20.0
802014,35.0,14.0,24.0,35.0,14.0,24.0,54662.476448241236,218.64990579296494,20.0
802015,35.0,14.0,26.0,35.0,14.0,26.0,53748.8210643027,214.99528425721078,20.0
802016,35.0,14.0,28.0,35.0,14.0,28.0,53001.179414378676,212.0047176575147,20.0
802017,35.0,14.0,30.0,35.0,14.0,30.0,52454.92021661549,209.81968086646194,20.0
802018,35.0,14.0,32.0,35.0,14.0,32.0,52139.305253839564,208.55722101535827,20.0
802019,35.0,14.0,34.0,35.0,14.0,34.0,52075.6662572584,208.30266502903362,20.0
802020,35.0,14.0,36.0,35.0,14.0,36.0,52275.952708490935,209.10381083396373,20.0
802021,35.0,14.0,38.0,35.0,14.0,38.0,52741.924071252106,210.96769628500843,20.0
802022,35.0,14.0,40.0,35.0,14.0,40.0,53465.24867538994,213.86099470155978,20.0
802023,35.0,14.0,42.0,35.0,14.0,42.0,54428.69008419293,217.71476033677172,20.0
802024,35.0,14.0,44.0,35.0,14.0,44.0,55608.39455104147,222.43357820416588,20.0
802025,35.0,14.0,46.0,35.0,14.0,46.0,56977.04945979543,227.90819783918172,20.0
802026,35.0,14.0,48.0,35.0,14.0,48.0,58507.41388567686,234.02965554270745,20.0
802027,35.0,14.0,50.0,35.0,14.0,50.0,60175.52777489464,240.70211109957856,20.0
802028,35.0,14.0,52.0,35.0,14.0,52.0,61962.908499094396,247.8516339963776,20.0
802029,35.0,14.0,54.0,35.0,14.0,54.0,63857.32340066688,255.4292936026675,20.0
802030,35.0,14.0,56.0,35.0,14.0,56.0,65852.23578196329,263.40894312785315,20.0
802031,35.0,14.0,58.0,35.0,14.0,58.0,67945.54385465613,271.78217541862455,20.0
802032,35.0,14.0,60.0,35.0,14.0,60.0,70138.48435423049,280.55393741692194,20.0
802033,35.0,14.0,62.0,35.0,14.0,62.0,72435.43204484774,289.741728179391,20.0
802034,35.0,14.0,64.0,35.0,14.0,64.0,74844.98783297856,299.37995133191424,20.0
802035,35.0,14.0,66.0,35.0,14.0,66.0,77382.58381272986,309.53033525091945,20.0
802036,35.0,14.0,68.0,35.0,14.0,68.0,80075.06900597992,320.3002760239197,20.0
802037,35.0,14.0,70.0,35.0,14.0,70.0,82968.37493978272,331.8734997591309,20.0
802038,35.0,14.0,72.0,35.0,14.0,72.0,86140.45715256233,344.56182861024934,20.0
802039,35.0,14.0,74.0,35.0,14.0,74.0,89723.69365863202,358.8947746345281,20.0
802040,35.0,14.0,76.0,35.0,14.0,76.0,93944.75753899806,375.77903015599225,20.0
802041,35.0,14.0,78.0,35.0,14.0,78.0,99197.3106539102,396.78924261564083,20.0
802042,35.0,14.0,80.0,35.0,14.0,80.0,106174.96352240304,424.69985408961213,20.0
802043,35.0,14.0,82.0,35.0,14.0,82.0,116098.52134345574,464.394085373823,20.0
802044,35.0,14.0,84.0,35.0,14.0,84.0,130977.13308452137,523.9085323380855,20.0
802045,35.0,14.0,86.0,35.0,14.0,86.0,153108.70288962655,612.4348115585062,20.0
802046,35.0,14.0,88.0,35.0,14.0,88.0,180218.3535285434,720.8734141141737,20.0
802047,35.0,14.0,90.0,35.0,14.0,90.0,194765.082316539,779.0603292661559,20.0
802048,35.0,14.0,92.0,35.0,14.0,92.0,180218.3535285435,720.873414114174,20.0
802049,35.0,14.0,94.0,35.0,14.0,94.0,153108.70288962676,612.434811558507,20.0
802050,35.0,14.0,96.0,35.0,14.0,96.0,130977.13308452151,523.908532338086,20.0
802051,35.0,14.0,98.0,35.0,14.0,98.0,116098.52134345568,464.39408537382275,20.0
802052,35.0,14.0,100.0,35.0,14.0,100.0,106174.96352240302,424.6998540896121,20.0
802053,35.0,14.0,102.0,35.0,14.0,102.0,99197.3106539102,396.78924261564083,20.0
802054,35.0,14.0,104.0,35.0,14.0,104.0,93944.75753899806,375.77903015599225,20.0
802055,35.0,14.0,106.0,35.0,14.0,106.0,89723.69365863202,358.8947746345281,20.0
802056,35.0,14.0,108.0,35.0,14.0,108.0,86140.45715256236,344.56182861024945,20.0
802057,35.0,14.0,110.0,35.0,14.0,110.0,82968.37493978273,331.87349975913094,20.0
802058,35.0,14.0,112.0,35.0,14.0,112.0,80075.06900597992,320.3002760239197,20.0
802059,35.0,14.0,114.0,35.0,14.0,114.0,77382.58381272989,309.53033525091956,20.0
802060,35.0,14.0,116.0,35.0,14.0,116.0,74844.98783297853,299.3799513319141,20.0
802061,35.0,14.0,118.0,35.0,14.0,118.0,72435.43204484774,289.741728179391,20.0
802062,35.0,14.0,120.0,35.0,14.0,120.0,70138.48435423049,280.55393741692194,20.0
802063,35.0,14.0,122.0,35.0,14.0,122.0,67945.54385465613,271.78217541862455,20.0
802064,35.0,14.0,124.0,35.0,14.0,124.0,65852.23578196329,263.40894312785315,20.0
802065,35.0,14.0,126.0,35.0,14.0,126.0,63857.32340066688,255.4292936026675,20.0
802066,35.0,14.0,128.0,35.0,14.0,128.0,61962.908499094425,247.8516339963777,20.0
802067,35.0,14.0,130.0,35.0,14.0,130.0,60175.527774894654,240.70211109957862,20.0
802068,35.0,14.0,132.0,35.0,14.0,132.0,58507.41388567686,234.02965554270745,20.0
802069,35.0,14.0,134.0,35.0,14.0,134.0,56977.049459795424,227.9081978391817,20.0
802070,35.0,14.0,136.0,35.0,14.0,136.0,55608.39455104148,222.4335782041659,20.0
802071,35.0,14.0,138.0,35.0,14.0,138.0,54428.69008419293,217.71476033677172,20.0
802072,35.0,14.0,140.0,35.0,14.0,140.0,53465.24867538994,213.86099470155978,20.0
802073,35.0,14.0,142.0,35.0,14.0,142.0,52741.924071252106,210.96769628500843,20.0
802074,35.0,14.0,144.0,35.0,14.0,144.0,52275.952708490935,209.10381083396373,20.0
802075,35.0,14.0,146.0,35.0,14.0,146.0,52075.666257258395,208.3026650290336,20.0
802076,35.0,14.0,148.0,35.0,14.0,148.0,52139.30525383957,208.5572210153583,20.0
802077,35.0,14.0,150.0,35.0,14.0,150.0,52454.920216615494,209.81968086646197,20.0
802078,35.0,14.0,152.0,35.0,14.0,152.0,53001.179414378676,212.0047176575147,20.0
802079,35.0,14.0,154.0,35.0,14.0,154.0,53748.821064302676,214.9952842572107,20.0
802080,35.0,14.0,156.0,35.0,14.0,156.0,54662.476448241236,218.64990579296494,20.0
802081,35.0,14.0,158.0,35.0,14.0,158.0,55702.62450910146,222.81049803640585,20.0
802082,35.0,14.0,160.0,35.0,14.0,160.0,56827.4945191819,227.3099780767276,20.0
802083,35.0,14.0,162.0,35.0,14.0,162.0,57994.79397886973,231.97917591547895,20.0
802084,35.0,14.0,164.0,35.0,14.0,164.0,59163.193355654774,236.6527734226191,20.0
802085,35.0,14.0,166.0,35.0,14.0,166.0,60293.54257171456,241.17417028685824,20.0
802086,35.0,14.0,168.0,35.0,14.0,168.0,61349.82511471645,245.3993004588658,20.0
802087,35.0,14.0,170.0,35.0,14.0,170.0,62299.87533588916,249.19950134355665,20.0
802088,35.0,14.0,172.0,35.0,14.0,172.0,63115.89497963096,252.46357991852386,20.0
802089,35.0,14.0,174.0,35.0,14.0,174.0,63774.80855296774,255.09923421187096,20.0
802090,35.0,14.0,176.0,35.0,14.0,176.0,64258.49587378478,257.0339834951391,20.0
802091,35.0,14.0,178.0,35.0,14.0,178.0,64553.935716178516,258.21574286471406,20.0
802092,35.0,14.0,180.0,35.0,14.0,180.0,64653.28814209337,258.6131525683735,20.0
